/*******************************************************************************
 * Size: 16 px
 * Bpp: 8
 * Opts: --font fonts/demo_16.ttf --range 32-127 --symbols 
 MotrDive-20运行CANRS485输出:.Hz613总览⚙️参数⚠报警转速pdP扭矩Tqu·m功率wkW效Efcny9%电机温度°母线压V流控制目标加s正中节能关闭/额定7极模式F矢量伺服载波频保护过阈值失缺相检测通信a特K点bU心跳间隔严重告常时描述操作()确认偏高延迟未连接{"j,hg_}l[]B#x\OQIY --size 16 --bpp 8 --no-compress --no-prefilter --font fonts/demo_16_icons_0_fa-solid-900.ttf --range 0xF002,0xF00C,0xF013,0xF015,0xF017,0xF019,0xF01E,0xF023,0xF029,0xF03A,0xF048,0xF04B,0xF04C,0xF04D,0xF051,0xF053,0xF054,0xF058,0xF05E,0xF061,0xF068,0xF06E,0xF071,0xF074,0xF077,0xF078,0xF07C,0xF0B0,0xF0C5,0xF0C8,0xF0EC,0xF0EE,0xF0E7,0xF1DA,0xF1DE,0xF1E6,0xF1EB,0xF241,0xF26C,0xF2DB,0xF2F1,0xF519,0xF542,0xF5DC,0xF625,0xF6FC,0xF6FF,0xF773,0xF7C2,0xF83E --font fonts/demo_16_icons_1_fa-brands-400.ttf --range 0xF293-0xF294 --format lvgl -o fonts/demo_16.c
 ******************************************************************************/

#ifdef LV_LVGL_H_INCLUDE_SIMPLE
#include "lvgl.h"
#else
#include "lvgl/lvgl.h"
#endif

#ifndef DEMO_16
#define DEMO_16 1
#endif

#if DEMO_16

/*-----------------
 *    BITMAPS
 *----------------*/

/*Store the image of the glyphs*/
static LV_ATTRIBUTE_LARGE_CONST const uint8_t glyph_bitmap[] = {
    /* U+0020 " " */

    /* U+0021 "!" */
    0x26, 0xff, 0x4c, 0x21, 0xff, 0x48, 0x1a, 0xff,
    0x41, 0x12, 0xff, 0x3a, 0xa, 0xff, 0x33, 0x3,
    0xff, 0x2c, 0x0, 0xfb, 0x25, 0x0, 0xf4, 0x1e,
    0x0, 0x7e, 0xd, 0x0, 0x20, 0x0, 0x52, 0xff,
    0x78, 0x38, 0xe5, 0x55,

    /* U+0022 "\"" */
    0x8e, 0xf4, 0x0, 0x6a, 0xff, 0x1c, 0x87, 0xef,
    0x0, 0x63, 0xff, 0x17, 0x72, 0xdc, 0x0, 0x4e,
    0xfd, 0x4, 0x59, 0xc5, 0x0, 0x35, 0xe8, 0x0,
    0x2c, 0x75, 0x0, 0x15, 0x8b, 0x0,

    /* U+0023 "#" */
    0x0, 0x0, 0x8, 0xe7, 0x0, 0x0, 0xb2, 0x40,
    0x0, 0x0, 0x0, 0x2a, 0xc4, 0x0, 0x0, 0xd6,
    0x1c, 0x0, 0x0, 0x0, 0x4e, 0xa1, 0x0, 0x1,
    0xf0, 0x1, 0x0, 0x3, 0xff, 0xff, 0xff, 0xff,
    0xff, 0xff, 0xff, 0x5b, 0x0, 0x3, 0x8c, 0x68,
    0x3, 0x39, 0xbf, 0x3, 0x1, 0x0, 0x0, 0xa6,
    0x4a, 0x0, 0x52, 0xa2, 0x0, 0x0, 0x0, 0x0,
    0xc3, 0x2f, 0x0, 0x6f, 0x87, 0x0, 0x0, 0x53,
    0xe7, 0xfb, 0xeb, 0xe7, 0xf3, 0xf3, 0xe7, 0x0,
    0x8, 0x1b, 0xf4, 0x18, 0x17, 0xb4, 0x5b, 0x17,
    0x0, 0x0, 0x1c, 0xd9, 0x0, 0x0, 0xc8, 0x2f,
    0x0, 0x0, 0x0, 0x39, 0xbb, 0x0, 0x0, 0xe5,
    0x12, 0x0, 0x0, 0x0, 0x55, 0x9e, 0x0, 0x4,
    0xf3, 0x0, 0x0, 0x0,

    /* U+0024 "$" */
    0x0, 0x0, 0x0, 0x3, 0xff, 0xb, 0x0, 0x0,
    0x0, 0x0, 0x0, 0x10, 0xff, 0x1a, 0x0, 0x0,
    0x0, 0x0, 0x81, 0xf8, 0xff, 0xfa, 0xa9, 0xd,
    0x0, 0x4a, 0xff, 0x7a, 0x14, 0x31, 0xb9, 0x3f,
    0x0, 0x8d, 0xe6, 0x1, 0x0, 0x0, 0x0, 0x0,
    0x0, 0x77, 0xf8, 0x20, 0x0, 0x0, 0x0, 0x0,
    0x0, 0x11, 0xdc, 0xe5, 0x52, 0x0, 0x0, 0x0,
    0x0, 0x0, 0xe, 0xa6, 0xff, 0xaa, 0xe, 0x0,
    0x0, 0x0, 0x0, 0x0, 0x56, 0xeb, 0xda, 0x17,
    0x0, 0x0, 0x0, 0x0, 0x0, 0x22, 0xf0, 0x92,
    0x0, 0x0, 0x0, 0x0, 0x0, 0x0, 0xac, 0xc4,
    0x0, 0x29, 0x3, 0x0, 0x0, 0x0, 0xc4, 0xac,
    0x1, 0xd5, 0xc2, 0x5b, 0x38, 0x84, 0xff, 0x47,
    0x0, 0x1b, 0xa4, 0xe3, 0xff, 0xd9, 0x5b, 0x0,
    0x0, 0x0, 0x0, 0x3, 0xff, 0xb, 0x0, 0x0,
    0x0, 0x0, 0x0, 0x3, 0xff, 0xb, 0x0, 0x0,

    /* U+0025 "%" */
    0x0, 0x3b, 0xd2, 0xe6, 0xa0, 0xa, 0x0, 0x0,
    0x0, 0x2f, 0xce, 0x2, 0x0, 0x0, 0x0, 0x9,
    0xe7, 0x45, 0x4, 0xb2, 0x84, 0x0, 0x0, 0x0,
    0xb7, 0x47, 0x0, 0x0, 0x0, 0x0, 0x41, 0xd7,
    0x0, 0x0, 0x48, 0xd3, 0x0, 0x0, 0x42, 0xbd,
    0x0, 0x0, 0x0, 0x0, 0x0, 0x58, 0xc2, 0x0,
    0x0, 0x32, 0xeb, 0x0, 0x1, 0xca, 0x34, 0x0,
    0x0, 0x0, 0x0, 0x0, 0x3e, 0xdc, 0x0, 0x0,
    0x4d, 0xd0, 0x0, 0x56, 0xa8, 0x11, 0xac, 0xe2,
    0xa0, 0xa, 0x0, 0x6, 0xe2, 0x54, 0xa, 0xbb,
    0x7b, 0x5, 0xd6, 0x24, 0xa7, 0x8a, 0x9, 0xa0,
    0x8f, 0x0, 0x0, 0x31, 0xc6, 0xe1, 0x93, 0x7,
    0x6b, 0x93, 0x9, 0xfa, 0x13, 0x0, 0x28, 0xeb,
    0x0, 0x0, 0x0, 0x0, 0x0, 0x0, 0xc, 0xdc,
    0x16, 0x25, 0xee, 0x0, 0x0, 0x4, 0xfe, 0xd,
    0x0, 0x0, 0x0, 0x0, 0x0, 0x80, 0x7f, 0x0,
    0x26, 0xed, 0x0, 0x0, 0x4, 0xfe, 0xd, 0x0,
    0x0, 0x0, 0x0, 0x16, 0xdc, 0xc, 0x0, 0x9,
    0xfb, 0x11, 0x0, 0x26, 0xed, 0x0, 0x0, 0x0,
    0x0, 0x0, 0x94, 0x6a, 0x0, 0x0, 0x0, 0xac,
    0x80, 0x1, 0x97, 0x93, 0x0, 0x0, 0x0, 0x0,
    0x24, 0xd6, 0x5, 0x0, 0x0, 0x0, 0x16, 0xba,
    0xe6, 0xae, 0xd, 0x0,

    /* U+0026 "&" */
    0x0, 0x0, 0xc, 0x9f, 0xee, 0xde, 0x4f, 0x0,
    0x0, 0x0, 0x0, 0x0, 0x0, 0x8f, 0xd8, 0x22,
    0x77, 0xf1, 0x4, 0x0, 0x0, 0x0, 0x0, 0x0,
    0xd2, 0x7c, 0x0, 0x20, 0xff, 0x10, 0x0, 0x0,
    0x0, 0x0, 0x0, 0xc0, 0x7f, 0x0, 0x86, 0xbe,
    0x0, 0x0, 0x0, 0x0, 0x0, 0x0, 0x7b, 0xcf,
    0x99, 0xd0, 0x1c, 0x0, 0x0, 0x0, 0x0, 0x0,
    0x0, 0x54, 0xff, 0xc5, 0xb, 0x0, 0x0, 0x1,
    0x6f, 0x2c, 0x0, 0x58, 0xf8, 0xbc, 0xf3, 0x2a,
    0x0, 0x0, 0x40, 0xfd, 0x1c, 0x1d, 0xf8, 0x81,
    0x1, 0xb3, 0xdb, 0x19, 0x0, 0xac, 0xb5, 0x0,
    0x5c, 0xff, 0x18, 0x0, 0x10, 0xcd, 0xdb, 0x62,
    0xfa, 0x2b, 0x0, 0x47, 0xff, 0x34, 0x0, 0x0,
    0x10, 0xcc, 0xff, 0xa6, 0x0, 0x0, 0x9, 0xd5,
    0xdb, 0x56, 0x3a, 0x7a, 0xf2, 0xd1, 0xff, 0xb2,
    0x33, 0x0, 0x1a, 0xa0, 0xe4, 0xef, 0xbe, 0x58,
    0x0, 0x3f, 0xb9, 0x5e,

    /* U+0027 "'" */
    0x8e, 0xf4, 0x87, 0xef, 0x72, 0xdc, 0x59, 0xc5,
    0x2c, 0x75,

    /* U+0028 "(" */
    0x0, 0x0, 0xb, 0x5, 0x0, 0x0, 0x8e, 0x83,
    0x0, 0x1b, 0xef, 0x19, 0x0, 0x7d, 0xa6, 0x0,
    0x0, 0xda, 0x53, 0x0, 0x1b, 0xff, 0x14, 0x0,
    0x52, 0xe3, 0x0, 0x0, 0x6d, 0xc5, 0x0, 0x0,
    0x7f, 0xb6, 0x0, 0x0, 0x7e, 0xb7, 0x0, 0x0,
    0x6c, 0xc6, 0x0, 0x0, 0x50, 0xe5, 0x0, 0x0,
    0x18, 0xff, 0x15, 0x0, 0x0, 0xd7, 0x56, 0x0,
    0x0, 0x79, 0xaa, 0x0, 0x0, 0x18, 0xef, 0x1c,
    0x0, 0x0, 0x88, 0x82, 0x0, 0x0, 0x7, 0x2,

    /* U+0029 ")" */
    0x0, 0x10, 0x0, 0x0, 0x21, 0xe7, 0xc, 0x0,
    0x0, 0xac, 0x7c, 0x0, 0x0, 0x41, 0xe2, 0x2,
    0x0, 0x3, 0xe9, 0x43, 0x0, 0x0, 0xab, 0x82,
    0x0, 0x0, 0x7a, 0xb9, 0x0, 0x0, 0x5b, 0xd4,
    0x0, 0x0, 0x4b, 0xe7, 0x0, 0x0, 0x4c, 0xe5,
    0x0, 0x0, 0x5c, 0xd3, 0x0, 0x0, 0x7c, 0xb7,
    0x0, 0x0, 0xad, 0x80, 0x0, 0x4, 0xeb, 0x3f,
    0x0, 0x45, 0xe0, 0x1, 0x0, 0xb1, 0x77, 0x0,
    0x21, 0xe3, 0xa, 0x0, 0x0, 0xa, 0x0, 0x0,

    /* U+002A "*" */
    0x0, 0x0, 0xbe, 0x31, 0x0, 0x0, 0x52, 0x31,
    0xd4, 0x60, 0x58, 0x1c, 0x7b, 0xea, 0xff, 0xfe,
    0xb5, 0x27, 0x0, 0x7f, 0xef, 0xe5, 0xc, 0x0,
    0x10, 0xe6, 0x29, 0xa0, 0x7c, 0x0, 0x0, 0x14,
    0x0, 0x8, 0xb, 0x0,

    /* U+002B "+" */
    0x0, 0x0, 0x0, 0x6, 0x2f, 0x1, 0x0, 0x0,
    0x0, 0x0, 0x0, 0x0, 0x23, 0xff, 0x7, 0x0,
    0x0, 0x0, 0x0, 0x0, 0x0, 0x23, 0xff, 0x7,
    0x0, 0x0, 0x0, 0x0, 0x0, 0x0, 0x23, 0xff,
    0x7, 0x0, 0x0, 0x0, 0x5f, 0xf3, 0xf3, 0xf5,
    0xff, 0xf4, 0xf3, 0xf3, 0x44, 0xe, 0x23, 0x23,
    0x42, 0xff, 0x2a, 0x23, 0x23, 0xa, 0x0, 0x0,
    0x0, 0x23, 0xff, 0x7, 0x0, 0x0, 0x0, 0x0,
    0x0, 0x0, 0x23, 0xff, 0x7, 0x0, 0x0, 0x0,
    0x0, 0x0, 0x0, 0x23, 0xff, 0x7, 0x0, 0x0,
    0x0,

    /* U+002C "," */
    0x0, 0x0, 0x2, 0x0, 0x0, 0x8b, 0xe9, 0x2e,
    0x0, 0x80, 0xfc, 0x77, 0x0, 0x0, 0xb8, 0x64,
    0x0, 0x54, 0xe3, 0x10, 0x9, 0xbe, 0x1c, 0x0,
    0x0, 0x0, 0x0, 0x0,

    /* U+002D "-" */
    0x41, 0xf7, 0xf7, 0xf7, 0xcd, 0xa, 0x27, 0x27,
    0x27, 0x21,

    /* U+002E "." */
    0x6, 0x1b, 0x0, 0xac, 0xfc, 0x21, 0x83, 0xdc,
    0x12,

    /* U+002F "/" */
    0x0, 0x0, 0x0, 0x0, 0x30, 0xe0, 0x0, 0x0,
    0x0, 0x0, 0x0, 0x7f, 0x91, 0x0, 0x0, 0x0,
    0x0, 0x0, 0xce, 0x42, 0x0, 0x0, 0x0, 0x0,
    0x1d, 0xee, 0x4, 0x0, 0x0, 0x0, 0x0, 0x6c,
    0xa4, 0x0, 0x0, 0x0, 0x0, 0x0, 0xbc, 0x55,
    0x0, 0x0, 0x0, 0x0, 0x10, 0xf4, 0xd, 0x0,
    0x0, 0x0, 0x0, 0x5a, 0xb7, 0x0, 0x0, 0x0,
    0x0, 0x0, 0xa9, 0x68, 0x0, 0x0, 0x0, 0x0,
    0x6, 0xf1, 0x1a, 0x0, 0x0, 0x0, 0x0, 0x48,
    0xca, 0x0, 0x0, 0x0, 0x0, 0x0, 0x97, 0x7b,
    0x0, 0x0, 0x0, 0x0, 0x1, 0xe5, 0x2c, 0x0,
    0x0, 0x0, 0x0, 0x35, 0xdd, 0x0, 0x0, 0x0,
    0x0, 0x0, 0x85, 0x8e, 0x0, 0x0, 0x0, 0x0,
    0x0, 0x60, 0x29, 0x0, 0x0, 0x0, 0x0, 0x0,

    /* U+0030 "0" */
    0x0, 0x0, 0x41, 0xc4, 0xf0, 0xbd, 0x2e, 0x0,
    0x0, 0x0, 0x31, 0xf6, 0x96, 0x3f, 0xa8, 0xed,
    0x1d, 0x0, 0x0, 0x9f, 0xc9, 0x1, 0x0, 0x5,
    0xe0, 0x81, 0x0, 0x0, 0xf2, 0x76, 0x0, 0x0,
    0x0, 0x92, 0xd5, 0x0, 0x10, 0xff, 0x4f, 0x0,
    0x0, 0x0, 0x6c, 0xf2, 0x0, 0x28, 0xff, 0x3c,
    0x0, 0x0, 0x0, 0x59, 0xff, 0xc, 0x27, 0xff,
    0x3d, 0x0, 0x0, 0x0, 0x5a, 0xff, 0xa, 0xe,
    0xff, 0x50, 0x0, 0x0, 0x0, 0x6d, 0xf1, 0x0,
    0x0, 0xf0, 0x79, 0x0, 0x0, 0x0, 0x95, 0xd3,
    0x0, 0x0, 0x9c, 0xcc, 0x1, 0x0, 0x6, 0xe3,
    0x7e, 0x0, 0x0, 0x2f, 0xf5, 0x9a, 0x43, 0xab,
    0xeb, 0x1b, 0x0, 0x0, 0x0, 0x3f, 0xc4, 0xf0,
    0xbd, 0x2d, 0x0, 0x0,

    /* U+0031 "1" */
    0x2, 0x4c, 0x9c, 0xf7, 0x7b, 0x0, 0x0, 0xc,
    0xcb, 0xcb, 0xfe, 0x7b, 0x0, 0x0, 0x0, 0x0,
    0x0, 0xf7, 0x7b, 0x0, 0x0, 0x0, 0x0, 0x0,
    0xf7, 0x7b, 0x0, 0x0, 0x0, 0x0, 0x0, 0xf7,
    0x7b, 0x0, 0x0, 0x0, 0x0, 0x0, 0xf7, 0x7b,
    0x0, 0x0, 0x0, 0x0, 0x0, 0xf7, 0x7b, 0x0,
    0x0, 0x0, 0x0, 0x0, 0xf7, 0x7b, 0x0, 0x0,
    0x0, 0x0, 0x0, 0xf7, 0x7b, 0x0, 0x0, 0x0,
    0x0, 0x0, 0xf7, 0x7b, 0x0, 0x0, 0x23, 0x3b,
    0x3b, 0xf9, 0x9a, 0x3b, 0x32, 0x97, 0xff, 0xff,
    0xff, 0xff, 0xff, 0xd7,

    /* U+0032 "2" */
    0x0, 0x12, 0x93, 0xd7, 0xed, 0xb2, 0x25, 0x0,
    0x0, 0x18, 0xdb, 0xb5, 0x53, 0x50, 0xd0, 0xe2,
    0xc, 0x0, 0x1, 0x54, 0x1, 0x0, 0x0, 0x24,
    0xff, 0x59, 0x0, 0x0, 0x0, 0x0, 0x0, 0x0,
    0x0, 0xf6, 0x77, 0x0, 0x0, 0x0, 0x0, 0x0,
    0x0, 0x1e, 0xff, 0x50, 0x0, 0x0, 0x0, 0x0,
    0x0, 0x0, 0x75, 0xf3, 0x14, 0x0, 0x0, 0x0,
    0x0, 0x0, 0x14, 0xef, 0x81, 0x0, 0x0, 0x0,
    0x0, 0x0, 0x4, 0xbc, 0xd0, 0xa, 0x0, 0x0,
    0x0, 0x0, 0x0, 0x9a, 0xec, 0x20, 0x0, 0x0,
    0x0, 0x0, 0x2, 0x98, 0xef, 0x33, 0x0, 0x0,
    0x0, 0x0, 0x6, 0xa9, 0xfb, 0x69, 0x43, 0x47,
    0x47, 0x47, 0x5, 0x4b, 0xff, 0xff, 0xff, 0xff,
    0xff, 0xff, 0xff, 0x13,

    /* U+0033 "3" */
    0x0, 0x18, 0x9a, 0xda, 0xf2, 0xc6, 0x49, 0x0,
    0x2, 0xd1, 0xb6, 0x57, 0x55, 0xb9, 0xfb, 0x34,
    0x0, 0x14, 0x0, 0x0, 0x0, 0x8, 0xf8, 0x81,
    0x0, 0x0, 0x0, 0x0, 0x0, 0xd, 0xfc, 0x73,
    0x0, 0x0, 0x0, 0x9, 0x34, 0xba, 0xd2, 0x13,
    0x0, 0x0, 0x27, 0xff, 0xff, 0xd4, 0x15, 0x0,
    0x0, 0x0, 0x6, 0x39, 0x5a, 0xc1, 0xe7, 0x2d,
    0x0, 0x0, 0x0, 0x0, 0x0, 0x4, 0xcb, 0xbd,
    0x0, 0x0, 0x0, 0x0, 0x0, 0x0, 0x8c, 0xef,
    0x9, 0x51, 0x0, 0x0, 0x0, 0x0, 0xbf, 0xcb,
    0x41, 0xf8, 0xaa, 0x5d, 0x47, 0xa2, 0xff, 0x55,
    0x0, 0x33, 0xa2, 0xd9, 0xf2, 0xc7, 0x4e, 0x0,

    /* U+0034 "4" */
    0x0, 0x0, 0x0, 0x0, 0x21, 0xf7, 0xcf, 0x0,
    0x0, 0x0, 0x0, 0x0, 0x0, 0xb0, 0xf8, 0xcf,
    0x0, 0x0, 0x0, 0x0, 0x0, 0x49, 0xf8, 0x9e,
    0xcf, 0x0, 0x0, 0x0, 0x0, 0x6, 0xda, 0x93,
    0x8b, 0xcf, 0x0, 0x0, 0x0, 0x0, 0x79, 0xea,
    0x12, 0x8f, 0xcf, 0x0, 0x0, 0x0, 0x1d, 0xf4,
    0x5f, 0x0, 0x8f, 0xcf, 0x0, 0x0, 0x0, 0xaa,
    0xc2, 0x0, 0x0, 0x8f, 0xcf, 0x0, 0x0, 0x42,
    0xfa, 0x2b, 0x0, 0x0, 0x8f, 0xcf, 0x0, 0x0,
    0xac, 0xff, 0xff, 0xff, 0xff, 0xff, 0xff, 0xff,
    0x63, 0x20, 0x2f, 0x2f, 0x2f, 0x2f, 0xa4, 0xd8,
    0x2f, 0x12, 0x0, 0x0, 0x0, 0x0, 0x0, 0x8f,
    0xcf, 0x0, 0x0, 0x0, 0x0, 0x0, 0x0, 0x0,
    0x8f, 0xcf, 0x0, 0x0,

    /* U+0035 "5" */
    0x0, 0x45, 0xff, 0xff, 0xff, 0xff, 0xff, 0x73,
    0x0, 0x0, 0x58, 0xff, 0x42, 0x3f, 0x3f, 0x3f,
    0x1c, 0x0, 0x0, 0x6b, 0xec, 0x0, 0x0, 0x0,
    0x0, 0x0, 0x0, 0x0, 0x7d, 0xd3, 0x0, 0x0,
    0x0, 0x0, 0x0, 0x0, 0x0, 0x90, 0xe3, 0xb1,
    0xe6, 0xc8, 0x55, 0x0, 0x0, 0x0, 0x57, 0xa6,
    0x42, 0x37, 0x9d, 0xff, 0x53, 0x0, 0x0, 0x0,
    0x0, 0x0, 0x0, 0x0, 0xc7, 0xcb, 0x0, 0x0,
    0x0, 0x0, 0x0, 0x0, 0x0, 0x84, 0xf5, 0x1,
    0x0, 0x0, 0x0, 0x0, 0x0, 0x0, 0x8c, 0xea,
    0x0, 0xa, 0x46, 0x0, 0x0, 0x0, 0x6, 0xdb,
    0xb3, 0x0, 0x4a, 0xfa, 0xa0, 0x59, 0x4e, 0xbf,
    0xf7, 0x29, 0x0, 0x0, 0x39, 0xa4, 0xda, 0xef,
    0xb7, 0x2c, 0x0, 0x0,

    /* U+0036 "6" */
    0x0, 0x0, 0x5, 0x88, 0xd7, 0xed, 0xb7, 0x2e,
    0x0, 0x0, 0x1, 0xbf, 0xdd, 0x60, 0x46, 0x8e,
    0x98, 0x0, 0x0, 0x52, 0xf2, 0x15, 0x0, 0x0,
    0x0, 0x0, 0x0, 0x0, 0xc2, 0x93, 0x0, 0x0,
    0x0, 0x0, 0x0, 0x0, 0x2, 0xf6, 0x68, 0x7d,
    0xd6, 0xd8, 0x85, 0x6, 0x0, 0x11, 0xff, 0xdf,
    0x92, 0x39, 0x5d, 0xf0, 0x8d, 0x0, 0x13, 0xff,
    0x86, 0x0, 0x0, 0x0, 0x78, 0xf6, 0x2, 0x0,
    0xf6, 0x67, 0x0, 0x0, 0x0, 0x41, 0xff, 0x1f,
    0x0, 0xd6, 0x95, 0x0, 0x0, 0x0, 0x46, 0xff,
    0x18, 0x0, 0x7b, 0xeb, 0xa, 0x0, 0x0, 0x85,
    0xe6, 0x0, 0x0, 0x11, 0xe3, 0xbb, 0x3f, 0x63,
    0xf6, 0x66, 0x0, 0x0, 0x0, 0x1a, 0xae, 0xeb,
    0xd9, 0x68, 0x0, 0x0,

    /* U+0037 "7" */
    0x37, 0xff, 0xff, 0xff, 0xff, 0xff, 0xff, 0xff,
    0x1e, 0xd, 0x3f, 0x3f, 0x3f, 0x3f, 0x3f, 0xce,
    0xb8, 0x0, 0x0, 0x0, 0x0, 0x0, 0x0, 0x45,
    0xf4, 0x20, 0x0, 0x0, 0x0, 0x0, 0x0, 0x3,
    0xd9, 0x78, 0x0, 0x0, 0x0, 0x0, 0x0, 0x0,
    0x4f, 0xf8, 0x13, 0x0, 0x0, 0x0, 0x0, 0x0,
    0x0, 0xb5, 0xa6, 0x0, 0x0, 0x0, 0x0, 0x0,
    0x0, 0xd, 0xfc, 0x5a, 0x0, 0x0, 0x0, 0x0,
    0x0, 0x0, 0x42, 0xff, 0x28, 0x0, 0x0, 0x0,
    0x0, 0x0, 0x0, 0x79, 0xf5, 0x2, 0x0, 0x0,
    0x0, 0x0, 0x0, 0x0, 0x9b, 0xdc, 0x0, 0x0,
    0x0, 0x0, 0x0, 0x0, 0x0, 0xb2, 0xca, 0x0,
    0x0, 0x0, 0x0, 0x0, 0x0, 0x0, 0xc8, 0xb8,
    0x0, 0x0, 0x0, 0x0,

    /* U+0038 "8" */
    0x0, 0x0, 0x55, 0xd0, 0xf4, 0xd4, 0x5d, 0x0,
    0x0, 0x0, 0x43, 0xfc, 0x6b, 0x24, 0x67, 0xfc,
    0x4a, 0x0, 0x0, 0x9c, 0xb9, 0x0, 0x0, 0x0,
    0xa9, 0xa1, 0x0, 0x0, 0x8a, 0xbd, 0x0, 0x0,
    0x0, 0x98, 0xa8, 0x0, 0x0, 0x31, 0xf6, 0x64,
    0x1, 0x9, 0xdf, 0x4c, 0x0, 0x0, 0x0, 0x60,
    0xff, 0xce, 0xb6, 0x82, 0x0, 0x0, 0x0, 0x2f,
    0xdb, 0x63, 0x92, 0xf7, 0xc3, 0x14, 0x0, 0x5,
    0xdf, 0x71, 0x0, 0x0, 0x1a, 0xd6, 0xc1, 0x0,
    0x31, 0xff, 0x20, 0x0, 0x0, 0x0, 0x5d, 0xff,
    0x10, 0x23, 0xff, 0x3b, 0x0, 0x0, 0x0, 0x61,
    0xfb, 0xb, 0x0, 0xb5, 0xdd, 0x4f, 0x21, 0x51,
    0xe6, 0x9f, 0x0, 0x0, 0xc, 0x85, 0xda, 0xf6,
    0xd8, 0x7c, 0x8, 0x0,

    /* U+0039 "9" */
    0x0, 0x8, 0x8a, 0xe2, 0xe6, 0xa4, 0x13, 0x0,
    0x0, 0x0, 0x9f, 0xe2, 0x4f, 0x40, 0xb8, 0xdb,
    0x9, 0x0, 0x18, 0xff, 0x51, 0x0, 0x0, 0x7,
    0xe5, 0x6d, 0x0, 0x40, 0xff, 0x1d, 0x0, 0x0,
    0x0, 0x91, 0xc2, 0x0, 0x2a, 0xff, 0x37, 0x0,
    0x0, 0x0, 0x7f, 0xe2, 0x0, 0x4, 0xd8, 0xbf,
    0x19, 0xf, 0x6f, 0xf2, 0xfd, 0x0, 0x0, 0x2e,
    0xd1, 0xff, 0xf4, 0xa0, 0x7e, 0xf4, 0x0, 0x0,
    0x0, 0x0, 0x11, 0x7, 0x0, 0x93, 0xd8, 0x0,
    0x0, 0x0, 0x0, 0x0, 0x0, 0x0, 0xd0, 0x9e,
    0x0, 0x0, 0x7, 0x0, 0x0, 0x0, 0x43, 0xff,
    0x30, 0x0, 0x1, 0xc6, 0x9b, 0x49, 0x6b, 0xf1,
    0xa1, 0x0, 0x0, 0x0, 0x3b, 0xbc, 0xef, 0xd6,
    0x7c, 0x1, 0x0, 0x0,

    /* U+003A ":" */
    0x81, 0xdb, 0x11, 0xae, 0xfd, 0x22, 0x7, 0x1e,
    0x0, 0x0, 0x0, 0x0, 0x0, 0x0, 0x0, 0x0,
    0x0, 0x0, 0x6, 0x1b, 0x0, 0xac, 0xfc, 0x21,
    0x83, 0xdc, 0x12,

    /* U+003B ";" */
    0x0, 0x81, 0xdb, 0x11, 0x0, 0xae, 0xfd, 0x22,
    0x0, 0x7, 0x1e, 0x0, 0x0, 0x0, 0x0, 0x0,
    0x0, 0x0, 0x0, 0x0, 0x0, 0x0, 0x0, 0x0,
    0x0, 0x0, 0x2, 0x0, 0x0, 0x8b, 0xe9, 0x2e,
    0x0, 0x80, 0xfc, 0x77, 0x0, 0x0, 0xb8, 0x64,
    0x0, 0x54, 0xe3, 0x10, 0x9, 0xbe, 0x1c, 0x0,
    0x0, 0x0, 0x0, 0x0,

    /* U+003C "<" */
    0x0, 0x0, 0x0, 0x0, 0x0, 0x0, 0x5, 0x53,
    0x2a, 0x0, 0x0, 0x0, 0x0, 0x22, 0x86, 0xe8,
    0xea, 0x32, 0x0, 0x5, 0x54, 0xba, 0xf9, 0xaf,
    0x4f, 0x5, 0x0, 0x41, 0xe9, 0xd1, 0x70, 0x15,
    0x0, 0x0, 0x0, 0x0, 0x41, 0xe9, 0xd0, 0x6f,
    0x15, 0x0, 0x0, 0x0, 0x0, 0x0, 0x5, 0x55,
    0xbb, 0xf9, 0xb0, 0x50, 0x5, 0x0, 0x0, 0x0,
    0x0, 0x0, 0x23, 0x87, 0xe8, 0xec, 0x32, 0x0,
    0x0, 0x0, 0x0, 0x0, 0x0, 0x5, 0x54, 0x2a,

    /* U+003D "=" */
    0x63, 0xff, 0xff, 0xff, 0xff, 0xff, 0xff, 0xff,
    0x47, 0x9, 0x17, 0x17, 0x17, 0x17, 0x17, 0x17,
    0x17, 0x6, 0x0, 0x0, 0x0, 0x0, 0x0, 0x0,
    0x0, 0x0, 0x0, 0x0, 0x0, 0x0, 0x0, 0x0,
    0x0, 0x0, 0x0, 0x0, 0x5f, 0xf3, 0xf3, 0xf3,
    0xf3, 0xf3, 0xf3, 0xf3, 0x44, 0xe, 0x23, 0x23,
    0x23, 0x23, 0x23, 0x23, 0x23, 0xa,

    /* U+003E ">" */
    0x38, 0x48, 0x2, 0x0, 0x0, 0x0, 0x0, 0x0,
    0x0, 0x47, 0xf0, 0xe0, 0x7b, 0x1a, 0x0, 0x0,
    0x0, 0x0, 0x0, 0x9, 0x5a, 0xba, 0xf9, 0xaf,
    0x49, 0x2, 0x0, 0x0, 0x0, 0x0, 0x0, 0x1d,
    0x7c, 0xdc, 0xe0, 0x2d, 0x0, 0x0, 0x0, 0x0,
    0x1d, 0x7b, 0xdc, 0xe1, 0x2d, 0x0, 0xa, 0x5b,
    0xba, 0xf9, 0xb0, 0x4a, 0x2, 0x0, 0x48, 0xf2,
    0xe0, 0x7c, 0x1a, 0x0, 0x0, 0x0, 0x0, 0x38,
    0x49, 0x2, 0x0, 0x0, 0x0, 0x0, 0x0, 0x0,

    /* U+003F "?" */
    0x0, 0x35, 0xb2, 0xed, 0xe1, 0x7f, 0x1, 0x14,
    0xe9, 0x85, 0x4a, 0x94, 0xff, 0x68, 0x0, 0xb,
    0x0, 0x0, 0x0, 0xd4, 0xab, 0x0, 0x0, 0x0,
    0x0, 0x2, 0xe6, 0x80, 0x0, 0x0, 0x0, 0x0,
    0x70, 0xf0, 0x20, 0x0, 0x0, 0x0, 0x38, 0xfb,
    0x51, 0x0, 0x0, 0x0, 0x0, 0xd5, 0x9d, 0x0,
    0x0, 0x0, 0x0, 0x23, 0xff, 0x49, 0x0, 0x0,
    0x0, 0x0, 0xc, 0x4f, 0xd, 0x0, 0x0, 0x0,
    0x0, 0x0, 0x20, 0x0, 0x0, 0x0, 0x0, 0x0,
    0x59, 0xff, 0x72, 0x0, 0x0, 0x0, 0x0, 0x3d,
    0xe5, 0x50, 0x0, 0x0,

    /* U+0040 "@" */
    0x0, 0x0, 0x0, 0x0, 0x2, 0x64, 0xbb, 0xe9,
    0xf4, 0xca, 0x9a, 0x21, 0x0, 0x0, 0x0, 0x0,
    0x0, 0x0, 0x27, 0xc5, 0xbc, 0x57, 0x22, 0xb,
    0x38, 0x80, 0xed, 0x5e, 0x0, 0x0, 0x0, 0x0,
    0x28, 0xee, 0x6a, 0x1, 0x0, 0x0, 0x0, 0x0,
    0x0, 0x30, 0xec, 0x28, 0x0, 0x0, 0x3, 0xc8,
    0x73, 0x0, 0x0, 0x0, 0x0, 0x0, 0x0, 0x0,
    0x0, 0x78, 0xb5, 0x0, 0x0, 0x6d, 0xc6, 0x2,
    0x0, 0x1, 0x7b, 0xd0, 0xc3, 0xa7, 0x66, 0x0,
    0x10, 0xf3, 0x1, 0x0, 0xc9, 0x53, 0x0, 0x0,
    0x94, 0xb4, 0x14, 0x36, 0xfd, 0x3e, 0x0, 0x0,
    0xe7, 0x1e, 0x2, 0xfc, 0x15, 0x0, 0x28, 0xf3,
    0x12, 0x0, 0x13, 0xff, 0x10, 0x0, 0x0, 0xd7,
    0x26, 0x14, 0xfd, 0x1, 0x0, 0x6e, 0xb8, 0x0,
    0x0, 0x3c, 0xdf, 0x0, 0x0, 0x2, 0xf1, 0x4,
    0x2, 0xf5, 0x1c, 0x0, 0x85, 0xa4, 0x0, 0x0,
    0x67, 0xb9, 0x0, 0x0, 0x55, 0xb3, 0x0, 0x0,
    0xc9, 0x4a, 0x0, 0x53, 0xe1, 0x1f, 0x33, 0xcd,
    0xd9, 0xa, 0x33, 0xda, 0x2a, 0x0, 0x0, 0x86,
    0xba, 0x0, 0x1, 0x90, 0xde, 0xa3, 0x12, 0x88,
    0xda, 0xb9, 0x2e, 0x0, 0x0, 0x0, 0x9, 0xd8,
    0x76, 0x0, 0x0, 0x0, 0x0, 0x0, 0x0, 0x0,
    0x0, 0x0, 0x0, 0x0, 0x0, 0x0, 0x2e, 0xd5,
    0xbe, 0x49, 0x1d, 0x4, 0x1d, 0x5a, 0x34, 0x0,
    0x0, 0x0, 0x0, 0x0, 0x0, 0x0, 0x4, 0x6e,
    0xb5, 0xdf, 0xf0, 0xd1, 0x89, 0x1e, 0x0, 0x0,
    0x0, 0x0,

    /* U+0041 "A" */
    0x0, 0x0, 0x0, 0x22, 0xff, 0xd9, 0x0, 0x0,
    0x0, 0x0, 0x0, 0x0, 0x0, 0x77, 0xc7, 0xfc,
    0x2e, 0x0, 0x0, 0x0, 0x0, 0x0, 0x0, 0xcc,
    0x6a, 0xc1, 0x82, 0x0, 0x0, 0x0, 0x0, 0x0,
    0x20, 0xff, 0x1f, 0x75, 0xd7, 0x0, 0x0, 0x0,
    0x0, 0x0, 0x75, 0xd4, 0x0, 0x29, 0xff, 0x2c,
    0x0, 0x0, 0x0, 0x0, 0xca, 0x88, 0x0, 0x0,
    0xdc, 0x80, 0x0, 0x0, 0x0, 0x1f, 0xff, 0x38,
    0x0, 0x0, 0x8d, 0xd5, 0x0, 0x0, 0x0, 0x73,
    0xff, 0xfc, 0xfb, 0xfb, 0xfd, 0xff, 0x2a, 0x0,
    0x0, 0xc8, 0xa3, 0x2b, 0x2b, 0x2b, 0x2c, 0xec,
    0x7e, 0x0, 0x1d, 0xfe, 0x49, 0x0, 0x0, 0x0,
    0x0, 0xa4, 0xd3, 0x0, 0x71, 0xf5, 0x8, 0x0,
    0x0, 0x0, 0x0, 0x59, 0xff, 0x28, 0xc5, 0xb1,
    0x0, 0x0, 0x0, 0x0, 0x0, 0x11, 0xfc, 0x7d,

    /* U+0042 "B" */
    0x63, 0xff, 0xff, 0xff, 0xf5, 0xd9, 0x88, 0xc,
    0x0, 0x63, 0xff, 0x3f, 0x2c, 0x39, 0x6e, 0xf2,
    0xb3, 0x0, 0x63, 0xff, 0x17, 0x0, 0x0, 0x0,
    0x78, 0xfc, 0xb, 0x63, 0xff, 0x17, 0x0, 0x0,
    0x0, 0x6e, 0xf0, 0x4, 0x63, 0xff, 0x17, 0x0,
    0xc, 0x48, 0xe5, 0x8b, 0x0, 0x63, 0xff, 0xfc,
    0xfc, 0xff, 0xff, 0xc2, 0x16, 0x0, 0x63, 0xff,
    0x3f, 0x2b, 0x35, 0x57, 0xc2, 0xec, 0x2b, 0x63,
    0xff, 0x17, 0x0, 0x0, 0x0, 0x7, 0xde, 0xa3,
    0x63, 0xff, 0x17, 0x0, 0x0, 0x0, 0x0, 0xb6,
    0xbe, 0x63, 0xff, 0x17, 0x0, 0x0, 0x0, 0x10,
    0xe9, 0x90, 0x63, 0xff, 0x47, 0x33, 0x3d, 0x63,
    0xd1, 0xeb, 0x20, 0x63, 0xff, 0xff, 0xff, 0xf9,
    0xdc, 0x9b, 0x23, 0x0,

    /* U+0043 "C" */
    0x0, 0x0, 0x0, 0x34, 0xac, 0xdf, 0xe9, 0xb0,
    0x38, 0x0, 0x0, 0x0, 0x67, 0xfa, 0xc5, 0x73,
    0x63, 0xa7, 0xf6, 0x1c, 0x0, 0x23, 0xf8, 0x9c,
    0x3, 0x0, 0x0, 0x0, 0x20, 0x0, 0x0, 0xa2,
    0xee, 0xf, 0x0, 0x0, 0x0, 0x0, 0x0, 0x0,
    0x0, 0xd7, 0xa7, 0x0, 0x0, 0x0, 0x0, 0x0,
    0x0, 0x0, 0x4, 0xfa, 0x84, 0x0, 0x0, 0x0,
    0x0, 0x0, 0x0, 0x0, 0x5, 0xfb, 0x85, 0x0,
    0x0, 0x0, 0x0, 0x0, 0x0, 0x0, 0x0, 0xd9,
    0xa7, 0x0, 0x0, 0x0, 0x0, 0x0, 0x0, 0x0,
    0x0, 0xa6, 0xee, 0xe, 0x0, 0x0, 0x0, 0x0,
    0x0, 0x0, 0x0, 0x27, 0xfa, 0x99, 0x2, 0x0,
    0x0, 0x0, 0x41, 0xe, 0x0, 0x0, 0x6f, 0xfc,
    0xc1, 0x6f, 0x5f, 0x9e, 0xf8, 0x4c, 0x0, 0x0,
    0x0, 0x3b, 0xb1, 0xe3, 0xe7, 0xb0, 0x3b, 0x0,

    /* U+0044 "D" */
    0x63, 0xff, 0xff, 0xfb, 0xd6, 0xac, 0x3a, 0x0,
    0x0, 0x0, 0x63, 0xff, 0x47, 0x3b, 0x64, 0xb9,
    0xfd, 0x7f, 0x0, 0x0, 0x63, 0xff, 0x17, 0x0,
    0x0, 0x0, 0x87, 0xfe, 0x32, 0x0, 0x63, 0xff,
    0x17, 0x0, 0x0, 0x0, 0x8, 0xe5, 0xad, 0x0,
    0x63, 0xff, 0x17, 0x0, 0x0, 0x0, 0x0, 0xa3,
    0xda, 0x0, 0x63, 0xff, 0x17, 0x0, 0x0, 0x0,
    0x0, 0x83, 0xfb, 0x4, 0x63, 0xff, 0x17, 0x0,
    0x0, 0x0, 0x0, 0x85, 0xf9, 0x2, 0x63, 0xff,
    0x17, 0x0, 0x0, 0x0, 0x0, 0xa6, 0xd7, 0x0,
    0x63, 0xff, 0x17, 0x0, 0x0, 0x0, 0xc, 0xeb,
    0xa7, 0x0, 0x63, 0xff, 0x17, 0x0, 0x0, 0x2,
    0x93, 0xfc, 0x2b, 0x0, 0x63, 0xff, 0x4e, 0x43,
    0x6c, 0xc1, 0xfc, 0x76, 0x0, 0x0, 0x63, 0xff,
    0xff, 0xfc, 0xd8, 0xab, 0x38, 0x0, 0x0, 0x0,

    /* U+0045 "E" */
    0x63, 0xff, 0xff, 0xff, 0xff, 0xff, 0xff, 0x5f,
    0x63, 0xff, 0x51, 0x3f, 0x3f, 0x3f, 0x3f, 0x17,
    0x63, 0xff, 0x17, 0x0, 0x0, 0x0, 0x0, 0x0,
    0x63, 0xff, 0x17, 0x0, 0x0, 0x0, 0x0, 0x0,
    0x63, 0xff, 0x22, 0xb, 0xb, 0xb, 0x6, 0x0,
    0x63, 0xff, 0xff, 0xff, 0xff, 0xff, 0x87, 0x0,
    0x63, 0xff, 0x4e, 0x3b, 0x3b, 0x3b, 0x1f, 0x0,
    0x63, 0xff, 0x17, 0x0, 0x0, 0x0, 0x0, 0x0,
    0x63, 0xff, 0x17, 0x0, 0x0, 0x0, 0x0, 0x0,
    0x63, 0xff, 0x17, 0x0, 0x0, 0x0, 0x0, 0x0,
    0x63, 0xff, 0x59, 0x47, 0x47, 0x47, 0x47, 0x27,
    0x63, 0xff, 0xff, 0xff, 0xff, 0xff, 0xff, 0x8b,

    /* U+0046 "F" */
    0x63, 0xff, 0xff, 0xff, 0xff, 0xff, 0xff, 0x5f,
    0x63, 0xff, 0x51, 0x3f, 0x3f, 0x3f, 0x3f, 0x17,
    0x63, 0xff, 0x17, 0x0, 0x0, 0x0, 0x0, 0x0,
    0x63, 0xff, 0x17, 0x0, 0x0, 0x0, 0x0, 0x0,
    0x63, 0xff, 0x1f, 0x7, 0x7, 0x7, 0x4, 0x0,
    0x63, 0xff, 0xff, 0xff, 0xff, 0xff, 0x8f, 0x0,
    0x63, 0xff, 0x4a, 0x37, 0x37, 0x37, 0x1f, 0x0,
    0x63, 0xff, 0x17, 0x0, 0x0, 0x0, 0x0, 0x0,
    0x63, 0xff, 0x17, 0x0, 0x0, 0x0, 0x0, 0x0,
    0x63, 0xff, 0x17, 0x0, 0x0, 0x0, 0x0, 0x0,
    0x63, 0xff, 0x17, 0x0, 0x0, 0x0, 0x0, 0x0,
    0x63, 0xff, 0x17, 0x0, 0x0, 0x0, 0x0, 0x0,

    /* U+0047 "G" */
    0x0, 0x0, 0x0, 0x2a, 0xa5, 0xd8, 0xef, 0xbb,
    0x67, 0x0, 0x0, 0x0, 0x5f, 0xf7, 0xd0, 0x7c,
    0x5e, 0x8e, 0xf4, 0x6b, 0x0, 0x1f, 0xf6, 0xa5,
    0x6, 0x0, 0x0, 0x0, 0x24, 0x6, 0x0, 0xa0,
    0xf0, 0x12, 0x0, 0x0, 0x0, 0x0, 0x0, 0x0,
    0x0, 0xd6, 0xa8, 0x0, 0x0, 0x0, 0x0, 0x0,
    0x0, 0x0, 0x4, 0xfa, 0x84, 0x0, 0x0, 0x0,
    0x3, 0x3, 0x3, 0x3, 0x5, 0xfb, 0x85, 0x0,
    0x0, 0x3, 0xff, 0xff, 0xff, 0xd7, 0x0, 0xd8,
    0xa7, 0x0, 0x0, 0x0, 0x33, 0x33, 0x9d, 0xd7,
    0x0, 0xa4, 0xef, 0xf, 0x0, 0x0, 0x0, 0x0,
    0x83, 0xd7, 0x0, 0x25, 0xf9, 0x9e, 0x4, 0x0,
    0x0, 0x0, 0x83, 0xd7, 0x0, 0x0, 0x6a, 0xfa,
    0xc9, 0x76, 0x56, 0x7d, 0xe8, 0xbe, 0x0, 0x0,
    0x0, 0x34, 0xac, 0xdd, 0xf0, 0xc4, 0x7b, 0x6,

    /* U+0048 "H" */
    0x63, 0xff, 0x17, 0x0, 0x0, 0x0, 0x0, 0x6f,
    0xff, 0xb, 0x63, 0xff, 0x17, 0x0, 0x0, 0x0,
    0x0, 0x6f, 0xff, 0xb, 0x63, 0xff, 0x17, 0x0,
    0x0, 0x0, 0x0, 0x6f, 0xff, 0xb, 0x63, 0xff,
    0x17, 0x0, 0x0, 0x0, 0x0, 0x6f, 0xff, 0xb,
    0x63, 0xff, 0x22, 0xb, 0xb, 0xb, 0xb, 0x76,
    0xff, 0xb, 0x63, 0xff, 0xff, 0xff, 0xff, 0xff,
    0xff, 0xff, 0xff, 0xb, 0x63, 0xff, 0x4e, 0x3b,
    0x3b, 0x3b, 0x3b, 0x91, 0xff, 0xb, 0x63, 0xff,
    0x17, 0x0, 0x0, 0x0, 0x0, 0x6f, 0xff, 0xb,
    0x63, 0xff, 0x17, 0x0, 0x0, 0x0, 0x0, 0x6f,
    0xff, 0xb, 0x63, 0xff, 0x17, 0x0, 0x0, 0x0,
    0x0, 0x6f, 0xff, 0xb, 0x63, 0xff, 0x17, 0x0,
    0x0, 0x0, 0x0, 0x6f, 0xff, 0xb, 0x63, 0xff,
    0x17, 0x0, 0x0, 0x0, 0x0, 0x6f, 0xff, 0xb,

    /* U+0049 "I" */
    0x63, 0xff, 0x17, 0x63, 0xff, 0x17, 0x63, 0xff,
    0x17, 0x63, 0xff, 0x17, 0x63, 0xff, 0x17, 0x63,
    0xff, 0x17, 0x63, 0xff, 0x17, 0x63, 0xff, 0x17,
    0x63, 0xff, 0x17, 0x63, 0xff, 0x17, 0x63, 0xff,
    0x17, 0x63, 0xff, 0x17,

    /* U+004A "J" */
    0x0, 0x0, 0x0, 0x0, 0x0, 0x77, 0xff, 0x7,
    0x0, 0x0, 0x0, 0x0, 0x0, 0x77, 0xff, 0x7,
    0x0, 0x0, 0x0, 0x0, 0x0, 0x77, 0xff, 0x7,
    0x0, 0x0, 0x0, 0x0, 0x0, 0x77, 0xff, 0x7,
    0x0, 0x0, 0x0, 0x0, 0x0, 0x77, 0xff, 0x7,
    0x0, 0x0, 0x0, 0x0, 0x0, 0x77, 0xff, 0x7,
    0x0, 0x0, 0x0, 0x0, 0x0, 0x77, 0xff, 0x7,
    0x0, 0x0, 0x0, 0x0, 0x0, 0x77, 0xff, 0x7,
    0x0, 0x0, 0x0, 0x0, 0x0, 0x81, 0xfb, 0x3,
    0x5, 0x56, 0x0, 0x0, 0x0, 0xb1, 0xdb, 0x0,
    0x20, 0xea, 0xaa, 0x5b, 0x89, 0xfd, 0x73, 0x0,
    0x0, 0x34, 0xb2, 0xee, 0xd9, 0x7a, 0x1, 0x0,

    /* U+004B "K" */
    0x63, 0xff, 0x17, 0x0, 0x0, 0x0, 0x60, 0xfe,
    0x51, 0x0, 0x63, 0xff, 0x17, 0x0, 0x0, 0x37,
    0xf8, 0x7f, 0x0, 0x0, 0x63, 0xff, 0x17, 0x0,
    0x1a, 0xe6, 0xaf, 0x1, 0x0, 0x0, 0x63, 0xff,
    0x17, 0x7, 0xc9, 0xd4, 0xc, 0x0, 0x0, 0x0,
    0x63, 0xff, 0x18, 0xa0, 0xff, 0x35, 0x0, 0x0,
    0x0, 0x0, 0x63, 0xff, 0x89, 0xfe, 0xf6, 0x91,
    0x0, 0x0, 0x0, 0x0, 0x63, 0xff, 0xff, 0x7d,
    0x78, 0xfb, 0x28, 0x0, 0x0, 0x0, 0x63, 0xff,
    0xaa, 0x1, 0x8, 0xe0, 0xb4, 0x0, 0x0, 0x0,
    0x63, 0xff, 0x1c, 0x0, 0x0, 0x58, 0xff, 0x46,
    0x0, 0x0, 0x63, 0xff, 0x17, 0x0, 0x0, 0x0,
    0xc7, 0xd4, 0x3, 0x0, 0x63, 0xff, 0x17, 0x0,
    0x0, 0x0, 0x39, 0xff, 0x69, 0x0, 0x63, 0xff,
    0x17, 0x0, 0x0, 0x0, 0x0, 0xa8, 0xeb, 0xf,

    /* U+004C "L" */
    0x63, 0xff, 0x17, 0x0, 0x0, 0x0, 0x0, 0x0,
    0x63, 0xff, 0x17, 0x0, 0x0, 0x0, 0x0, 0x0,
    0x63, 0xff, 0x17, 0x0, 0x0, 0x0, 0x0, 0x0,
    0x63, 0xff, 0x17, 0x0, 0x0, 0x0, 0x0, 0x0,
    0x63, 0xff, 0x17, 0x0, 0x0, 0x0, 0x0, 0x0,
    0x63, 0xff, 0x17, 0x0, 0x0, 0x0, 0x0, 0x0,
    0x63, 0xff, 0x17, 0x0, 0x0, 0x0, 0x0, 0x0,
    0x63, 0xff, 0x17, 0x0, 0x0, 0x0, 0x0, 0x0,
    0x63, 0xff, 0x17, 0x0, 0x0, 0x0, 0x0, 0x0,
    0x63, 0xff, 0x17, 0x0, 0x0, 0x0, 0x0, 0x0,
    0x63, 0xff, 0x59, 0x47, 0x47, 0x47, 0x47, 0xf,
    0x63, 0xff, 0xff, 0xff, 0xff, 0xff, 0xff, 0x37,

    /* U+004D "M" */
    0x63, 0xff, 0x8f, 0x0, 0x0, 0x0, 0x0, 0x0,
    0x95, 0xff, 0x5f, 0x63, 0xf7, 0xe6, 0x2, 0x0,
    0x0, 0x0, 0x3, 0xea, 0xf7, 0x5f, 0x63, 0xd0,
    0xe8, 0x42, 0x0, 0x0, 0x0, 0x47, 0xdb, 0xde,
    0x5f, 0x63, 0xdf, 0x95, 0x9b, 0x0, 0x0, 0x0,
    0xa0, 0x86, 0xee, 0x5f, 0x63, 0xe8, 0x3f, 0xee,
    0x6, 0x0, 0x7, 0xf1, 0x32, 0xf8, 0x5f, 0x63,
    0xef, 0x1, 0xe3, 0x4d, 0x0, 0x52, 0xd8, 0x0,
    0xff, 0x5f, 0x63, 0xef, 0x0, 0x8a, 0xa6, 0x0,
    0xaa, 0x7d, 0x0, 0xff, 0x5f, 0x63, 0xef, 0x0,
    0x2f, 0xf4, 0x13, 0xf3, 0x23, 0x0, 0xff, 0x5f,
    0x63, 0xef, 0x0, 0x0, 0xd4, 0xa8, 0xc7, 0x0,
    0x0, 0xff, 0x5f, 0x63, 0xef, 0x0, 0x0, 0x79,
    0xff, 0x6c, 0x0, 0x0, 0xff, 0x5f, 0x63, 0xef,
    0x0, 0x0, 0x1f, 0xc7, 0x15, 0x0, 0x0, 0xff,
    0x5f, 0x63, 0xef, 0x0, 0x0, 0x0, 0x0, 0x0,
    0x0, 0x0, 0xff, 0x5f,

    /* U+004E "N" */
    0x63, 0xff, 0x67, 0x0, 0x0, 0x0, 0x0, 0x73,
    0xf3, 0x63, 0xff, 0xea, 0xe, 0x0, 0x0, 0x0,
    0x73, 0xf3, 0x63, 0xdc, 0xd3, 0x89, 0x0, 0x0,
    0x0, 0x73, 0xf3, 0x63, 0xe7, 0x52, 0xf8, 0x22,
    0x0, 0x0, 0x73, 0xf3, 0x63, 0xf3, 0x1, 0xcc,
    0xab, 0x0, 0x0, 0x73, 0xf3, 0x63, 0xfe, 0x1,
    0x3e, 0xff, 0x3d, 0x0, 0x73, 0xf3, 0x63, 0xff,
    0x3, 0x0, 0xad, 0xcb, 0x1, 0x70, 0xf3, 0x63,
    0xff, 0x3, 0x0, 0x23, 0xf9, 0x5d, 0x62, 0xf3,
    0x63, 0xff, 0x3, 0x0, 0x0, 0x8b, 0xdd, 0x5a,
    0xf3, 0x63, 0xff, 0x3, 0x0, 0x0, 0xf, 0xea,
    0xad, 0xf3, 0x63, 0xff, 0x3, 0x0, 0x0, 0x0,
    0x69, 0xff, 0xf3, 0x63, 0xff, 0x3, 0x0, 0x0,
    0x0, 0x3, 0xd4, 0xf3,

    /* U+004F "O" */
    0x0, 0x0, 0x0, 0x4a, 0xb4, 0xe8, 0xe1, 0xae,
    0x34, 0x0, 0x0, 0x0, 0x0, 0x7f, 0xfe, 0xb6,
    0x69, 0x70, 0xc5, 0xf9, 0x5f, 0x0, 0x0, 0x30,
    0xfd, 0x8a, 0x0, 0x0, 0x0, 0x4, 0xa8, 0xf2,
    0x16, 0x0, 0xac, 0xea, 0x9, 0x0, 0x0, 0x0,
    0x0, 0x1c, 0xf9, 0x86, 0x0, 0xdc, 0xa3, 0x0,
    0x0, 0x0, 0x0, 0x0, 0x0, 0xc5, 0xb7, 0x5,
    0xfc, 0x83, 0x0, 0x0, 0x0, 0x0, 0x0, 0x0,
    0xa4, 0xde, 0x4, 0xfb, 0x84, 0x0, 0x0, 0x0,
    0x0, 0x0, 0x0, 0xa5, 0xda, 0x0, 0xda, 0xa5,
    0x0, 0x0, 0x0, 0x0, 0x0, 0x0, 0xc6, 0xb5,
    0x0, 0xa7, 0xec, 0xb, 0x0, 0x0, 0x0, 0x0,
    0x1e, 0xfb, 0x82, 0x0, 0x2b, 0xfc, 0x8e, 0x0,
    0x0, 0x0, 0x4, 0xab, 0xf0, 0x12, 0x0, 0x0,
    0x78, 0xfe, 0xb4, 0x65, 0x6c, 0xc4, 0xf8, 0x59,
    0x0, 0x0, 0x0, 0x0, 0x47, 0xb4, 0xe8, 0xe2,
    0xad, 0x32, 0x0, 0x0,

    /* U+0050 "P" */
    0x63, 0xff, 0xff, 0xff, 0xf0, 0xd4, 0x7e, 0xd,
    0x0, 0x63, 0xff, 0x47, 0x34, 0x44, 0x77, 0xee,
    0xb7, 0x1, 0x63, 0xff, 0x17, 0x0, 0x0, 0x0,
    0x5c, 0xff, 0x25, 0x63, 0xff, 0x17, 0x0, 0x0,
    0x0, 0x2b, 0xff, 0x4b, 0x63, 0xff, 0x17, 0x0,
    0x0, 0x0, 0x55, 0xff, 0x26, 0x63, 0xff, 0x1b,
    0x4, 0x15, 0x50, 0xe3, 0xbe, 0x1, 0x63, 0xff,
    0xff, 0xff, 0xff, 0xfb, 0x9f, 0x15, 0x0, 0x63,
    0xff, 0x47, 0x33, 0x24, 0x6, 0x0, 0x0, 0x0,
    0x63, 0xff, 0x17, 0x0, 0x0, 0x0, 0x0, 0x0,
    0x0, 0x63, 0xff, 0x17, 0x0, 0x0, 0x0, 0x0,
    0x0, 0x0, 0x63, 0xff, 0x17, 0x0, 0x0, 0x0,
    0x0, 0x0, 0x0, 0x63, 0xff, 0x17, 0x0, 0x0,
    0x0, 0x0, 0x0, 0x0,

    /* U+0051 "Q" */
    0x0, 0x0, 0x0, 0x45, 0xb2, 0xe8, 0xe0, 0xab,
    0x30, 0x0, 0x0, 0x0, 0x0, 0x0, 0x73, 0xfd,
    0xba, 0x6a, 0x72, 0xc9, 0xf7, 0x56, 0x0, 0x0,
    0x0, 0x26, 0xfb, 0x94, 0x1, 0x0, 0x0, 0x6,
    0xb0, 0xed, 0xf, 0x0, 0x0, 0xa2, 0xf0, 0xe,
    0x0, 0x0, 0x0, 0x0, 0x23, 0xfc, 0x7c, 0x0,
    0x0, 0xd7, 0xa8, 0x0, 0x0, 0x0, 0x0, 0x0,
    0x0, 0xc9, 0xb1, 0x0, 0x2, 0xf9, 0x87, 0x0,
    0x0, 0x0, 0x0, 0x0, 0x0, 0xa8, 0xd6, 0x0,
    0x8, 0xff, 0x7e, 0x0, 0x0, 0x0, 0x0, 0x0,
    0x0, 0x9f, 0xe4, 0x0, 0x0, 0xe8, 0x9b, 0x0,
    0x0, 0x0, 0x0, 0x0, 0x0, 0xbd, 0xc4, 0x0,
    0x0, 0xbf, 0xd2, 0x0, 0x0, 0x0, 0x0, 0x0,
    0x7, 0xeb, 0x9c, 0x0, 0x0, 0x56, 0xff, 0x44,
    0x0, 0x0, 0x0, 0x0, 0x66, 0xff, 0x35, 0x0,
    0x0, 0x3, 0xc5, 0xed, 0x42, 0x1, 0x3, 0x56,
    0xf7, 0xaa, 0x0, 0x0, 0x0, 0x0, 0xc, 0xb0,
    0xfe, 0xed, 0xf2, 0xfd, 0xa1, 0x5, 0x0, 0x0,
    0x0, 0x0, 0x0, 0x0, 0x1d, 0xbc, 0xf8, 0x31,
    0x0, 0x0, 0x0, 0x0, 0x0, 0x0, 0x0, 0x0,
    0x0, 0x25, 0xed, 0xd0, 0x49, 0x13, 0x1d, 0x0,
    0x0, 0x0, 0x0, 0x0, 0x0, 0x0, 0x2b, 0xbd,
    0xff, 0xff, 0xfe, 0x15, 0x0, 0x0, 0x0, 0x0,
    0x0, 0x0, 0x0, 0x0, 0xf, 0x2d, 0x1a, 0x0,

    /* U+0052 "R" */
    0x63, 0xff, 0xff, 0xff, 0xf8, 0xdc, 0x8c, 0x14,
    0x0, 0x63, 0xff, 0x47, 0x33, 0x3f, 0x6f, 0xe9,
    0xc4, 0x3, 0x63, 0xff, 0x17, 0x0, 0x0, 0x0,
    0x51, 0xff, 0x2e, 0x63, 0xff, 0x17, 0x0, 0x0,
    0x0, 0x23, 0xff, 0x54, 0x63, 0xff, 0x17, 0x0,
    0x0, 0x0, 0x4f, 0xff, 0x39, 0x63, 0xff, 0x17,
    0x0, 0xe, 0x49, 0xe1, 0xd0, 0x2, 0x63, 0xff,
    0xff, 0xff, 0xff, 0xfe, 0xb4, 0x19, 0x0, 0x63,
    0xff, 0x43, 0x2f, 0xa4, 0xef, 0x14, 0x0, 0x0,
    0x63, 0xff, 0x17, 0x0, 0x16, 0xef, 0x9c, 0x0,
    0x0, 0x63, 0xff, 0x17, 0x0, 0x0, 0x6e, 0xfe,
    0x38, 0x0, 0x63, 0xff, 0x17, 0x0, 0x0, 0x4,
    0xd3, 0xce, 0x2, 0x63, 0xff, 0x17, 0x0, 0x0,
    0x0, 0x40, 0xff, 0x6a,

    /* U+0053 "S" */
    0x0, 0x0, 0x36, 0xb6, 0xea, 0xe5, 0xb0, 0x3c,
    0x0, 0x0, 0x2e, 0xf6, 0xc9, 0x75, 0x69, 0xad,
    0xfc, 0x30, 0x0, 0x90, 0xeb, 0x6, 0x0, 0x0,
    0x0, 0x28, 0x0, 0x0, 0x9a, 0xed, 0x7, 0x0,
    0x0, 0x0, 0x0, 0x0, 0x0, 0x3e, 0xfe, 0xc3,
    0x37, 0x0, 0x0, 0x0, 0x0, 0x0, 0x0, 0x42,
    0xdc, 0xff, 0xc4, 0x4f, 0x0, 0x0, 0x0, 0x0,
    0x0, 0x7, 0x5f, 0xd1, 0xff, 0xad, 0x10, 0x0,
    0x0, 0x0, 0x0, 0x0, 0x2, 0x62, 0xfc, 0x91,
    0x0, 0x0, 0x0, 0x0, 0x0, 0x0, 0x0, 0xba,
    0xca, 0x0, 0x6e, 0x1d, 0x0, 0x0, 0x0, 0x4,
    0xd7, 0xac, 0xd, 0xc5, 0xf1, 0x94, 0x60, 0x61,
    0xbd, 0xfa, 0x37, 0x0, 0x3, 0x72, 0xba, 0xec,
    0xe7, 0xb4, 0x35, 0x0,

    /* U+0054 "T" */
    0x7f, 0xff, 0xff, 0xff, 0xff, 0xff, 0xff, 0xff,
    0xff, 0x17, 0x1f, 0x3f, 0x3f, 0x3f, 0xf6, 0xa5,
    0x3f, 0x3f, 0x3f, 0x5, 0x0, 0x0, 0x0, 0x0,
    0xf3, 0x87, 0x0, 0x0, 0x0, 0x0, 0x0, 0x0,
    0x0, 0x0, 0xf3, 0x87, 0x0, 0x0, 0x0, 0x0,
    0x0, 0x0, 0x0, 0x0, 0xf3, 0x87, 0x0, 0x0,
    0x0, 0x0, 0x0, 0x0, 0x0, 0x0, 0xf3, 0x87,
    0x0, 0x0, 0x0, 0x0, 0x0, 0x0, 0x0, 0x0,
    0xf3, 0x87, 0x0, 0x0, 0x0, 0x0, 0x0, 0x0,
    0x0, 0x0, 0xf3, 0x87, 0x0, 0x0, 0x0, 0x0,
    0x0, 0x0, 0x0, 0x0, 0xf3, 0x87, 0x0, 0x0,
    0x0, 0x0, 0x0, 0x0, 0x0, 0x0, 0xf3, 0x87,
    0x0, 0x0, 0x0, 0x0, 0x0, 0x0, 0x0, 0x0,
    0xf3, 0x87, 0x0, 0x0, 0x0, 0x0, 0x0, 0x0,
    0x0, 0x0, 0xf3, 0x87, 0x0, 0x0, 0x0, 0x0,

    /* U+0055 "U" */
    0x6f, 0xff, 0xb, 0x0, 0x0, 0x0, 0x0, 0x6f,
    0xfb, 0x6f, 0xff, 0xb, 0x0, 0x0, 0x0, 0x0,
    0x6f, 0xfb, 0x6f, 0xff, 0xb, 0x0, 0x0, 0x0,
    0x0, 0x6f, 0xfb, 0x6f, 0xff, 0xb, 0x0, 0x0,
    0x0, 0x0, 0x6f, 0xfb, 0x6f, 0xff, 0xb, 0x0,
    0x0, 0x0, 0x0, 0x6f, 0xfb, 0x6f, 0xff, 0xb,
    0x0, 0x0, 0x0, 0x0, 0x6f, 0xfb, 0x6f, 0xff,
    0xb, 0x0, 0x0, 0x0, 0x0, 0x6f, 0xfb, 0x5e,
    0xff, 0x1a, 0x0, 0x0, 0x0, 0x0, 0x7f, 0xe9,
    0x3b, 0xff, 0x3a, 0x0, 0x0, 0x0, 0x0, 0xa1,
    0xc6, 0xf, 0xf1, 0x9f, 0x0, 0x0, 0x0, 0x15,
    0xf2, 0x8b, 0x0, 0x74, 0xff, 0xa3, 0x59, 0x6b,
    0xdd, 0xec, 0x12, 0x0, 0x0, 0x5c, 0xcd, 0xf3,
    0xe4, 0xa9, 0x1e, 0x0,

    /* U+0056 "V" */
    0xd5, 0xb2, 0x0, 0x0, 0x0, 0x0, 0x0, 0x73,
    0xfa, 0x10, 0x86, 0xf4, 0x6, 0x0, 0x0, 0x0,
    0x0, 0xc0, 0xb9, 0x0, 0x38, 0xff, 0x42, 0x0,
    0x0, 0x0, 0x11, 0xfc, 0x67, 0x0, 0x1, 0xe8,
    0x8a, 0x0, 0x0, 0x0, 0x5b, 0xfe, 0x18, 0x0,
    0x0, 0x9b, 0xd2, 0x0, 0x0, 0x0, 0xa9, 0xc5,
    0x0, 0x0, 0x0, 0x4d, 0xff, 0x1b, 0x0, 0x5,
    0xf0, 0x73, 0x0, 0x0, 0x0, 0x9, 0xf5, 0x63,
    0x0, 0x43, 0xff, 0x23, 0x0, 0x0, 0x0, 0x0,
    0xb0, 0xad, 0x0, 0x8c, 0xd1, 0x0, 0x0, 0x0,
    0x0, 0x0, 0x62, 0xf2, 0x6, 0xd5, 0x7f, 0x0,
    0x0, 0x0, 0x0, 0x0, 0x16, 0xfd, 0x61, 0xff,
    0x2e, 0x0, 0x0, 0x0, 0x0, 0x0, 0x0, 0xc5,
    0xe8, 0xdd, 0x0, 0x0, 0x0, 0x0, 0x0, 0x0,
    0x0, 0x77, 0xff, 0x8c, 0x0, 0x0, 0x0, 0x0,

    /* U+0057 "W" */
    0x7a, 0xfd, 0xa, 0x0, 0x0, 0x0, 0xbd, 0xde,
    0x0, 0x0, 0x0, 0x0, 0xe5, 0x80, 0x46, 0xff,
    0x36, 0x0, 0x0, 0x7, 0xf7, 0xff, 0x1d, 0x0,
    0x0, 0x18, 0xff, 0x4c, 0x13, 0xff, 0x65, 0x0,
    0x0, 0x40, 0xde, 0xd8, 0x5b, 0x0, 0x0, 0x4b,
    0xff, 0x19, 0x0, 0xde, 0x94, 0x0, 0x0, 0x82,
    0xa7, 0xa5, 0x9a, 0x0, 0x0, 0x7e, 0xe5, 0x0,
    0x0, 0xaa, 0xc4, 0x0, 0x0, 0xc3, 0x71, 0x71,
    0xd9, 0x0, 0x0, 0xb1, 0xb0, 0x0, 0x0, 0x76,
    0xf2, 0x1, 0xb, 0xfa, 0x35, 0x36, 0xff, 0x18,
    0x0, 0xe4, 0x7c, 0x0, 0x0, 0x42, 0xff, 0x22,
    0x45, 0xf2, 0x3, 0x4, 0xf3, 0x55, 0x16, 0xff,
    0x48, 0x0, 0x0, 0xf, 0xfe, 0x4f, 0x7c, 0xb7,
    0x0, 0x0, 0xb9, 0x8c, 0x42, 0xff, 0x15, 0x0,
    0x0, 0x0, 0xda, 0x7c, 0xb2, 0x78, 0x0, 0x0,
    0x7a, 0xc2, 0x6d, 0xe0, 0x0, 0x0, 0x0, 0x0,
    0xa6, 0xa9, 0xe7, 0x39, 0x0, 0x0, 0x3c, 0xf5,
    0x9c, 0xac, 0x0, 0x0, 0x0, 0x0, 0x72, 0xee,
    0xf5, 0x5, 0x0, 0x0, 0x6, 0xf7, 0xee, 0x78,
    0x0, 0x0, 0x0, 0x0, 0x3e, 0xff, 0xbb, 0x0,
    0x0, 0x0, 0x0, 0xbf, 0xff, 0x45, 0x0, 0x0,

    /* U+0058 "X" */
    0x3a, 0xff, 0x62, 0x0, 0x0, 0x0, 0x25, 0xfc,
    0x65, 0x0, 0xac, 0xe1, 0x7, 0x0, 0x0, 0xa5,
    0xd6, 0x3, 0x0, 0x24, 0xfa, 0x6f, 0x0, 0x2c,
    0xfd, 0x4e, 0x0, 0x0, 0x0, 0x91, 0xea, 0xc,
    0xa8, 0xc3, 0x0, 0x0, 0x0, 0x0, 0x13, 0xf0,
    0x9e, 0xfc, 0x38, 0x0, 0x0, 0x0, 0x0, 0x0,
    0x7b, 0xff, 0xae, 0x0, 0x0, 0x0, 0x0, 0x0,
    0x0, 0xaf, 0xf8, 0xce, 0x2, 0x0, 0x0, 0x0,
    0x0, 0x3e, 0xfc, 0x48, 0xfb, 0x60, 0x0, 0x0,
    0x0, 0x1, 0xca, 0xa4, 0x0, 0x9a, 0xe5, 0xb,
    0x0, 0x0, 0x59, 0xfc, 0x26, 0x0, 0x1b, 0xf6,
    0x7f, 0x0, 0x7, 0xdf, 0x9d, 0x0, 0x0, 0x0,
    0x88, 0xf5, 0x1a, 0x75, 0xf9, 0x20, 0x0, 0x0,
    0x0, 0x10, 0xed, 0x9f,

    /* U+0059 "Y" */
    0x0, 0xc7, 0xc4, 0x0, 0x0, 0x0, 0x0, 0x41,
    0xff, 0x45, 0x0, 0x4c, 0xff, 0x39, 0x0, 0x0,
    0x0, 0xb2, 0xca, 0x0, 0x0, 0x0, 0xd1, 0xac,
    0x0, 0x0, 0x25, 0xfd, 0x4e, 0x0, 0x0, 0x0,
    0x57, 0xfd, 0x22, 0x0, 0x95, 0xd2, 0x1, 0x0,
    0x0, 0x0, 0x2, 0xda, 0x8d, 0x12, 0xf5, 0x56,
    0x0, 0x0, 0x0, 0x0, 0x0, 0x62, 0xf0, 0x87,
    0xd9, 0x2, 0x0, 0x0, 0x0, 0x0, 0x0, 0x5,
    0xe2, 0xff, 0x5f, 0x0, 0x0, 0x0, 0x0, 0x0,
    0x0, 0x0, 0x87, 0xfa, 0x4, 0x0, 0x0, 0x0,
    0x0, 0x0, 0x0, 0x0, 0x7f, 0xf7, 0x0, 0x0,
    0x0, 0x0, 0x0, 0x0, 0x0, 0x0, 0x7f, 0xf7,
    0x0, 0x0, 0x0, 0x0, 0x0, 0x0, 0x0, 0x0,
    0x7f, 0xf7, 0x0, 0x0, 0x0, 0x0, 0x0, 0x0,
    0x0, 0x0, 0x7f, 0xf7, 0x0, 0x0, 0x0, 0x0,

    /* U+005A "Z" */
    0x0, 0xa3, 0xff, 0xff, 0xff, 0xff, 0xff, 0xff,
    0xce, 0x0, 0x28, 0x3f, 0x3f, 0x3f, 0x3f, 0x70,
    0xff, 0x6a, 0x0, 0x0, 0x0, 0x0, 0x0, 0x2,
    0xca, 0xc8, 0x2, 0x0, 0x0, 0x0, 0x0, 0x0,
    0x6e, 0xfb, 0x2e, 0x0, 0x0, 0x0, 0x0, 0x0,
    0x1c, 0xf2, 0x88, 0x0, 0x0, 0x0, 0x0, 0x0,
    0x0, 0xaf, 0xdd, 0x9, 0x0, 0x0, 0x0, 0x0,
    0x0, 0x51, 0xff, 0x47, 0x0, 0x0, 0x0, 0x0,
    0x0, 0xd, 0xe4, 0xa5, 0x0, 0x0, 0x0, 0x0,
    0x0, 0x0, 0x93, 0xee, 0x16, 0x0, 0x0, 0x0,
    0x0, 0x0, 0x36, 0xfd, 0x63, 0x0, 0x0, 0x0,
    0x0, 0x0, 0x4, 0xd0, 0xe3, 0x49, 0x47, 0x47,
    0x47, 0x47, 0x40, 0x33, 0xff, 0xff, 0xff, 0xff,
    0xff, 0xff, 0xff, 0xe3,

    /* U+005B "[" */
    0x4b, 0xf8, 0xdb, 0xbd, 0x4b, 0xc7, 0x0, 0x0,
    0x4b, 0xc7, 0x0, 0x0, 0x4b, 0xc7, 0x0, 0x0,
    0x4b, 0xc7, 0x0, 0x0, 0x4b, 0xc7, 0x0, 0x0,
    0x4b, 0xc7, 0x0, 0x0, 0x4b, 0xc7, 0x0, 0x0,
    0x4b, 0xc7, 0x0, 0x0, 0x4b, 0xc7, 0x0, 0x0,
    0x4b, 0xc7, 0x0, 0x0, 0x4b, 0xc7, 0x0, 0x0,
    0x4b, 0xc7, 0x0, 0x0, 0x4b, 0xc7, 0x0, 0x0,
    0x4b, 0xc7, 0x0, 0x0, 0x46, 0xe7, 0xd7, 0xb9,

    /* U+005C "\\" */
    0x9c, 0x72, 0x0, 0x0, 0x0, 0x0, 0x0, 0x4d,
    0xc1, 0x0, 0x0, 0x0, 0x0, 0x0, 0x9, 0xf2,
    0x14, 0x0, 0x0, 0x0, 0x0, 0x0, 0xaf, 0x5f,
    0x0, 0x0, 0x0, 0x0, 0x0, 0x5f, 0xae, 0x0,
    0x0, 0x0, 0x0, 0x0, 0x13, 0xf1, 0x8, 0x0,
    0x0, 0x0, 0x0, 0x0, 0xc1, 0x4c, 0x0, 0x0,
    0x0, 0x0, 0x0, 0x72, 0x9b, 0x0, 0x0, 0x0,
    0x0, 0x0, 0x23, 0xe8, 0x2, 0x0, 0x0, 0x0,
    0x0, 0x0, 0xd3, 0x39, 0x0, 0x0, 0x0, 0x0,
    0x0, 0x84, 0x88, 0x0, 0x0, 0x0, 0x0, 0x0,
    0x35, 0xd7, 0x0, 0x0, 0x0, 0x0, 0x0, 0x1,
    0xe4, 0x26, 0x0, 0x0, 0x0, 0x0, 0x0, 0x96,
    0x75, 0x0, 0x0, 0x0, 0x0, 0x0, 0x47, 0xc4,
    0x0, 0x0, 0x0, 0x0, 0x0, 0x6, 0x7d, 0x2,

    /* U+005D "]" */
    0x63, 0xdb, 0xe9, 0xbb, 0x0, 0x0, 0x5f, 0xbb,
    0x0, 0x0, 0x5f, 0xbb, 0x0, 0x0, 0x5f, 0xbb,
    0x0, 0x0, 0x5f, 0xbb, 0x0, 0x0, 0x5f, 0xbb,
    0x0, 0x0, 0x5f, 0xbb, 0x0, 0x0, 0x5f, 0xbb,
    0x0, 0x0, 0x5f, 0xbb, 0x0, 0x0, 0x5f, 0xbb,
    0x0, 0x0, 0x5f, 0xbb, 0x0, 0x0, 0x5f, 0xbb,
    0x0, 0x0, 0x5f, 0xbb, 0x0, 0x0, 0x5f, 0xbb,
    0x0, 0x0, 0x5f, 0xbb, 0x61, 0xd7, 0xdf, 0xad,

    /* U+005E "^" */
    0x0, 0x0, 0x65, 0xff, 0x48, 0x0, 0x0, 0x0,
    0x0, 0xc8, 0xd1, 0xac, 0x0, 0x0, 0x0, 0x2b,
    0xf3, 0x2a, 0xf8, 0x15, 0x0, 0x0, 0x8e, 0x9f,
    0x0, 0xbf, 0x73, 0x0, 0x6, 0xea, 0x42, 0x0,
    0x62, 0xd6, 0x0, 0x54, 0xe4, 0x2, 0x0, 0xe,
    0xf6, 0x3a, 0xb6, 0x89, 0x0, 0x0, 0x0, 0xa6,
    0x9d,

    /* U+005F "_" */
    0xc5, 0xf7, 0xf7, 0xf7, 0xf7, 0xf7, 0xf7, 0xf7,
    0xb2,

    /* U+0060 "`" */
    0x6b, 0xfe, 0x4f, 0x0, 0x0, 0x0, 0x72, 0xef,
    0x23, 0x0, 0x0, 0x0, 0x73, 0xcf, 0x9,

    /* U+0061 "a" */
    0x0, 0xb, 0x79, 0xc3, 0xf1, 0xd9, 0x6a, 0x0,
    0x0, 0x73, 0xc7, 0x6a, 0x45, 0x93, 0xff, 0x43,
    0x0, 0x2, 0x0, 0x0, 0x0, 0x2, 0xf0, 0x99,
    0x0, 0x0, 0x0, 0x15, 0x50, 0x7d, 0xe9, 0xb6,
    0x0, 0x11, 0xa9, 0xed, 0xa7, 0x76, 0xd3, 0xbb,
    0x0, 0xbd, 0xc5, 0xf, 0x0, 0x0, 0xbb, 0xbb,
    0x4, 0xfc, 0x72, 0x0, 0x0, 0x2, 0xc9, 0xbb,
    0x0, 0xdb, 0xd6, 0x4c, 0x53, 0xc1, 0xf0, 0xbb,
    0x0, 0x36, 0xcd, 0xf3, 0xc1, 0x4e, 0x84, 0xbb,

    /* U+0062 "b" */
    0x87, 0xef, 0x0, 0x0, 0x0, 0x0, 0x0, 0x0,
    0x0, 0x87, 0xef, 0x0, 0x0, 0x0, 0x0, 0x0,
    0x0, 0x0, 0x87, 0xef, 0x0, 0x0, 0x0, 0x0,
    0x0, 0x0, 0x0, 0x87, 0xef, 0x0, 0x0, 0x0,
    0x0, 0x0, 0x0, 0x0, 0x87, 0xe6, 0x34, 0xb6,
    0xef, 0xcf, 0x5c, 0x0, 0x0, 0x87, 0xfa, 0xe3,
    0x70, 0x4d, 0xaa, 0xff, 0x52, 0x0, 0x87, 0xf5,
    0x15, 0x0, 0x0, 0x0, 0xd1, 0xc8, 0x0, 0x87,
    0xef, 0x0, 0x0, 0x0, 0x0, 0x8b, 0xf6, 0x0,
    0x87, 0xef, 0x0, 0x0, 0x0, 0x0, 0x7c, 0xff,
    0x9, 0x87, 0xef, 0x0, 0x0, 0x0, 0x0, 0x9b,
    0xe5, 0x0, 0x87, 0xf1, 0x1, 0x0, 0x0, 0xe,
    0xed, 0xa5, 0x0, 0x87, 0xfb, 0xc3, 0x57, 0x55,
    0xcd, 0xf3, 0x20, 0x0, 0x87, 0xb2, 0x58, 0xd1,
    0xf0, 0xb8, 0x27, 0x0, 0x0,

    /* U+0063 "c" */
    0x0, 0x0, 0x22, 0xab, 0xe6, 0xe6, 0xa1, 0x14,
    0x0, 0x27, 0xf4, 0xcf, 0x5c, 0x50, 0xac, 0x30,
    0x0, 0xbb, 0xe2, 0xa, 0x0, 0x0, 0x0, 0x0,
    0x4, 0xf9, 0x80, 0x0, 0x0, 0x0, 0x0, 0x0,
    0x21, 0xff, 0x61, 0x0, 0x0, 0x0, 0x0, 0x0,
    0x6, 0xfc, 0x7c, 0x0, 0x0, 0x0, 0x0, 0x0,
    0x0, 0xc6, 0xdb, 0x6, 0x0, 0x0, 0x0, 0x0,
    0x0, 0x35, 0xfa, 0xc5, 0x54, 0x4e, 0xa6, 0x6c,
    0x0, 0x0, 0x2f, 0xb7, 0xec, 0xe3, 0xa0, 0x17,

    /* U+0064 "d" */
    0x0, 0x0, 0x0, 0x0, 0x0, 0x0, 0x7, 0xff,
    0x73, 0x0, 0x0, 0x0, 0x0, 0x0, 0x0, 0x7,
    0xff, 0x73, 0x0, 0x0, 0x0, 0x0, 0x0, 0x0,
    0x7, 0xff, 0x73, 0x0, 0x0, 0x0, 0x0, 0x0,
    0x0, 0x5, 0xff, 0x73, 0x0, 0x0, 0x33, 0xbe,
    0xf1, 0xd0, 0x59, 0xf8, 0x73, 0x0, 0x32, 0xf9,
    0xc4, 0x53, 0x5d, 0xce, 0xff, 0x73, 0x0, 0xbd,
    0xdf, 0x7, 0x0, 0x0, 0xb, 0xff, 0x73, 0x4,
    0xf9, 0x81, 0x0, 0x0, 0x0, 0x7, 0xff, 0x73,
    0x1e, 0xff, 0x63, 0x0, 0x0, 0x0, 0x7, 0xff,
    0x73, 0x8, 0xfe, 0x7a, 0x0, 0x0, 0x0, 0x7,
    0xff, 0x73, 0x0, 0xd4, 0xcc, 0x1, 0x0, 0x0,
    0x20, 0xff, 0x73, 0x0, 0x57, 0xff, 0xac, 0x4d,
    0x6d, 0xe2, 0xf8, 0x73, 0x0, 0x0, 0x5b, 0xd0,
    0xf1, 0xbb, 0x36, 0xcc, 0x73,

    /* U+0065 "e" */
    0x0, 0x0, 0x2a, 0xb7, 0xef, 0xd6, 0x73, 0x0,
    0x0, 0x0, 0x2b, 0xf6, 0xa4, 0x3c, 0x5d, 0xec,
    0x73, 0x0, 0x0, 0xbb, 0xc1, 0x1, 0x0, 0x0,
    0x66, 0xe9, 0x0, 0x4, 0xf9, 0x63, 0x0, 0x0,
    0x0, 0x29, 0xff, 0x16, 0x20, 0xff, 0xf1, 0xeb,
    0xeb, 0xeb, 0xed, 0xff, 0x29, 0x6, 0xfa, 0x6b,
    0x1b, 0x1b, 0x1b, 0x1b, 0x1b, 0x3, 0x0, 0xc0,
    0xb6, 0x0, 0x0, 0x0, 0x0, 0x0, 0x0, 0x0,
    0x2e, 0xf7, 0xad, 0x46, 0x38, 0x69, 0x65, 0x0,
    0x0, 0x0, 0x28, 0xb1, 0xe9, 0xeb, 0xbb, 0x45,
    0x0,

    /* U+0066 "f" */
    0x0, 0x0, 0x5b, 0xdf, 0xf0, 0x7a, 0x0, 0x15,
    0xf8, 0xb1, 0x3d, 0x22, 0x0, 0x40, 0xff, 0x3d,
    0x0, 0x0, 0x0, 0x47, 0xff, 0x2b, 0x0, 0x0,
    0x8f, 0xff, 0xff, 0xff, 0xff, 0x3, 0x1d, 0x6d,
    0xff, 0x57, 0x33, 0x0, 0x0, 0x47, 0xff, 0x2b,
    0x0, 0x0, 0x0, 0x47, 0xff, 0x2b, 0x0, 0x0,
    0x0, 0x47, 0xff, 0x2b, 0x0, 0x0, 0x0, 0x47,
    0xff, 0x2b, 0x0, 0x0, 0x0, 0x47, 0xff, 0x2b,
    0x0, 0x0, 0x0, 0x47, 0xff, 0x2b, 0x0, 0x0,
    0x0, 0x47, 0xff, 0x2b, 0x0, 0x0,

    /* U+0067 "g" */
    0x0, 0x0, 0x68, 0xd5, 0xe6, 0xff, 0xff, 0xff,
    0xa3, 0x0, 0x63, 0xef, 0x28, 0x0, 0x50, 0xfa,
    0x4b, 0x1c, 0x0, 0xc0, 0x9d, 0x0, 0x0, 0x0,
    0xd6, 0x78, 0x0, 0x0, 0xbc, 0xa7, 0x0, 0x0,
    0x0, 0xe0, 0x74, 0x0, 0x0, 0x5b, 0xf9, 0x4d,
    0xd, 0x7a, 0xf6, 0x25, 0x0, 0x0, 0xf, 0xe2,
    0xca, 0xf3, 0xc8, 0x40, 0x0, 0x0, 0x0, 0x86,
    0xa4, 0x0, 0x0, 0x0, 0x0, 0x0, 0x0, 0x0,
    0x92, 0xdd, 0x47, 0x34, 0x33, 0x21, 0x3, 0x0,
    0x0, 0x23, 0xf9, 0xef, 0xff, 0xff, 0xff, 0xe5,
    0x3c, 0x0, 0xc3, 0x73, 0x0, 0x0, 0x4, 0x30,
    0xec, 0xb6, 0x1c, 0xff, 0x28, 0x0, 0x0, 0x0,
    0x0, 0xc2, 0xa3, 0x3, 0xe4, 0xb4, 0x2c, 0xb,
    0x25, 0x92, 0xf1, 0x2e, 0x0, 0x26, 0xa9, 0xe7,
    0xf7, 0xda, 0x9c, 0x24, 0x0,

    /* U+0068 "h" */
    0x87, 0xef, 0x0, 0x0, 0x0, 0x0, 0x0, 0x0,
    0x87, 0xef, 0x0, 0x0, 0x0, 0x0, 0x0, 0x0,
    0x87, 0xef, 0x0, 0x0, 0x0, 0x0, 0x0, 0x0,
    0x87, 0xef, 0x0, 0x0, 0x0, 0x0, 0x0, 0x0,
    0x87, 0xe7, 0x1e, 0xa5, 0xea, 0xdb, 0x54, 0x0,
    0x87, 0xf3, 0xdf, 0x84, 0x56, 0xc5, 0xf7, 0x15,
    0x87, 0xf9, 0x31, 0x0, 0x0, 0x32, 0xff, 0x51,
    0x87, 0xef, 0x0, 0x0, 0x0, 0x10, 0xff, 0x69,
    0x87, 0xef, 0x0, 0x0, 0x0, 0xb, 0xff, 0x6b,
    0x87, 0xef, 0x0, 0x0, 0x0, 0xb, 0xff, 0x6b,
    0x87, 0xef, 0x0, 0x0, 0x0, 0xb, 0xff, 0x6b,
    0x87, 0xef, 0x0, 0x0, 0x0, 0xb, 0xff, 0x6b,
    0x87, 0xef, 0x0, 0x0, 0x0, 0xb, 0xff, 0x6b,

    /* U+0069 "i" */
    0x88, 0xdb, 0xb, 0x7a, 0xca, 0x7, 0x0, 0x0,
    0x0, 0x0, 0x0, 0x0, 0x87, 0xef, 0x0, 0x87,
    0xef, 0x0, 0x87, 0xef, 0x0, 0x87, 0xef, 0x0,
    0x87, 0xef, 0x0, 0x87, 0xef, 0x0, 0x87, 0xef,
    0x0, 0x87, 0xef, 0x0, 0x87, 0xef, 0x0,

    /* U+006A "j" */
    0x0, 0x0, 0x84, 0xdc, 0xd, 0x0, 0x0, 0x77,
    0xcc, 0x9, 0x0, 0x0, 0x0, 0x0, 0x0, 0x0,
    0x0, 0x0, 0x0, 0x0, 0x0, 0x0, 0x83, 0xef,
    0x0, 0x0, 0x0, 0x83, 0xef, 0x0, 0x0, 0x0,
    0x83, 0xef, 0x0, 0x0, 0x0, 0x83, 0xef, 0x0,
    0x0, 0x0, 0x83, 0xef, 0x0, 0x0, 0x0, 0x83,
    0xef, 0x0, 0x0, 0x0, 0x83, 0xef, 0x0, 0x0,
    0x0, 0x83, 0xef, 0x0, 0x0, 0x0, 0x83, 0xef,
    0x0, 0x0, 0x0, 0x83, 0xef, 0x0, 0x0, 0x0,
    0x97, 0xe2, 0x0, 0x24, 0x48, 0xdf, 0xb0, 0x0,
    0x83, 0xf4, 0xc9, 0x26, 0x0,

    /* U+006B "k" */
    0x87, 0xe7, 0x0, 0x0, 0x0, 0x0, 0x0, 0x0,
    0x87, 0xe7, 0x0, 0x0, 0x0, 0x0, 0x0, 0x0,
    0x87, 0xe7, 0x0, 0x0, 0x0, 0x0, 0x0, 0x0,
    0x87, 0xe7, 0x0, 0x0, 0x0, 0x0, 0x0, 0x0,
    0x87, 0xe7, 0x0, 0x0, 0x2, 0xb9, 0xd5, 0xc,
    0x87, 0xe7, 0x0, 0x0, 0x83, 0xf0, 0x25, 0x0,
    0x87, 0xe7, 0x0, 0x4c, 0xfc, 0x4b, 0x0, 0x0,
    0x87, 0xe7, 0x22, 0xef, 0x96, 0x0, 0x0, 0x0,
    0x87, 0xee, 0xd0, 0xea, 0xe1, 0xa, 0x0, 0x0,
    0x87, 0xff, 0xcd, 0x18, 0xe7, 0x88, 0x0, 0x0,
    0x87, 0xf5, 0x1c, 0x0, 0x5f, 0xfa, 0x2a, 0x0,
    0x87, 0xe7, 0x0, 0x0, 0x1, 0xc8, 0xc0, 0x0,
    0x87, 0xe7, 0x0, 0x0, 0x0, 0x35, 0xfe, 0x5d,

    /* U+006C "l" */
    0x87, 0xef, 0x0, 0x87, 0xef, 0x0, 0x87, 0xef,
    0x0, 0x87, 0xef, 0x0, 0x87, 0xef, 0x0, 0x87,
    0xef, 0x0, 0x87, 0xef, 0x0, 0x87, 0xef, 0x0,
    0x87, 0xef, 0x0, 0x87, 0xef, 0x0, 0x87, 0xef,
    0x0, 0x6a, 0xfb, 0x30, 0x1f, 0xe0, 0xb7,

    /* U+006D "m" */
    0x87, 0xb7, 0x24, 0xaf, 0xec, 0xb9, 0x2b, 0x8,
    0x8d, 0xe3, 0xde, 0x5b, 0x0, 0x87, 0xe8, 0xde,
    0x7b, 0x5d, 0xe4, 0xd0, 0xc4, 0x99, 0x57, 0xbf,
    0xfa, 0x1b, 0x87, 0xf9, 0x2f, 0x0, 0x0, 0x6b,
    0xff, 0x69, 0x0, 0x0, 0x27, 0xff, 0x59, 0x87,
    0xef, 0x0, 0x0, 0x0, 0x48, 0xff, 0x2f, 0x0,
    0x0, 0x4, 0xff, 0x71, 0x87, 0xef, 0x0, 0x0,
    0x0, 0x43, 0xff, 0x2f, 0x0, 0x0, 0x0, 0xff,
    0x73, 0x87, 0xef, 0x0, 0x0, 0x0, 0x43, 0xff,
    0x2f, 0x0, 0x0, 0x0, 0xff, 0x73, 0x87, 0xef,
    0x0, 0x0, 0x0, 0x43, 0xff, 0x2f, 0x0, 0x0,
    0x0, 0xff, 0x73, 0x87, 0xef, 0x0, 0x0, 0x0,
    0x43, 0xff, 0x2f, 0x0, 0x0, 0x0, 0xff, 0x73,
    0x87, 0xef, 0x0, 0x0, 0x0, 0x43, 0xff, 0x2f,
    0x0, 0x0, 0x0, 0xff, 0x73,

    /* U+006E "n" */
    0x87, 0xb7, 0x1e, 0xa6, 0xea, 0xdb, 0x54, 0x0,
    0x87, 0xe8, 0xdf, 0x84, 0x56, 0xc5, 0xf7, 0x15,
    0x87, 0xf9, 0x31, 0x0, 0x0, 0x32, 0xff, 0x51,
    0x87, 0xef, 0x0, 0x0, 0x0, 0x10, 0xff, 0x69,
    0x87, 0xef, 0x0, 0x0, 0x0, 0xb, 0xff, 0x6b,
    0x87, 0xef, 0x0, 0x0, 0x0, 0xb, 0xff, 0x6b,
    0x87, 0xef, 0x0, 0x0, 0x0, 0xb, 0xff, 0x6b,
    0x87, 0xef, 0x0, 0x0, 0x0, 0xb, 0xff, 0x6b,
    0x87, 0xef, 0x0, 0x0, 0x0, 0xb, 0xff, 0x6b,

    /* U+006F "o" */
    0x0, 0x0, 0x2a, 0xb4, 0xec, 0xdd, 0x91, 0xc,
    0x0, 0x0, 0x2c, 0xf7, 0xbc, 0x52, 0x64, 0xe4,
    0xce, 0x4, 0x0, 0xbe, 0xd7, 0x4, 0x0, 0x0,
    0x29, 0xfd, 0x6c, 0x5, 0xfa, 0x7b, 0x0, 0x0,
    0x0, 0x0, 0xc5, 0xae, 0x21, 0xff, 0x60, 0x0,
    0x0, 0x0, 0x0, 0xa9, 0xd0, 0x5, 0xfa, 0x7a,
    0x0, 0x0, 0x0, 0x0, 0xc3, 0xaf, 0x0, 0xc0,
    0xd4, 0x3, 0x0, 0x0, 0x26, 0xfc, 0x6f, 0x0,
    0x2f, 0xf8, 0xb7, 0x4c, 0x5e, 0xe1, 0xd1, 0x5,
    0x0, 0x0, 0x2b, 0xb6, 0xed, 0xdf, 0x93, 0xd,
    0x0,

    /* U+0070 "p" */
    0x87, 0xb9, 0x36, 0xb6, 0xef, 0xcf, 0x5c, 0x0,
    0x0, 0x87, 0xf5, 0xe4, 0x70, 0x4d, 0xaa, 0xff,
    0x52, 0x0, 0x87, 0xf5, 0x15, 0x0, 0x0, 0x0,
    0xd1, 0xc8, 0x0, 0x87, 0xef, 0x0, 0x0, 0x0,
    0x0, 0x8b, 0xf6, 0x0, 0x87, 0xef, 0x0, 0x0,
    0x0, 0x0, 0x7c, 0xff, 0x9, 0x87, 0xef, 0x0,
    0x0, 0x0, 0x0, 0x9b, 0xe5, 0x0, 0x87, 0xf1,
    0x1, 0x0, 0x0, 0xe, 0xed, 0xa5, 0x0, 0x87,
    0xff, 0xc3, 0x58, 0x55, 0xcd, 0xf3, 0x20, 0x0,
    0x87, 0xe8, 0x5e, 0xd4, 0xf0, 0xb8, 0x27, 0x0,
    0x0, 0x87, 0xee, 0x0, 0x0, 0x0, 0x0, 0x0,
    0x0, 0x0, 0x87, 0xef, 0x0, 0x0, 0x0, 0x0,
    0x0, 0x0, 0x0, 0x87, 0xef, 0x0, 0x0, 0x0,
    0x0, 0x0, 0x0, 0x0, 0x87, 0xef, 0x0, 0x0,
    0x0, 0x0, 0x0, 0x0, 0x0,

    /* U+0071 "q" */
    0x0, 0x0, 0x33, 0xbe, 0xf2, 0xdb, 0x7e, 0xd4,
    0x73, 0x0, 0x32, 0xf9, 0x98, 0x1c, 0x26, 0xa0,
    0xff, 0x73, 0x0, 0xbd, 0xce, 0x0, 0x0, 0x0,
    0x7, 0xff, 0x73, 0x4, 0xf9, 0x7b, 0x0, 0x0,
    0x0, 0x7, 0xff, 0x73, 0x1e, 0xff, 0x63, 0x0,
    0x0, 0x0, 0x7, 0xff, 0x73, 0x8, 0xfe, 0x7c,
    0x0, 0x0, 0x0, 0x7, 0xff, 0x73, 0x0, 0xd4,
    0xd0, 0x1, 0x0, 0x0, 0x25, 0xff, 0x73, 0x0,
    0x57, 0xff, 0xae, 0x4d, 0x6e, 0xe5, 0xfd, 0x73,
    0x0, 0x0, 0x5b, 0xd0, 0xf1, 0xbb, 0x35, 0xf9,
    0x73, 0x0, 0x0, 0x0, 0x0, 0x0, 0x0, 0x6,
    0xff, 0x73, 0x0, 0x0, 0x0, 0x0, 0x0, 0x0,
    0x7, 0xff, 0x73, 0x0, 0x0, 0x0, 0x0, 0x0,
    0x0, 0x7, 0xff, 0x73, 0x0, 0x0, 0x0, 0x0,
    0x0, 0x0, 0x7, 0xff, 0x73,

    /* U+0072 "r" */
    0x87, 0xb4, 0x25, 0xb5, 0xef, 0x1c, 0x87, 0xd5,
    0xd0, 0x80, 0x5a, 0x0, 0x87, 0xff, 0x68, 0x0,
    0x0, 0x0, 0x87, 0xf4, 0x3, 0x0, 0x0, 0x0,
    0x87, 0xef, 0x0, 0x0, 0x0, 0x0, 0x87, 0xef,
    0x0, 0x0, 0x0, 0x0, 0x87, 0xef, 0x0, 0x0,
    0x0, 0x0, 0x87, 0xef, 0x0, 0x0, 0x0, 0x0,
    0x87, 0xef, 0x0, 0x0, 0x0, 0x0,

    /* U+0073 "s" */
    0x0, 0x1d, 0xad, 0xed, 0xe6, 0xa7, 0x22, 0x0,
    0xc2, 0xd5, 0x4c, 0x39, 0x8f, 0x46, 0x0, 0xf5,
    0x7a, 0x0, 0x0, 0x0, 0x0, 0x0, 0xa2, 0xef,
    0x74, 0xf, 0x0, 0x0, 0x0, 0x4, 0x62, 0xdd,
    0xf0, 0x83, 0xa, 0x0, 0x0, 0x0, 0x3, 0x58,
    0xee, 0x99, 0x0, 0x1, 0x0, 0x0, 0x0, 0x97,
    0xd5, 0x37, 0xd9, 0x61, 0x32, 0x5a, 0xea, 0x98,
    0x1, 0x64, 0xc6, 0xf2, 0xe3, 0x94, 0xc,

    /* U+0074 "t" */
    0x0, 0xf, 0xff, 0x2f, 0x0, 0x0, 0x0, 0x1c,
    0xff, 0x2f, 0x0, 0x0, 0x0, 0x29, 0xff, 0x2f,
    0x0, 0x0, 0x8f, 0xff, 0xff, 0xff, 0xff, 0x8b,
    0x1d, 0x6a, 0xff, 0x5a, 0x33, 0x1c, 0x0, 0x43,
    0xff, 0x2f, 0x0, 0x0, 0x0, 0x43, 0xff, 0x2f,
    0x0, 0x0, 0x0, 0x43, 0xff, 0x2f, 0x0, 0x0,
    0x0, 0x43, 0xff, 0x2f, 0x0, 0x0, 0x0, 0x38,
    0xff, 0x48, 0x0, 0x0, 0x0, 0xf, 0xf5, 0xbe,
    0x49, 0x38, 0x0, 0x0, 0x5a, 0xe0, 0xeb, 0x87,

    /* U+0075 "u" */
    0xa7, 0xcf, 0x0, 0x0, 0x0, 0x33, 0xff, 0x3f,
    0xa7, 0xcf, 0x0, 0x0, 0x0, 0x33, 0xff, 0x3f,
    0xa7, 0xcf, 0x0, 0x0, 0x0, 0x33, 0xff, 0x3f,
    0xa7, 0xcf, 0x0, 0x0, 0x0, 0x33, 0xff, 0x3f,
    0xa7, 0xcf, 0x0, 0x0, 0x0, 0x33, 0xff, 0x3f,
    0xa5, 0xd3, 0x0, 0x0, 0x0, 0x33, 0xff, 0x3f,
    0x8f, 0xef, 0x4, 0x0, 0x0, 0x7d, 0xff, 0x3f,
    0x4c, 0xff, 0x9c, 0x53, 0x9e, 0xc5, 0xff, 0x3f,
    0x1, 0x86, 0xe8, 0xde, 0x8a, 0x7, 0xfc, 0x3f,

    /* U+0076 "v" */
    0x9f, 0xe2, 0x0, 0x0, 0x0, 0x0, 0x79, 0xee,
    0x5, 0x46, 0xff, 0x34, 0x0, 0x0, 0x0, 0xca,
    0x9c, 0x0, 0x3, 0xe9, 0x85, 0x0, 0x0, 0x1d,
    0xff, 0x45, 0x0, 0x0, 0x93, 0xd6, 0x0, 0x0,
    0x6e, 0xea, 0x4, 0x0, 0x0, 0x3a, 0xff, 0x27,
    0x0, 0xbf, 0x97, 0x0, 0x0, 0x0, 0x1, 0xe0,
    0x77, 0x13, 0xfc, 0x40, 0x0, 0x0, 0x0, 0x0,
    0x87, 0xc4, 0x5f, 0xe7, 0x2, 0x0, 0x0, 0x0,
    0x0, 0x2e, 0xfd, 0xc3, 0x92, 0x0, 0x0, 0x0,
    0x0, 0x0, 0x0, 0xd4, 0xff, 0x3b, 0x0, 0x0,
    0x0,

    /* U+0077 "w" */
    0x6e, 0xfc, 0xe, 0x0, 0x0, 0x61, 0xff, 0x4c,
    0x0, 0x0, 0x1b, 0xff, 0x49, 0x29, 0xff, 0x4a,
    0x0, 0x0, 0xa4, 0xea, 0x8f, 0x0, 0x0, 0x59,
    0xfa, 0xc, 0x0, 0xe4, 0x8a, 0x0, 0x0, 0xe6,
    0x7d, 0xd2, 0x0, 0x0, 0x97, 0xc3, 0x0, 0x0,
    0xa0, 0xca, 0x0, 0x2a, 0xed, 0x1b, 0xfe, 0x16,
    0x0, 0xd6, 0x80, 0x0, 0x0, 0x5c, 0xfc, 0xe,
    0x6d, 0xb2, 0x0, 0xdd, 0x58, 0x15, 0xff, 0x3d,
    0x0, 0x0, 0x18, 0xff, 0x47, 0xad, 0x70, 0x0,
    0x9c, 0x9a, 0x50, 0xf4, 0x5, 0x0, 0x0, 0x0,
    0xd3, 0x7c, 0xe8, 0x2f, 0x0, 0x5b, 0xd8, 0x86,
    0xb7, 0x0, 0x0, 0x0, 0x0, 0x8e, 0xd6, 0xec,
    0x1, 0x0, 0x1a, 0xff, 0xd5, 0x74, 0x0, 0x0,
    0x0, 0x0, 0x4a, 0xff, 0xac, 0x0, 0x0, 0x0,
    0xd8, 0xff, 0x31, 0x0, 0x0,

    /* U+0078 "x" */
    0x3b, 0xfe, 0x57, 0x0, 0x0, 0x4a, 0xfe, 0x35,
    0x0, 0x9d, 0xe4, 0xc, 0x2, 0xd3, 0x9b, 0x0,
    0x0, 0x13, 0xec, 0x82, 0x5d, 0xef, 0x15, 0x0,
    0x0, 0x0, 0x63, 0xf5, 0xe0, 0x6b, 0x0, 0x0,
    0x0, 0x0, 0x15, 0xfb, 0xf7, 0xb, 0x0, 0x0,
    0x0, 0x0, 0x9e, 0xbe, 0xe9, 0x84, 0x0, 0x0,
    0x0, 0x3c, 0xfb, 0x2c, 0x64, 0xfa, 0x2c, 0x0,
    0x4, 0xd3, 0x9b, 0x0, 0x2, 0xc9, 0xc6, 0x2,
    0x75, 0xf4, 0x19, 0x0, 0x0, 0x31, 0xfc, 0x6a,

    /* U+0079 "y" */
    0x9b, 0xe5, 0x2, 0x0, 0x0, 0x0, 0x74, 0xef,
    0x5, 0x38, 0xff, 0x3f, 0x0, 0x0, 0x0, 0xc3,
    0xa0, 0x0, 0x0, 0xd6, 0x98, 0x0, 0x0, 0x14,
    0xfd, 0x4b, 0x0, 0x0, 0x74, 0xec, 0x4, 0x0,
    0x61, 0xf0, 0x6, 0x0, 0x0, 0x17, 0xfb, 0x49,
    0x0, 0xb0, 0xa1, 0x0, 0x0, 0x0, 0x0, 0xb0,
    0xa1, 0x6, 0xf4, 0x4d, 0x0, 0x0, 0x0, 0x0,
    0x4e, 0xf1, 0x48, 0xf1, 0x7, 0x0, 0x0, 0x0,
    0x0, 0x4, 0xe8, 0xd3, 0xa3, 0x0, 0x0, 0x0,
    0x0, 0x0, 0x0, 0x8a, 0xff, 0x4e, 0x0, 0x0,
    0x0, 0x0, 0x0, 0x0, 0x69, 0xf2, 0x7, 0x0,
    0x0, 0x0, 0x0, 0x0, 0x3, 0xd7, 0x95, 0x0,
    0x0, 0x0, 0x0, 0xd, 0x41, 0x99, 0xf1, 0x1e,
    0x0, 0x0, 0x0, 0x0, 0x43, 0xf3, 0xcc, 0x39,
    0x0, 0x0, 0x0, 0x0, 0x0,

    /* U+007A "z" */
    0x0, 0xef, 0xff, 0xff, 0xff, 0xff, 0xf8, 0x0,
    0x0, 0x30, 0x33, 0x33, 0x50, 0xfc, 0x85, 0x0,
    0x0, 0x0, 0x0, 0x0, 0xb5, 0xd7, 0x7, 0x0,
    0x0, 0x0, 0x0, 0x5c, 0xfd, 0x39, 0x0, 0x0,
    0x0, 0x0, 0x17, 0xed, 0x8f, 0x0, 0x0, 0x0,
    0x0, 0x0, 0xab, 0xdd, 0xa, 0x0, 0x0, 0x0,
    0x0, 0x52, 0xfe, 0x41, 0x0, 0x0, 0x0, 0x0,
    0x12, 0xe8, 0xbb, 0x33, 0x33, 0x33, 0x33, 0x7,
    0x6c, 0xff, 0xff, 0xff, 0xff, 0xff, 0xff, 0x23,

    /* U+007B "{" */
    0x0, 0x0, 0x64, 0xeb, 0xc4, 0x0, 0x0, 0xe9,
    0x71, 0x0, 0x0, 0x0, 0xff, 0x36, 0x0, 0x0,
    0x0, 0xf6, 0x37, 0x0, 0x0, 0x0, 0xea, 0x3e,
    0x0, 0x0, 0x0, 0xe3, 0x42, 0x0, 0x0, 0x3b,
    0xfd, 0x1a, 0x0, 0x62, 0xff, 0x7b, 0x0, 0x0,
    0x1, 0x47, 0xf9, 0x13, 0x0, 0x0, 0x0, 0xe7,
    0x3d, 0x0, 0x0, 0x0, 0xe6, 0x41, 0x0, 0x0,
    0x0, 0xf1, 0x3b, 0x0, 0x0, 0x0, 0xfb, 0x34,
    0x0, 0x0, 0x1, 0xfc, 0x34, 0x0, 0x0, 0x0,
    0xdd, 0x7c, 0x2, 0x0, 0x0, 0x4f, 0xd7, 0xbf,

    /* U+007C "|" */
    0x5b, 0xab, 0x5b, 0xab, 0x5b, 0xab, 0x5b, 0xab,
    0x5b, 0xab, 0x5b, 0xab, 0x5b, 0xab, 0x5b, 0xab,
    0x5b, 0xab, 0x5b, 0xab, 0x5b, 0xab, 0x5b, 0xab,
    0x5b, 0xab, 0x5b, 0xab, 0x5b, 0xab, 0x5b, 0xab,
    0x5b, 0xab, 0x5b, 0xab,

    /* U+007D "}" */
    0x63, 0xf1, 0xb9, 0x8, 0x0, 0x0, 0x13, 0xf5,
    0x53, 0x0, 0x0, 0x0, 0xce, 0x6b, 0x0, 0x0,
    0x0, 0xce, 0x61, 0x0, 0x0, 0x0, 0xd5, 0x55,
    0x0, 0x0, 0x0, 0xd7, 0x4e, 0x0, 0x0, 0x0,
    0xae, 0x9f, 0x6, 0x0, 0x0, 0x1e, 0xf3, 0xca,
    0x0, 0x0, 0xa2, 0xa9, 0x8, 0x0, 0x0, 0xd1,
    0x52, 0x0, 0x0, 0x0, 0xd7, 0x51, 0x0, 0x0,
    0x0, 0xd2, 0x5c, 0x0, 0x0, 0x0, 0xcc, 0x66,
    0x0, 0x0, 0x0, 0xcc, 0x68, 0x0, 0x0, 0x25,
    0xf1, 0x47, 0x0, 0x61, 0xe2, 0xa0, 0x2, 0x0,

    /* U+007E "~" */
    0x0, 0x3f, 0xdd, 0xc0, 0x24, 0x0, 0x0, 0x42,
    0x1, 0x12, 0xe8, 0x57, 0x7e, 0xe8, 0x3b, 0x3c,
    0xe9, 0x10, 0x14, 0x62, 0x0, 0x0, 0x58, 0xf1,
    0xf3, 0x4b, 0x0, 0x0, 0x0, 0x0, 0x0, 0x0,
    0x7, 0xc, 0x0, 0x0,

    /* U+00B0 "°" */
    0x0, 0x4a, 0xcb, 0xc8, 0x3e, 0x0, 0x13, 0xe1,
    0x22, 0x2a, 0xe4, 0x7, 0x3c, 0xb1, 0x0, 0x0,
    0xc5, 0x27, 0x14, 0xe1, 0x21, 0x2a, 0xe4, 0x8,
    0x0, 0x4b, 0xcc, 0xc9, 0x3f, 0x0,

    /* U+00B7 "·" */
    0x0, 0x4a, 0x4a, 0x0, 0x5f, 0xff, 0xff, 0x5e,
    0x95, 0xff, 0xff, 0x94, 0x2a, 0xcb, 0xcb, 0x2a,

    /* U+26A0 "⚠" */
    0x0, 0x0, 0x0, 0x0, 0x0, 0x0, 0x3d, 0xcd,
    0xd8, 0x48, 0x0, 0x0, 0x0, 0x0, 0x0, 0x0,
    0x0, 0x0, 0x0, 0x0, 0x0, 0x22, 0xdd, 0x3b,
    0x2e, 0xd9, 0x2a, 0x0, 0x0, 0x0, 0x0, 0x0,
    0x0, 0x0, 0x0, 0x0, 0x0, 0xb9, 0x5d, 0x0,
    0x0, 0x4c, 0xbf, 0x0, 0x0, 0x0, 0x0, 0x0,
    0x0, 0x0, 0x0, 0x0, 0x4f, 0xc5, 0x1, 0x3d,
    0xf7, 0x0, 0xb5, 0x56, 0x0, 0x0, 0x0, 0x0,
    0x0, 0x0, 0x0, 0x7, 0xda, 0x32, 0x0, 0x35,
    0xf0, 0x0, 0x25, 0xdc, 0xa, 0x0, 0x0, 0x0,
    0x0, 0x0, 0x0, 0x7a, 0x98, 0x0, 0x0, 0x2a,
    0xe5, 0x0, 0x0, 0x88, 0x84, 0x0, 0x0, 0x0,
    0x0, 0x0, 0x1b, 0xe2, 0x14, 0x0, 0x0, 0x1e,
    0xd9, 0x0, 0x0, 0xc, 0xdd, 0x23, 0x0, 0x0,
    0x0, 0x0, 0xa5, 0x6b, 0x0, 0x0, 0x0, 0x13,
    0xce, 0x0, 0x0, 0x0, 0x5a, 0xb1, 0x0, 0x0,
    0x0, 0x3a, 0xd1, 0x3, 0x0, 0x0, 0x0, 0x1,
    0x15, 0x0, 0x0, 0x0, 0x0, 0xc2, 0x48, 0x0,
    0x0, 0xc8, 0x40, 0x0, 0x0, 0x0, 0x0, 0x4e,
    0xcc, 0x1c, 0x0, 0x0, 0x0, 0x32, 0xd0, 0x0,
    0x27, 0xdf, 0x0, 0x0, 0x0, 0x0, 0x0, 0x5c,
    0xe5, 0x24, 0x0, 0x0, 0x0, 0x0, 0xd9, 0x25,
    0x19, 0xf8, 0x43, 0x4, 0x0, 0x0, 0x0, 0x0,
    0x0, 0x0, 0x0, 0x0, 0x0, 0x2d, 0xf0, 0x20,
    0x0, 0x53, 0xcf, 0xee, 0xef, 0xef, 0xef, 0xef,
    0xef, 0xef, 0xef, 0xef, 0xf0, 0xe0, 0x6a, 0x0,

    /* U+4E25 "严" */
    0x0, 0x18, 0xc3, 0xc3, 0xc3, 0xc3, 0xc3, 0xc3,
    0xc3, 0xc3, 0xc3, 0xc3, 0xc3, 0xc3, 0x89, 0x0,
    0x9, 0x4b, 0x51, 0x4b, 0x5a, 0xff, 0x5f, 0x4b,
    0xcd, 0xa0, 0x4b, 0x58, 0x50, 0x35, 0x0, 0x0,
    0x38, 0xdc, 0x7, 0x13, 0xff, 0x1b, 0x0, 0xb7,
    0x77, 0x0, 0x8f, 0xbd, 0x0, 0x0, 0x0, 0x0,
    0xce, 0x6f, 0x13, 0xff, 0x1b, 0x0, 0xb7, 0x77,
    0xd, 0xef, 0x4f, 0x0, 0x0, 0x0, 0x0, 0x6a,
    0xce, 0x13, 0xff, 0x1b, 0x0, 0xb7, 0x77, 0x7e,
    0xc1, 0x0, 0x0, 0x0, 0x0, 0x1f, 0x35, 0x5f,
    0x31, 0xff, 0x38, 0x1f, 0xc0, 0x88, 0x5e, 0x47,
    0x1f, 0x1e, 0x0, 0x0, 0xfb, 0xf6, 0xf3, 0xf3,
    0xf3, 0xf3, 0xf3, 0xf3, 0xf3, 0xf3, 0xf3, 0xf3,
    0xec, 0x0, 0x0, 0xfb, 0x33, 0x0, 0x0, 0x0,
    0x0, 0x0, 0x0, 0x0, 0x0, 0x0, 0x0, 0x0,
    0x0, 0x1, 0xfd, 0x30, 0x0, 0x0, 0x0, 0x0,
    0x0, 0x0, 0x0, 0x0, 0x0, 0x0, 0x0, 0x0,
    0x12, 0xff, 0x19, 0x0, 0x0, 0x0, 0x0, 0x0,
    0x0, 0x0, 0x0, 0x0, 0x0, 0x0, 0x0, 0x29,
    0xfd, 0x3, 0x0, 0x0, 0x0, 0x0, 0x0, 0x0,
    0x0, 0x0, 0x0, 0x0, 0x0, 0x0, 0x58, 0xe0,
    0x0, 0x0, 0x0, 0x0, 0x0, 0x0, 0x0, 0x0,
    0x0, 0x0, 0x0, 0x0, 0x0, 0xb3, 0x97, 0x0,
    0x0, 0x0, 0x0, 0x0, 0x0, 0x0, 0x0, 0x0,
    0x0, 0x0, 0x0, 0x24, 0xfb, 0x2e, 0x0, 0x0,
    0x0, 0x0, 0x0, 0x0, 0x0, 0x0, 0x0, 0x0,
    0x0, 0x0, 0x0, 0x2f, 0x0, 0x0, 0x0, 0x0,
    0x0, 0x0, 0x0, 0x0, 0x0, 0x0, 0x0, 0x0,
    0x0,

    /* U+4E2D "中" */
    0x0, 0x0, 0x0, 0x0, 0x0, 0x0, 0x57, 0xeb,
    0x0, 0x0, 0x0, 0x0, 0x0, 0x0, 0x0, 0x0,
    0x0, 0x0, 0x0, 0x0, 0x57, 0xeb, 0x0, 0x0,
    0x0, 0x0, 0x0, 0x0, 0x19, 0x5b, 0x5b, 0x5b,
    0x5b, 0x5b, 0x94, 0xf3, 0x5b, 0x5b, 0x5b, 0x5b,
    0x5b, 0x4c, 0x47, 0xfc, 0xcf, 0xcf, 0xcf, 0xcf,
    0xe0, 0xfc, 0xcf, 0xcf, 0xcf, 0xcf, 0xe3, 0xd3,
    0x47, 0xeb, 0x0, 0x0, 0x0, 0x0, 0x57, 0xeb,
    0x0, 0x0, 0x0, 0x0, 0x67, 0xd3, 0x47, 0xeb,
    0x0, 0x0, 0x0, 0x0, 0x57, 0xeb, 0x0, 0x0,
    0x0, 0x0, 0x67, 0xd3, 0x47, 0xeb, 0x0, 0x0,
    0x0, 0x0, 0x57, 0xeb, 0x0, 0x0, 0x0, 0x0,
    0x67, 0xd3, 0x47, 0xef, 0x27, 0x27, 0x27, 0x27,
    0x72, 0xef, 0x27, 0x27, 0x27, 0x27, 0x7f, 0xd3,
    0x47, 0xff, 0xff, 0xff, 0xff, 0xff, 0xff, 0xff,
    0xff, 0xff, 0xff, 0xff, 0xff, 0xd3, 0x47, 0xec,
    0x7, 0x7, 0x7, 0x7, 0x5d, 0xec, 0x7, 0x7,
    0x7, 0x7, 0x6c, 0xd3, 0x11, 0x3a, 0x0, 0x0,
    0x0, 0x0, 0x57, 0xeb, 0x0, 0x0, 0x0, 0x0,
    0x10, 0x21, 0x0, 0x0, 0x0, 0x0, 0x0, 0x0,
    0x57, 0xeb, 0x0, 0x0, 0x0, 0x0, 0x0, 0x0,
    0x0, 0x0, 0x0, 0x0, 0x0, 0x0, 0x57, 0xeb,
    0x0, 0x0, 0x0, 0x0, 0x0, 0x0, 0x0, 0x0,
    0x0, 0x0, 0x0, 0x0, 0x57, 0xeb, 0x0, 0x0,
    0x0, 0x0, 0x0, 0x0,

    /* U+4F3A "伺" */
    0x0, 0x0, 0x0, 0x0, 0x57, 0x42, 0x0, 0x0,
    0x0, 0x0, 0x0, 0x0, 0x0, 0x0, 0x0, 0x0,
    0x0, 0x0, 0x0, 0x10, 0xf1, 0xc5, 0xcb, 0xcb,
    0xcb, 0xcb, 0xcb, 0xcb, 0xcb, 0xcb, 0xcb, 0x2c,
    0x0, 0x0, 0x0, 0x7b, 0xda, 0x2b, 0x4f, 0x4f,
    0x4f, 0x4f, 0x4f, 0x4f, 0x4f, 0x4f, 0xfd, 0x37,
    0x0, 0x0, 0xa, 0xeb, 0x5a, 0x0, 0x0, 0x0,
    0x0, 0x0, 0x0, 0x0, 0x0, 0x0, 0xfb, 0x37,
    0x0, 0x0, 0x84, 0xf1, 0x2, 0x39, 0xf3, 0xf3,
    0xf3, 0xf3, 0xf3, 0xf3, 0xd5, 0x0, 0xfb, 0x37,
    0x0, 0x36, 0xfb, 0xeb, 0x0, 0x7, 0x1f, 0x1f,
    0x1f, 0x1f, 0x1f, 0x1f, 0x1b, 0x0, 0xfb, 0x37,
    0x1a, 0xe4, 0xcd, 0xeb, 0x0, 0x0, 0x17, 0x17,
    0x17, 0x17, 0x17, 0x14, 0x0, 0x0, 0xfb, 0x37,
    0x45, 0xc9, 0x43, 0xeb, 0x0, 0x3, 0xff, 0xf6,
    0xf3, 0xf3, 0xf8, 0xdb, 0x0, 0x0, 0xfb, 0x37,
    0x0, 0x10, 0x3b, 0xeb, 0x0, 0x3, 0xff, 0x2b,
    0x0, 0x0, 0x57, 0xdb, 0x0, 0x0, 0xfb, 0x37,
    0x0, 0x0, 0x3b, 0xeb, 0x0, 0x3, 0xff, 0x2b,
    0x0, 0x0, 0x57, 0xdb, 0x0, 0x0, 0xfb, 0x37,
    0x0, 0x0, 0x3b, 0xeb, 0x0, 0x3, 0xff, 0x39,
    0xf, 0xf, 0x62, 0xdb, 0x0, 0x0, 0xfb, 0x37,
    0x0, 0x0, 0x3b, 0xeb, 0x0, 0x3, 0xff, 0xff,
    0xff, 0xff, 0xff, 0xdb, 0x0, 0x0, 0xfb, 0x37,
    0x0, 0x0, 0x3b, 0xeb, 0x0, 0x3, 0xff, 0x2b,
    0x0, 0x0, 0x0, 0x0, 0x0, 0x0, 0xfb, 0x37,
    0x0, 0x0, 0x3b, 0xeb, 0x0, 0x0, 0x3b, 0xa,
    0x0, 0x0, 0x0, 0x35, 0x32, 0x3c, 0xfe, 0x2f,
    0x0, 0x0, 0x3a, 0xe4, 0x0, 0x0, 0x0, 0x0,
    0x0, 0x0, 0x0, 0xb6, 0xfb, 0xee, 0xaf, 0x6,

    /* U+4F5C "作" */
    0x0, 0x0, 0x0, 0x0, 0x4c, 0x34, 0x0, 0x0,
    0x46, 0x14, 0x0, 0x0, 0x0, 0x0, 0x0, 0x0,
    0x0, 0x0, 0x0, 0xa, 0xeb, 0x55, 0x0, 0x19,
    0xfa, 0x32, 0x0, 0x0, 0x0, 0x0, 0x0, 0x0,
    0x0, 0x0, 0x0, 0x6f, 0xdc, 0x2, 0x0, 0x7f,
    0xc8, 0x0, 0x0, 0x0, 0x0, 0x0, 0x0, 0x0,
    0x0, 0x0, 0x6, 0xe3, 0x66, 0x0, 0x4, 0xe5,
    0xfa, 0xf3, 0xf3, 0xf3, 0xf3, 0xf3, 0xf3, 0x40,
    0x0, 0x0, 0x79, 0xff, 0x13, 0x0, 0x65, 0xd4,
    0x33, 0xf0, 0x70, 0x33, 0x33, 0x33, 0x33, 0xd,
    0x0, 0x2e, 0xf9, 0xff, 0xf, 0x12, 0xeb, 0x4e,
    0x0, 0xeb, 0x4b, 0x0, 0x0, 0x0, 0x0, 0x0,
    0x17, 0xe0, 0xd6, 0xff, 0x11, 0xb4, 0xb8, 0x0,
    0x0, 0xeb, 0x68, 0x27, 0x27, 0x27, 0x24, 0x0,
    0x2c, 0xd9, 0x36, 0xff, 0x14, 0x95, 0x1a, 0x0,
    0x0, 0xeb, 0xf7, 0xf3, 0xf3, 0xf3, 0xdd, 0x0,
    0x0, 0xf, 0x23, 0xff, 0xf, 0x0, 0x0, 0x0,
    0x0, 0xeb, 0x4b, 0x0, 0x0, 0x0, 0x0, 0x0,
    0x0, 0x0, 0x23, 0xff, 0xf, 0x0, 0x0, 0x0,
    0x0, 0xeb, 0x4b, 0x0, 0x0, 0x0, 0x0, 0x0,
    0x0, 0x0, 0x23, 0xff, 0xf, 0x0, 0x0, 0x0,
    0x0, 0xeb, 0xf7, 0xf3, 0xf3, 0xf3, 0xf3, 0x1a,
    0x0, 0x0, 0x23, 0xff, 0xf, 0x0, 0x0, 0x0,
    0x0, 0xeb, 0x6d, 0x2f, 0x2f, 0x2f, 0x2f, 0x5,
    0x0, 0x0, 0x23, 0xff, 0xf, 0x0, 0x0, 0x0,
    0x0, 0xeb, 0x4b, 0x0, 0x0, 0x0, 0x0, 0x0,
    0x0, 0x0, 0x23, 0xff, 0xf, 0x0, 0x0, 0x0,
    0x0, 0xeb, 0x4b, 0x0, 0x0, 0x0, 0x0, 0x0,
    0x0, 0x0, 0x23, 0xfb, 0xf, 0x0, 0x0, 0x0,
    0x0, 0xeb, 0x4b, 0x0, 0x0, 0x0, 0x0, 0x0,

    /* U+4FDD "保" */
    0x0, 0x0, 0x0, 0x0, 0x63, 0x2c, 0x0, 0x0,
    0x0, 0x0, 0x0, 0x0, 0x0, 0x0, 0x0, 0x0,
    0x0, 0x0, 0x0, 0x24, 0xfa, 0x2d, 0xd5, 0xe7,
    0xe7, 0xe7, 0xe7, 0xe7, 0xe7, 0xe7, 0x41, 0x0,
    0x0, 0x0, 0x0, 0xa3, 0xaf, 0x0, 0xeb, 0x5d,
    0x2b, 0x2b, 0x2b, 0x2b, 0x2b, 0xef, 0x47, 0x0,
    0x0, 0x0, 0x28, 0xfc, 0x34, 0x0, 0xeb, 0x3b,
    0x0, 0x0, 0x0, 0x0, 0x0, 0xeb, 0x47, 0x0,
    0x0, 0x3, 0xc4, 0xec, 0x0, 0x0, 0xeb, 0x3b,
    0x0, 0x0, 0x0, 0x0, 0x0, 0xeb, 0x47, 0x0,
    0x0, 0x88, 0xfd, 0xeb, 0x0, 0x0, 0xeb, 0xea,
    0xe3, 0xe3, 0xe3, 0xe3, 0xe3, 0xfd, 0x47, 0x0,
    0x5e, 0xfa, 0x7a, 0xeb, 0x0, 0x0, 0x2f, 0x33,
    0x33, 0x6d, 0xf0, 0x33, 0x33, 0x33, 0xe, 0x0,
    0x32, 0x64, 0x3b, 0xeb, 0x0, 0x0, 0x0, 0x0,
    0x0, 0x47, 0xeb, 0x0, 0x0, 0x0, 0x0, 0x0,
    0x0, 0x0, 0x3b, 0xeb, 0x16, 0xcf, 0xcf, 0xcf,
    0xcf, 0xdd, 0xfc, 0xcf, 0xcf, 0xcf, 0xcf, 0x20,
    0x0, 0x0, 0x3b, 0xeb, 0x7, 0x47, 0x47, 0x47,
    0x87, 0xff, 0xff, 0xe0, 0x4a, 0x47, 0x47, 0xb,
    0x0, 0x0, 0x3b, 0xeb, 0x0, 0x0, 0x0, 0x28,
    0xed, 0xa1, 0xed, 0xb9, 0x7e, 0x0, 0x0, 0x0,
    0x0, 0x0, 0x3b, 0xeb, 0x0, 0x0, 0x1f, 0xde,
    0x7f, 0x47, 0xeb, 0x17, 0xe6, 0x4e, 0x0, 0x0,
    0x0, 0x0, 0x3b, 0xeb, 0x0, 0x5e, 0xf1, 0x96,
    0x0, 0x47, 0xeb, 0x0, 0x43, 0xf3, 0x77, 0x0,
    0x0, 0x0, 0x3b, 0xeb, 0x49, 0xf4, 0x5e, 0x0,
    0x0, 0x47, 0xeb, 0x0, 0x0, 0x3a, 0xed, 0x53,
    0x0, 0x0, 0x39, 0xe0, 0x0, 0x18, 0x0, 0x0,
    0x0, 0x47, 0xeb, 0x0, 0x0, 0x0, 0x19, 0x0,

    /* U+4FE1 "信" */
    0x0, 0x0, 0x0, 0x0, 0x63, 0xe, 0x0, 0x0,
    0xc, 0x70, 0x4, 0x0, 0x0, 0x0, 0x0, 0x0,
    0x0, 0x0, 0x0, 0x3c, 0xed, 0x9, 0x0, 0x0,
    0x4, 0xd9, 0x6c, 0x0, 0x0, 0x0, 0x0, 0x0,
    0x0, 0x0, 0x0, 0xa8, 0x8a, 0x0, 0x0, 0x0,
    0x0, 0x56, 0x9c, 0x0, 0x0, 0x0, 0x0, 0x0,
    0x0, 0x0, 0x1a, 0xf8, 0x22, 0xe4, 0xf3, 0xf3,
    0xf3, 0xf3, 0xf3, 0xf3, 0xf3, 0xf3, 0xf3, 0x40,
    0x0, 0x0, 0x92, 0xeb, 0x0, 0xe, 0xf, 0xf,
    0xf, 0xf, 0xf, 0xf, 0xf, 0xf, 0xf, 0x4,
    0x0, 0x30, 0xfc, 0xeb, 0x0, 0x0, 0x38, 0x47,
    0x47, 0x47, 0x47, 0x47, 0x47, 0x47, 0x1, 0x0,
    0xc, 0xd7, 0xcf, 0xeb, 0x0, 0x0, 0x8f, 0xb7,
    0xb7, 0xb7, 0xb7, 0xb7, 0xb7, 0xb7, 0x2, 0x0,
    0x2a, 0xd6, 0x3d, 0xeb, 0x0, 0x0, 0x9, 0xb,
    0xb, 0xb, 0xb, 0xb, 0xb, 0xb, 0x0, 0x0,
    0x0, 0xf, 0x2f, 0xeb, 0x0, 0x0, 0xb8, 0xeb,
    0xeb, 0xeb, 0xeb, 0xeb, 0xeb, 0xeb, 0x3, 0x0,
    0x0, 0x0, 0x2f, 0xeb, 0x0, 0x0, 0x0, 0x0,
    0x0, 0x0, 0x0, 0x0, 0x0, 0x0, 0x0, 0x0,
    0x0, 0x0, 0x2f, 0xeb, 0x0, 0x0, 0xf3, 0xf3,
    0xf3, 0xf3, 0xf3, 0xf3, 0xf3, 0xf3, 0x29, 0x0,
    0x0, 0x0, 0x2f, 0xeb, 0x0, 0x0, 0xff, 0x17,
    0xb, 0xb, 0xb, 0xb, 0xb, 0xe9, 0x2b, 0x0,
    0x0, 0x0, 0x2f, 0xeb, 0x0, 0x0, 0xff, 0xb,
    0x0, 0x0, 0x0, 0x0, 0x0, 0xe7, 0x2b, 0x0,
    0x0, 0x0, 0x2f, 0xeb, 0x0, 0x0, 0xff, 0xb,
    0x0, 0x0, 0x0, 0x0, 0x0, 0xe7, 0x2b, 0x0,
    0x0, 0x0, 0x2f, 0xeb, 0x0, 0x0, 0xff, 0xff,
    0xff, 0xff, 0xff, 0xff, 0xff, 0xf5, 0x29, 0x0,
    0x0, 0x0, 0x2, 0xb, 0x0, 0x0, 0x0, 0x0,
    0x0, 0x0, 0x0, 0x0, 0x0, 0x0, 0x0, 0x0,

    /* U+503C "值" */
    0x0, 0x0, 0x0, 0x0, 0x0, 0x0, 0x0, 0x0,
    0x0, 0x2, 0x2, 0x0, 0x0, 0x0, 0x0, 0x0,
    0x0, 0x0, 0x0, 0x1, 0xc8, 0x4f, 0x0, 0x0,
    0x0, 0x4e, 0xed, 0x2, 0x0, 0x0, 0x0, 0x0,
    0x0, 0x0, 0x0, 0x4e, 0xeb, 0x89, 0xf3, 0xf3,
    0xf3, 0xf8, 0xfd, 0xf3, 0xf3, 0xf3, 0xf3, 0xf,
    0x0, 0x0, 0x0, 0xca, 0x7b, 0x10, 0x1f, 0x1f,
    0x1f, 0xb5, 0x8d, 0x1f, 0x1f, 0x1f, 0x1f, 0x1,
    0x0, 0x0, 0x59, 0xf4, 0xf, 0x0, 0x5, 0x7,
    0x7, 0xd4, 0x52, 0x7, 0x7, 0x7, 0x0, 0x0,
    0x0, 0x28, 0xf3, 0xdf, 0x0, 0x0, 0xab, 0xf4,
    0xeb, 0xeb, 0xeb, 0xeb, 0xeb, 0xff, 0x1f, 0x0,
    0xb, 0xd5, 0xe7, 0xdf, 0x0, 0x0, 0xab, 0x6b,
    0x0, 0x0, 0x0, 0x0, 0x0, 0xff, 0x1f, 0x0,
    0xf, 0xc5, 0x4f, 0xdf, 0x0, 0x0, 0xab, 0xef,
    0xe3, 0xe3, 0xe3, 0xe3, 0xe3, 0xff, 0x1f, 0x0,
    0x0, 0x2, 0x3b, 0xdf, 0x0, 0x0, 0xab, 0x6b,
    0x0, 0x0, 0x0, 0x0, 0x0, 0xff, 0x1f, 0x0,
    0x0, 0x0, 0x3b, 0xdf, 0x0, 0x0, 0xab, 0xeb,
    0xdb, 0xdb, 0xdb, 0xdb, 0xdb, 0xff, 0x1f, 0x0,
    0x0, 0x0, 0x3b, 0xdf, 0x0, 0x0, 0xab, 0x6b,
    0x0, 0x0, 0x0, 0x0, 0x0, 0xff, 0x1f, 0x0,
    0x0, 0x0, 0x3b, 0xdf, 0x0, 0x0, 0xab, 0x8c,
    0x37, 0x37, 0x37, 0x37, 0x37, 0xff, 0x1f, 0x0,
    0x0, 0x0, 0x3b, 0xdf, 0x0, 0x0, 0xab, 0xcf,
    0xab, 0xab, 0xab, 0xab, 0xab, 0xff, 0x1f, 0x0,
    0x0, 0x0, 0x3b, 0xdf, 0x1, 0x7, 0xae, 0x70,
    0x7, 0x7, 0x7, 0x7, 0x7, 0xff, 0x26, 0x4,
    0x0, 0x0, 0x3b, 0xdf, 0x33, 0xff, 0xff, 0xff,
    0xff, 0xff, 0xff, 0xff, 0xff, 0xff, 0xff, 0x8b,

    /* U+504F "偏" */
    0x0, 0x0, 0x0, 0x0, 0x53, 0x38, 0x0, 0x0,
    0x1, 0x8f, 0x23, 0x0, 0x0, 0x0, 0x0, 0x0,
    0x0, 0x0, 0x11, 0xf0, 0x46, 0x0, 0x0, 0x0,
    0xa9, 0xb7, 0x0, 0x0, 0x0, 0x0, 0x0, 0x0,
    0x0, 0x83, 0xc8, 0xb, 0xef, 0xef, 0xef, 0xf6,
    0xff, 0xf0, 0xef, 0xef, 0x99, 0x0, 0x0, 0x12,
    0xf2, 0x49, 0xb, 0xff, 0x22, 0x17, 0x17, 0x17,
    0x17, 0x17, 0x88, 0xa3, 0x0, 0x0, 0xa4, 0xef,
    0x0, 0xb, 0xff, 0x17, 0xb, 0xb, 0xb, 0xb,
    0xb, 0x82, 0xa3, 0x0, 0x61, 0xff, 0xeb, 0x0,
    0xc, 0xff, 0xf8, 0xf7, 0xf7, 0xf7, 0xf7, 0xf7,
    0xf7, 0x9e, 0x3d, 0xfa, 0x96, 0xeb, 0x0, 0x11,
    0xff, 0x6, 0x0, 0x0, 0x0, 0x0, 0x0, 0x0,
    0x0, 0x22, 0x83, 0x37, 0xeb, 0x0, 0x18, 0xfd,
    0xbe, 0xf3, 0xf3, 0xf3, 0xf3, 0xf3, 0xf3, 0xd5,
    0x0, 0x0, 0x37, 0xeb, 0x0, 0x29, 0xef, 0xc7,
    0x7, 0xcf, 0x0, 0x2f, 0xa7, 0x13, 0xdf, 0x0,
    0x0, 0x37, 0xeb, 0x0, 0x3c, 0xd8, 0xc7, 0x7,
    0xcf, 0x0, 0x2f, 0xa7, 0x13, 0xdf, 0x0, 0x0,
    0x37, 0xeb, 0x0, 0x60, 0xbf, 0xc7, 0x2a, 0xd6,
    0x23, 0x4d, 0xb4, 0x35, 0xdf, 0x0, 0x0, 0x37,
    0xeb, 0x0, 0x8d, 0x94, 0xc7, 0xd1, 0xf6, 0xcf,
    0xd8, 0xef, 0xd3, 0xdf, 0x0, 0x0, 0x37, 0xeb,
    0x0, 0xc8, 0x66, 0xc7, 0x7, 0xcf, 0x0, 0x2f,
    0xa7, 0x13, 0xdf, 0x0, 0x0, 0x37, 0xeb, 0x1e,
    0xfe, 0x22, 0xc7, 0x7, 0xcf, 0x0, 0x2f, 0xa7,
    0x15, 0xdf, 0x0, 0x0, 0x37, 0xeb, 0x2c, 0xaf,
    0x0, 0xc1, 0x7, 0xcf, 0x0, 0x2d, 0xa8, 0xe8,
    0xa7,

    /* U+5173 "关" */
    0x0, 0x0, 0x0, 0x0, 0x1e, 0x0, 0x0, 0x0,
    0x0, 0x0, 0x0, 0x33, 0xa, 0x0, 0x0, 0x0,
    0x0, 0x0, 0x0, 0x2d, 0xf7, 0x2f, 0x0, 0x0,
    0x0, 0x0, 0x15, 0xf5, 0x66, 0x0, 0x0, 0x0,
    0x0, 0x0, 0x0, 0x0, 0x92, 0xc9, 0x0, 0x0,
    0x0, 0x0, 0x8c, 0xca, 0x2, 0x0, 0x0, 0x0,
    0x0, 0x0, 0x7, 0x7, 0x1e, 0xcb, 0x1b, 0x7,
    0x7, 0x2b, 0xf8, 0x3b, 0x7, 0x7, 0x0, 0x0,
    0x0, 0x0, 0xef, 0xff, 0xff, 0xff, 0xff, 0xff,
    0xff, 0xff, 0xff, 0xff, 0xff, 0xff, 0x17, 0x0,
    0x0, 0x0, 0x29, 0x2b, 0x2b, 0x2b, 0x2b, 0xb0,
    0xc7, 0x2b, 0x2b, 0x2b, 0x2b, 0x2b, 0x4, 0x0,
    0x0, 0x0, 0x0, 0x0, 0x0, 0x0, 0x0, 0x9f,
    0xbb, 0x0, 0x0, 0x0, 0x0, 0x0, 0x0, 0x0,
    0x0, 0x0, 0x0, 0x0, 0x0, 0x0, 0x0, 0xa3,
    0xb8, 0x0, 0x0, 0x0, 0x0, 0x0, 0x0, 0x0,
    0x0, 0xe4, 0xfb, 0xfb, 0xfb, 0xfb, 0xfb, 0xfe,
    0xfe, 0xfb, 0xfb, 0xfb, 0xfb, 0xfb, 0xf0, 0x0,
    0x0, 0x2f, 0x33, 0x33, 0x33, 0x33, 0x46, 0xfc,
    0xff, 0x6f, 0x33, 0x33, 0x33, 0x33, 0x31, 0x0,
    0x0, 0x0, 0x0, 0x0, 0x0, 0x0, 0x8b, 0xf1,
    0x94, 0xd8, 0x9, 0x0, 0x0, 0x0, 0x0, 0x0,
    0x0, 0x0, 0x0, 0x0, 0x0, 0x61, 0xff, 0x6d,
    0x6, 0xd1, 0xbd, 0xb, 0x0, 0x0, 0x0, 0x0,
    0x0, 0x0, 0x0, 0xe, 0x9c, 0xff, 0x88, 0x0,
    0x0, 0x1b, 0xdb, 0xce, 0x34, 0x0, 0x0, 0x0,
    0x0, 0x1d, 0x85, 0xea, 0xe9, 0x53, 0x0, 0x0,
    0x0, 0x0, 0x1a, 0xba, 0xfd, 0xa6, 0x48, 0x4,
    0xb, 0xe1, 0xe1, 0x77, 0x11, 0x0, 0x0, 0x0,
    0x0, 0x0, 0x0, 0x0, 0x5b, 0xca, 0xe9, 0x17,
    0x0, 0x18, 0x3, 0x0, 0x0, 0x0, 0x0, 0x0,
    0x0, 0x0, 0x0, 0x0, 0x0, 0x0, 0xe, 0x0,

    /* U+51FA "出" */
    0x0, 0x1f, 0x1f, 0x0, 0x0, 0x0, 0xe7, 0x67,
    0x0, 0x0, 0x0, 0x15, 0x32, 0x0, 0x0, 0x9b,
    0x9b, 0x0, 0x0, 0x0, 0xe7, 0x67, 0x0, 0x0,
    0x0, 0x63, 0xe7, 0x0, 0x0, 0x9b, 0x9b, 0x0,
    0x0, 0x0, 0xe7, 0x67, 0x0, 0x0, 0x0, 0x63,
    0xe7, 0x0, 0x0, 0x9b, 0x9b, 0x0, 0x0, 0x0,
    0xe7, 0x67, 0x0, 0x0, 0x0, 0x63, 0xe7, 0x0,
    0x0, 0x9b, 0x9b, 0x0, 0x0, 0x0, 0xe7, 0x67,
    0x0, 0x0, 0x0, 0x63, 0xe7, 0x0, 0x0, 0x9b,
    0xf0, 0xd7, 0xd7, 0xd7, 0xfc, 0xe8, 0xd7, 0xd7,
    0xd7, 0xe7, 0xe7, 0x0, 0x0, 0x30, 0x4f, 0x4f,
    0x4f, 0x4f, 0xef, 0x97, 0x4f, 0x4f, 0x4f, 0x4f,
    0x48, 0x0, 0x3d, 0xb1, 0x0, 0x0, 0x0, 0x0,
    0xe7, 0x67, 0x0, 0x0, 0x0, 0x0, 0x86, 0x5f,
    0x57, 0xfb, 0x0, 0x0, 0x0, 0x0, 0xe7, 0x67,
    0x0, 0x0, 0x0, 0x0, 0xbf, 0x87, 0x57, 0xfb,
    0x0, 0x0, 0x0, 0x0, 0xe7, 0x67, 0x0, 0x0,
    0x0, 0x0, 0xbf, 0x87, 0x57, 0xfb, 0x0, 0x0,
    0x0, 0x0, 0xe7, 0x67, 0x0, 0x0, 0x0, 0x0,
    0xbf, 0x87, 0x57, 0xfb, 0x0, 0x0, 0x0, 0x0,
    0xe7, 0x67, 0x0, 0x0, 0x0, 0x0, 0xbf, 0x87,
    0x57, 0xff, 0xf3, 0xf3, 0xf3, 0xf3, 0xfe, 0xf8,
    0xf3, 0xf3, 0xf3, 0xf3, 0xfc, 0x87, 0x15, 0x3f,
    0x3f, 0x3f, 0x3f, 0x3f, 0x3f, 0x3f, 0x3f, 0x3f,
    0x3f, 0x3f, 0xcf, 0x87,

    /* U+5236 "制" */
    0x0, 0x0, 0x82, 0x5a, 0x2b, 0xf7, 0x0, 0x0,
    0x0, 0x0, 0x0, 0x0, 0x0, 0x23, 0xff, 0xb,
    0x0, 0x2, 0xe9, 0x60, 0x49, 0xf9, 0x23, 0x23,
    0x23, 0x8, 0x0, 0xf4, 0x22, 0x23, 0xff, 0xb,
    0x0, 0x46, 0xfd, 0xf7, 0xf9, 0xff, 0xf7, 0xf7,
    0xf7, 0x3a, 0x0, 0xfb, 0x23, 0x23, 0xff, 0xb,
    0x0, 0xca, 0x79, 0x0, 0x2b, 0xf7, 0x0, 0x0,
    0x0, 0x0, 0x0, 0xfb, 0x23, 0x23, 0xff, 0xb,
    0xc, 0xc8, 0x6a, 0x5b, 0x78, 0xfa, 0x5b, 0x5b,
    0x5b, 0x4f, 0x0, 0xfb, 0x23, 0x23, 0xff, 0xb,
    0xe, 0xbf, 0xbf, 0xbf, 0xca, 0xfd, 0xbf, 0xbf,
    0xbf, 0xa4, 0x0, 0xfb, 0x23, 0x23, 0xff, 0xb,
    0x0, 0x0, 0x0, 0x0, 0x2b, 0xf7, 0x0, 0x0,
    0x0, 0x0, 0x0, 0xfb, 0x23, 0x23, 0xff, 0xb,
    0x0, 0x36, 0x9f, 0x9f, 0xb0, 0xfc, 0x9f, 0x9f,
    0x9f, 0x2f, 0x0, 0xfb, 0x23, 0x23, 0xff, 0xb,
    0x0, 0x57, 0xdd, 0x77, 0x8f, 0xfb, 0x77, 0x77,
    0xe4, 0x4b, 0x0, 0xfb, 0x23, 0x23, 0xff, 0xb,
    0x0, 0x57, 0xbf, 0x0, 0x2b, 0xf7, 0x0, 0x0,
    0xcb, 0x4b, 0x0, 0xe0, 0x20, 0x23, 0xff, 0xb,
    0x0, 0x57, 0xbf, 0x0, 0x2b, 0xf7, 0x0, 0x0,
    0xcb, 0x4b, 0x0, 0x0, 0x0, 0x23, 0xff, 0xb,
    0x0, 0x57, 0xbf, 0x0, 0x2b, 0xf7, 0x3, 0x6,
    0xd3, 0x4b, 0x0, 0x0, 0x0, 0x23, 0xff, 0xb,
    0x0, 0x55, 0xb9, 0x0, 0x2b, 0xf7, 0x3b, 0xff,
    0xdd, 0x1e, 0x0, 0x21, 0x37, 0x63, 0xfe, 0x7,
    0x0, 0x0, 0x0, 0x0, 0x2b, 0xf7, 0x0, 0x0,
    0x0, 0x0, 0x0, 0x5f, 0xff, 0xf0, 0x9a, 0x0,
    0x0, 0x0, 0x0, 0x0, 0x0, 0x0, 0x0, 0x0,
    0x0, 0x0, 0x0, 0x0, 0x0, 0x0, 0x0, 0x0,

    /* U+529F "功" */
    0x0, 0x0, 0x0, 0x0, 0x0, 0x0, 0x0, 0x0,
    0x0, 0x36, 0xfe, 0x0, 0x0, 0x0, 0x0, 0x0,
    0xa, 0x8b, 0x8b, 0x8b, 0x8b, 0x8b, 0x71, 0x0,
    0x0, 0x39, 0xf9, 0x0, 0x0, 0x0, 0x0, 0x0,
    0x9, 0x7b, 0x7b, 0xd8, 0xb9, 0x7b, 0x64, 0x0,
    0x0, 0x3d, 0xf5, 0x0, 0x0, 0x0, 0x0, 0x0,
    0x0, 0x0, 0x0, 0xb3, 0x77, 0x0, 0x13, 0xf3,
    0xf3, 0xf6, 0xff, 0xf3, 0xf3, 0xf3, 0xf3, 0x25,
    0x0, 0x0, 0x0, 0xb3, 0x77, 0x0, 0x4, 0x33,
    0x33, 0x7a, 0xe0, 0x33, 0x33, 0x41, 0xff, 0x1d,
    0x0, 0x0, 0x0, 0xb3, 0x77, 0x0, 0x0, 0x0,
    0x0, 0x74, 0xbc, 0x0, 0x0, 0x1b, 0xff, 0x12,
    0x0, 0x0, 0x0, 0xb3, 0x77, 0x0, 0x0, 0x0,
    0x0, 0x92, 0x9e, 0x0, 0x0, 0x28, 0xff, 0x6,
    0x0, 0x0, 0x0, 0xb3, 0x77, 0x0, 0x0, 0x0,
    0x0, 0xc9, 0x74, 0x0, 0x0, 0x36, 0xf9, 0x0,
    0x0, 0x0, 0x0, 0xb3, 0x81, 0x46, 0x8c, 0x12,
    0x19, 0xfe, 0x29, 0x0, 0x0, 0x46, 0xe9, 0x0,
    0x5, 0x3e, 0x7f, 0xe6, 0xff, 0xeb, 0xa3, 0x15,
    0x72, 0xdc, 0x0, 0x0, 0x0, 0x5a, 0xd7, 0x0,
    0x28, 0xfc, 0xc6, 0x7f, 0x37, 0x2, 0x0, 0x1e,
    0xf2, 0x65, 0x0, 0x0, 0x0, 0x75, 0xc2, 0x0,
    0x1, 0x10, 0x0, 0x0, 0x0, 0x0, 0xa, 0xbd,
    0xc0, 0x1, 0x0, 0x0, 0x0, 0x9d, 0xa2, 0x0,
    0x0, 0x0, 0x0, 0x0, 0x0, 0x2a, 0xd5, 0xd9,
    0x22, 0x0, 0x25, 0x25, 0x33, 0xe8, 0x6d, 0x0,
    0x0, 0x0, 0x0, 0x0, 0x0, 0xae, 0xae, 0xe,
    0x0, 0x0, 0x89, 0xfe, 0xfd, 0xc5, 0x10, 0x0,
    0x0, 0x0, 0x0, 0x0, 0x0, 0x7, 0x0, 0x0,
    0x0, 0x0, 0x0, 0x0, 0x0, 0x0, 0x0, 0x0,

    /* U+52A0 "加" */
    0x0, 0x0, 0x0, 0xe1, 0x49, 0x0, 0x0, 0x0,
    0x0, 0x0, 0x0, 0x0, 0x0, 0x0, 0x0, 0x0,
    0x0, 0x0, 0xe2, 0x47, 0x0, 0x0, 0x0, 0x0,
    0x3a, 0x3f, 0x3f, 0x3f, 0x3f, 0x34, 0x6, 0x37,
    0x37, 0xe9, 0x6d, 0x37, 0x37, 0x31, 0x0, 0xeb,
    0xea, 0xe3, 0xe3, 0xee, 0xd3, 0x1a, 0xf3, 0xf3,
    0xff, 0xf6, 0xf3, 0xf7, 0xe2, 0x0, 0xeb, 0x37,
    0x0, 0x0, 0x5f, 0xd3, 0x0, 0x0, 0x0, 0xf4,
    0x32, 0x0, 0x4b, 0xdd, 0x0, 0xeb, 0x37, 0x0,
    0x0, 0x5f, 0xd3, 0x0, 0x0, 0x4, 0xff, 0x21,
    0x0, 0x51, 0xd8, 0x0, 0xeb, 0x37, 0x0, 0x0,
    0x5f, 0xd3, 0x0, 0x0, 0x14, 0xff, 0x10, 0x0,
    0x58, 0xd1, 0x0, 0xeb, 0x37, 0x0, 0x0, 0x5f,
    0xd3, 0x0, 0x0, 0x34, 0xf3, 0x1, 0x0, 0x60,
    0xcb, 0x0, 0xeb, 0x37, 0x0, 0x0, 0x5f, 0xd3,
    0x0, 0x0, 0x5c, 0xc9, 0x0, 0x0, 0x69, 0xc2,
    0x0, 0xeb, 0x37, 0x0, 0x0, 0x5f, 0xd3, 0x0,
    0x0, 0x8c, 0x9e, 0x0, 0x0, 0x75, 0xb8, 0x0,
    0xeb, 0x37, 0x0, 0x0, 0x5f, 0xd3, 0x0, 0x0,
    0xdc, 0x56, 0x0, 0x0, 0x86, 0xaa, 0x0, 0xeb,
    0x37, 0x0, 0x0, 0x5f, 0xd3, 0x0, 0x37, 0xf4,
    0xa, 0x0, 0x0, 0xa1, 0x95, 0x0, 0xeb, 0x60,
    0x33, 0x33, 0x80, 0xd3, 0x3, 0xc9, 0x91, 0x6,
    0x2b, 0x3e, 0xe3, 0x6c, 0x0, 0xeb, 0xf6, 0xf3,
    0xf3, 0xf8, 0xd3, 0x41, 0xdd, 0xb, 0xa, 0xe9,
    0xf5, 0xc5, 0x14, 0x0, 0xeb, 0x37, 0x0, 0x0,
    0x5f, 0xd3, 0x0, 0xf, 0x0, 0x0, 0x0, 0x0,
    0x0, 0x0, 0x0, 0x0, 0x0, 0x0, 0x0, 0x0,
    0x0,

    /* U+538B "压" */
    0x0, 0x1c, 0xe3, 0xe3, 0xe3, 0xe3, 0xe3, 0xe3,
    0xe3, 0xe3, 0xe3, 0xe3, 0xe3, 0xe3, 0xe3, 0x4a,
    0x0, 0x1f, 0xff, 0x46, 0x43, 0x43, 0x43, 0x43,
    0x43, 0x43, 0x43, 0x43, 0x43, 0x43, 0x43, 0x16,
    0x0, 0x1f, 0xff, 0x3, 0x0, 0x0, 0x0, 0x0,
    0x20, 0x28, 0x0, 0x0, 0x0, 0x0, 0x0, 0x0,
    0x0, 0x1f, 0xff, 0x3, 0x0, 0x0, 0x0, 0x0,
    0x8b, 0xab, 0x0, 0x0, 0x0, 0x0, 0x0, 0x0,
    0x0, 0x1f, 0xff, 0x3, 0x0, 0x0, 0x0, 0x0,
    0x8b, 0xab, 0x0, 0x0, 0x0, 0x0, 0x0, 0x0,
    0x0, 0x21, 0xff, 0x2, 0x2c, 0x2f, 0x2f, 0x2f,
    0xa1, 0xbb, 0x2f, 0x2f, 0x2f, 0x2f, 0x14, 0x0,
    0x0, 0x2b, 0xfd, 0x0, 0xe0, 0xf3, 0xf3, 0xf3,
    0xfa, 0xfc, 0xf3, 0xf3, 0xf3, 0xf3, 0x66, 0x0,
    0x0, 0x38, 0xf7, 0x0, 0x0, 0x0, 0x0, 0x0,
    0x8b, 0xab, 0x0, 0x0, 0x0, 0x0, 0x0, 0x0,
    0x0, 0x44, 0xe4, 0x0, 0x0, 0x0, 0x0, 0x0,
    0x8b, 0xab, 0x1, 0x87, 0x26, 0x0, 0x0, 0x0,
    0x0, 0x51, 0xce, 0x0, 0x0, 0x0, 0x0, 0x0,
    0x8b, 0xab, 0x0, 0x70, 0xe6, 0x23, 0x0, 0x0,
    0x0, 0x74, 0xaf, 0x0, 0x0, 0x0, 0x0, 0x0,
    0x8b, 0xab, 0x0, 0x0, 0x94, 0xcf, 0x2, 0x0,
    0x0, 0xa2, 0x7f, 0x0, 0x0, 0x0, 0x0, 0x0,
    0x8b, 0xab, 0x0, 0x0, 0x8, 0x38, 0x0, 0x0,
    0x2, 0xe4, 0x4b, 0x20, 0x23, 0x23, 0x23, 0x23,
    0x9c, 0xb7, 0x23, 0x23, 0x23, 0x23, 0x23, 0x9,
    0x43, 0xee, 0x6, 0xe7, 0xff, 0xff, 0xff, 0xff,
    0xff, 0xff, 0xff, 0xff, 0xff, 0xff, 0xff, 0x43,
    0x15, 0x5b, 0x0, 0x0, 0x0, 0x0, 0x0, 0x0,
    0x0, 0x0, 0x0, 0x0, 0x0, 0x0, 0x0, 0x0,

    /* U+53C2 "参" */
    0x0, 0x0, 0x0, 0x0, 0x0, 0x0, 0x43, 0x3d,
    0x0, 0x0, 0x0, 0x0, 0x0, 0x0, 0x0, 0x0,
    0x0, 0x0, 0x0, 0x0, 0x0, 0x6f, 0xf0, 0x61,
    0x0, 0x5c, 0xc6, 0x26, 0x0, 0x0, 0x0, 0x0,
    0x0, 0x0, 0x0, 0x1f, 0xb1, 0xcb, 0x25, 0x0,
    0x0, 0x2, 0x7c, 0xf2, 0x67, 0x0, 0x0, 0x0,
    0x0, 0x0, 0x4f, 0xfb, 0xff, 0xda, 0xdd, 0xe6,
    0xef, 0xf8, 0xfb, 0xf1, 0xf7, 0x96, 0x2, 0x0,
    0x0, 0x0, 0x1b, 0x63, 0x49, 0x37, 0xc5, 0xa9,
    0x11, 0x6, 0x0, 0x0, 0x31, 0xc4, 0x16, 0x0,
    0x4, 0x1b, 0x1b, 0x1b, 0x1b, 0x37, 0xfd, 0x57,
    0x1b, 0x1b, 0x1b, 0x1b, 0x1b, 0x1c, 0x1b, 0x5,
    0x26, 0xf3, 0xf3, 0xf3, 0xf5, 0xff, 0xf8, 0xf3,
    0xf3, 0xf7, 0xff, 0xf5, 0xf3, 0xf3, 0xf3, 0x31,
    0x0, 0x0, 0x0, 0x5, 0xa7, 0xd4, 0x12, 0x0,
    0x1b, 0xd, 0xbe, 0xa7, 0x7, 0x0, 0x0, 0x0,
    0x0, 0x0, 0xd, 0xb3, 0xde, 0x1a, 0x26, 0x91,
    0xe1, 0x4c, 0xc, 0xc6, 0xc1, 0x18, 0x0, 0x0,
    0x2, 0x62, 0xe8, 0xc5, 0x8d, 0xd2, 0xdd, 0x7c,
    0xc, 0x13, 0x35, 0xf, 0xa4, 0xf4, 0x84, 0xf,
    0x1a, 0xd4, 0x6c, 0x1, 0x2b, 0x38, 0x0, 0x19,
    0x7d, 0xe9, 0x8a, 0x4, 0x0, 0x44, 0xc3, 0x1d,
    0x0, 0x0, 0x0, 0x3, 0x40, 0x84, 0xc8, 0xe9,
    0x94, 0x23, 0x0, 0x37, 0x7e, 0xa, 0x0, 0x0,
    0x0, 0x0, 0x0, 0x2, 0xa1, 0x8b, 0x3e, 0x3,
    0x0, 0x1e, 0x8b, 0xf4, 0x6d, 0x0, 0x0, 0x0,
    0x0, 0x0, 0x0, 0x0, 0x0, 0x1, 0x2e, 0x6d,
    0xb6, 0xf5, 0x9f, 0x29, 0x0, 0x0, 0x0, 0x0,
    0x0, 0x0, 0x8, 0xa8, 0xd0, 0xf4, 0xee, 0xab,
    0x65, 0x16, 0x0, 0x0, 0x0, 0x0, 0x0, 0x0,
    0x0, 0x0, 0x0, 0x4f, 0x49, 0x1f, 0x1, 0x0,
    0x0, 0x0, 0x0, 0x0, 0x0, 0x0, 0x0, 0x0,

    /* U+544A "告" */
    0x0, 0x0, 0x0, 0x38, 0xbf, 0x6, 0x0, 0x43,
    0xf7, 0x0, 0x0, 0x0, 0x0, 0x0, 0x0, 0x0,
    0x0, 0x0, 0x0, 0xb3, 0xa4, 0x23, 0x23, 0x5e,
    0xf9, 0x23, 0x23, 0x23, 0x23, 0x20, 0x0, 0x0,
    0x0, 0x0, 0x34, 0xfd, 0xf7, 0xf7, 0xf7, 0xfa,
    0xff, 0xf7, 0xf7, 0xf7, 0xf7, 0xdc, 0x0, 0x0,
    0x0, 0x13, 0xde, 0x6a, 0x0, 0x0, 0x0, 0x43,
    0xf7, 0x0, 0x0, 0x0, 0x0, 0x0, 0x0, 0x0,
    0x0, 0x97, 0xc3, 0x1, 0x0, 0x0, 0x0, 0x43,
    0xf7, 0x0, 0x0, 0x0, 0x0, 0x0, 0x0, 0x0,
    0x2, 0x4e, 0x60, 0x47, 0x47, 0x47, 0x47, 0x78,
    0xfa, 0x47, 0x47, 0x47, 0x47, 0x47, 0x47, 0x5,
    0x6, 0xd3, 0xd3, 0xd3, 0xd3, 0xd3, 0xd3, 0xd3,
    0xd3, 0xd3, 0xd3, 0xd3, 0xd3, 0xd3, 0xd3, 0x10,
    0x0, 0x0, 0x0, 0x0, 0x0, 0x0, 0x0, 0x0,
    0x0, 0x0, 0x0, 0x0, 0x0, 0x0, 0x0, 0x0,
    0x0, 0x0, 0xb, 0xf3, 0xf3, 0xf3, 0xf3, 0xf3,
    0xf3, 0xf3, 0xf3, 0xf3, 0xf3, 0x35, 0x0, 0x0,
    0x0, 0x0, 0xb, 0xff, 0x46, 0x23, 0x23, 0x23,
    0x23, 0x23, 0x23, 0x2a, 0xff, 0x37, 0x0, 0x0,
    0x0, 0x0, 0xb, 0xff, 0x27, 0x0, 0x0, 0x0,
    0x0, 0x0, 0x0, 0x7, 0xff, 0x37, 0x0, 0x0,
    0x0, 0x0, 0xb, 0xff, 0x27, 0x0, 0x0, 0x0,
    0x0, 0x0, 0x0, 0x7, 0xff, 0x37, 0x0, 0x0,
    0x0, 0x0, 0xb, 0xff, 0xda, 0xd3, 0xd3, 0xd3,
    0xd3, 0xd3, 0xd3, 0xd5, 0xff, 0x37, 0x0, 0x0,
    0x0, 0x0, 0xb, 0xff, 0x68, 0x4b, 0x4b, 0x4b,
    0x4b, 0x4b, 0x4b, 0x51, 0xf7, 0x36, 0x0, 0x0,

    /* U+5931 "失" */
    0x0, 0x0, 0x0, 0x51, 0xa2, 0x0, 0x0, 0xb3,
    0x8b, 0x0, 0x0, 0x0, 0x0, 0x0, 0x0, 0x0,
    0x0, 0x0, 0x0, 0xc2, 0x80, 0x0, 0x0, 0xb3,
    0x8b, 0x0, 0x0, 0x0, 0x0, 0x0, 0x0, 0x0,
    0x0, 0x0, 0x2b, 0xff, 0xe4, 0xdb, 0xdb, 0xf5,
    0xef, 0xdb, 0xdb, 0xdb, 0xdb, 0xb2, 0x0, 0x0,
    0x0, 0x1, 0xb6, 0xab, 0x5b, 0x5b, 0x5b, 0xcf,
    0xb5, 0x5b, 0x5b, 0x5b, 0x5b, 0x4a, 0x0, 0x0,
    0x0, 0x71, 0xee, 0x13, 0x0, 0x0, 0x0, 0xb7,
    0x89, 0x0, 0x0, 0x0, 0x0, 0x0, 0x0, 0x0,
    0x0, 0xaa, 0x6c, 0x0, 0x0, 0x0, 0x0, 0xc7,
    0x7c, 0x0, 0x0, 0x0, 0x0, 0x0, 0x0, 0x0,
    0x8, 0x3b, 0x3c, 0x3b, 0x3b, 0x3b, 0x3b, 0xdf,
    0x92, 0x3b, 0x3b, 0x3b, 0x3b, 0x3b, 0x3b, 0x9,
    0x22, 0xf3, 0xf3, 0xf3, 0xf3, 0xf3, 0xf5, 0xff,
    0xff, 0xf4, 0xf3, 0xf3, 0xf3, 0xf3, 0xf3, 0x26,
    0x0, 0x0, 0x0, 0x0, 0x0, 0x0, 0x64, 0xf4,
    0xe9, 0x5b, 0x0, 0x0, 0x0, 0x0, 0x0, 0x0,
    0x0, 0x0, 0x0, 0x0, 0x0, 0xb, 0xdb, 0x90,
    0x6c, 0xe0, 0x9, 0x0, 0x0, 0x0, 0x0, 0x0,
    0x0, 0x0, 0x0, 0x0, 0x2, 0xb0, 0xe4, 0x17,
    0x5, 0xd3, 0xb3, 0x4, 0x0, 0x0, 0x0, 0x0,
    0x0, 0x0, 0x0, 0x1f, 0xc2, 0xf2, 0x35, 0x0,
    0x0, 0x1d, 0xe4, 0xb5, 0x1b, 0x0, 0x0, 0x0,
    0x0, 0x1e, 0x89, 0xf1, 0xca, 0x23, 0x0, 0x0,
    0x0, 0x0, 0x24, 0xc7, 0xf2, 0x80, 0x27, 0x0,
    0x19, 0xf4, 0xd1, 0x60, 0x5, 0x0, 0x0, 0x0,
    0x0, 0x0, 0x0, 0x3, 0x6b, 0xd2, 0xff, 0x3e,
    0x0, 0x21, 0x0, 0x0, 0x0, 0x0, 0x0, 0x0,
    0x0, 0x0, 0x0, 0x0, 0x0, 0x0, 0x22, 0x0,

    /* U+5B9A "定" */
    0x0, 0x0, 0x0, 0x0, 0x0, 0x0, 0x33, 0x9a,
    0x1, 0x0, 0x0, 0x0, 0x0, 0x0, 0x0, 0x0,
    0x0, 0x0, 0x0, 0x0, 0x0, 0x16, 0xf7, 0x4e,
    0x0, 0x0, 0x0, 0x0, 0x0, 0x0, 0x0, 0xc3,
    0xd7, 0xd7, 0xd7, 0xd7, 0xd7, 0xf7, 0xef, 0xd7,
    0xd7, 0xd7, 0xd7, 0xd7, 0x43, 0x0, 0xe7, 0x7b,
    0x47, 0x47, 0x47, 0x47, 0x47, 0x47, 0x47, 0x47,
    0x47, 0x47, 0xf1, 0x4f, 0x0, 0xe7, 0x47, 0x0,
    0x0, 0x0, 0x0, 0x0, 0x0, 0x0, 0x0, 0x0,
    0x0, 0xeb, 0x4f, 0x0, 0x94, 0x2e, 0x46, 0x4b,
    0x4b, 0x4b, 0x4b, 0x4b, 0x4b, 0x4b, 0x4b, 0x20,
    0x97, 0x33, 0x0, 0x0, 0x0, 0xce, 0xdf, 0xdf,
    0xdf, 0xfd, 0xe9, 0xdf, 0xdf, 0xdf, 0x5e, 0x0,
    0x0, 0x0, 0x0, 0x0, 0x2, 0x0, 0x0, 0x0,
    0xef, 0x4f, 0x0, 0x0, 0x0, 0x0, 0x0, 0x0,
    0x0, 0x0, 0x0, 0xcf, 0x65, 0x0, 0x0, 0xef,
    0x4f, 0x0, 0x0, 0x0, 0x0, 0x0, 0x0, 0x0,
    0x0, 0x3, 0xf7, 0x3d, 0x0, 0x0, 0xef, 0xf4,
    0xef, 0xef, 0xef, 0xef, 0x59, 0x0, 0x0, 0x0,
    0x3a, 0xff, 0x4d, 0x0, 0x0, 0xef, 0x70, 0x2f,
    0x2f, 0x2f, 0x2f, 0x11, 0x0, 0x0, 0x0, 0x8e,
    0xe0, 0xd2, 0x9, 0x0, 0xef, 0x4f, 0x0, 0x0,
    0x0, 0x0, 0x0, 0x0, 0x0, 0x17, 0xf2, 0x37,
    0xa8, 0xc4, 0x27, 0xef, 0x4f, 0x0, 0x0, 0x0,
    0x0, 0x0, 0x0, 0x3, 0xae, 0xba, 0x0, 0xe,
    0xac, 0xf8, 0xfc, 0x92, 0x4f, 0x3c, 0x33, 0x33,
    0x33, 0x33, 0x5a, 0xe4, 0x18, 0x0, 0x0, 0x0,
    0x48, 0x9a, 0xd7, 0xec, 0xfb, 0xff, 0xff, 0xff,
    0xb7, 0x0, 0x16, 0x0, 0x0, 0x0, 0x0, 0x0,
    0x0, 0x0, 0x0, 0x0, 0x0, 0x0, 0x0, 0x0,

    /* U+5E38 "常" */
    0x0, 0x2e, 0xca, 0x1c, 0x0, 0x0, 0xeb, 0x4b,
    0x0, 0x0, 0x57, 0xae, 0x8, 0x0, 0x0, 0x0,
    0x90, 0xae, 0x0, 0x0, 0xeb, 0x4b, 0x0, 0x1a,
    0xe0, 0x3d, 0x0, 0x0, 0xcd, 0xf3, 0xf5, 0xf5,
    0xf3, 0xf3, 0xff, 0xf7, 0xf3, 0xf3, 0xf5, 0xf3,
    0xf3, 0x48, 0xd7, 0x60, 0x17, 0x17, 0x17, 0x17,
    0x17, 0x17, 0x17, 0x17, 0x17, 0x17, 0xe6, 0x4b,
    0xd7, 0x4f, 0x36, 0xe7, 0xe7, 0xe7, 0xe7, 0xe7,
    0xe7, 0xe7, 0xe7, 0xe, 0xe3, 0x4b, 0x68, 0x26,
    0x3b, 0xeb, 0x0, 0x0, 0x0, 0x0, 0x0, 0x23,
    0xff, 0xf, 0x6e, 0x24, 0x0, 0x0, 0x3b, 0xed,
    0xf, 0xf, 0xf, 0xf, 0xf, 0x31, 0xff, 0xf,
    0x0, 0x0, 0x0, 0x0, 0x32, 0xd7, 0xd7, 0xd7,
    0xf9, 0xe8, 0xd7, 0xd7, 0xd7, 0xd, 0x0, 0x0,
    0x0, 0x9, 0xb, 0xb, 0xb, 0xb, 0xd6, 0x72,
    0xb, 0xb, 0xb, 0xb, 0x3, 0x0, 0x0, 0xc7,
    0xff, 0xff, 0xff, 0xff, 0xff, 0xff, 0xff, 0xff,
    0xff, 0xff, 0x4f, 0x0, 0x0, 0xc7, 0x89, 0xb,
    0xb, 0xb, 0xd6, 0x72, 0xb, 0xb, 0xb, 0xbb,
    0x4f, 0x0, 0x0, 0xc7, 0x83, 0x0, 0x0, 0x0,
    0xd3, 0x6b, 0x0, 0x0, 0x0, 0xb7, 0x4f, 0x0,
    0x0, 0xc7, 0x83, 0x0, 0x0, 0x0, 0xd3, 0x6b,
    0x2, 0x14, 0x10, 0xc7, 0x4c, 0x0, 0x0, 0xc7,
    0x83, 0x0, 0x0, 0x0, 0xd3, 0x6b, 0x2, 0xde,
    0xfa, 0xd3, 0x19, 0x0,

    /* U+5EA6 "度" */
    0x0, 0x0, 0x0, 0x0, 0x0, 0x0, 0x0, 0x2e,
    0x70, 0x0, 0x0, 0x0, 0x0, 0x0, 0x0, 0x0,
    0x0, 0x0, 0x0, 0x0, 0x0, 0x0, 0x0, 0x27,
    0xfd, 0x31, 0x0, 0x0, 0x0, 0x0, 0x0, 0x0,
    0x0, 0x0, 0xf0, 0xf3, 0xf3, 0xf3, 0xf3, 0xf3,
    0xfe, 0xf9, 0xf3, 0xf3, 0xf3, 0xf3, 0xf3, 0x29,
    0x0, 0x0, 0xfb, 0x5d, 0x2f, 0x2f, 0x42, 0x34,
    0x2f, 0x2f, 0x2f, 0x42, 0x35, 0x2f, 0x2f, 0x8,
    0x0, 0x0, 0xfb, 0x37, 0x0, 0x0, 0xeb, 0x3b,
    0x0, 0x0, 0x0, 0xeb, 0x43, 0x0, 0x0, 0x0,
    0x0, 0x0, 0xfb, 0x99, 0xef, 0xef, 0xfe, 0xf3,
    0xef, 0xef, 0xef, 0xfe, 0xf4, 0xef, 0xec, 0x0,
    0x0, 0x0, 0xfc, 0x3b, 0xb, 0xb, 0xec, 0x45,
    0xb, 0xb, 0xb, 0xec, 0x4c, 0xb, 0xb, 0x0,
    0x0, 0x1, 0xff, 0x30, 0x0, 0x0, 0xeb, 0x3b,
    0x0, 0x0, 0x0, 0xeb, 0x43, 0x0, 0x0, 0x0,
    0x0, 0x8, 0xff, 0x29, 0x0, 0x0, 0xe0, 0xf3,
    0xf3, 0xf3, 0xf3, 0xf3, 0x40, 0x0, 0x0, 0x0,
    0x0, 0x1b, 0xff, 0x17, 0xb, 0xb, 0xb, 0xb,
    0xb, 0xb, 0xb, 0xb, 0xd, 0x2, 0x0, 0x0,
    0x0, 0x31, 0xfb, 0x2e, 0xef, 0xf4, 0xf7, 0xef,
    0xef, 0xef, 0xef, 0xf0, 0xff, 0x86, 0x0, 0x0,
    0x0, 0x5d, 0xd6, 0x0, 0x0, 0x5b, 0xe2, 0x27,
    0x0, 0x0, 0x4, 0xa0, 0xcf, 0xa, 0x0, 0x0,
    0x0, 0x90, 0xa3, 0x0, 0x0, 0x0, 0x6d, 0xeb,
    0x70, 0x45, 0xcf, 0xb4, 0x16, 0x0, 0x0, 0x0,
    0x1, 0xde, 0x66, 0x0, 0x0, 0x5, 0x38, 0xab,
    0xff, 0xff, 0xd7, 0x45, 0xa, 0x0, 0x0, 0x0,
    0x41, 0xf7, 0x10, 0x92, 0xd7, 0xf7, 0xd9, 0x8f,
    0x42, 0x37, 0x8a, 0xdc, 0xfa, 0xd8, 0xb5, 0x1f,
    0x4, 0x3c, 0x0, 0x2f, 0x36, 0xc, 0x0, 0x0,
    0x0, 0x0, 0x0, 0x0, 0x13, 0x40, 0x56, 0x0,

    /* U+5EF6 "延" */
    0x0, 0x0, 0x0, 0x0, 0x0, 0x0, 0x0, 0x0,
    0x0, 0x0, 0x0, 0x0, 0x0, 0xa, 0x0, 0x0,
    0xb, 0x37, 0x37, 0x37, 0x43, 0x4, 0x0, 0x0,
    0x1, 0x1c, 0x46, 0x7d, 0xbc, 0xfa, 0x55, 0x0,
    0x2d, 0xdf, 0xdf, 0xe8, 0xfd, 0x2e, 0x65, 0xd0,
    0xf5, 0xef, 0xf9, 0xb9, 0x63, 0x24, 0x0, 0x0,
    0x0, 0x0, 0x0, 0x93, 0x9c, 0x0, 0x1b, 0x31,
    0x10, 0x0, 0xcf, 0x5b, 0x0, 0x0, 0x0, 0x0,
    0x0, 0x0, 0x2a, 0xe7, 0x16, 0x0, 0x0, 0x0,
    0x0, 0x0, 0xcf, 0x5b, 0x0, 0x0, 0x0, 0x0,
    0x0, 0x5, 0xc7, 0x55, 0x0, 0x0, 0xb, 0xf3,
    0x13, 0x0, 0xcf, 0x8a, 0x47, 0x47, 0x3c, 0x0,
    0x0, 0xaa, 0xff, 0xf3, 0xf4, 0x9c, 0xb, 0xff,
    0x13, 0x0, 0xcf, 0xd6, 0xbf, 0xbf, 0xa1, 0x0,
    0x0, 0x3c, 0x23, 0x23, 0xac, 0x82, 0xb, 0xff,
    0x13, 0x0, 0xcf, 0x5b, 0x0, 0x0, 0x0, 0x0,
    0x0, 0x48, 0x2d, 0x0, 0xce, 0x53, 0xb, 0xff,
    0x13, 0x0, 0xcf, 0x5b, 0x0, 0x0, 0x0, 0x0,
    0x0, 0x7b, 0x9a, 0x11, 0xfa, 0x1f, 0xb, 0xff,
    0x13, 0x0, 0xcf, 0x5b, 0x0, 0x0, 0x0, 0x0,
    0x0, 0x1b, 0xf1, 0x83, 0xc7, 0x0, 0xb, 0xff,
    0x22, 0xf, 0xd2, 0x66, 0xf, 0xf, 0xf, 0x2,
    0x0, 0x0, 0x81, 0xff, 0x6e, 0x0, 0xb, 0xff,
    0xff, 0xff, 0xff, 0xff, 0xff, 0xff, 0xff, 0x2f,
    0x0, 0x0, 0x6a, 0xff, 0xd1, 0x2b, 0x0, 0xb,
    0xb, 0xb, 0xb, 0xb, 0xb, 0xb, 0xb, 0x2,
    0x0, 0x34, 0xf6, 0x6e, 0xa0, 0xfd, 0xb9, 0x74,
    0x59, 0x3f, 0x26, 0x1f, 0x1f, 0x21, 0x23, 0x10,
    0x33, 0xf4, 0x90, 0x0, 0x0, 0x2e, 0x89, 0xb3,
    0xcc, 0xe5, 0xfc, 0xff, 0xff, 0xff, 0xf7, 0x21,
    0x2, 0x4d, 0x0, 0x0, 0x0, 0x0, 0x0, 0x0,
    0x0, 0x0, 0x0, 0x0, 0x0, 0x0, 0x0, 0x0,

    /* U+5F0F "式" */
    0x0, 0x0, 0x0, 0x0, 0x0, 0x0, 0x0, 0x0,
    0x0, 0xf0, 0x52, 0x50, 0xb6, 0x17, 0x0, 0x0,
    0x0, 0x0, 0x0, 0x0, 0x0, 0x0, 0x0, 0x0,
    0x0, 0xe9, 0x5a, 0x5, 0x8c, 0xe2, 0x27, 0x0,
    0x7, 0x3b, 0x3b, 0x3b, 0x3b, 0x3b, 0x3b, 0x3b,
    0x3b, 0xe9, 0x86, 0x3b, 0x3b, 0x90, 0x48, 0x9,
    0x1d, 0xef, 0xef, 0xef, 0xef, 0xef, 0xef, 0xef,
    0xef, 0xfc, 0xf7, 0xef, 0xef, 0xef, 0xef, 0x25,
    0x0, 0x0, 0x0, 0x0, 0x0, 0x0, 0x0, 0x0,
    0x0, 0xba, 0x85, 0x0, 0x0, 0x0, 0x0, 0x0,
    0x0, 0x0, 0x0, 0x0, 0x0, 0x0, 0x0, 0x0,
    0x0, 0x9b, 0xa5, 0x0, 0x0, 0x0, 0x0, 0x0,
    0x0, 0x89, 0xf3, 0xf3, 0xf3, 0xf3, 0xf3, 0xf3,
    0x7d, 0x7c, 0xc5, 0x0, 0x0, 0x0, 0x0, 0x0,
    0x0, 0x1d, 0x33, 0x33, 0xc0, 0x9d, 0x33, 0x33,
    0x1a, 0x5c, 0xea, 0x0, 0x0, 0x0, 0x0, 0x0,
    0x0, 0x0, 0x0, 0x0, 0xaf, 0x83, 0x0, 0x0,
    0x0, 0x26, 0xff, 0x28, 0x0, 0x0, 0x0, 0x0,
    0x0, 0x0, 0x0, 0x0, 0xaf, 0x83, 0x0, 0x0,
    0x0, 0x0, 0xe0, 0x6a, 0x0, 0x0, 0x4, 0x0,
    0x0, 0x0, 0x0, 0x0, 0xaf, 0x83, 0x0, 0x2,
    0x26, 0x0, 0x9a, 0xb9, 0x0, 0x0, 0x98, 0x4a,
    0x0, 0x0, 0x3, 0x2a, 0xc7, 0xcf, 0xc1, 0xf2,
    0xe3, 0x3, 0x3e, 0xfe, 0x32, 0x0, 0xbd, 0x56,
    0x1, 0xbd, 0xf6, 0xfb, 0xcc, 0x92, 0x58, 0x1e,
    0x0, 0x0, 0x0, 0xb2, 0xde, 0x59, 0xf2, 0x26,
    0x0, 0x51, 0x3c, 0x9, 0x0, 0x0, 0x0, 0x0,
    0x0, 0x0, 0x0, 0x10, 0xa9, 0xf2, 0x9f, 0x0,

    /* U+5FC3 "心" */
    0x0, 0x0, 0x0, 0x0, 0x0, 0x2c, 0x9f, 0x10,
    0x0, 0x0, 0x0, 0x0, 0x0, 0x0, 0x0, 0x0,
    0x0, 0x0, 0x0, 0x0, 0x0, 0x13, 0xbb, 0xdf,
    0x36, 0x0, 0x0, 0x0, 0x0, 0x0, 0x0, 0x0,
    0x0, 0x0, 0x0, 0x0, 0x0, 0x0, 0x3, 0x8a,
    0xf8, 0x58, 0x0, 0x0, 0x0, 0x0, 0x0, 0x0,
    0x0, 0x0, 0x0, 0x0, 0x0, 0x0, 0x0, 0x0,
    0x6a, 0xfc, 0x49, 0x0, 0x0, 0x0, 0x0, 0x0,
    0x0, 0x0, 0x0, 0x0, 0x44, 0xec, 0x0, 0x0,
    0x0, 0x4d, 0x9, 0x0, 0x1, 0x7, 0x0, 0x0,
    0x0, 0x0, 0x9c, 0x25, 0x47, 0xf7, 0x0, 0x0,
    0x0, 0x0, 0x0, 0x0, 0xb4, 0x7c, 0x0, 0x0,
    0x0, 0x11, 0xff, 0x23, 0x47, 0xf7, 0x0, 0x0,
    0x0, 0x0, 0x0, 0x0, 0x69, 0xe3, 0x3, 0x0,
    0x0, 0x3f, 0xf6, 0x2, 0x47, 0xf7, 0x0, 0x0,
    0x0, 0x0, 0x0, 0x0, 0xe, 0xf4, 0x50, 0x0,
    0x0, 0x73, 0xce, 0x0, 0x47, 0xf7, 0x0, 0x0,
    0x0, 0x0, 0x0, 0x0, 0x0, 0xa0, 0xa9, 0x0,
    0x0, 0xbf, 0x94, 0x0, 0x47, 0xf7, 0x0, 0x0,
    0x0, 0x0, 0x0, 0x38, 0x4, 0x57, 0xf0, 0x4,
    0x11, 0xfb, 0x52, 0x0, 0x47, 0xf7, 0x0, 0x0,
    0x0, 0x0, 0x0, 0xc3, 0x67, 0x12, 0xfd, 0x39,
    0x17, 0x9d, 0xa, 0x0, 0x47, 0xf8, 0x0, 0x0,
    0x0, 0x0, 0x0, 0xdb, 0x4f, 0x0, 0x29, 0x0,
    0x0, 0x0, 0x0, 0x0, 0x39, 0xff, 0x46, 0x20,
    0x1f, 0x1f, 0x4a, 0xfc, 0x19, 0x0, 0x0, 0x0,
    0x0, 0x0, 0x0, 0x0, 0x5, 0xb5, 0xf6, 0xff,
    0xff, 0xff, 0xef, 0x83, 0x0, 0x0, 0x0, 0x0,

    /* U+603B "总" */
    0x0, 0x0, 0x0, 0x0, 0x15, 0x15, 0x0, 0x0,
    0x0, 0x0, 0xf, 0x2a, 0x0, 0x0, 0x0, 0x0,
    0x0, 0x0, 0x0, 0x0, 0x9d, 0xbd, 0x2, 0x0,
    0x0, 0x0, 0x7e, 0xe4, 0x9, 0x0, 0x0, 0x0,
    0x0, 0x0, 0x0, 0x0, 0x10, 0xe8, 0x66, 0x0,
    0x0, 0x14, 0xee, 0x54, 0x0, 0x0, 0x0, 0x0,
    0x0, 0x0, 0x1, 0x2b, 0x2b, 0x93, 0x9f, 0x2b,
    0x2b, 0xa1, 0xcf, 0x2c, 0x2b, 0x5, 0x0, 0x0,
    0x0, 0x0, 0x7, 0xff, 0xf6, 0xf3, 0xf3, 0xf3,
    0xf3, 0xf3, 0xf3, 0xf6, 0xff, 0x1f, 0x0, 0x0,
    0x0, 0x0, 0x7, 0xff, 0x3b, 0x0, 0x0, 0x0,
    0x0, 0x0, 0x0, 0x33, 0xff, 0x1f, 0x0, 0x0,
    0x0, 0x0, 0x7, 0xff, 0x3b, 0x0, 0x0, 0x0,
    0x0, 0x0, 0x0, 0x33, 0xff, 0x1f, 0x0, 0x0,
    0x0, 0x0, 0x7, 0xff, 0x5d, 0x2b, 0x2b, 0x2b,
    0x2b, 0x2b, 0x2b, 0x57, 0xff, 0x1f, 0x0, 0x0,
    0x0, 0x0, 0x7, 0xf3, 0xf3, 0xf3, 0xf3, 0xf4,
    0xf3, 0xf3, 0xf3, 0xf3, 0xf3, 0x1e, 0x0, 0x0,
    0x0, 0x0, 0x0, 0x0, 0x0, 0x0, 0x24, 0xd4,
    0x3c, 0x0, 0x0, 0x0, 0x0, 0x1, 0x0, 0x0,
    0x0, 0x0, 0x9a, 0x23, 0x7f, 0xb9, 0x0, 0x5e,
    0xf2, 0x60, 0x0, 0x0, 0x8d, 0x7f, 0x0, 0x0,
    0x0, 0x35, 0xf9, 0xd, 0x83, 0xbf, 0x0, 0x0,
    0x46, 0xed, 0x1b, 0x0, 0x26, 0xf2, 0x40, 0x0,
    0x0, 0x9c, 0xb3, 0x0, 0x83, 0xbf, 0x0, 0x0,
    0x0, 0xd, 0x0, 0x65, 0x36, 0x70, 0xd2, 0x2,
    0x1c, 0xf9, 0x35, 0x0, 0x7d, 0xd9, 0x1e, 0x17,
    0x17, 0x17, 0x28, 0xd5, 0x68, 0x7, 0xc6, 0x1f,
    0x0, 0x1a, 0x0, 0x0, 0x2d, 0xd7, 0xf9, 0xff,
    0xff, 0xff, 0xfc, 0xce, 0x13, 0x0, 0x0, 0x0,

    /* U+626D "扭" */
    0x0, 0x0, 0x13, 0xff, 0x13, 0x0, 0x72, 0xf3,
    0xf3, 0xf3, 0xf3, 0xf3, 0xf3, 0xf3, 0x6f, 0x0,
    0x0, 0x0, 0x13, 0xff, 0x13, 0x0, 0x10, 0x23,
    0x23, 0xc8, 0x92, 0x23, 0x23, 0xd2, 0x65, 0x0,
    0x5, 0x33, 0x43, 0xff, 0x43, 0x2f, 0x0, 0x0,
    0x0, 0xd6, 0x67, 0x0, 0x0, 0xd9, 0x56, 0x0,
    0x1a, 0xf3, 0xf4, 0xff, 0xf4, 0xe0, 0x0, 0x0,
    0x0, 0xef, 0x4c, 0x0, 0x0, 0xe9, 0x47, 0x0,
    0x0, 0x0, 0x13, 0xff, 0x13, 0x0, 0x0, 0x0,
    0x8, 0xff, 0x31, 0x0, 0x0, 0xf9, 0x36, 0x0,
    0x0, 0x0, 0x13, 0xff, 0x13, 0x0, 0x5, 0xb,
    0x2a, 0xff, 0x23, 0xb, 0x14, 0xff, 0x25, 0x0,
    0x0, 0x0, 0x13, 0xff, 0x29, 0x46, 0x73, 0xff,
    0xff, 0xff, 0xff, 0xff, 0xff, 0xff, 0x14, 0x0,
    0x0, 0x27, 0x7c, 0xff, 0xfe, 0xc1, 0xc, 0x1b,
    0x6d, 0xdd, 0x1b, 0x1b, 0x44, 0xfd, 0x3, 0x0,
    0x39, 0xff, 0xe1, 0xff, 0x3d, 0x0, 0x0, 0x0,
    0x79, 0xba, 0x0, 0x0, 0x42, 0xec, 0x0, 0x0,
    0x5, 0x30, 0x14, 0xff, 0x13, 0x0, 0x0, 0x0,
    0x9a, 0x99, 0x0, 0x0, 0x58, 0xd8, 0x0, 0x0,
    0x0, 0x0, 0x13, 0xff, 0x13, 0x0, 0x0, 0x0,
    0xbc, 0x79, 0x0, 0x0, 0x70, 0xc3, 0x0, 0x0,
    0x0, 0x0, 0x13, 0xff, 0x13, 0x0, 0x0, 0x0,
    0xe0, 0x56, 0x0, 0x0, 0x8b, 0xaa, 0x0, 0x0,
    0x0, 0x20, 0x40, 0xff, 0x10, 0xb, 0x27, 0x2b,
    0xfd, 0x55, 0x27, 0x27, 0xb2, 0xa6, 0x27, 0x11,
    0x0, 0xa6, 0xf4, 0xb1, 0x0, 0x47, 0xff, 0xff,
    0xff, 0xff, 0xff, 0xff, 0xff, 0xff, 0xff, 0x6f,

    /* U+62A4 "护" */
    0x0, 0x0, 0x0, 0x0, 0x0, 0x0, 0x0, 0x0,
    0x0, 0x0, 0x0, 0x0, 0x0, 0x0, 0x0, 0x0,
    0x0, 0x0, 0xff, 0x2b, 0x0, 0x0, 0x0, 0x0,
    0x41, 0xd9, 0x1c, 0x0, 0x0, 0x0, 0x0, 0x0,
    0x0, 0xff, 0x2b, 0x0, 0x0, 0x0, 0x0, 0x0,
    0xa7, 0xc7, 0x3, 0x0, 0x0, 0x6, 0x2f, 0x2f,
    0xff, 0x53, 0x2f, 0x1, 0x8c, 0x97, 0x97, 0xaa,
    0xcf, 0x98, 0x97, 0x8c, 0x22, 0xf3, 0xf3, 0xff,
    0xf6, 0xf3, 0x7, 0xeb, 0x98, 0x6f, 0x6f, 0x6f,
    0x6f, 0x98, 0xeb, 0x0, 0x0, 0x0, 0xff, 0x2b,
    0x0, 0x0, 0xeb, 0x47, 0x0, 0x0, 0x0, 0x0,
    0x47, 0xeb, 0x0, 0x0, 0x0, 0xff, 0x2b, 0x0,
    0x0, 0xeb, 0x47, 0x0, 0x0, 0x0, 0x0, 0x47,
    0xeb, 0x0, 0x0, 0x0, 0xff, 0x2b, 0x1b, 0x0,
    0xee, 0x81, 0x4f, 0x4f, 0x4f, 0x4f, 0x81, 0xeb,
    0x0, 0xb, 0x41, 0xff, 0xde, 0xf8, 0x11, 0xfe,
    0xdf, 0xd3, 0xd3, 0xd3, 0xd3, 0xe0, 0xeb, 0x3b,
    0xf7, 0xc1, 0xff, 0x5c, 0x9, 0x19, 0xff, 0x28,
    0x0, 0x0, 0x0, 0x0, 0x2b, 0x8f, 0x4, 0xf,
    0x0, 0xff, 0x2b, 0x0, 0x31, 0xfb, 0x5, 0x0,
    0x0, 0x0, 0x0, 0x0, 0x0, 0x0, 0x0, 0x0,
    0xff, 0x2b, 0x0, 0x68, 0xd9, 0x0, 0x0, 0x0,
    0x0, 0x0, 0x0, 0x0, 0x0, 0x0, 0x0, 0xff,
    0x2b, 0x0, 0xc1, 0x99, 0x0, 0x0, 0x0, 0x0,
    0x0, 0x0, 0x0, 0x0, 0x1d, 0x2c, 0xff, 0x29,
    0x54, 0xfe, 0x30, 0x0, 0x0, 0x0, 0x0, 0x0,
    0x0, 0x0, 0x0, 0xab, 0xfb, 0xc4, 0x7, 0x80,
    0x8d, 0x0, 0x0, 0x0, 0x0, 0x0, 0x0, 0x0,
    0x0, 0x0, 0x1, 0x0, 0x0, 0x0, 0x0, 0x2,
    0x0, 0x0, 0x0, 0x0, 0x0, 0x0, 0x0, 0x0,

    /* U+62A5 "报" */
    0x0, 0x0, 0x0, 0xfb, 0x3b, 0x0, 0x39, 0xf3,
    0xf3, 0xf3, 0xf3, 0xf3, 0xf3, 0xf3, 0x4c, 0x0,
    0x0, 0x0, 0x0, 0xfb, 0x3b, 0x0, 0x3b, 0xf9,
    0x27, 0x27, 0x27, 0x27, 0x27, 0xf4, 0x42, 0x0,
    0x5, 0x17, 0x17, 0xfc, 0x4e, 0x17, 0x3d, 0xf7,
    0x0, 0x0, 0x0, 0x0, 0x4, 0xfe, 0x30, 0x0,
    0x3f, 0xff, 0xff, 0xff, 0xff, 0xff, 0x4b, 0xf7,
    0x0, 0x15, 0x38, 0x2d, 0x61, 0xfd, 0xf, 0x0,
    0xa, 0x2b, 0x2b, 0xfc, 0x5d, 0x2b, 0x3e, 0xf7,
    0x0, 0x1c, 0xc1, 0xc9, 0xbf, 0x62, 0x0, 0x0,
    0x0, 0x0, 0x0, 0xfb, 0x3b, 0x0, 0x3b, 0xf9,
    0x33, 0x33, 0x33, 0x33, 0x33, 0x34, 0x1a, 0x0,
    0x0, 0x0, 0x0, 0xfb, 0x3b, 0x1b, 0x3e, 0xff,
    0xf4, 0xf6, 0xe7, 0xe7, 0xe7, 0xf6, 0xad, 0x0,
    0x0, 0x15, 0x53, 0xfd, 0xe5, 0xf8, 0x55, 0xf7,
    0x42, 0xde, 0x5, 0x0, 0x0, 0xd4, 0x56, 0x0,
    0x56, 0xff, 0xd8, 0xfe, 0x6e, 0xa, 0x3b, 0xf7,
    0x0, 0xc6, 0x6f, 0x0, 0x3e, 0xf2, 0xb, 0x0,
    0xf, 0x1d, 0x0, 0xfb, 0x3b, 0x0, 0x3b, 0xf7,
    0x0, 0x38, 0xf2, 0x30, 0xcf, 0x71, 0x0, 0x0,
    0x0, 0x0, 0x0, 0xfb, 0x3b, 0x0, 0x3b, 0xf7,
    0x0, 0x0, 0x7c, 0xf4, 0xd0, 0x3, 0x0, 0x0,
    0x0, 0x0, 0x0, 0xfb, 0x3b, 0x0, 0x3b, 0xf7,
    0x0, 0x7, 0x92, 0xfe, 0xdc, 0x2c, 0x0, 0x0,
    0x8, 0x1c, 0x29, 0xfd, 0x38, 0x0, 0x3b, 0xf7,
    0x2a, 0xd1, 0xcf, 0x2b, 0x9c, 0xf4, 0x81, 0xe,
    0x1a, 0xfe, 0xfc, 0xc9, 0xd, 0x0, 0x3b, 0xf7,
    0x9c, 0x96, 0x7, 0x0, 0x0, 0x5b, 0xca, 0x18,
    0x0, 0x5, 0x0, 0x0, 0x0, 0x0, 0x0, 0x0,
    0x1, 0x0, 0x0, 0x0, 0x0, 0x0, 0x0, 0x0,

    /* U+63A5 "接" */
    0x0, 0x0, 0xa3, 0x7b, 0x0, 0x0, 0x0, 0x0,
    0x3, 0xc2, 0x3e, 0x0, 0x0, 0x0, 0x0, 0x0,
    0x0, 0x0, 0xa3, 0x7b, 0x0, 0xa, 0x87, 0x87,
    0x87, 0xc7, 0xdd, 0x87, 0x87, 0x87, 0x52, 0x0,
    0x15, 0x27, 0xb2, 0x90, 0x27, 0xb, 0x67, 0xad,
    0x7d, 0x67, 0x67, 0x6d, 0xb7, 0x6f, 0x3f, 0x0,
    0x85, 0xf3, 0xfb, 0xf9, 0xf3, 0x13, 0x0, 0x91,
    0xa8, 0x0, 0x0, 0x6d, 0xd4, 0x5, 0x0, 0x0,
    0x0, 0x0, 0xa3, 0x7b, 0x0, 0x2, 0x3, 0x17,
    0xc4, 0x10, 0x12, 0xea, 0x3f, 0x3, 0x3, 0x0,
    0x0, 0x0, 0xa3, 0x7b, 0x0, 0xa3, 0xff, 0xff,
    0xff, 0xff, 0xff, 0xff, 0xff, 0xff, 0xff, 0x7,
    0x0, 0x0, 0xa3, 0x7b, 0x23, 0x5, 0x7, 0x7,
    0x35, 0xcb, 0xc, 0x7, 0x7, 0x7, 0x7, 0x0,
    0x0, 0x30, 0xc8, 0xf4, 0xf9, 0x18, 0x17, 0x17,
    0xa7, 0xa6, 0x17, 0x17, 0x17, 0x17, 0x17, 0x4,
    0x9b, 0xfa, 0xf0, 0xa6, 0x16, 0xcd, 0xf3, 0xf9,
    0xfd, 0xf3, 0xf3, 0xf3, 0xff, 0xf6, 0xf3, 0x31,
    0x21, 0xf, 0xa3, 0x7b, 0x0, 0x0, 0x8, 0xd0,
    0x6b, 0x0, 0x0, 0x3c, 0xf3, 0xd, 0x0, 0x0,
    0x0, 0x0, 0xa3, 0x7b, 0x0, 0x0, 0x82, 0xfa,
    0x79, 0x25, 0xc, 0xce, 0x86, 0x0, 0x0, 0x0,
    0x0, 0x0, 0xa3, 0x7b, 0x0, 0x0, 0x0, 0x36,
    0x89, 0xeb, 0xee, 0xe8, 0x13, 0x0, 0x0, 0x0,
    0x9, 0x20, 0xb8, 0x79, 0x0, 0x1e, 0x47, 0x76,
    0xca, 0xdd, 0x76, 0xb6, 0xf1, 0x89, 0x10, 0x0,
    0x1b, 0xf8, 0xe0, 0x35, 0x1, 0xc8, 0xc5, 0x8e,
    0x4f, 0x3, 0x0, 0x0, 0x34, 0xc7, 0x6b, 0x0,
    0x0, 0x0, 0x0, 0x0, 0x0, 0x0, 0x0, 0x0,
    0x0, 0x0, 0x0, 0x0, 0x0, 0x1, 0x0, 0x0,

    /* U+63A7 "控" */
    0x0, 0x0, 0x0, 0x0, 0x0, 0x0, 0x0, 0x0,
    0x0, 0x0, 0x0, 0x0, 0x0, 0x0, 0x0, 0x0,
    0x0, 0x0, 0x27, 0xf7, 0x0, 0x0, 0x0, 0x0,
    0x0, 0x2b, 0xdf, 0xd, 0x0, 0x0, 0x0, 0x0,
    0x0, 0x0, 0x27, 0xf7, 0x0, 0x0, 0x36, 0x3b,
    0x3b, 0x3c, 0xe4, 0x8c, 0x3b, 0x3b, 0x3b, 0xf,
    0x4, 0x2f, 0x50, 0xf9, 0x2f, 0x1d, 0xe7, 0xc4,
    0xb7, 0xb7, 0xb7, 0xb7, 0xb7, 0xb7, 0xf8, 0x43,
    0x16, 0xf3, 0xf5, 0xff, 0xf3, 0x98, 0xe7, 0x2b,
    0x2, 0x34, 0x0, 0x1d, 0x24, 0x0, 0xe3, 0x43,
    0x0, 0x0, 0x27, 0xf7, 0x0, 0x0, 0x44, 0xd,
    0x94, 0xcb, 0x9, 0x52, 0xe3, 0x27, 0x20, 0x9,
    0x0, 0x0, 0x27, 0xf7, 0x0, 0x0, 0x4, 0x92,
    0xe2, 0x19, 0x0, 0x0, 0x69, 0xe6, 0x21, 0x0,
    0x0, 0x0, 0x27, 0xf7, 0x0, 0x7, 0x9a, 0xd8,
    0x20, 0x0, 0x0, 0x0, 0x0, 0x87, 0xae, 0x0,
    0x0, 0x0, 0x31, 0xfc, 0xc2, 0x9b, 0x29, 0x43,
    0x2f, 0x2f, 0x2f, 0x2f, 0x2f, 0x31, 0x1e, 0x0,
    0x1d, 0xb9, 0xfa, 0xfd, 0x73, 0x19, 0x26, 0xdf,
    0xdf, 0xdf, 0xfe, 0xe7, 0xdf, 0xdf, 0x3e, 0x0,
    0xe, 0x85, 0x50, 0xf7, 0x0, 0x0, 0x0, 0x0,
    0x0, 0x0, 0xf7, 0x3f, 0x0, 0x0, 0x0, 0x0,
    0x0, 0x0, 0x27, 0xf7, 0x0, 0x0, 0x0, 0x0,
    0x0, 0x0, 0xf7, 0x3f, 0x0, 0x0, 0x0, 0x0,
    0x0, 0x0, 0x27, 0xf7, 0x0, 0x0, 0x0, 0x0,
    0x0, 0x0, 0xf7, 0x3f, 0x0, 0x0, 0x0, 0x0,
    0x0, 0x1b, 0x4a, 0xf5, 0x0, 0x7, 0xf, 0xf,
    0xf, 0xf, 0xf8, 0x4b, 0xf, 0xf, 0xf, 0x6,
    0x0, 0xbb, 0xf2, 0x9c, 0x0, 0x77, 0xff, 0xff,
    0xff, 0xff, 0xff, 0xff, 0xff, 0xff, 0xff, 0x6b,

    /* U+63CF "描" */
    0x0, 0x0, 0x2b, 0xec, 0x0, 0x0, 0x0, 0x0,
    0xeb, 0x3b, 0x0, 0x0, 0xeb, 0x3b, 0x0, 0x0,
    0x0, 0x0, 0x2b, 0xef, 0x0, 0x0, 0x0, 0x0,
    0xeb, 0x3b, 0x0, 0x0, 0xeb, 0x3b, 0x0, 0x0,
    0x4, 0x27, 0x4d, 0xf2, 0x27, 0x29, 0xf7, 0xf7,
    0xff, 0xf9, 0xf7, 0xf7, 0xff, 0xf9, 0xf7, 0x55,
    0x1a, 0xf3, 0xf6, 0xff, 0xf3, 0xa0, 0x0, 0x0,
    0xeb, 0x3b, 0x0, 0x0, 0xeb, 0x3b, 0x0, 0x0,
    0x0, 0x0, 0x2b, 0xef, 0x0, 0x0, 0x0, 0x0,
    0xeb, 0x3b, 0x0, 0x0, 0xeb, 0x3b, 0x0, 0x0,
    0x0, 0x0, 0x2b, 0xef, 0x0, 0x0, 0xc, 0x1f,
    0x92, 0x3d, 0x1f, 0x1f, 0x92, 0x3d, 0x18, 0x0,
    0x0, 0x0, 0x2b, 0xef, 0x7, 0x1f, 0x63, 0xfc,
    0xf3, 0xf3, 0xff, 0xf5, 0xf3, 0xf8, 0xc3, 0x0,
    0x0, 0x1e, 0x7a, 0xfd, 0xf3, 0x8f, 0x63, 0xab,
    0x0, 0x0, 0xeb, 0x27, 0x0, 0x63, 0xc3, 0x0,
    0x33, 0xfc, 0xd2, 0xf4, 0x20, 0x0, 0x63, 0xab,
    0x0, 0x0, 0xeb, 0x27, 0x0, 0x63, 0xc3, 0x0,
    0x3, 0x14, 0x2b, 0xef, 0x0, 0x0, 0x63, 0xfc,
    0xf3, 0xf3, 0xff, 0xf5, 0xf3, 0xf8, 0xc3, 0x0,
    0x0, 0x0, 0x2b, 0xef, 0x0, 0x0, 0x63, 0xb5,
    0x1b, 0x1b, 0xee, 0x3f, 0x1b, 0x75, 0xc3, 0x0,
    0x0, 0x0, 0x2b, 0xef, 0x0, 0x0, 0x63, 0xab,
    0x0, 0x0, 0xeb, 0x27, 0x0, 0x63, 0xc3, 0x0,
    0x0, 0x19, 0x4b, 0xed, 0x0, 0x0, 0x63, 0xf4,
    0xdb, 0xdb, 0xfd, 0xe1, 0xdb, 0xea, 0xc3, 0x0,
    0x0, 0xc4, 0xf5, 0x95, 0x0, 0x0, 0x63, 0xbe,
    0x37, 0x37, 0x37, 0x37, 0x37, 0x86, 0xc3, 0x0,
    0x0, 0x0, 0x0, 0x0, 0x0, 0x0, 0x0, 0x0,
    0x0, 0x0, 0x0, 0x0, 0x0, 0x0, 0x0, 0x0,

    /* U+64CD "操" */
    0x0, 0x0, 0x3b, 0xe7, 0x0, 0x0, 0x0, 0x2b,
    0xe7, 0xe7, 0xe7, 0xe7, 0xe7, 0x9b, 0x0, 0x0,
    0x0, 0x0, 0x3b, 0xe7, 0x0, 0x0, 0x0, 0x2f,
    0xdf, 0x0, 0x0, 0x0, 0x6f, 0xab, 0x0, 0x0,
    0x4, 0x63, 0x88, 0xf1, 0x63, 0x27, 0x0, 0x2f,
    0xeb, 0x5f, 0x5f, 0x5f, 0xa5, 0xab, 0x0, 0x0,
    0x8, 0xb3, 0xc5, 0xf8, 0xb3, 0x46, 0x0, 0x18,
    0x83, 0x83, 0x83, 0x83, 0x83, 0x58, 0x0, 0x0,
    0x0, 0x0, 0x3b, 0xe7, 0x0, 0x0, 0x9f, 0xc7,
    0xc7, 0xc7, 0x31, 0xa8, 0xc7, 0xc7, 0xc7, 0x3b,
    0x0, 0x0, 0x3b, 0xe7, 0x0, 0x0, 0xcb, 0x3c,
    0x17, 0xc2, 0x3f, 0xd7, 0x34, 0x17, 0xbb, 0x4b,
    0x0, 0x0, 0x3b, 0xe9, 0x48, 0x34, 0xcb, 0x27,
    0x0, 0xbb, 0x3f, 0xd7, 0x1f, 0x0, 0xb3, 0x4b,
    0x9, 0x5a, 0xa4, 0xfd, 0xc2, 0x4a, 0xcb, 0xe8,
    0xe3, 0xf8, 0x76, 0xe8, 0xe7, 0xe3, 0xf7, 0x4b,
    0x9, 0xd4, 0x9d, 0xe7, 0x0, 0x0, 0x0, 0x0,
    0x0, 0x0, 0xdb, 0x43, 0x0, 0x0, 0x0, 0x0,
    0x0, 0x0, 0x3b, 0xe7, 0x0, 0x16, 0xf3, 0xf3,
    0xf3, 0xf3, 0xfe, 0xf7, 0xf3, 0xf3, 0xf3, 0xa0,
    0x0, 0x0, 0x3b, 0xe7, 0x0, 0x1, 0xf, 0xf,
    0x57, 0xed, 0xf7, 0xee, 0x92, 0x11, 0xf, 0xa,
    0x0, 0x0, 0x3b, 0xe7, 0x0, 0x0, 0xb, 0x83,
    0xeb, 0x43, 0xdb, 0x53, 0xc6, 0xa9, 0x16, 0x0,
    0x0, 0x9, 0x4e, 0xe5, 0x13, 0x8c, 0xef, 0xbd,
    0x24, 0x0, 0xdb, 0x43, 0xb, 0x9e, 0xf3, 0x75,
    0x0, 0x72, 0xfa, 0x98, 0x5, 0x8f, 0x3a, 0x0,
    0x0, 0x0, 0xdb, 0x43, 0x0, 0x0, 0x39, 0x37,
    0x0, 0x0, 0x0, 0x0, 0x0, 0x0, 0x0, 0x0,
    0x0, 0x0, 0x0, 0x0, 0x0, 0x0, 0x0, 0x0,

    /* U+6548 "效" */
    0x0, 0x0, 0x0, 0x8, 0xe, 0x0, 0x0, 0x0,
    0x0, 0x0, 0x21, 0xa, 0x0, 0x0, 0x0, 0x0,
    0x0, 0x0, 0x0, 0x8e, 0xba, 0x0, 0x0, 0x0,
    0x0, 0x0, 0xdc, 0x4f, 0x0, 0x0, 0x0, 0x0,
    0x0, 0x0, 0x0, 0x13, 0xeb, 0x3b, 0x0, 0x0,
    0x0, 0x18, 0xff, 0x17, 0x0, 0x0, 0x0, 0x0,
    0x11, 0xe3, 0xe3, 0xe3, 0xee, 0xe3, 0xe3, 0xe3,
    0x2e, 0x55, 0xee, 0x4f, 0x4f, 0x4f, 0x4f, 0x15,
    0x4, 0x33, 0x56, 0x57, 0x33, 0x49, 0x5a, 0x33,
    0xa, 0x92, 0xe7, 0xcf, 0xcf, 0xf7, 0xe0, 0x37,
    0x0, 0x0, 0xc0, 0x75, 0x0, 0x55, 0xde, 0x10,
    0x4, 0xe6, 0x47, 0x0, 0x2, 0xf2, 0x33, 0x0,
    0x0, 0x4d, 0xe6, 0x9, 0x0, 0x0, 0xa6, 0x97,
    0x56, 0xff, 0x50, 0x0, 0x29, 0xf6, 0x4, 0x0,
    0x1a, 0xea, 0x56, 0x8, 0x0, 0x77, 0x74, 0xa9,
    0xe0, 0xe2, 0xa7, 0x0, 0x5e, 0xc1, 0x0, 0x0,
    0x1c, 0x79, 0x83, 0xbc, 0xe, 0xed, 0x39, 0xf,
    0xaa, 0x34, 0xf4, 0xa, 0xb3, 0x80, 0x0, 0x0,
    0x0, 0x0, 0xb, 0xc6, 0xda, 0xd6, 0x0, 0x0,
    0x0, 0x0, 0xcd, 0x71, 0xf7, 0x1c, 0x0, 0x0,
    0x0, 0x0, 0x0, 0x18, 0xf9, 0xae, 0x0, 0x0,
    0x0, 0x0, 0x6a, 0xf8, 0xa7, 0x0, 0x0, 0x0,
    0x0, 0x0, 0x0, 0x93, 0xd5, 0xf1, 0x62, 0x0,
    0x0, 0x0, 0x3f, 0xff, 0x6b, 0x0, 0x0, 0x0,
    0x0, 0x0, 0x59, 0xf1, 0x25, 0x58, 0xf4, 0x22,
    0x0, 0x22, 0xe8, 0xc0, 0xf2, 0x29, 0x0, 0x0,
    0x1, 0x7b, 0xf6, 0x4e, 0x0, 0x0, 0x8a, 0x22,
    0x43, 0xe1, 0x96, 0x0, 0x9c, 0xe0, 0x35, 0x0,
    0x22, 0xda, 0x3b, 0x0, 0x0, 0x0, 0x0, 0x92,
    0xf8, 0x7a, 0x1, 0x0, 0x6, 0x9f, 0xfa, 0x34,
    0x0, 0x2, 0x0, 0x0, 0x0, 0x0, 0x0, 0x37,
    0x2a, 0x0, 0x0, 0x0, 0x0, 0x0, 0x44, 0x0,

    /* U+6570 "数" */
    0x0, 0x2a, 0x5c, 0x0, 0xc3, 0x5b, 0xa, 0x8a,
    0xa, 0x0, 0xbf, 0x29, 0x0, 0x0, 0x0, 0x0,
    0x0, 0x14, 0xe8, 0x1e, 0xc3, 0x5b, 0x88, 0x9c,
    0x0, 0x1d, 0xfb, 0xb, 0x0, 0x0, 0x0, 0x0,
    0x5, 0x47, 0x9c, 0x69, 0xd4, 0x8a, 0xab, 0x51,
    0x2c, 0x55, 0xda, 0x2b, 0x2b, 0x2b, 0x2b, 0xd,
    0xe, 0xb3, 0xb3, 0xc8, 0xff, 0xf1, 0xb4, 0xb3,
    0x70, 0x8d, 0xfa, 0xf3, 0xf3, 0xff, 0xf6, 0x48,
    0x0, 0x0, 0xd, 0xce, 0xfc, 0xe3, 0xad, 0x15,
    0x0, 0xd6, 0xa7, 0x0, 0xa, 0xfc, 0x16, 0x0,
    0x0, 0x20, 0xc5, 0x94, 0xc4, 0x5d, 0x8a, 0xe1,
    0x41, 0xfd, 0xed, 0x3, 0x38, 0xe1, 0x0, 0x0,
    0x10, 0xea, 0x7e, 0x1, 0xc0, 0x5a, 0x0, 0x2c,
    0xbe, 0x7b, 0xed, 0x3a, 0x6e, 0xac, 0x0, 0x0,
    0x0, 0x24, 0xf, 0x57, 0x94, 0xf, 0xf, 0x13,
    0x8b, 0x6, 0x9a, 0x83, 0xbf, 0x69, 0x0, 0x0,
    0x0, 0xba, 0xf5, 0xff, 0xf4, 0xf3, 0xf7, 0xdd,
    0x0, 0x0, 0x42, 0xdd, 0xf3, 0x10, 0x0, 0x0,
    0x0, 0x0, 0x6a, 0xc6, 0x0, 0x0, 0xb1, 0x7a,
    0x0, 0x0, 0x2, 0xe7, 0xa3, 0x0, 0x0, 0x0,
    0x0, 0x4, 0xd8, 0xc6, 0x3b, 0x62, 0xdd, 0xe,
    0x0, 0x0, 0x3f, 0xfb, 0xd5, 0x9, 0x0, 0x0,
    0x0, 0x0, 0x8, 0x66, 0xf0, 0xfc, 0x63, 0x0,
    0x0, 0x1f, 0xea, 0x75, 0xcf, 0x96, 0x0, 0x0,
    0x0, 0x1, 0x3c, 0xbe, 0xd1, 0x7d, 0xee, 0x30,
    0x4f, 0xe8, 0x8e, 0x0, 0x27, 0xf3, 0x9c, 0x8,
    0xc, 0xde, 0xd6, 0x6f, 0x4, 0x0, 0xd, 0x65,
    0xf4, 0x68, 0x0, 0x0, 0x0, 0x30, 0xe0, 0x67,
    0x0, 0x1e, 0x0, 0x0, 0x0, 0x0, 0x0, 0xf,
    0x24, 0x0, 0x0, 0x0, 0x0, 0x0, 0xf, 0x0,

    /* U+65F6 "时" */
    0x0, 0x0, 0x0, 0x0, 0x0, 0x0, 0x0, 0x0,
    0x0, 0x0, 0x0, 0xff, 0x37, 0x0, 0x0, 0xce,
    0xdf, 0xdf, 0xdf, 0xdf, 0x11, 0x0, 0x0, 0x0,
    0x0, 0x0, 0xff, 0x37, 0x0, 0x0, 0xeb, 0x4e,
    0x17, 0x1f, 0xff, 0x1e, 0x37, 0x37, 0x37, 0x37,
    0x37, 0xff, 0x63, 0x37, 0x9, 0xeb, 0x3b, 0x0,
    0x7, 0xff, 0x41, 0xf3, 0xf3, 0xf3, 0xf3, 0xf3,
    0xff, 0xf6, 0xf3, 0x29, 0xeb, 0x3b, 0x0, 0x7,
    0xff, 0x13, 0x0, 0x0, 0x0, 0x0, 0x0, 0xff,
    0x37, 0x0, 0x0, 0xeb, 0x73, 0x47, 0x4d, 0xff,
    0x13, 0x1e, 0x45, 0x0, 0x0, 0x0, 0xff, 0x37,
    0x0, 0x0, 0xeb, 0xd5, 0xc7, 0xc9, 0xff, 0x13,
    0x46, 0xf3, 0x27, 0x0, 0x0, 0xff, 0x37, 0x0,
    0x0, 0xeb, 0x3b, 0x0, 0x7, 0xff, 0x13, 0x0,
    0x8c, 0xce, 0x5, 0x0, 0xff, 0x37, 0x0, 0x0,
    0xeb, 0x3b, 0x0, 0x7, 0xff, 0x13, 0x0, 0x7,
    0xd8, 0x81, 0x0, 0xff, 0x37, 0x0, 0x0, 0xeb,
    0x3b, 0x0, 0x7, 0xff, 0x13, 0x0, 0x0, 0x33,
    0x34, 0x0, 0xff, 0x37, 0x0, 0x0, 0xeb, 0xf6,
    0xf3, 0xf4, 0xff, 0x13, 0x0, 0x0, 0x0, 0x0,
    0x0, 0xff, 0x37, 0x0, 0x0, 0xeb, 0x54, 0x1f,
    0x1f, 0x1f, 0x2, 0x0, 0x0, 0x0, 0x0, 0x0,
    0xff, 0x37, 0x0, 0x0, 0x8c, 0x23, 0x0, 0x0,
    0x0, 0x0, 0x0, 0xb, 0x36, 0x32, 0x41, 0xff,
    0x2d, 0x0, 0x0, 0x0, 0x0, 0x0, 0x0, 0x0,
    0x0, 0x0, 0x7, 0xee, 0xfa, 0xea, 0xa9, 0x5,
    0x0, 0x0,

    /* U+670D "服" */
    0x0, 0x26, 0xf3, 0xf3, 0xf3, 0xf3, 0x44, 0x15,
    0xe7, 0xe7, 0xe7, 0xe7, 0xe7, 0xe7, 0xd5, 0x0,
    0x0, 0x27, 0xef, 0x27, 0x27, 0xde, 0x47, 0x17,
    0xff, 0x3a, 0x33, 0x33, 0x33, 0x66, 0xeb, 0x0,
    0x0, 0x27, 0xeb, 0x0, 0x0, 0xd7, 0x47, 0x17,
    0xff, 0x7, 0x0, 0x0, 0x0, 0x3f, 0xeb, 0x0,
    0x0, 0x27, 0xeb, 0x0, 0x0, 0xd7, 0x47, 0x17,
    0xff, 0x7, 0x0, 0x2b, 0x3a, 0x78, 0xe4, 0x0,
    0x0, 0x27, 0xfd, 0xe3, 0xe3, 0xfb, 0x47, 0x17,
    0xff, 0x7, 0x0, 0x61, 0xc1, 0xb4, 0x5e, 0x0,
    0x0, 0x28, 0xf0, 0x37, 0x37, 0xe0, 0x47, 0x17,
    0xff, 0x2e, 0x27, 0x27, 0x27, 0x27, 0x28, 0x2,
    0x0, 0x32, 0xe9, 0x0, 0x0, 0xd7, 0x47, 0x17,
    0xff, 0xfa, 0xfa, 0xf3, 0xf3, 0xf3, 0xff, 0x3d,
    0x0, 0x3e, 0xea, 0x2f, 0x2f, 0xdf, 0x47, 0x17,
    0xff, 0x57, 0xca, 0x0, 0x0, 0x28, 0xe8, 0x2,
    0x0, 0x4b, 0xfd, 0xf3, 0xf3, 0xfe, 0x47, 0x17,
    0xff, 0xa, 0xdd, 0x3e, 0x0, 0x8f, 0x98, 0x0,
    0x0, 0x5a, 0xbf, 0x0, 0x0, 0xd7, 0x47, 0x17,
    0xff, 0x7, 0x5d, 0xd3, 0x2b, 0xef, 0x22, 0x0,
    0x0, 0x81, 0x9a, 0x0, 0x0, 0xd7, 0x47, 0x17,
    0xff, 0x7, 0x0, 0xb7, 0xf0, 0x80, 0x0, 0x0,
    0x0, 0xb1, 0x73, 0x0, 0x0, 0xd7, 0x47, 0x17,
    0xff, 0x7, 0xa, 0xb5, 0xfe, 0x8c, 0x1, 0x0,
    0xc, 0xf5, 0x25, 0x16, 0x26, 0xe5, 0x44, 0x17,
    0xff, 0x41, 0xd0, 0xa1, 0x2b, 0xdd, 0xb4, 0x23,
    0x27, 0xb2, 0x0, 0x6c, 0xfb, 0xd1, 0x13, 0x17,
    0xff, 0x82, 0x67, 0x0, 0x0, 0x14, 0xa7, 0x7b,
    0x0, 0x0, 0x0, 0x0, 0x0, 0x0, 0x0, 0x0,
    0x0, 0x0, 0x0, 0x0, 0x0, 0x0, 0x0, 0x0,

    /* U+672A "未" */
    0x0, 0x0, 0x0, 0x0, 0x0, 0x0, 0x0, 0xa7,
    0x9b, 0x0, 0x0, 0x0, 0x0, 0x0, 0x0, 0x0,
    0x0, 0x0, 0x0, 0x0, 0x0, 0x0, 0x0, 0xa7,
    0x9b, 0x0, 0x0, 0x0, 0x0, 0x0, 0x0, 0x0,
    0x0, 0x0, 0xd5, 0xf3, 0xf3, 0xf3, 0xf3, 0xfb,
    0xfb, 0xf3, 0xf3, 0xf3, 0xf3, 0xf0, 0x0, 0x0,
    0x0, 0x0, 0x34, 0x3b, 0x3b, 0x3b, 0x3b, 0xbc,
    0xb3, 0x3b, 0x3b, 0x3b, 0x3b, 0x3b, 0x0, 0x0,
    0x0, 0x0, 0x0, 0x0, 0x0, 0x0, 0x0, 0xa7,
    0x9b, 0x0, 0x0, 0x0, 0x0, 0x0, 0x0, 0x0,
    0x0, 0x0, 0x0, 0x0, 0x0, 0x0, 0x0, 0xa7,
    0x9b, 0x0, 0x0, 0x0, 0x0, 0x0, 0x0, 0x0,
    0x3, 0xf3, 0xf3, 0xf3, 0xf3, 0xf3, 0xf3, 0xfb,
    0xfb, 0xf3, 0xf3, 0xf3, 0xf3, 0xf3, 0xf3, 0x13,
    0x0, 0x37, 0x37, 0x37, 0x37, 0x37, 0xbe, 0xff,
    0xff, 0xb5, 0x37, 0x37, 0x37, 0x37, 0x37, 0x4,
    0x0, 0x0, 0x0, 0x0, 0x0, 0x6e, 0xdf, 0xc2,
    0xb8, 0xdf, 0x65, 0x0, 0x0, 0x0, 0x0, 0x0,
    0x0, 0x0, 0x0, 0x0, 0x77, 0xe4, 0x22, 0xa7,
    0x9b, 0x23, 0xe4, 0x72, 0x0, 0x0, 0x0, 0x0,
    0x0, 0x0, 0xe, 0xa3, 0xea, 0x29, 0x0, 0xa7,
    0x9b, 0x0, 0x29, 0xea, 0xa1, 0xe, 0x0, 0x0,
    0x2, 0x5b, 0xe1, 0xcd, 0x23, 0x0, 0x0, 0xa7,
    0x9b, 0x0, 0x0, 0x21, 0xcc, 0xe0, 0x5c, 0x2,
    0x29, 0xe8, 0x7e, 0x7, 0x0, 0x0, 0x0, 0xa7,
    0x9b, 0x0, 0x0, 0x0, 0x7, 0x7f, 0xea, 0x29,
    0x0, 0x5, 0x0, 0x0, 0x0, 0x0, 0x0, 0xa7,
    0x9b, 0x0, 0x0, 0x0, 0x0, 0x0, 0x6, 0x0,

    /* U+673A "机" */
    0x0, 0x0, 0x0, 0x83, 0xa7, 0x0, 0x0, 0x3,
    0x4f, 0x4f, 0x4f, 0x4f, 0x4f, 0x15, 0x0, 0x0,
    0x0, 0x0, 0x0, 0x83, 0xa7, 0x0, 0x0, 0xb,
    0xff, 0xd8, 0xd3, 0xd3, 0xfc, 0x43, 0x0, 0x0,
    0x0, 0x3, 0x3, 0x85, 0xa9, 0x3, 0x3, 0xc,
    0xff, 0x1b, 0x0, 0x0, 0xeb, 0x43, 0x0, 0x0,
    0x2b, 0xff, 0xff, 0xff, 0xff, 0xff, 0xff, 0x13,
    0xff, 0x1b, 0x0, 0x0, 0xeb, 0x43, 0x0, 0x0,
    0x6, 0x23, 0x23, 0xdb, 0xb4, 0x23, 0x23, 0xd,
    0xff, 0x1b, 0x0, 0x0, 0xeb, 0x43, 0x0, 0x0,
    0x0, 0x0, 0x2e, 0xff, 0xbe, 0x0, 0x0, 0xc,
    0xff, 0x1b, 0x0, 0x0, 0xeb, 0x43, 0x0, 0x0,
    0x0, 0x0, 0x8e, 0xf0, 0xfe, 0x8c, 0x0, 0x13,
    0xff, 0x12, 0x0, 0x0, 0xeb, 0x43, 0x0, 0x0,
    0x0, 0xa, 0xe1, 0x98, 0xb3, 0xd4, 0x78, 0x1f,
    0xff, 0x7, 0x0, 0x0, 0xeb, 0x43, 0x0, 0x0,
    0x0, 0x7b, 0x9e, 0x83, 0xa7, 0x29, 0xcc, 0x45,
    0xe4, 0x0, 0x0, 0x0, 0xeb, 0x43, 0x0, 0x0,
    0x28, 0xee, 0x25, 0x83, 0xa7, 0x0, 0x6, 0x6b,
    0xba, 0x0, 0x0, 0x0, 0xeb, 0x43, 0x2, 0x0,
    0x55, 0x7d, 0x0, 0x83, 0xa7, 0x0, 0x0, 0xbd,
    0x73, 0x0, 0x0, 0x0, 0xeb, 0x43, 0x3b, 0x86,
    0x0, 0x4, 0x0, 0x83, 0xa7, 0x0, 0x22, 0xfa,
    0x19, 0x0, 0x0, 0x0, 0xeb, 0x43, 0x42, 0xa7,
    0x0, 0x0, 0x0, 0x83, 0xa7, 0x2, 0xc2, 0x95,
    0x0, 0x0, 0x0, 0x0, 0xe7, 0x68, 0x79, 0x97,
    0x0, 0x0, 0x0, 0x83, 0xa7, 0x29, 0xc1, 0x9,
    0x0, 0x0, 0x0, 0x0, 0x8e, 0xf9, 0xec, 0x4a,
    0x0, 0x0, 0x0, 0x0, 0x0, 0x0, 0x0, 0x0,
    0x0, 0x0, 0x0, 0x0, 0x0, 0x0, 0x0, 0x0,

    /* U+6781 "极" */
    0x0, 0x0, 0x0, 0xdf, 0x37, 0x0, 0x26, 0x2f,
    0x2f, 0x2f, 0x2f, 0x2f, 0x2f, 0xb, 0x0, 0x0,
    0x0, 0x0, 0x0, 0xdf, 0x37, 0x0, 0xbf, 0xeb,
    0xff, 0xee, 0xeb, 0xef, 0xfd, 0x14, 0x0, 0x0,
    0x0, 0x2b, 0x2b, 0xe5, 0x5a, 0x2b, 0x0, 0x6,
    0xff, 0x18, 0x0, 0x54, 0xc9, 0x0, 0x0, 0x0,
    0x3, 0xf3, 0xf3, 0xff, 0xf6, 0xf3, 0x0, 0x17,
    0xff, 0x6, 0x0, 0x99, 0x81, 0x0, 0x0, 0x0,
    0x0, 0x0, 0x27, 0xff, 0x61, 0x0, 0x0, 0x29,
    0xf2, 0x0, 0x0, 0xe1, 0x40, 0x8, 0x3, 0x0,
    0x0, 0x0, 0x7e, 0xff, 0xea, 0x1e, 0x0, 0x3d,
    0xfa, 0x15, 0x34, 0xff, 0xff, 0xff, 0xb3, 0x0,
    0x0, 0x0, 0xd2, 0xf3, 0x90, 0xbc, 0x0, 0x66,
    0xff, 0x76, 0x2, 0x7, 0x7, 0xb3, 0x73, 0x0,
    0x0, 0x3a, 0xb8, 0xdf, 0x39, 0x94, 0x5, 0x93,
    0xd4, 0xdc, 0x2, 0x0, 0x13, 0xf9, 0x22, 0x0,
    0x0, 0xba, 0x58, 0xdf, 0x37, 0x0, 0x0, 0xc3,
    0x4a, 0xb9, 0x72, 0x0, 0x7b, 0xc5, 0x0, 0x0,
    0x50, 0xd9, 0x4, 0xdf, 0x37, 0x0, 0x1b, 0xf5,
    0xa, 0x27, 0xf1, 0x46, 0xf3, 0x35, 0x0, 0x0,
    0x1e, 0x4b, 0x0, 0xdf, 0x37, 0x0, 0x78, 0xb9,
    0x0, 0x0, 0x8a, 0xfd, 0x99, 0x0, 0x0, 0x0,
    0x0, 0x0, 0x0, 0xdf, 0x37, 0x10, 0xe2, 0x58,
    0x0, 0xf, 0xbc, 0xfa, 0xd1, 0x20, 0x0, 0x0,
    0x0, 0x0, 0x0, 0xdf, 0x38, 0xad, 0xcc, 0x1,
    0x46, 0xd9, 0xbe, 0x19, 0xa4, 0xee, 0x76, 0xb,
    0x0, 0x0, 0x0, 0xdf, 0x51, 0xcd, 0x23, 0xc,
    0xcc, 0x79, 0x5, 0x0, 0x0, 0x55, 0xc8, 0x22,
    0x0, 0x0, 0x0, 0x0, 0x0, 0x0, 0x0, 0x0,
    0x0, 0x0, 0x0, 0x0, 0x0, 0x0, 0x0, 0x0,

    /* U+6807 "标" */
    0x0, 0x0, 0x0, 0x9f, 0x93, 0x0, 0x0, 0x13,
    0x2b, 0x2b, 0x2b, 0x2b, 0x2b, 0x2b, 0xf, 0x0,
    0x0, 0x0, 0x0, 0x9f, 0x93, 0x0, 0x0, 0x6e,
    0xf3, 0xf3, 0xf3, 0xf3, 0xf3, 0xf3, 0x57, 0x0,
    0x0, 0x0, 0x0, 0x9f, 0x93, 0x0, 0x0, 0x0,
    0x0, 0x0, 0x0, 0x0, 0x0, 0x0, 0x0, 0x0,
    0x12, 0xef, 0xef, 0xf9, 0xf9, 0xef, 0xa1, 0x0,
    0x0, 0x0, 0x0, 0x0, 0x0, 0x0, 0x0, 0x0,
    0x4, 0x3f, 0x48, 0xfa, 0xb8, 0x3f, 0x30, 0x2f,
    0x2f, 0x2f, 0x2f, 0x2f, 0x2f, 0x2f, 0x2f, 0x9,
    0x0, 0x0, 0x59, 0xff, 0xfb, 0x40, 0x1e, 0xf3,
    0xf3, 0xf3, 0xfe, 0xf7, 0xf3, 0xf3, 0xf3, 0x31,
    0x0, 0x0, 0xb9, 0xf0, 0xc0, 0xe4, 0x1e, 0x0,
    0x0, 0x0, 0xe7, 0x4b, 0x0, 0x0, 0x0, 0x0,
    0x0, 0x2b, 0xe4, 0xa5, 0x93, 0x77, 0x85, 0xc,
    0x3d, 0x0, 0xe7, 0x4b, 0x1e, 0x2f, 0x0, 0x0,
    0x0, 0xb9, 0x7c, 0x9f, 0x93, 0x4, 0x8, 0x60,
    0xc7, 0x0, 0xe7, 0x4b, 0x58, 0xd2, 0x0, 0x0,
    0x4b, 0xdd, 0xa, 0x9f, 0x93, 0x0, 0x0, 0xb9,
    0x6b, 0x0, 0xe7, 0x4b, 0x5, 0xe5, 0x49, 0x0,
    0x8, 0x36, 0x0, 0x9f, 0x93, 0x0, 0x33, 0xf1,
    0x13, 0x0, 0xe7, 0x4b, 0x0, 0x82, 0xad, 0x0,
    0x0, 0x0, 0x0, 0x9f, 0x93, 0x0, 0xc5, 0x7d,
    0x0, 0x0, 0xe7, 0x4b, 0x0, 0x30, 0xf6, 0xc,
    0x0, 0x0, 0x0, 0x9f, 0x93, 0x0, 0x43, 0xa,
    0x2c, 0x36, 0xf1, 0x48, 0x0, 0x0, 0x66, 0xb,
    0x0, 0x0, 0x0, 0x9f, 0x93, 0x0, 0x0, 0x0,
    0xaa, 0xfb, 0xd0, 0x17, 0x0, 0x0, 0x0, 0x0,
    0x0, 0x0, 0x0, 0x0, 0x0, 0x0, 0x0, 0x0,
    0x1, 0x0, 0x0, 0x0, 0x0, 0x0, 0x0, 0x0,

    /* U+68C0 "检" */
    0x0, 0x0, 0x0, 0x0, 0x0, 0x0, 0x0, 0x0,
    0x0, 0x0, 0x5, 0x0, 0x0, 0x0, 0x0, 0x0,
    0x0, 0x0, 0x0, 0xff, 0x1b, 0x0, 0x0, 0x0,
    0x0, 0x40, 0xeb, 0x9, 0x0, 0x0, 0x0, 0x0,
    0x0, 0x0, 0x0, 0xff, 0x1b, 0x0, 0x0, 0x0,
    0xc, 0xd8, 0xe9, 0x76, 0x0, 0x0, 0x0, 0x0,
    0x3, 0x2f, 0x2f, 0xff, 0x46, 0x24, 0x0, 0x2,
    0xb2, 0x9a, 0x18, 0xda, 0x70, 0x0, 0x0, 0x0,
    0x12, 0xef, 0xf1, 0xff, 0xf1, 0xb7, 0x6, 0xaa,
    0xc0, 0x5, 0x0, 0x1f, 0xe3, 0x9a, 0xa, 0x0,
    0x0, 0x0, 0x47, 0xff, 0x29, 0x22, 0xc5, 0xd9,
    0x55, 0x43, 0x43, 0x43, 0x62, 0xce, 0xd7, 0x2d,
    0x0, 0x0, 0x95, 0xff, 0xb3, 0x9f, 0x99, 0x50,
    0xc7, 0xc7, 0xc7, 0xc7, 0xc7, 0x10, 0x9a, 0x42,
    0x0, 0x0, 0xdd, 0xff, 0xc9, 0x5f, 0x0, 0x0,
    0x0, 0x1, 0xa, 0x0, 0x0, 0x6, 0x0, 0x0,
    0x0, 0x40, 0xb4, 0xff, 0x46, 0xae, 0x46, 0x6f,
    0x0, 0x4d, 0xab, 0x0, 0x0, 0xa3, 0x79, 0x0,
    0x0, 0xb6, 0x59, 0xff, 0x1b, 0x6, 0x26, 0xe0,
    0x1, 0x16, 0xe7, 0x0, 0x13, 0xf1, 0x19, 0x0,
    0x2e, 0xdf, 0x6, 0xff, 0x1b, 0x0, 0x0, 0xd7,
    0x30, 0x0, 0xeb, 0x14, 0x76, 0x9d, 0x0, 0x0,
    0x2, 0x3c, 0x0, 0xff, 0x1b, 0x0, 0x0, 0x98,
    0x59, 0x0, 0x72, 0x22, 0xe3, 0x21, 0x0, 0x0,
    0x0, 0x0, 0x0, 0xff, 0x1b, 0x0, 0x0, 0x1,
    0x0, 0x0, 0x0, 0x76, 0x94, 0x0, 0x0, 0x0,
    0x0, 0x0, 0x0, 0xff, 0x1b, 0x4a, 0xc7, 0xc7,
    0xc7, 0xc7, 0xc7, 0xf3, 0xd6, 0xc7, 0xc7, 0x1f,
    0x0, 0x0, 0x0, 0xff, 0x1b, 0x1c, 0x4b, 0x4b,
    0x4b, 0x4b, 0x4b, 0x4b, 0x4b, 0x4b, 0x4b, 0xb,

    /* U+6A21 "模" */
    0x0, 0x0, 0x13, 0xff, 0x13, 0x0, 0x0, 0x0,
    0xeb, 0x37, 0x0, 0x27, 0xff, 0x0, 0x0, 0x0,
    0x0, 0x0, 0x13, 0xff, 0x13, 0x15, 0xab, 0xab,
    0xf9, 0xbe, 0xab, 0xb9, 0xff, 0xab, 0xab, 0x2a,
    0x0, 0x0, 0x13, 0xff, 0x13, 0xa, 0x57, 0x57,
    0xf2, 0x7c, 0x57, 0x72, 0xff, 0x57, 0x57, 0x15,
    0x9, 0x77, 0x89, 0xff, 0x82, 0x56, 0x65, 0xcb,
    0xff, 0xea, 0xcb, 0xe1, 0xff, 0xcb, 0x52, 0x0,
    0x0, 0x0, 0x53, 0xff, 0x45, 0x0, 0x7f, 0x98,
    0x1b, 0x1b, 0x1b, 0x1b, 0x1b, 0xc6, 0x67, 0x0,
    0x0, 0x0, 0x97, 0xff, 0xd6, 0x6, 0x7f, 0xe4,
    0xc3, 0xc3, 0xc3, 0xc3, 0xc3, 0xf0, 0x67, 0x0,
    0x0, 0x0, 0xda, 0xff, 0xa9, 0x77, 0x7f, 0x98,
    0x1b, 0x1b, 0x1b, 0x1b, 0x1b, 0xc6, 0x67, 0x0,
    0x0, 0x2c, 0xc9, 0xff, 0x32, 0xb8, 0x7f, 0xe1,
    0xbb, 0xbb, 0xbb, 0xbb, 0xbb, 0xee, 0x67, 0x0,
    0x0, 0x92, 0x79, 0xff, 0x13, 0x7, 0x13, 0x27,
    0x27, 0x76, 0xe7, 0x27, 0x27, 0x27, 0x10, 0x0,
    0x19, 0xee, 0x29, 0xff, 0x13, 0x8, 0x13, 0x13,
    0x13, 0x88, 0xca, 0x13, 0x13, 0x13, 0x13, 0x4,
    0x22, 0x93, 0x13, 0xff, 0x13, 0x6a, 0xf3, 0xf3,
    0xf3, 0xff, 0xff, 0xfb, 0xf3, 0xf3, 0xf3, 0x35,
    0x0, 0x5, 0x13, 0xff, 0x13, 0x0, 0x0, 0x0,
    0x5c, 0xf5, 0x60, 0xf1, 0x49, 0x0, 0x0, 0x0,
    0x0, 0x0, 0x13, 0xff, 0x13, 0x0, 0x2e, 0x9b,
    0xee, 0x45, 0x0, 0x59, 0xf2, 0x8e, 0x34, 0x0,
    0x0, 0x0, 0x13, 0xff, 0x13, 0x90, 0xcd, 0x7d,
    0x12, 0x0, 0x0, 0x0, 0x13, 0x75, 0xda, 0x40,
    0x0, 0x0, 0x0, 0x0, 0x0, 0x0, 0x0, 0x0,
    0x0, 0x0, 0x0, 0x0, 0x0, 0x0, 0x0, 0x0,

    /* U+6B63 "正" */
    0x0, 0x1f, 0x37, 0x37, 0x37, 0x37, 0x37, 0x37,
    0x37, 0x37, 0x37, 0x37, 0x37, 0x37, 0x25, 0x0,
    0x0, 0x89, 0xf3, 0xf3, 0xf3, 0xf3, 0xf3, 0xf6,
    0xff, 0xf4, 0xf3, 0xf3, 0xf3, 0xf3, 0xa3, 0x0,
    0x0, 0x0, 0x0, 0x0, 0x0, 0x0, 0x0, 0x37,
    0xff, 0x7, 0x0, 0x0, 0x0, 0x0, 0x0, 0x0,
    0x0, 0x0, 0x0, 0x0, 0x0, 0x0, 0x0, 0x37,
    0xff, 0x7, 0x0, 0x0, 0x0, 0x0, 0x0, 0x0,
    0x0, 0x0, 0x0, 0x0, 0x0, 0x0, 0x0, 0x37,
    0xff, 0x7, 0x0, 0x0, 0x0, 0x0, 0x0, 0x0,
    0x0, 0x0, 0x0, 0xb7, 0x2b, 0x0, 0x0, 0x37,
    0xff, 0x7, 0x0, 0x0, 0x0, 0x0, 0x0, 0x0,
    0x0, 0x0, 0x0, 0xff, 0x3b, 0x0, 0x0, 0x37,
    0xff, 0xf4, 0xf3, 0xf3, 0xf3, 0xf3, 0xb, 0x0,
    0x0, 0x0, 0x0, 0xff, 0x3b, 0x0, 0x0, 0x37,
    0xff, 0x3e, 0x37, 0x37, 0x37, 0x37, 0x2, 0x0,
    0x0, 0x0, 0x0, 0xff, 0x3b, 0x0, 0x0, 0x37,
    0xff, 0x7, 0x0, 0x0, 0x0, 0x0, 0x0, 0x0,
    0x0, 0x0, 0x0, 0xff, 0x3b, 0x0, 0x0, 0x37,
    0xff, 0x7, 0x0, 0x0, 0x0, 0x0, 0x0, 0x0,
    0x0, 0x0, 0x0, 0xff, 0x3b, 0x0, 0x0, 0x37,
    0xff, 0x7, 0x0, 0x0, 0x0, 0x0, 0x0, 0x0,
    0x0, 0x0, 0x0, 0xff, 0x3b, 0x0, 0x0, 0x37,
    0xff, 0x7, 0x0, 0x0, 0x0, 0x0, 0x0, 0x0,
    0x7, 0x2b, 0x2b, 0xff, 0x5d, 0x2b, 0x2b, 0x5a,
    0xff, 0x32, 0x2b, 0x2b, 0x2b, 0x2b, 0x2b, 0x8,
    0x2b, 0xff, 0xff, 0xff, 0xff, 0xff, 0xff, 0xff,
    0xff, 0xff, 0xff, 0xff, 0xff, 0xff, 0xff, 0x33,

    /* U+6BCD "母" */
    0x0, 0x0, 0x0, 0x5f, 0xdf, 0xdf, 0xdf, 0xdf,
    0xdf, 0xdf, 0xdf, 0xdf, 0xdf, 0x7e, 0x0, 0x0,
    0x0, 0x0, 0x0, 0x8a, 0xc1, 0x3b, 0x3d, 0x41,
    0x3b, 0x3b, 0x3b, 0x3b, 0xbd, 0x86, 0x0, 0x0,
    0x0, 0x0, 0x0, 0xa9, 0x8d, 0x0, 0x5b, 0xdd,
    0x56, 0x0, 0x0, 0x0, 0xb3, 0x7a, 0x0, 0x0,
    0x0, 0x0, 0x0, 0xcc, 0x69, 0x0, 0x0, 0x44,
    0xde, 0xa5, 0x6, 0x0, 0xbf, 0x6e, 0x0, 0x0,
    0x0, 0x0, 0x0, 0xf0, 0x46, 0x0, 0x0, 0x0,
    0x12, 0x6c, 0x0, 0x0, 0xcc, 0x62, 0x0, 0x0,
    0x14, 0xdb, 0xdc, 0xff, 0xe3, 0xdb, 0xdb, 0xdb,
    0xdb, 0xdb, 0xdb, 0xdb, 0xf9, 0xe9, 0xdb, 0x14,
    0x6, 0x43, 0x74, 0xf8, 0x44, 0x43, 0x43, 0x43,
    0x43, 0x43, 0x43, 0x43, 0xf6, 0x77, 0x43, 0x6,
    0x0, 0x0, 0x63, 0xd7, 0x0, 0x12, 0xcd, 0x5c,
    0x0, 0x0, 0x0, 0x2, 0xfe, 0x37, 0x0, 0x0,
    0x0, 0x0, 0x89, 0xb4, 0x0, 0x0, 0x43, 0xe1,
    0xb2, 0xb, 0x0, 0x12, 0xff, 0x27, 0x0, 0x0,
    0x0, 0x0, 0xb1, 0x8e, 0x0, 0x0, 0x0, 0x14,
    0xca, 0x9e, 0x0, 0x28, 0xff, 0x11, 0x0, 0x0,
    0x0, 0x0, 0xde, 0x92, 0x3f, 0x3f, 0x3f, 0x3f,
    0x4c, 0x56, 0x3f, 0x6e, 0xfd, 0x40, 0x28, 0x0,
    0x0, 0x8, 0xda, 0xdb, 0xdb, 0xdb, 0xdb, 0xdb,
    0xdb, 0xdb, 0xdb, 0xee, 0xf7, 0xdb, 0x8c, 0x0,
    0x0, 0x0, 0x0, 0x0, 0x0, 0x0, 0x0, 0x0,
    0x15, 0xf, 0x1c, 0xc9, 0x96, 0x0, 0x0, 0x0,
    0x0, 0x0, 0x0, 0x0, 0x0, 0x0, 0x0, 0x0,
    0xc0, 0xfe, 0xfe, 0xca, 0x1a, 0x0, 0x0, 0x0,
    0x0, 0x0, 0x0, 0x0, 0x0, 0x0, 0x0, 0x0,
    0x0, 0x0, 0x0, 0x0, 0x0, 0x0, 0x0, 0x0,

    /* U+6CE2 "波" */
    0x0, 0x0, 0x0, 0x0, 0x0, 0x0, 0x0, 0x0,
    0x0, 0x0, 0x0, 0x0, 0x0, 0x0, 0x0, 0x0,
    0x0, 0x27, 0xd4, 0x5e, 0x1, 0x0, 0x0, 0x0,
    0x0, 0x3f, 0xeb, 0x0, 0x0, 0x0, 0x0, 0x0,
    0x0, 0x0, 0x4d, 0xd7, 0xb8, 0x8, 0x1f, 0x1f,
    0x1f, 0x57, 0xee, 0x1f, 0x1f, 0x1f, 0x21, 0x3,
    0x0, 0x0, 0x0, 0x7, 0x2a, 0x3b, 0xff, 0xff,
    0xff, 0xff, 0xff, 0xff, 0xff, 0xff, 0xff, 0x57,
    0x0, 0x0, 0x0, 0x0, 0x0, 0x3b, 0xeb, 0x0,
    0x0, 0x3f, 0xeb, 0x0, 0x0, 0x42, 0xef, 0x8,
    0x10, 0xc2, 0x66, 0x3, 0x0, 0x3b, 0xeb, 0x0,
    0x0, 0x3f, 0xeb, 0x0, 0x0, 0xad, 0x8a, 0x0,
    0x2, 0x5e, 0xe4, 0xcc, 0xe, 0x3c, 0xee, 0x1f,
    0x1f, 0x57, 0xee, 0x1f, 0x1f, 0x42, 0x14, 0x0,
    0x0, 0x0, 0x10, 0x6b, 0x0, 0x47, 0xfe, 0xfb,
    0xfa, 0xf3, 0xf3, 0xf3, 0xf5, 0xff, 0x34, 0x0,
    0x0, 0x0, 0x0, 0x0, 0x0, 0x5b, 0xd5, 0x68,
    0xca, 0x0, 0x0, 0x0, 0x5d, 0xd8, 0x0, 0x0,
    0x0, 0x0, 0x0, 0x52, 0x33, 0x6e, 0xb6, 0x7,
    0xe5, 0x50, 0x0, 0x1, 0xd3, 0x73, 0x0, 0x0,
    0x0, 0x0, 0x3, 0xdd, 0x6a, 0x83, 0x96, 0x0,
    0x5d, 0xe8, 0x1b, 0x79, 0xd9, 0xb, 0x0, 0x0,
    0x0, 0x0, 0x59, 0xeb, 0xa, 0xb8, 0x75, 0x0,
    0x0, 0x9b, 0xd7, 0xf6, 0x33, 0x0, 0x0, 0x0,
    0x0, 0x2, 0xd5, 0x7f, 0xa, 0xf7, 0x30, 0x0,
    0x2, 0x78, 0xff, 0xe3, 0x33, 0x0, 0x0, 0x0,
    0x0, 0x63, 0xee, 0xf, 0x75, 0xd8, 0x1, 0x41,
    0xc4, 0xe9, 0x55, 0x92, 0xfa, 0x90, 0x26, 0x0,
    0x0, 0x98, 0x79, 0x6, 0xe8, 0x50, 0xaf, 0xf5,
    0x96, 0x15, 0x0, 0x0, 0x42, 0xbd, 0xfe, 0x5e,
    0x0, 0x0, 0x3, 0x0, 0x1b, 0x0, 0x1e, 0x13,
    0x0, 0x0, 0x0, 0x0, 0x0, 0x0, 0x28, 0x3,

    /* U+6D41 "流" */
    0x0, 0x0, 0x0, 0x0, 0x0, 0x0, 0x0, 0x0,
    0x0, 0x17, 0x4, 0x0, 0x0, 0x0, 0x0, 0x0,
    0x0, 0x5a, 0xb8, 0x21, 0x0, 0x0, 0x0, 0x0,
    0x1, 0xe1, 0x51, 0x0, 0x0, 0x0, 0x0, 0x0,
    0x0, 0xe, 0x9e, 0xf1, 0x4b, 0x21, 0x23, 0x23,
    0x23, 0x9a, 0xbd, 0x23, 0x23, 0x23, 0x23, 0x3,
    0x0, 0x0, 0x0, 0x6b, 0x58, 0xe0, 0xf3, 0xf3,
    0xfd, 0xfa, 0xf3, 0xf3, 0xf3, 0xf3, 0xf3, 0x1a,
    0x0, 0x0, 0x0, 0x0, 0x0, 0x0, 0x0, 0x45,
    0xea, 0x2c, 0x0, 0x3e, 0x88, 0x0, 0x0, 0x0,
    0x1b, 0xbd, 0x52, 0x0, 0x0, 0x0, 0x36, 0xeb,
    0x3f, 0x0, 0x0, 0xf, 0xc9, 0x81, 0x0, 0x0,
    0x8, 0x82, 0xf9, 0xb8, 0xc, 0x7b, 0xf8, 0xf2,
    0xdb, 0xea, 0xf9, 0xfe, 0xef, 0xf3, 0x56, 0x0,
    0x0, 0x0, 0x36, 0xb1, 0x1, 0x59, 0x7c, 0x56,
    0x3d, 0x28, 0x15, 0x3, 0x0, 0x51, 0xe0, 0x4,
    0x0, 0x0, 0x0, 0x0, 0x0, 0x0, 0x3c, 0x30,
    0x0, 0x4a, 0x1c, 0x0, 0x5d, 0x14, 0x22, 0x0,
    0x0, 0x0, 0x0, 0xd, 0x39, 0x0, 0x9b, 0x7b,
    0x0, 0xc7, 0x4b, 0x0, 0xef, 0x2f, 0x0, 0x0,
    0x0, 0x0, 0x0, 0x8c, 0xb9, 0x0, 0xa0, 0x77,
    0x0, 0xc7, 0x4b, 0x0, 0xef, 0x2f, 0x0, 0x0,
    0x0, 0x0, 0x27, 0xf8, 0x32, 0x0, 0xb8, 0x61,
    0x0, 0xc7, 0x4b, 0x0, 0xef, 0x2f, 0x0, 0x0,
    0x0, 0x1, 0xbf, 0x9e, 0x0, 0xb, 0xf1, 0x26,
    0x0, 0xc7, 0x4b, 0x0, 0xef, 0x2f, 0x60, 0x3f,
    0x0, 0x6b, 0xed, 0x15, 0x0, 0x89, 0xab, 0x0,
    0x0, 0xc7, 0x4b, 0x0, 0xec, 0x38, 0x89, 0x55,
    0x0, 0x9c, 0x61, 0x0, 0x6d, 0xc8, 0x14, 0x0,
    0x0, 0xc7, 0x4b, 0x0, 0xa5, 0xfb, 0xde, 0x19,
    0x0, 0x0, 0x0, 0x0, 0x8, 0xa, 0x0, 0x0,
    0x0, 0x0, 0x0, 0x0, 0x0, 0x0, 0x0, 0x0,

    /* U+6D4B "测" */
    0x0, 0x3, 0x8, 0x0, 0x0, 0x0, 0x0, 0x0,
    0x0, 0x0, 0x0, 0x0, 0x0, 0x0, 0x0, 0x0,
    0x6b, 0xe0, 0x54, 0x1, 0x6b, 0x6b, 0x6b, 0x6b,
    0x6b, 0x12, 0x0, 0x0, 0x13, 0xe7, 0x0, 0x1,
    0x5f, 0xf0, 0x61, 0xf6, 0x6b, 0x6b, 0x6b, 0xe4,
    0x2b, 0x17, 0xdb, 0x13, 0xe7, 0x0, 0x0, 0x0,
    0x1c, 0x7, 0xef, 0x0, 0x6a, 0x0, 0xcf, 0x2b,
    0x17, 0xdb, 0x13, 0xe7, 0x0, 0x0, 0x0, 0x0,
    0x3, 0xef, 0x0, 0xeb, 0x0, 0xcf, 0x2b, 0x17,
    0xdb, 0x13, 0xe7, 0x1f, 0xc2, 0x48, 0x0, 0x3,
    0xef, 0x0, 0xeb, 0x0, 0xcf, 0x2b, 0x17, 0xdb,
    0x13, 0xe7, 0x4, 0x71, 0xf3, 0x96, 0x3, 0xef,
    0x0, 0xeb, 0x0, 0xcf, 0x2b, 0x17, 0xdb, 0x13,
    0xe7, 0x0, 0x0, 0x22, 0x40, 0x3, 0xef, 0x0,
    0xeb, 0x0, 0xcf, 0x2b, 0x17, 0xdb, 0x13, 0xe7,
    0x0, 0x0, 0x0, 0x0, 0x3, 0xef, 0x0, 0xeb,
    0x0, 0xcf, 0x2b, 0x17, 0xdb, 0x13, 0xe7, 0x0,
    0x0, 0x8, 0x65, 0x4, 0xef, 0x0, 0xec, 0x0,
    0xcf, 0x2b, 0x17, 0xdb, 0x13, 0xe7, 0x0, 0x0,
    0x5f, 0xd8, 0x4, 0xef, 0xa, 0xe4, 0x0, 0xcf,
    0x2b, 0x17, 0xdb, 0x13, 0xe7, 0x0, 0x0, 0xc8,
    0x73, 0x2, 0x7f, 0x4c, 0xa9, 0x0, 0x64, 0x15,
    0xd, 0x7f, 0x13, 0xe7, 0x0, 0x3a, 0xf8, 0x15,
    0x0, 0x5, 0xcc, 0x5c, 0xc7, 0x1c, 0x0, 0x0,
    0x0, 0x13, 0xe7, 0x0, 0xb6, 0x9d, 0x0, 0x11,
    0xad, 0x9f, 0x0, 0x59, 0xd8, 0x12, 0x0, 0x1,
    0x21, 0xe6, 0x2, 0x92, 0x2d, 0x0, 0x95, 0x79,
    0x2, 0x0, 0x0, 0x8b, 0x59, 0x0, 0xdd, 0xf6,
    0x97, 0x0, 0x0, 0x0, 0x0, 0x0, 0x0, 0x0,
    0x0, 0x0, 0x0, 0x0, 0x0, 0x0, 0x0, 0x0,

    /* U+6E29 "温" */
    0x0, 0x4, 0x49, 0x1, 0x0, 0x0, 0x0, 0x0,
    0x0, 0x0, 0x0, 0x0, 0x0, 0x0, 0x0, 0x0,
    0x0, 0x2e, 0xe6, 0xd6, 0x43, 0x3, 0xf3, 0xf3,
    0xf3, 0xf3, 0xf3, 0xf3, 0xf3, 0xb6, 0x0, 0x0,
    0x0, 0x0, 0xd, 0x9b, 0xe5, 0xa, 0xff, 0x2a,
    0xf, 0xf, 0xf, 0xf, 0x75, 0xbf, 0x0, 0x0,
    0x0, 0x0, 0x0, 0x0, 0x1e, 0x3, 0xff, 0x1b,
    0x0, 0x0, 0x0, 0x0, 0x6b, 0xbf, 0x0, 0x0,
    0x0, 0x0, 0x0, 0x0, 0x0, 0x3, 0xff, 0xf5,
    0xf3, 0xf3, 0xf3, 0xf3, 0xf9, 0xbf, 0x0, 0x0,
    0x26, 0xd7, 0x6f, 0x7, 0x0, 0x3, 0xff, 0x1b,
    0x0, 0x0, 0x0, 0x0, 0x6b, 0xbf, 0x0, 0x0,
    0x0, 0x4f, 0xd6, 0xdb, 0xb, 0x3, 0xff, 0xdc,
    0xd7, 0xd7, 0xd7, 0xd7, 0xe8, 0xbf, 0x0, 0x0,
    0x0, 0x0, 0x7, 0x4e, 0x0, 0x0, 0x2b, 0x2b,
    0x2b, 0x2b, 0x2b, 0x2b, 0x2b, 0x20, 0x0, 0x0,
    0x0, 0x0, 0x0, 0x0, 0x0, 0xf, 0x1b, 0x1b,
    0x1b, 0x1b, 0x1b, 0x1b, 0x1b, 0x1b, 0x7, 0x0,
    0x0, 0x0, 0x0, 0x39, 0x45, 0x8f, 0xfa, 0xf3,
    0xfe, 0xf4, 0xf8, 0xfa, 0xf3, 0xfe, 0x47, 0x0,
    0x0, 0x0, 0x0, 0xc1, 0x83, 0x8f, 0x8b, 0x0,
    0xe7, 0x7, 0x63, 0x8f, 0x0, 0xd7, 0x47, 0x0,
    0x0, 0x0, 0x46, 0xf2, 0x12, 0x8f, 0x8b, 0x0,
    0xe7, 0x7, 0x63, 0x8f, 0x0, 0xd7, 0x47, 0x0,
    0x0, 0x2, 0xce, 0x83, 0x0, 0x8f, 0x8b, 0x0,
    0xe7, 0x7, 0x63, 0x8f, 0x0, 0xd7, 0x47, 0x0,
    0x0, 0x67, 0xea, 0xe, 0xe, 0x96, 0x93, 0xf,
    0xe9, 0x17, 0x6d, 0x96, 0xf, 0xda, 0x53, 0x5,
    0x0, 0xb7, 0x6a, 0x0, 0xeb, 0xff, 0xff, 0xff,
    0xff, 0xff, 0xff, 0xff, 0xff, 0xff, 0xff, 0x5f,
    0x0, 0x5, 0x4, 0x0, 0x0, 0x0, 0x0, 0x0,
    0x0, 0x0, 0x0, 0x0, 0x0, 0x0, 0x0, 0x0,

    /* U+70B9 "点" */
    0x0, 0x0, 0x0, 0x0, 0x0, 0x0, 0x0, 0x9b,
    0x8b, 0x0, 0x0, 0x0, 0x0, 0x0, 0x0, 0x0,
    0x0, 0x0, 0x0, 0x0, 0x0, 0x0, 0x0, 0x9b,
    0xfa, 0xf3, 0xf3, 0xf3, 0xf3, 0xf3, 0x89, 0x0,
    0x0, 0x0, 0x0, 0x0, 0x0, 0x0, 0x0, 0x9b,
    0xa1, 0x2f, 0x2f, 0x2f, 0x2f, 0x2f, 0x1a, 0x0,
    0x0, 0x0, 0x0, 0x0, 0x0, 0x0, 0x0, 0x9b,
    0x8b, 0x0, 0x0, 0x0, 0x0, 0x0, 0x0, 0x0,
    0x0, 0x0, 0x2c, 0xcb, 0xcb, 0xcb, 0xcb, 0xeb,
    0xe8, 0xcb, 0xcb, 0xcb, 0xcb, 0x39, 0x0, 0x0,
    0x0, 0x0, 0x37, 0xf2, 0x57, 0x57, 0x57, 0x57,
    0x57, 0x57, 0x57, 0x57, 0xf2, 0x47, 0x0, 0x0,
    0x0, 0x0, 0x37, 0xeb, 0x0, 0x0, 0x0, 0x0,
    0x0, 0x0, 0x0, 0x0, 0xeb, 0x47, 0x0, 0x0,
    0x0, 0x0, 0x37, 0xeb, 0x0, 0x0, 0x0, 0x0,
    0x0, 0x0, 0x0, 0x0, 0xeb, 0x47, 0x0, 0x0,
    0x0, 0x0, 0x37, 0xfb, 0xcb, 0xcb, 0xcb, 0xcb,
    0xcb, 0xcb, 0xcb, 0xcb, 0xfb, 0x47, 0x0, 0x0,
    0x0, 0x0, 0x12, 0x53, 0x53, 0x53, 0x53, 0x53,
    0x53, 0x53, 0x53, 0x53, 0x53, 0x17, 0x0, 0x0,
    0x0, 0x0, 0x2a, 0x8a, 0x2, 0x1d, 0x3d, 0x0,
    0x9, 0x60, 0x1, 0x0, 0x8f, 0x44, 0x0, 0x0,
    0x0, 0x0, 0xaf, 0xa1, 0x0, 0x52, 0xd9, 0x0,
    0x2, 0xe3, 0x43, 0x0, 0x70, 0xe7, 0x16, 0x0,
    0x0, 0x59, 0xf2, 0x21, 0x0, 0x34, 0xfd, 0x3,
    0x0, 0x88, 0xa4, 0x0, 0x1, 0xc2, 0xa3, 0x0,
    0x8, 0xd0, 0x53, 0x0, 0x0, 0x20, 0xd6, 0xf,
    0x0, 0x39, 0xa5, 0x0, 0x0, 0x36, 0xbd, 0xb,
    0x0, 0x0, 0x0, 0x0, 0x0, 0x0, 0x0, 0x0,
    0x0, 0x0, 0x0, 0x0, 0x0, 0x0, 0x0, 0x0,

    /* U+7279 "特" */
    0x0, 0x22, 0xc, 0xcd, 0x51, 0x0, 0x0, 0x0,
    0x0, 0x0, 0xf3, 0x2f, 0x0, 0x0, 0x0, 0x0,
    0x0, 0xc1, 0x43, 0xd3, 0x53, 0x0, 0x12, 0xef,
    0xef, 0xef, 0xff, 0xf2, 0xef, 0xef, 0x59, 0x0,
    0x0, 0xde, 0x76, 0xe3, 0x91, 0x4c, 0x3, 0x2f,
    0x2f, 0x2f, 0xf6, 0x56, 0x2f, 0x2f, 0x11, 0x0,
    0x3, 0xf5, 0xc7, 0xf6, 0xda, 0xa5, 0x0, 0x0,
    0x0, 0x0, 0xf3, 0x2f, 0x0, 0x0, 0x0, 0x0,
    0x32, 0xd2, 0x0, 0xd3, 0x53, 0x0, 0xcb, 0xcb,
    0xcb, 0xcb, 0xfd, 0xd5, 0xcb, 0xcb, 0xcb, 0x16,
    0x70, 0xa2, 0x0, 0xd3, 0x53, 0x0, 0x57, 0x57,
    0x57, 0x57, 0x57, 0x57, 0xff, 0x72, 0x57, 0x9,
    0x35, 0x4b, 0x0, 0xd3, 0x53, 0x0, 0x0, 0x0,
    0x0, 0x0, 0x0, 0x0, 0xff, 0x27, 0x0, 0x0,
    0x0, 0x0, 0x0, 0xd3, 0x8b, 0x8f, 0x3b, 0x4f,
    0x4f, 0x4f, 0x4f, 0x4f, 0xff, 0x6b, 0x4f, 0x1,
    0x14, 0x60, 0xa9, 0xf8, 0xe3, 0x8f, 0x9b, 0xcf,
    0xcf, 0xcf, 0xcf, 0xcf, 0xff, 0xd7, 0xcf, 0x3,
    0x4e, 0xc3, 0x79, 0xe1, 0x53, 0x0, 0x0, 0x7b,
    0x4f, 0x0, 0x0, 0x0, 0xff, 0x27, 0x0, 0x0,
    0x0, 0x0, 0x0, 0xd3, 0x53, 0x0, 0x0, 0x38,
    0xed, 0x42, 0x0, 0x0, 0xff, 0x27, 0x0, 0x0,
    0x0, 0x0, 0x0, 0xd3, 0x53, 0x0, 0x0, 0x0,
    0x5a, 0xb4, 0x0, 0x0, 0xff, 0x27, 0x0, 0x0,
    0x0, 0x0, 0x0, 0xd3, 0x53, 0x0, 0x0, 0x0,
    0x0, 0x13, 0x2b, 0x37, 0xff, 0x25, 0x0, 0x0,
    0x0, 0x0, 0x0, 0xd3, 0x53, 0x0, 0x0, 0x0,
    0x0, 0x35, 0xff, 0xf6, 0xc0, 0x6, 0x0, 0x0,
    0x0, 0x0, 0x0, 0x0, 0x0, 0x0, 0x0, 0x0,
    0x0, 0x0, 0x1, 0x0, 0x0, 0x0, 0x0, 0x0,

    /* U+7387 "率" */
    0x0, 0x0, 0x0, 0x0, 0x0, 0x0, 0x0, 0x60,
    0x29, 0x0, 0x0, 0x0, 0x0, 0x0, 0x0, 0x0,
    0x0, 0x0, 0x0, 0x0, 0x0, 0x0, 0x0, 0x98,
    0xc7, 0x2, 0x0, 0x0, 0x0, 0x0, 0x0, 0x0,
    0x0, 0xdf, 0xff, 0xff, 0xff, 0xff, 0xff, 0xff,
    0xff, 0xff, 0xff, 0xff, 0xff, 0xff, 0xff, 0xf,
    0x0, 0x19, 0x29, 0x1b, 0x1b, 0x1b, 0x65, 0xe2,
    0x26, 0x34, 0x30, 0x1b, 0x1c, 0x34, 0x1b, 0x1,
    0x0, 0x51, 0xe7, 0x53, 0x0, 0x20, 0xe3, 0x39,
    0x7, 0xc8, 0x7d, 0x0, 0x84, 0xd8, 0xc, 0x0,
    0x0, 0x0, 0x3f, 0xe9, 0x52, 0xca, 0xfa, 0xe9,
    0xfd, 0x8e, 0x0, 0x99, 0xbf, 0x13, 0x0, 0x0,
    0x0, 0x0, 0x0, 0x15, 0x1d, 0x1c, 0x1b, 0xba,
    0x8a, 0x5f, 0x3, 0x37, 0x7, 0x0, 0x0, 0x0,
    0x0, 0x0, 0x42, 0xb1, 0xce, 0x31, 0xd0, 0x6c,
    0x23, 0xc1, 0x95, 0xbb, 0xcc, 0x35, 0x0, 0x0,
    0x2, 0xc5, 0xd0, 0x52, 0x1c, 0xfc, 0xf1, 0xd8,
    0xbf, 0xa8, 0xe2, 0x44, 0x6b, 0xf3, 0x73, 0x0,
    0x0, 0x20, 0x1, 0x0, 0x0, 0x12, 0x0, 0x87,
    0x87, 0x0, 0x31, 0x14, 0x0, 0x31, 0x28, 0x0,
    0x8, 0x2b, 0x2b, 0x2b, 0x2b, 0x2b, 0x2b, 0xb3,
    0xb3, 0x2b, 0x2b, 0x2b, 0x2b, 0x2b, 0x2b, 0x8,
    0x2d, 0xf3, 0xf3, 0xf3, 0xf3, 0xf3, 0xf3, 0xfb,
    0xfb, 0xf3, 0xf3, 0xf3, 0xf3, 0xf3, 0xf3, 0x31,
    0x0, 0x0, 0x0, 0x0, 0x0, 0x0, 0x0, 0xa3,
    0xa3, 0x0, 0x0, 0x0, 0x0, 0x0, 0x0, 0x0,
    0x0, 0x0, 0x0, 0x0, 0x0, 0x0, 0x0, 0xa3,
    0xa3, 0x0, 0x0, 0x0, 0x0, 0x0, 0x0, 0x0,
    0x0, 0x0, 0x0, 0x0, 0x0, 0x0, 0x0, 0xa3,
    0xa3, 0x0, 0x0, 0x0, 0x0, 0x0, 0x0, 0x0,

    /* U+7535 "电" */
    0x0, 0x0, 0x0, 0x0, 0x0, 0xeb, 0x57, 0x0,
    0x0, 0x0, 0x0, 0x0, 0x0, 0x0, 0x1f, 0x1f,
    0x1f, 0x1f, 0x1f, 0xee, 0x6c, 0x1f, 0x1f, 0x1f,
    0x1f, 0x1d, 0x0, 0x0, 0xfb, 0xff, 0xff, 0xff,
    0xff, 0xff, 0xff, 0xff, 0xff, 0xff, 0xff, 0xeb,
    0x0, 0x0, 0xfb, 0x4f, 0xf, 0xf, 0xf, 0xed,
    0x62, 0xf, 0xf, 0xf, 0x5a, 0xeb, 0x0, 0x0,
    0xfb, 0x43, 0x0, 0x0, 0x0, 0xeb, 0x57, 0x0,
    0x0, 0x0, 0x4f, 0xeb, 0x0, 0x0, 0xfb, 0xe5,
    0xdb, 0xdb, 0xdb, 0xfd, 0xe8, 0xdb, 0xdb, 0xdb,
    0xe7, 0xeb, 0x0, 0x0, 0xfb, 0x72, 0x3f, 0x3f,
    0x3f, 0xf0, 0x81, 0x3f, 0x3f, 0x3f, 0x7b, 0xeb,
    0x0, 0x0, 0xfb, 0x43, 0x0, 0x0, 0x0, 0xeb,
    0x57, 0x0, 0x0, 0x0, 0x4f, 0xeb, 0x0, 0x0,
    0xfb, 0x6a, 0x33, 0x33, 0x33, 0xf0, 0x7a, 0x33,
    0x33, 0x33, 0x73, 0xeb, 0x0, 0x0, 0xfb, 0xf7,
    0xf3, 0xf3, 0xf3, 0xff, 0xf8, 0xf3, 0xf3, 0xf3,
    0xf3, 0xe0, 0x0, 0x0, 0xec, 0x3f, 0x0, 0x0,
    0x0, 0xeb, 0x57, 0x0, 0x0, 0x0, 0x0, 0x0,
    0x80, 0x2b, 0x0, 0x0, 0x0, 0x0, 0x0, 0xea,
    0x5b, 0x0, 0x0, 0x0, 0x0, 0x0, 0xdd, 0x5c,
    0x0, 0x0, 0x0, 0x0, 0x0, 0xd4, 0xa9, 0x3a,
    0x37, 0x37, 0x37, 0x60, 0xff, 0x28, 0x0, 0x0,
    0x0, 0x0, 0x0, 0x56, 0xe4, 0xfd, 0xff, 0xff,
    0xff, 0xef, 0x8b, 0x0,

    /* U+76EE "目" */
    0x10, 0x3b, 0x3b, 0x3b, 0x3b, 0x3b, 0x3b, 0x3b,
    0x3b, 0x3b, 0x3b, 0x15, 0x47, 0xff, 0xf3, 0xf3,
    0xf3, 0xf3, 0xf3, 0xf3, 0xf3, 0xf3, 0xfe, 0x5b,
    0x47, 0xeb, 0x0, 0x0, 0x0, 0x0, 0x0, 0x0,
    0x0, 0x0, 0xe3, 0x5b, 0x47, 0xeb, 0x0, 0x0,
    0x0, 0x0, 0x0, 0x0, 0x0, 0x0, 0xe3, 0x5b,
    0x47, 0xfd, 0xe3, 0xe3, 0xe3, 0xe3, 0xe3, 0xe3,
    0xe3, 0xe3, 0xfc, 0x5b, 0x47, 0xf1, 0x43, 0x43,
    0x43, 0x43, 0x43, 0x43, 0x43, 0x43, 0xeb, 0x5b,
    0x47, 0xeb, 0x0, 0x0, 0x0, 0x0, 0x0, 0x0,
    0x0, 0x0, 0xe3, 0x5b, 0x47, 0xeb, 0x0, 0x0,
    0x0, 0x0, 0x0, 0x0, 0x0, 0x0, 0xe3, 0x5b,
    0x47, 0xff, 0xf3, 0xf3, 0xf3, 0xf3, 0xf3, 0xf3,
    0xf3, 0xf3, 0xfe, 0x5b, 0x47, 0xef, 0x2f, 0x2f,
    0x2f, 0x2f, 0x2f, 0x2f, 0x2f, 0x2f, 0xe9, 0x5b,
    0x47, 0xeb, 0x0, 0x0, 0x0, 0x0, 0x0, 0x0,
    0x0, 0x0, 0xe3, 0x5b, 0x47, 0xed, 0x13, 0x13,
    0x13, 0x13, 0x13, 0x13, 0x13, 0x13, 0xe6, 0x5b,
    0x47, 0xff, 0xff, 0xff, 0xff, 0xff, 0xff, 0xff,
    0xff, 0xff, 0xff, 0x5b, 0x47, 0xed, 0x17, 0x17,
    0x17, 0x17, 0x17, 0x17, 0x17, 0x17, 0xe6, 0x5b,

    /* U+76F8 "相" */
    0x0, 0x0, 0x0, 0x87, 0xa3, 0x0, 0x0, 0x1a,
    0x47, 0x47, 0x47, 0x47, 0x47, 0x47, 0x42, 0x0,
    0x0, 0x0, 0x87, 0xa3, 0x0, 0x0, 0x5f, 0xf8,
    0xdb, 0xdb, 0xdb, 0xdb, 0xe6, 0xeb, 0x0, 0x3,
    0x3, 0x89, 0xa5, 0x3, 0x3, 0x5f, 0xcb, 0x0,
    0x0, 0x0, 0x0, 0x47, 0xeb, 0x1e, 0xf3, 0xf3,
    0xfc, 0xfb, 0xf3, 0xe0, 0x5f, 0xcb, 0x0, 0x0,
    0x0, 0x0, 0x47, 0xeb, 0x0, 0x0, 0x0, 0xdd,
    0xa3, 0x0, 0x0, 0x5f, 0xfa, 0xe3, 0xe3, 0xe3,
    0xe3, 0xeb, 0xeb, 0x0, 0x0, 0x38, 0xff, 0xcc,
    0x6, 0x0, 0x5f, 0xd6, 0x33, 0x33, 0x33, 0x33,
    0x6d, 0xeb, 0x0, 0x0, 0x93, 0xeb, 0xfa, 0xa2,
    0x0, 0x5f, 0xcb, 0x0, 0x0, 0x0, 0x0, 0x47,
    0xeb, 0x0, 0xa, 0xe0, 0x97, 0xaa, 0xcc, 0x7c,
    0x5f, 0xcb, 0x0, 0x0, 0x0, 0x0, 0x47, 0xeb,
    0x0, 0x77, 0x9d, 0x87, 0xa3, 0x28, 0xac, 0x5f,
    0xfd, 0xf3, 0xf3, 0xf3, 0xf3, 0xf7, 0xeb, 0x20,
    0xed, 0x28, 0x87, 0xa3, 0x0, 0x1, 0x5f, 0xd3,
    0x23, 0x23, 0x23, 0x23, 0x61, 0xeb, 0x46, 0x8b,
    0x0, 0x87, 0xa3, 0x0, 0x0, 0x5f, 0xcb, 0x0,
    0x0, 0x0, 0x0, 0x47, 0xeb, 0x0, 0x7, 0x0,
    0x87, 0xa3, 0x0, 0x0, 0x5f, 0xcb, 0x0, 0x0,
    0x0, 0x0, 0x47, 0xeb, 0x0, 0x0, 0x0, 0x87,
    0xa3, 0x0, 0x0, 0x5f, 0xfd, 0xf3, 0xf3, 0xf3,
    0xf3, 0xf7, 0xeb, 0x0, 0x0, 0x0, 0x87, 0xa3,
    0x0, 0x0, 0x5f, 0xd3, 0x23, 0x23, 0x23, 0x23,
    0x61, 0xeb,

    /* U+77E2 "矢" */
    0x0, 0x0, 0x0, 0x2, 0x3e, 0x7, 0x0, 0x0,
    0x0, 0x0, 0x0, 0x0, 0x0, 0x0, 0x0, 0x0,
    0x0, 0x0, 0x0, 0x4d, 0xfb, 0x16, 0x0, 0x0,
    0x0, 0x0, 0x0, 0x0, 0x0, 0x0, 0x0, 0x0,
    0x0, 0x0, 0x0, 0xb6, 0xd1, 0x3f, 0x3f, 0x3f,
    0x3f, 0x3f, 0x3f, 0x3f, 0x3f, 0x3c, 0x0, 0x0,
    0x0, 0x0, 0x24, 0xfe, 0xf4, 0xf3, 0xf3, 0xfc,
    0xf9, 0xf3, 0xf3, 0xf3, 0xf3, 0xe8, 0x0, 0x0,
    0x0, 0x3, 0xc3, 0xbd, 0x0, 0x0, 0x0, 0xbf,
    0x7f, 0x0, 0x0, 0x0, 0x0, 0x0, 0x0, 0x0,
    0x0, 0x82, 0xf8, 0x2b, 0x0, 0x0, 0x0, 0xbf,
    0x7f, 0x0, 0x0, 0x0, 0x0, 0x0, 0x0, 0x0,
    0x0, 0x83, 0x62, 0x0, 0x0, 0x0, 0x0, 0xc0,
    0x7f, 0x0, 0x0, 0x0, 0x0, 0x0, 0x0, 0x0,
    0x8, 0x5f, 0x5f, 0x5f, 0x5f, 0x5f, 0x5f, 0xdb,
    0xac, 0x5f, 0x5f, 0x5f, 0x5f, 0x5f, 0x5f, 0xb,
    0x13, 0xd3, 0xd3, 0xd3, 0xd3, 0xd3, 0xd4, 0xff,
    0xff, 0xd4, 0xd3, 0xd3, 0xd3, 0xd3, 0xd3, 0x1a,
    0x0, 0x0, 0x0, 0x0, 0x0, 0x0, 0x33, 0xff,
    0xfa, 0x46, 0x0, 0x0, 0x0, 0x0, 0x0, 0x0,
    0x0, 0x0, 0x0, 0x0, 0x0, 0x0, 0xa3, 0xc2,
    0x8d, 0xc2, 0x0, 0x0, 0x0, 0x0, 0x0, 0x0,
    0x0, 0x0, 0x0, 0x0, 0x0, 0x5a, 0xfd, 0x43,
    0x14, 0xf0, 0x7f, 0x0, 0x0, 0x0, 0x0, 0x0,
    0x0, 0x0, 0x0, 0x1, 0x74, 0xfa, 0x76, 0x0,
    0x0, 0x47, 0xfa, 0x78, 0x2, 0x0, 0x0, 0x0,
    0x0, 0x0, 0x36, 0xbc, 0xf2, 0x60, 0x0, 0x0,
    0x0, 0x0, 0x56, 0xf2, 0xc9, 0x45, 0x3, 0x0,
    0x1d, 0xcc, 0xf7, 0x9e, 0x22, 0x0, 0x0, 0x0,
    0x0, 0x0, 0x0, 0x1e, 0xae, 0xfb, 0xeb, 0x2a,
    0x0, 0x5a, 0x13, 0x0, 0x0, 0x0, 0x0, 0x0,
    0x0, 0x0, 0x0, 0x0, 0x0, 0x15, 0x51, 0x0,

    /* U+77E9 "矩" */
    0x0, 0x0, 0x2b, 0x9, 0x0, 0x0, 0x0, 0x0,
    0x0, 0x0, 0x0, 0x0, 0x0, 0x0, 0x0, 0x0,
    0x0, 0x0, 0xec, 0x3f, 0x0, 0x0, 0x0, 0x21,
    0x77, 0x77, 0x77, 0x77, 0x77, 0x77, 0x6e, 0x0,
    0x0, 0x22, 0xff, 0x38, 0x27, 0x27, 0x1f, 0x47,
    0xfb, 0xb7, 0xb7, 0xb7, 0xb7, 0xb7, 0xa9, 0x0,
    0x0, 0x5e, 0xfc, 0xf7, 0xfe, 0xf3, 0xc2, 0x47,
    0xef, 0x0, 0x0, 0x0, 0x0, 0x0, 0x0, 0x0,
    0x0, 0xc3, 0x79, 0x47, 0xdf, 0x0, 0x0, 0x47,
    0xef, 0x0, 0x0, 0x0, 0x0, 0x0, 0x0, 0x0,
    0x25, 0xf5, 0x12, 0x47, 0xdf, 0x0, 0x0, 0x47,
    0xff, 0xf3, 0xf3, 0xf3, 0xf3, 0xf3, 0x29, 0x0,
    0x0, 0x28, 0x0, 0x49, 0xde, 0x0, 0x0, 0x47,
    0xf2, 0x2b, 0x2b, 0x2b, 0x2b, 0xf2, 0x2b, 0x0,
    0x7, 0xf3, 0xf3, 0xf7, 0xfe, 0xf3, 0xf3, 0x75,
    0xef, 0x0, 0x0, 0x0, 0x0, 0xef, 0x2b, 0x0,
    0x0, 0x1b, 0x1b, 0x81, 0xbf, 0x1b, 0x1b, 0x4d,
    0xef, 0x0, 0x0, 0x0, 0x0, 0xef, 0x2b, 0x0,
    0x0, 0x0, 0x0, 0x97, 0xb7, 0x0, 0x0, 0x47,
    0xff, 0xf3, 0xf3, 0xf3, 0xf3, 0xff, 0x2b, 0x0,
    0x0, 0x0, 0x0, 0xd9, 0xe6, 0x6a, 0x0, 0x47,
    0xf2, 0x2b, 0x2b, 0x2b, 0x2b, 0x2b, 0x7, 0x0,
    0x0, 0x0, 0x30, 0xe8, 0x26, 0xee, 0x37, 0x47,
    0xef, 0x0, 0x0, 0x0, 0x0, 0x0, 0x0, 0x0,
    0x0, 0x0, 0xb3, 0x87, 0x0, 0x71, 0xe2, 0x55,
    0xef, 0x0, 0x0, 0x0, 0x0, 0x0, 0x0, 0x0,
    0x0, 0x5d, 0xe9, 0x1a, 0x0, 0x4, 0x8c, 0x48,
    0xf2, 0x2b, 0x2b, 0x2b, 0x2b, 0x2b, 0x2b, 0x8,
    0x2f, 0xf6, 0x40, 0x0, 0x0, 0x0, 0x0, 0x47,
    0xff, 0xff, 0xff, 0xff, 0xff, 0xff, 0xff, 0x33,
    0x1, 0x41, 0x0, 0x0, 0x0, 0x0, 0x0, 0x0,
    0x0, 0x0, 0x0, 0x0, 0x0, 0x0, 0x0, 0x0,

    /* U+786E "确" */
    0x0, 0x0, 0x0, 0x0, 0x0, 0x0, 0x0, 0x0,
    0x28, 0x29, 0x0, 0x0, 0x0, 0x0, 0x0, 0xe,
    0x87, 0x87, 0x87, 0x87, 0x87, 0x26, 0x0, 0xbc,
    0x74, 0xb, 0xb, 0xa, 0x0, 0x0, 0x10, 0x93,
    0xaf, 0xf5, 0x93, 0x93, 0x29, 0x31, 0xfd, 0xf3,
    0xf3, 0xf8, 0xfc, 0x41, 0x0, 0x0, 0x0, 0x70,
    0xb6, 0x0, 0x0, 0x0, 0xb1, 0x80, 0x0, 0x0,
    0xb0, 0xbd, 0x2, 0x0, 0x0, 0x0, 0xb3, 0x74,
    0x0, 0x0, 0x70, 0xf4, 0x31, 0x23, 0x67, 0xf6,
    0x3e, 0x23, 0x21, 0x0, 0x3, 0xf1, 0x31, 0x0,
    0x31, 0xf9, 0xfe, 0xea, 0xe7, 0xfd, 0xeb, 0xe7,
    0xed, 0xeb, 0x0, 0x5d, 0xff, 0x9e, 0x9b, 0x7d,
    0x3c, 0xf7, 0x17, 0x0, 0xe7, 0x27, 0x0, 0x37,
    0xeb, 0x4, 0xdc, 0xf9, 0x33, 0x66, 0xc3, 0x0,
    0xf7, 0xc9, 0xc3, 0xfa, 0xcd, 0xc3, 0xd1, 0xeb,
    0x53, 0xed, 0xf7, 0x0, 0x3f, 0xc3, 0x0, 0xf7,
    0x46, 0x33, 0xec, 0x53, 0x33, 0x60, 0xeb, 0x17,
    0x5d, 0xf7, 0x0, 0x3f, 0xc3, 0x2, 0xfd, 0x10,
    0x0, 0xe7, 0x27, 0x0, 0x37, 0xeb, 0x0, 0xf,
    0xf7, 0x0, 0x3f, 0xc3, 0x17, 0xff, 0xdd, 0xdb,
    0xfc, 0xe1, 0xdb, 0xe3, 0xeb, 0x0, 0xf, 0xf7,
    0x0, 0x3f, 0xc3, 0x2f, 0xdc, 0x37, 0x37, 0xed,
    0x57, 0x37, 0x63, 0xeb, 0x0, 0xf, 0xff, 0xf3,
    0xf6, 0xc3, 0x5d, 0x98, 0x0, 0x0, 0xe7, 0x27,
    0x0, 0x37, 0xeb, 0x0, 0xf, 0xf8, 0x1f, 0x1f,
    0x18, 0xb7, 0x41, 0x0, 0x0, 0xe7, 0x2c, 0x11,
    0x4d, 0xea, 0x0, 0xf, 0xf7, 0x0, 0x0, 0x4f,
    0xaa, 0x0, 0x0, 0x0, 0xe7, 0x37, 0xf7, 0xf2,
    0x95, 0x0, 0x0, 0x0, 0x0, 0x0, 0x8, 0xa,
    0x0, 0x0, 0x0, 0x0, 0x0, 0x0, 0x0, 0x0,

    /* U+7EBF "线" */
    0x0, 0x0, 0x0, 0x87, 0x5f, 0x0, 0x0, 0x0,
    0x0, 0xdc, 0x51, 0x71, 0x59, 0x1, 0x0, 0x0,
    0x0, 0x0, 0x14, 0xf6, 0x40, 0x0, 0x0, 0x0,
    0x0, 0xd3, 0x57, 0x2f, 0xbc, 0xb6, 0x1, 0x0,
    0x0, 0x0, 0x7f, 0xbf, 0x0, 0x0, 0x0, 0x0,
    0x0, 0xcb, 0x5c, 0x4, 0x25, 0x67, 0x19, 0x0,
    0x0, 0x17, 0xed, 0x30, 0x12, 0x8e, 0x1f, 0x6f,
    0x91, 0xeb, 0xed, 0xfa, 0xe3, 0xbe, 0x3c, 0x0,
    0x0, 0xaf, 0x89, 0x7, 0x99, 0xb2, 0x1d, 0x9e,
    0x79, 0xcb, 0x8d, 0xa, 0x0, 0x0, 0x0, 0x0,
    0x50, 0xff, 0xf1, 0xf8, 0xed, 0x18, 0x0, 0x0,
    0x0, 0x97, 0x91, 0x2, 0x24, 0x51, 0x58, 0x0,
    0xb, 0x37, 0x1e, 0xe1, 0x51, 0x0, 0x13, 0x43,
    0x6f, 0xca, 0xf1, 0xf4, 0xe5, 0xb7, 0x75, 0x0,
    0x0, 0x4, 0xb9, 0x82, 0x0, 0x1, 0x78, 0xcb,
    0x9f, 0x9e, 0xe7, 0x13, 0x0, 0x1f, 0x4b, 0x0,
    0xc, 0xa9, 0xf3, 0xa3, 0xcd, 0xdc, 0x0, 0x0,
    0x0, 0x17, 0xff, 0x18, 0xc, 0xd0, 0x84, 0x0,
    0x2c, 0xe5, 0xa4, 0x6b, 0x36, 0x7, 0x0, 0x0,
    0x0, 0x0, 0xdb, 0x6b, 0xcc, 0xa7, 0x1, 0x0,
    0x0, 0x2, 0x0, 0x0, 0xd, 0x4b, 0x1, 0x0,
    0x0, 0x0, 0xb0, 0xfe, 0x88, 0x1, 0x0, 0x0,
    0x8, 0x41, 0x81, 0xc4, 0xf3, 0xba, 0xb, 0x0,
    0x39, 0xc0, 0xec, 0xf7, 0x21, 0x0, 0x7b, 0xe,
    0x39, 0xdd, 0x94, 0x4c, 0xa, 0x3, 0x74, 0xd0,
    0xdc, 0x67, 0x7, 0xa5, 0xcb, 0x50, 0xea, 0xd,
    0x0, 0x0, 0x0, 0x0, 0x0, 0x0, 0x79, 0x5a,
    0x3, 0x0, 0x0, 0x10, 0xb5, 0xf5, 0x93, 0x0,

    /* U+7F3A "缺" */
    0x0, 0x0, 0x0, 0x0, 0x0, 0x0, 0x0, 0x0,
    0x0, 0x0, 0x0, 0x0, 0x0, 0x0, 0x0, 0x0,
    0x0, 0x2d, 0xd6, 0x0, 0x0, 0x0, 0x0, 0x0,
    0x0, 0x0, 0xeb, 0x3b, 0x0, 0x0, 0x0, 0x0,
    0x0, 0x7a, 0xd9, 0x8f, 0x8f, 0x8f, 0x6b, 0x0,
    0x0, 0x0, 0xeb, 0x3b, 0x0, 0x0, 0x0, 0x0,
    0x3, 0xd6, 0x5b, 0xc7, 0x95, 0x4b, 0x38, 0x38,
    0xef, 0xef, 0xfe, 0xf3, 0xef, 0xec, 0x0, 0x0,
    0x64, 0xb9, 0x0, 0xaf, 0x67, 0x0, 0x0, 0xb,
    0x2f, 0x2f, 0xef, 0x60, 0x4d, 0xfb, 0x0, 0x0,
    0x39, 0x41, 0x0, 0xaf, 0x67, 0x0, 0x0, 0x0,
    0x0, 0x0, 0xeb, 0x3b, 0x23, 0xfb, 0x0, 0x0,
    0x26, 0x4f, 0x4f, 0xc8, 0x97, 0x4f, 0x4f, 0x6,
    0x0, 0x0, 0xef, 0x39, 0x23, 0xfb, 0x0, 0x0,
    0x5c, 0xbf, 0xbf, 0xeb, 0xd9, 0xbf, 0xbf, 0xe,
    0x0, 0x0, 0xf7, 0x32, 0x23, 0xfb, 0x0, 0x0,
    0x0, 0x55, 0x0, 0xaf, 0x67, 0x14, 0x40, 0x8a,
    0xe3, 0xe3, 0xff, 0xe9, 0xe7, 0xff, 0xe0, 0x0,
    0x0, 0xf7, 0x0, 0xaf, 0x67, 0x3b, 0xbb, 0x11,
    0x1b, 0x48, 0xff, 0xf7, 0x2a, 0x1b, 0x1b, 0x0,
    0x0, 0xf7, 0x0, 0xaf, 0x67, 0x3b, 0xbb, 0x0,
    0x0, 0x6b, 0xc4, 0xce, 0x74, 0x0, 0x0, 0x0,
    0x0, 0xf7, 0x0, 0xaf, 0x67, 0x3b, 0xbb, 0x0,
    0x0, 0xcb, 0x69, 0x59, 0xe3, 0x5, 0x0, 0x0,
    0x0, 0xf7, 0x49, 0xcc, 0xb6, 0xb0, 0xbb, 0x0,
    0x57, 0xf9, 0x14, 0x4, 0xe0, 0x7d, 0x0, 0x0,
    0x0, 0xd7, 0xb9, 0x94, 0x6f, 0x78, 0xbb, 0x2d,
    0xec, 0x7a, 0x0, 0x0, 0x4b, 0xfc, 0x6b, 0x0,
    0x0, 0x0, 0x0, 0x0, 0x0, 0x7, 0x18, 0xc7,
    0xa4, 0x3, 0x0, 0x0, 0x0, 0x69, 0xef, 0x1f,
    0x0, 0x0, 0x0, 0x0, 0x0, 0x0, 0x0, 0x12,
    0x2, 0x0, 0x0, 0x0, 0x0, 0x0, 0x10, 0x0,

    /* U+80FD "能" */
    0x0, 0x0, 0x1, 0x0, 0x0, 0x0, 0x0, 0x0,
    0x0, 0x0, 0x0, 0x0, 0x0, 0x0, 0x0, 0x0,
    0x1, 0xc8, 0x60, 0x7, 0x4, 0x0, 0x0, 0xfb,
    0x33, 0x0, 0x0, 0x0, 0x0, 0x0, 0x0, 0x59,
    0xd8, 0x8, 0xb2, 0x86, 0x0, 0x0, 0xfb, 0x33,
    0x8, 0x5b, 0xc2, 0x3c, 0x0, 0x23, 0xe8, 0x3a,
    0x3, 0x3a, 0xfa, 0x3a, 0x0, 0xfb, 0xb9, 0xeb,
    0xb7, 0x58, 0x8, 0x0, 0xba, 0xfc, 0xf1, 0xf3,
    0xe1, 0xe1, 0xc5, 0x0, 0xfb, 0x71, 0xd, 0x0,
    0x0, 0xa, 0x0, 0x24, 0x24, 0xb, 0x0, 0x0,
    0x1e, 0x6e, 0x4, 0xfb, 0x33, 0x0, 0x0, 0x0,
    0xc1, 0x3d, 0x1b, 0x87, 0x87, 0x87, 0x87, 0x87,
    0x28, 0x0, 0xf2, 0x84, 0x47, 0x47, 0x5b, 0xf3,
    0x29, 0x33, 0xf5, 0x7f, 0x7f, 0x7f, 0xf1, 0x4b,
    0x0, 0x88, 0xc9, 0xcb, 0xcb, 0xc8, 0x88, 0x0,
    0x33, 0xee, 0x1f, 0x1f, 0x1f, 0xe7, 0x4b, 0x0,
    0xfb, 0x33, 0x0, 0x0, 0x0, 0x0, 0x0, 0x33,
    0xfc, 0xcf, 0xcf, 0xcf, 0xfa, 0x4b, 0x0, 0xfb,
    0x33, 0x0, 0x2e, 0xa5, 0x5d, 0x0, 0x33, 0xeb,
    0x0, 0x0, 0x0, 0xe3, 0x4b, 0x0, 0xfb, 0x93,
    0xc9, 0xe0, 0x7c, 0x18, 0x0, 0x33, 0xfe, 0xef,
    0xef, 0xef, 0xfe, 0x4b, 0x0, 0xfb, 0x94, 0x32,
    0x0, 0x0, 0x0, 0x0, 0x33, 0xeb, 0x0, 0x0,
    0x0, 0xe3, 0x4b, 0x0, 0xfb, 0x33, 0x0, 0x0,
    0x0, 0x93, 0x51, 0x33, 0xeb, 0x0, 0x15, 0x20,
    0xec, 0x4a, 0x0, 0xf5, 0x5b, 0x14, 0x13, 0x20,
    0xd4, 0x55, 0x33, 0xeb, 0x0, 0x76, 0xf3, 0xd1,
    0x19, 0x0, 0x96, 0xf6, 0xff, 0xff, 0xfe, 0xcd,
    0xd,

    /* U+8282 "节" */
    0x0, 0x0, 0x0, 0x0, 0x5f, 0xdb, 0x0, 0x0,
    0x0, 0x0, 0xdb, 0x63, 0x0, 0x0, 0x0, 0x0,
    0x1a, 0xd7, 0xd7, 0xd7, 0xe6, 0xfa, 0xd7, 0xd7,
    0xd7, 0xd7, 0xfa, 0xe7, 0xd7, 0xd7, 0xd7, 0x1e,
    0x9, 0x4b, 0x4b, 0x4b, 0x8f, 0xe6, 0x4b, 0x4b,
    0x4b, 0x4b, 0xe6, 0x92, 0x4b, 0x4b, 0x4b, 0xa,
    0x0, 0x0, 0x0, 0x0, 0x5f, 0xdb, 0x0, 0x0,
    0x0, 0x0, 0xdb, 0x63, 0x0, 0x0, 0x0, 0x0,
    0x0, 0x0, 0x0, 0x0, 0x4c, 0xaf, 0x0, 0x0,
    0x0, 0x0, 0xaf, 0x4f, 0x0, 0x0, 0x0, 0x0,
    0x0, 0x6a, 0xf3, 0xf3, 0xf3, 0xf3, 0xf3, 0xf3,
    0xf3, 0xf3, 0xf3, 0xf3, 0xf3, 0x90, 0x0, 0x0,
    0x0, 0x16, 0x33, 0x33, 0x33, 0x66, 0xff, 0x37,
    0x33, 0x33, 0x33, 0x33, 0xb6, 0x97, 0x0, 0x0,
    0x0, 0x0, 0x0, 0x0, 0x0, 0x3f, 0xff, 0x3,
    0x0, 0x0, 0x0, 0x0, 0xa3, 0x97, 0x0, 0x0,
    0x0, 0x0, 0x0, 0x0, 0x0, 0x3f, 0xff, 0x3,
    0x0, 0x0, 0x0, 0x0, 0xa3, 0x97, 0x0, 0x0,
    0x0, 0x0, 0x0, 0x0, 0x0, 0x3f, 0xff, 0x3,
    0x0, 0x0, 0x0, 0x0, 0xa3, 0x97, 0x0, 0x0,
    0x0, 0x0, 0x0, 0x0, 0x0, 0x3f, 0xff, 0x3,
    0x0, 0x17, 0x22, 0x22, 0xc2, 0x93, 0x0, 0x0,
    0x0, 0x0, 0x0, 0x0, 0x0, 0x3f, 0xff, 0x3,
    0x0, 0x6f, 0xff, 0xff, 0xef, 0x46, 0x0, 0x0,
    0x0, 0x0, 0x0, 0x0, 0x0, 0x3f, 0xff, 0x3,
    0x0, 0x6, 0x16, 0x10, 0x0, 0x0, 0x0, 0x0,
    0x0, 0x0, 0x0, 0x0, 0x0, 0x3f, 0xff, 0x3,
    0x0, 0x0, 0x0, 0x0, 0x0, 0x0, 0x0, 0x0,

    /* U+884C "行" */
    0x0, 0x0, 0x0, 0x0, 0x2c, 0x0, 0x0, 0x0,
    0x0, 0x0, 0x0, 0x0, 0x0, 0x0, 0x0, 0x0,
    0x0, 0x0, 0x0, 0x7a, 0xee, 0x22, 0xe, 0x43,
    0x43, 0x43, 0x43, 0x43, 0x43, 0x43, 0x2c, 0x0,
    0x0, 0x0, 0x6a, 0xf5, 0x3b, 0x0, 0x31, 0xe3,
    0xe3, 0xe3, 0xe3, 0xe3, 0xe3, 0xe3, 0x95, 0x0,
    0x5, 0x96, 0xee, 0x43, 0x0, 0x0, 0x0, 0x0,
    0x0, 0x0, 0x0, 0x0, 0x0, 0x0, 0x0, 0x0,
    0x2d, 0xce, 0x24, 0x0, 0x72, 0x8d, 0x0, 0x0,
    0x0, 0x0, 0x0, 0x0, 0x0, 0x0, 0x0, 0x0,
    0x0, 0x1, 0x0, 0x41, 0xfa, 0x42, 0xe, 0xf,
    0xf, 0xf, 0xf, 0xf, 0xf, 0xf, 0xf, 0x1,
    0x0, 0x0, 0x20, 0xea, 0x87, 0x0, 0xeb, 0xff,
    0xff, 0xff, 0xff, 0xff, 0xff, 0xff, 0xff, 0x1b,
    0x0, 0x33, 0xe7, 0xff, 0x3f, 0x0, 0x16, 0x17,
    0x17, 0x17, 0x17, 0x93, 0xb7, 0x17, 0x17, 0x2,
    0x41, 0xf4, 0xa6, 0xef, 0x3f, 0x0, 0x0, 0x0,
    0x0, 0x0, 0x0, 0x87, 0xaf, 0x0, 0x0, 0x0,
    0x19, 0x7b, 0x1, 0xeb, 0x3f, 0x0, 0x0, 0x0,
    0x0, 0x0, 0x0, 0x87, 0xaf, 0x0, 0x0, 0x0,
    0x0, 0x0, 0x0, 0xeb, 0x3f, 0x0, 0x0, 0x0,
    0x0, 0x0, 0x0, 0x87, 0xaf, 0x0, 0x0, 0x0,
    0x0, 0x0, 0x0, 0xeb, 0x3f, 0x0, 0x0, 0x0,
    0x0, 0x0, 0x0, 0x87, 0xaf, 0x0, 0x0, 0x0,
    0x0, 0x0, 0x0, 0xeb, 0x3f, 0x0, 0x0, 0x0,
    0x0, 0x0, 0x0, 0x87, 0xaf, 0x0, 0x0, 0x0,
    0x0, 0x0, 0x0, 0xeb, 0x3f, 0x0, 0x0, 0x0,
    0x13, 0x29, 0x26, 0xab, 0xab, 0x0, 0x0, 0x0,
    0x0, 0x0, 0x0, 0xeb, 0x3f, 0x0, 0x0, 0x0,
    0x3a, 0xfe, 0xfb, 0xe4, 0x53, 0x0, 0x0, 0x0,

    /* U+89C8 "览" */
    0x0, 0x0, 0x0, 0x0, 0x0, 0x0, 0x0, 0x0,
    0x14, 0x3, 0x0, 0x0, 0x0, 0x0, 0x15, 0x8b,
    0x2, 0x0, 0xeb, 0x3f, 0x0, 0x0, 0xdc, 0x5b,
    0x0, 0x0, 0x0, 0x0, 0x27, 0xff, 0x3, 0x0,
    0xeb, 0x3f, 0x0, 0x39, 0xff, 0xd6, 0xcf, 0xcf,
    0xcf, 0xc6, 0x27, 0xff, 0x3, 0x0, 0xeb, 0x3f,
    0x0, 0xa6, 0xa5, 0x61, 0x7d, 0x43, 0x43, 0x40,
    0x27, 0xff, 0x3, 0x0, 0xeb, 0x3f, 0x44, 0xfa,
    0x21, 0x47, 0xf4, 0x48, 0x0, 0x0, 0x26, 0xf7,
    0x3, 0x0, 0xeb, 0x3f, 0x6c, 0x80, 0x0, 0x0,
    0x6f, 0xf0, 0x21, 0x0, 0x0, 0x0, 0x6, 0x7,
    0xc0, 0x39, 0x7, 0x7, 0x7, 0x7, 0x9, 0x98,
    0x24, 0x0, 0x0, 0x0, 0xdb, 0xff, 0xff, 0xff,
    0xff, 0xff, 0xff, 0xff, 0xff, 0xff, 0x1b, 0x0,
    0x0, 0x0, 0xdb, 0x4c, 0xb, 0xb, 0x35, 0x2d,
    0xb, 0xb, 0x2e, 0xff, 0x1b, 0x0, 0x0, 0x0,
    0xdb, 0x43, 0x0, 0x0, 0xaf, 0x8f, 0x0, 0x0,
    0x23, 0xff, 0x1b, 0x0, 0x0, 0x0, 0xdb, 0x43,
    0x0, 0x0, 0xc4, 0x7c, 0x0, 0x0, 0x23, 0xff,
    0x1b, 0x0, 0x0, 0x0, 0xdb, 0x43, 0x0, 0x30,
    0xf9, 0xc4, 0xa1, 0x0, 0x22, 0xf7, 0x1b, 0x0,
    0x0, 0x0, 0xd, 0x4, 0x3b, 0xe0, 0x96, 0x8b,
    0xa3, 0x0, 0x0, 0x0, 0x10, 0x67, 0x0, 0x12,
    0x5d, 0xbb, 0xf1, 0x75, 0x1, 0x88, 0xb5, 0xb,
    0x7, 0x7, 0x4f, 0xde, 0x93, 0xfb, 0xc8, 0x6e,
    0x11, 0x0, 0x0, 0x42, 0xe7, 0xfe, 0xff, 0xff,
    0xf7, 0x76, 0x10, 0x12, 0x0, 0x0, 0x0, 0x0,
    0x0, 0x0, 0x0, 0x0, 0x0, 0x0, 0x0, 0x0,

    /* U+8B66 "警" */
    0x0, 0x0, 0x0, 0x0, 0x0, 0x0, 0x0, 0x0,
    0x0, 0x0, 0x1, 0x0, 0x0, 0x0, 0x0, 0x0,
    0x9, 0x77, 0x91, 0xec, 0x77, 0xaa, 0xd3, 0x77,
    0x3d, 0x18, 0xe1, 0xe, 0x0, 0x0, 0x0, 0x0,
    0x5, 0x43, 0x6f, 0xe5, 0x43, 0x8a, 0xc2, 0x43,
    0x23, 0x9f, 0xeb, 0xdb, 0xdc, 0xff, 0xde, 0x29,
    0x0, 0x14, 0xdb, 0xbf, 0xa7, 0xad, 0xbc, 0xa8,
    0x8b, 0xd6, 0xd4, 0xd, 0x68, 0xc7, 0x0, 0x0,
    0x1d, 0xd8, 0xdb, 0xab, 0xab, 0x6b, 0x4b, 0xbe,
    0x63, 0xd, 0x84, 0xbe, 0xeb, 0x34, 0x0, 0x0,
    0x2, 0x39, 0xd7, 0x27, 0x5d, 0x9f, 0x6c, 0xa4,
    0x0, 0x2f, 0x94, 0xec, 0xe1, 0x67, 0xd, 0x0,
    0x0, 0xf, 0xe7, 0x7f, 0x7f, 0xbc, 0xe3, 0x6b,
    0x52, 0xdc, 0x66, 0x7, 0x40, 0xc7, 0xf1, 0x1f,
    0x0, 0x33, 0x48, 0x3b, 0x3b, 0x48, 0x48, 0xbb,
    0xac, 0x3e, 0x3b, 0x3b, 0x3b, 0x3b, 0x4d, 0x0,
    0x0, 0x7c, 0x93, 0x93, 0x93, 0x93, 0x93, 0x93,
    0x93, 0x93, 0x93, 0x93, 0x93, 0x93, 0x83, 0x0,
    0x0, 0x0, 0x0, 0x9d, 0xb3, 0xb3, 0xb3, 0xb3,
    0xb3, 0xb3, 0xb3, 0xb3, 0xb3, 0x8, 0x0, 0x0,
    0x0, 0x0, 0x0, 0x37, 0x3f, 0x3f, 0x3f, 0x3f,
    0x3f, 0x3f, 0x3f, 0x3f, 0x3f, 0x2, 0x0, 0x0,
    0x0, 0x0, 0x0, 0x6f, 0x7f, 0x7f, 0x7f, 0x7f,
    0x7f, 0x7f, 0x7f, 0x7f, 0x7f, 0x5, 0x0, 0x0,
    0x0, 0x0, 0x0, 0xb9, 0xbb, 0xbb, 0xbb, 0xbb,
    0xbb, 0xbb, 0xbb, 0xbb, 0xbb, 0x23, 0x0, 0x0,
    0x0, 0x0, 0x0, 0xfb, 0x27, 0x0, 0x0, 0x0,
    0x0, 0x0, 0x0, 0x0, 0xfb, 0x2f, 0x0, 0x0,
    0x0, 0x0, 0x0, 0xfb, 0xc3, 0xb7, 0xb7, 0xb7,
    0xb7, 0xb7, 0xb7, 0xb7, 0xfa, 0x2f, 0x0, 0x0,

    /* U+8BA4 "认" */
    0x0, 0x0, 0x20, 0x7e, 0x2, 0x0, 0x0, 0x0,
    0x0, 0x0, 0xee, 0x47, 0x0, 0x0, 0x0, 0x0,
    0x0, 0x0, 0x1d, 0xd7, 0xae, 0x7, 0x0, 0x0,
    0x0, 0x0, 0xf3, 0x41, 0x0, 0x0, 0x0, 0x0,
    0x0, 0x0, 0x0, 0x14, 0xd1, 0x75, 0x0, 0x0,
    0x0, 0x0, 0xf7, 0x3a, 0x0, 0x0, 0x0, 0x0,
    0x0, 0x0, 0x0, 0x0, 0x10, 0x3, 0x0, 0x0,
    0x0, 0x0, 0xfb, 0x33, 0x0, 0x0, 0x0, 0x0,
    0x1, 0x33, 0x33, 0x33, 0x2b, 0x0, 0x0, 0x0,
    0x0, 0xc, 0xff, 0x2e, 0x0, 0x0, 0x0, 0x0,
    0x7, 0xf3, 0xf3, 0xf8, 0xd3, 0x0, 0x0, 0x0,
    0x0, 0x27, 0xff, 0x48, 0x0, 0x0, 0x0, 0x0,
    0x0, 0x0, 0x0, 0x57, 0xd3, 0x0, 0x0, 0x0,
    0x0, 0x43, 0xff, 0x7a, 0x0, 0x0, 0x0, 0x0,
    0x0, 0x0, 0x0, 0x57, 0xd3, 0x0, 0x0, 0x0,
    0x0, 0x61, 0xff, 0xc0, 0x0, 0x0, 0x0, 0x0,
    0x0, 0x0, 0x0, 0x57, 0xd3, 0x0, 0x0, 0x0,
    0x0, 0xa7, 0xb4, 0xf9, 0xe, 0x0, 0x0, 0x0,
    0x0, 0x0, 0x0, 0x57, 0xd3, 0x0, 0x0, 0x0,
    0xb, 0xf5, 0x57, 0xc6, 0x73, 0x0, 0x0, 0x0,
    0x0, 0x0, 0x0, 0x57, 0xd3, 0x1e, 0xa8, 0x3,
    0x59, 0xf0, 0xb, 0x5a, 0xea, 0xb, 0x0, 0x0,
    0x0, 0x0, 0x0, 0x65, 0xf1, 0xee, 0x82, 0x9,
    0xd0, 0x8b, 0x0, 0x4, 0xd8, 0x89, 0x0, 0x0,
    0x0, 0x0, 0x7, 0xc6, 0xe3, 0x3d, 0x0, 0x95,
    0xdf, 0xc, 0x0, 0x0, 0x37, 0xfc, 0x7d, 0x0,
    0x0, 0x0, 0x7, 0x93, 0x13, 0x0, 0x88, 0xeb,
    0x32, 0x0, 0x0, 0x0, 0x0, 0x60, 0xfb, 0x58,
    0x0, 0x0, 0x0, 0x0, 0x0, 0x0, 0x1c, 0x28,
    0x0, 0x0, 0x0, 0x0, 0x0, 0x0, 0x39, 0x6,

    /* U+8DF3 "跳" */
    0x0, 0xb2, 0xd7, 0xd7, 0xd7, 0xa1, 0x0, 0x0,
    0x43, 0xd7, 0x0, 0xff, 0x23, 0x0, 0x0, 0x0,
    0x0, 0xd3, 0x56, 0x2f, 0x6a, 0xc0, 0x51, 0x17,
    0x43, 0xd7, 0x0, 0xff, 0x23, 0x24, 0x5c, 0x0,
    0x0, 0xd3, 0x2f, 0x0, 0x47, 0xbf, 0xaf, 0x9d,
    0x43, 0xd7, 0x0, 0xff, 0x23, 0x93, 0xb8, 0x0,
    0x0, 0xd3, 0x2f, 0x0, 0x47, 0xbf, 0x28, 0xfc,
    0x67, 0xd7, 0x0, 0xff, 0x3b, 0xf1, 0x2f, 0x0,
    0x0, 0xd3, 0xf6, 0xf3, 0xf7, 0xbf, 0x0, 0xc4,
    0xbf, 0xd7, 0x0, 0xff, 0xba, 0x94, 0x0, 0x0,
    0x0, 0xd, 0xf, 0xed, 0x26, 0xb, 0x0, 0x21,
    0x4a, 0xd7, 0x0, 0xff, 0x4d, 0xf, 0x0, 0x0,
    0x0, 0x8c, 0x13, 0xeb, 0x17, 0x0, 0x0, 0x0,
    0x45, 0xd6, 0x0, 0xff, 0x57, 0x0, 0x0, 0x0,
    0x0, 0xcb, 0x1b, 0xeb, 0xf1, 0xc2, 0x0, 0x25,
    0xbd, 0xcb, 0x0, 0xff, 0xf4, 0x82, 0x0, 0x0,
    0x0, 0xcb, 0x1b, 0xeb, 0x38, 0x2c, 0x89, 0xf5,
    0xcc, 0xbd, 0x0, 0xff, 0x47, 0xdd, 0x99, 0x2,
    0x0, 0xcb, 0x1b, 0xeb, 0x17, 0x3b, 0xdf, 0x3a,
    0x96, 0x8f, 0x0, 0xff, 0x23, 0x1d, 0xba, 0x10,
    0x0, 0xcb, 0x1b, 0xeb, 0x1c, 0x38, 0x11, 0x4,
    0xe6, 0x55, 0x0, 0xff, 0x23, 0x0, 0x0, 0x0,
    0x1, 0xd0, 0x84, 0xf7, 0xf6, 0xea, 0x23, 0x70,
    0xda, 0x5, 0x0, 0xff, 0x23, 0x0, 0xa2, 0x26,
    0x8b, 0xf8, 0xbc, 0x77, 0x31, 0x1, 0x58, 0xf9,
    0x4b, 0x0, 0x0, 0xfb, 0x49, 0x1f, 0xe2, 0x28,
    0x15, 0x9, 0x0, 0x0, 0x0, 0x53, 0xf3, 0x5d,
    0x0, 0x0, 0x0, 0xb1, 0xfe, 0xff, 0xc4, 0x1,
    0x0, 0x0, 0x0, 0x0, 0x0, 0x0, 0x16, 0x0,
    0x0, 0x0, 0x0, 0x0, 0x0, 0x0, 0x0, 0x0,

    /* U+8F6C "转" */
    0x0, 0x0, 0x0, 0x59, 0x4e, 0x0, 0x0, 0x0,
    0x0, 0x0, 0x2f, 0x87, 0x0, 0x0, 0x0, 0x0,
    0x0, 0x0, 0x0, 0xbe, 0x70, 0x0, 0x0, 0x0,
    0x0, 0x0, 0x7e, 0xbb, 0x0, 0x0, 0x0, 0x0,
    0xf, 0xc7, 0xc7, 0xf8, 0xd8, 0xc7, 0xab, 0x70,
    0xc7, 0xc7, 0xec, 0xe8, 0xc7, 0xc7, 0x99, 0x0,
    0x6, 0x53, 0x83, 0xe1, 0x53, 0x53, 0x48, 0x2f,
    0x53, 0x5c, 0xff, 0x71, 0x53, 0x53, 0x40, 0x0,
    0x0, 0x0, 0x89, 0x86, 0x46, 0x11, 0x0, 0x0,
    0x0, 0x3c, 0xf7, 0x5, 0x0, 0x0, 0x0, 0x0,
    0x0, 0x0, 0xdc, 0x2d, 0xeb, 0x3b, 0x4, 0x57,
    0x57, 0x9f, 0xdf, 0x57, 0x57, 0x57, 0x57, 0x1e,
    0x0, 0x43, 0xd4, 0x0, 0xeb, 0x3b, 0x9, 0xcb,
    0xcb, 0xf9, 0xde, 0xcb, 0xcb, 0xcb, 0xcb, 0x46,
    0x0, 0xbf, 0xd4, 0x97, 0xf7, 0xb0, 0x84, 0x0,
    0x1b, 0xfb, 0x20, 0x0, 0x0, 0x0, 0x0, 0x0,
    0x0, 0x3b, 0x44, 0x3f, 0xf0, 0x6c, 0x37, 0x0,
    0x7a, 0xf9, 0xc7, 0xc7, 0xc7, 0xcb, 0x62, 0x0,
    0x0, 0x0, 0x0, 0x0, 0xeb, 0x3b, 0x0, 0x0,
    0x3d, 0x53, 0x53, 0x53, 0x9e, 0xf0, 0x1f, 0x0,
    0x0, 0x5, 0x2b, 0x56, 0xf4, 0xc5, 0xde, 0x2a,
    0x0, 0x2, 0x0, 0x1d, 0xed, 0x5a, 0x0, 0x0,
    0x12, 0xfa, 0xfa, 0xd0, 0xfa, 0x88, 0x33, 0x3,
    0x35, 0xdd, 0x52, 0xc2, 0x9b, 0x0, 0x0, 0x0,
    0x0, 0x2f, 0x7, 0x0, 0xeb, 0x3b, 0x0, 0x0,
    0x0, 0x60, 0xf1, 0xf6, 0x15, 0x0, 0x0, 0x0,
    0x0, 0x0, 0x0, 0x0, 0xeb, 0x3b, 0x0, 0x0,
    0x0, 0x0, 0x1f, 0xc9, 0xd2, 0x20, 0x0, 0x0,
    0x0, 0x0, 0x0, 0x0, 0xeb, 0x3b, 0x0, 0x0,
    0x0, 0x0, 0x0, 0x7, 0xa8, 0x6d, 0x0, 0x0,
    0x0, 0x0, 0x0, 0x0, 0x0, 0x0, 0x0, 0x0,
    0x0, 0x0, 0x0, 0x0, 0x1, 0x0, 0x0, 0x0,

    /* U+8F7D "载" */
    0x0, 0x0, 0x0, 0x0, 0x2, 0x7, 0x0, 0x0,
    0x0, 0x0, 0x0, 0x0, 0x0, 0x0, 0x0, 0x0,
    0x0, 0x0, 0x0, 0x0, 0x43, 0xe3, 0x0, 0x0,
    0x0, 0x3d, 0xec, 0x9, 0xa9, 0x2c, 0x0, 0x0,
    0x0, 0x50, 0xf3, 0xf3, 0xf7, 0xfe, 0xf3, 0xf3,
    0xaf, 0x36, 0xf0, 0x0, 0x50, 0xe8, 0x30, 0x0,
    0x0, 0x0, 0x0, 0x0, 0x43, 0xe3, 0x0, 0x0,
    0x0, 0x2f, 0xf4, 0x0, 0x0, 0x43, 0x24, 0x0,
    0x21, 0xef, 0xef, 0xef, 0xf4, 0xfe, 0xef, 0xef,
    0xef, 0xf2, 0xff, 0xef, 0xef, 0xef, 0xef, 0x34,
    0x1, 0xb, 0xb, 0x38, 0xc8, 0x13, 0xb, 0xb,
    0xb, 0x1f, 0xff, 0x1d, 0xb, 0xb, 0xb, 0x2,
    0x0, 0xa, 0xb, 0x80, 0xca, 0xb, 0xb, 0xb,
    0xb, 0x5, 0xfb, 0x26, 0x0, 0xa6, 0x4c, 0x0,
    0x0, 0xdd, 0xf5, 0xff, 0xf5, 0xf3, 0xf3, 0xf3,
    0xf3, 0x50, 0xe4, 0x3c, 0xf, 0xf7, 0x1c, 0x0,
    0x0, 0x0, 0x5b, 0xcd, 0x2, 0xa9, 0x72, 0x0,
    0x0, 0x0, 0xca, 0x5b, 0x64, 0xbd, 0x0, 0x0,
    0x0, 0x1c, 0xe5, 0x7b, 0x3f, 0xc0, 0x96, 0x3f,
    0x3e, 0x0, 0xa0, 0x85, 0xd7, 0x56, 0x0, 0x0,
    0x0, 0x3e, 0xde, 0xcc, 0xcb, 0xee, 0xe3, 0xcb,
    0xc8, 0x0, 0x6f, 0xea, 0xcf, 0x1, 0x0, 0x0,
    0x0, 0x0, 0x0, 0x0, 0x0, 0xab, 0x73, 0x0,
    0x9, 0x8, 0x44, 0xff, 0x4b, 0x0, 0x2d, 0x5,
    0x0, 0x75, 0x8f, 0xa3, 0xb7, 0xec, 0xef, 0xe6,
    0xdc, 0x54, 0xc9, 0xff, 0x66, 0x0, 0x9f, 0x57,
    0x0, 0x6b, 0x65, 0x4e, 0x37, 0xb9, 0x77, 0x0,
    0x15, 0xc1, 0xa4, 0x5e, 0xea, 0x4a, 0xd9, 0x2e,
    0x0, 0x0, 0x0, 0x0, 0x0, 0xab, 0x73, 0x0,
    0x93, 0x95, 0x1, 0x0, 0x89, 0xf2, 0xb3, 0x0,
    0x0, 0x0, 0x0, 0x0, 0x0, 0x0, 0x0, 0x0,
    0x2, 0x0, 0x0, 0x0, 0x0, 0x0, 0x0, 0x0,

    /* U+8F93 "输" */
    0x0, 0x0, 0x31, 0x6e, 0x0, 0x0, 0x0, 0x0,
    0x0, 0x0, 0x53, 0x55, 0x0, 0x0, 0x0, 0x0,
    0x0, 0x0, 0x6c, 0xae, 0x0, 0x0, 0x0, 0x0,
    0x0, 0x3c, 0xf6, 0xc1, 0xb, 0x0, 0x0, 0x0,
    0x20, 0xbb, 0xde, 0xe2, 0xbb, 0xb3, 0x0, 0x0,
    0x55, 0xf0, 0x5b, 0x98, 0xcd, 0x1a, 0x0, 0x0,
    0xf, 0x57, 0xdf, 0x7d, 0x57, 0x53, 0x21, 0xb3,
    0xf4, 0x46, 0x0, 0x0, 0x6e, 0xeb, 0x77, 0xa,
    0x0, 0x6, 0xee, 0x29, 0x33, 0x1c, 0xf3, 0xd3,
    0xdd, 0xb7, 0xb7, 0xb7, 0xb7, 0xd3, 0xd3, 0x90,
    0x0, 0x3c, 0xb7, 0x6b, 0xa3, 0x0, 0x2b, 0x6,
    0x43, 0x43, 0x43, 0x43, 0x43, 0x39, 0x3, 0x6,
    0x0, 0x84, 0x71, 0x6b, 0xa3, 0x0, 0x17, 0x7b,
    0x7b, 0x7b, 0x7b, 0xf, 0xb, 0x0, 0xd2, 0xa,
    0xa, 0xe3, 0x9e, 0xb5, 0xd1, 0x75, 0x2f, 0xf8,
    0x9b, 0x9b, 0xf5, 0x1f, 0xf3, 0x0, 0xeb, 0xb,
    0x2, 0xaa, 0x9d, 0xc6, 0xdc, 0x8f, 0x2f, 0xee,
    0x1f, 0x1f, 0xe7, 0x1f, 0xf3, 0x0, 0xeb, 0xb,
    0x0, 0x0, 0x0, 0x6b, 0xa3, 0x0, 0x2f, 0xfb,
    0xcb, 0xcb, 0xfa, 0x1f, 0xf3, 0x0, 0xeb, 0xb,
    0x0, 0x0, 0x1, 0x7d, 0xcf, 0x90, 0x2f, 0xeb,
    0x0, 0x0, 0xe3, 0x1f, 0xf3, 0x0, 0xeb, 0xb,
    0x1c, 0xb7, 0xee, 0xfc, 0xda, 0x65, 0x2f, 0xfd,
    0xe3, 0xe3, 0xfc, 0x1f, 0xf3, 0x0, 0xeb, 0xb,
    0x7, 0x74, 0x32, 0x6e, 0xa3, 0x0, 0x2f, 0xec,
    0x7, 0x7, 0xe4, 0x1f, 0xb6, 0x0, 0xeb, 0xb,
    0x0, 0x0, 0x0, 0x6b, 0xa3, 0x0, 0x2f, 0xeb,
    0x0, 0x0, 0xe5, 0x1f, 0x0, 0x2, 0xef, 0xb,
    0x0, 0x0, 0x0, 0x6b, 0xa3, 0x0, 0x2d, 0xe0,
    0x6, 0xe5, 0xe2, 0xa, 0x98, 0xf6, 0xbc, 0x0,
    0x0, 0x0, 0x0, 0x0, 0x0, 0x0, 0x0, 0x0,
    0x0, 0x8, 0x1, 0x0, 0x0, 0x0, 0x0, 0x0,

    /* U+8FC7 "过" */
    0x0, 0x34, 0x53, 0x0, 0x0, 0x0, 0x0, 0x0,
    0x0, 0x0, 0x0, 0x7b, 0xbb, 0x0, 0x0, 0x0,
    0x0, 0x3c, 0xf1, 0x67, 0x0, 0x0, 0x0, 0x0,
    0x0, 0x0, 0x0, 0x7b, 0xbb, 0x0, 0x0, 0x0,
    0x0, 0x0, 0x3f, 0xf8, 0x4b, 0x3c, 0x57, 0x57,
    0x57, 0x57, 0x57, 0xa9, 0xd3, 0x57, 0x53, 0x0,
    0x0, 0x0, 0x0, 0x4e, 0x13, 0x8c, 0xcb, 0xcb,
    0xcb, 0xcb, 0xcb, 0xe5, 0xf2, 0xcb, 0xc2, 0x0,
    0x0, 0x0, 0x0, 0x0, 0x0, 0x0, 0x0, 0x0,
    0x0, 0x0, 0x0, 0x7b, 0xbb, 0x0, 0x0, 0x0,
    0xb, 0x37, 0x37, 0x37, 0xa, 0x0, 0x85, 0x67,
    0x0, 0x0, 0x0, 0x7b, 0xbb, 0x0, 0x0, 0x0,
    0x2f, 0xe7, 0xe7, 0xff, 0x2f, 0x0, 0x36, 0xf3,
    0x3d, 0x0, 0x0, 0x7b, 0xbb, 0x0, 0x0, 0x0,
    0x0, 0x0, 0x0, 0xfb, 0x2f, 0x0, 0x0, 0x6b,
    0xe2, 0x10, 0x0, 0x7b, 0xbb, 0x0, 0x0, 0x0,
    0x0, 0x0, 0x0, 0xfb, 0x2f, 0x0, 0x0, 0x1,
    0x66, 0xd, 0x0, 0x7b, 0xbb, 0x0, 0x0, 0x0,
    0x0, 0x0, 0x0, 0xfb, 0x2f, 0x0, 0x0, 0x0,
    0x0, 0x0, 0x0, 0x7f, 0xba, 0x0, 0x0, 0x0,
    0x0, 0x0, 0x11, 0xfd, 0x39, 0x0, 0x0, 0x0,
    0x54, 0xe8, 0xe6, 0xf9, 0x84, 0x0, 0x0, 0x0,
    0x0, 0x25, 0xde, 0xff, 0xdc, 0x21, 0x0, 0x0,
    0xa, 0x49, 0x44, 0x26, 0x0, 0x0, 0x0, 0x0,
    0xc, 0xd6, 0xca, 0x32, 0xa8, 0xf8, 0x99, 0x41,
    0x2a, 0x18, 0x1a, 0x22, 0x2c, 0x41, 0x58, 0x26,
    0x2a, 0xe1, 0x1a, 0x0, 0x0, 0x47, 0xaf, 0xeb,
    0xfc, 0xff, 0xff, 0xff, 0xff, 0xfc, 0xf2, 0x2b,
    0x0, 0xf, 0x0, 0x0, 0x0, 0x0, 0x0, 0x0,
    0x1, 0xd, 0xd, 0x9, 0x3, 0x0, 0x0, 0x0,

    /* U+8FD0 "运" */
    0x0, 0x1a, 0xf, 0x0, 0x0, 0x0, 0x32, 0x37,
    0x37, 0x37, 0x37, 0x37, 0x37, 0x37, 0x7, 0x0,
    0x0, 0x8e, 0xe3, 0x48, 0x0, 0x0, 0xd5, 0xeb,
    0xeb, 0xeb, 0xeb, 0xeb, 0xeb, 0xeb, 0x21, 0x0,
    0x0, 0x0, 0x5a, 0xf0, 0x69, 0x0, 0x0, 0x0,
    0x0, 0x0, 0x0, 0x0, 0x0, 0x0, 0x0, 0x0,
    0x0, 0x0, 0x0, 0x21, 0xd, 0x0, 0x0, 0x0,
    0x0, 0x0, 0x0, 0x0, 0x0, 0x0, 0x0, 0x0,
    0x0, 0x0, 0x0, 0x0, 0x0, 0xc9, 0xcf, 0xcf,
    0xcf, 0xcf, 0xcf, 0xcf, 0xcf, 0xcf, 0xcf, 0x3a,
    0x50, 0xf3, 0xf3, 0xf3, 0x7, 0x3a, 0x3b, 0x3e,
    0xee, 0x9e, 0x3b, 0x3c, 0x3c, 0x3b, 0x3b, 0x10,
    0xe, 0x2b, 0x49, 0xff, 0x7, 0x0, 0x0, 0x51,
    0xf8, 0x1a, 0x0, 0xae, 0x51, 0x0, 0x0, 0x0,
    0x0, 0x0, 0x23, 0xff, 0x7, 0x0, 0x0, 0xc6,
    0x92, 0x0, 0x0, 0x5b, 0xe4, 0xd, 0x0, 0x0,
    0x0, 0x0, 0x23, 0xff, 0x7, 0x0, 0x51, 0xeb,
    0x11, 0x0, 0x0, 0x0, 0xc2, 0x8f, 0x0, 0x0,
    0x0, 0x0, 0x23, 0xff, 0x7, 0x24, 0xe8, 0xc1,
    0x89, 0x9c, 0xaf, 0xc2, 0xe5, 0xfb, 0x28, 0x0,
    0x0, 0x0, 0x23, 0xff, 0x7, 0x27, 0xde, 0xb8,
    0x9d, 0x85, 0x6e, 0x57, 0x40, 0xab, 0xad, 0x0,
    0x0, 0x3, 0x82, 0xff, 0x7b, 0x3, 0x0, 0x0,
    0x0, 0x0, 0x0, 0x0, 0x0, 0x1a, 0x18, 0x0,
    0x6, 0xb1, 0xd9, 0x53, 0xbb, 0xda, 0x7c, 0x39,
    0x27, 0x1a, 0x1e, 0x25, 0x2e, 0x40, 0x56, 0x29,
    0x2a, 0xe5, 0x21, 0x0, 0x1, 0x4f, 0xb1, 0xed,
    0xfd, 0xff, 0xff, 0xff, 0xff, 0xfd, 0xf1, 0x35,
    0x0, 0xf, 0x0, 0x0, 0x0, 0x0, 0x0, 0x0,
    0x2, 0x10, 0xf, 0xb, 0x5, 0x0, 0x0, 0x0,

    /* U+8FDE "连" */
    0x0, 0x7, 0x20, 0x0, 0x0, 0x0, 0x0, 0x0,
    0x52, 0x2d, 0x0, 0x0, 0x0, 0x0, 0x0, 0x0,
    0x0, 0x62, 0xe4, 0x1d, 0x0, 0x0, 0x0, 0x5,
    0xee, 0x5f, 0x0, 0x0, 0x0, 0x0, 0x0, 0x0,
    0x0, 0x0, 0x9f, 0xcd, 0x6, 0xb5, 0xdf, 0xe4,
    0xff, 0xe5, 0xdf, 0xdf, 0xdf, 0xdf, 0xab, 0x0,
    0x0, 0x0, 0xa, 0xd6, 0x48, 0x26, 0x2f, 0xcd,
    0x9c, 0x2f, 0x2f, 0x2f, 0x2f, 0x2f, 0x24, 0x0,
    0x0, 0x0, 0x0, 0x6, 0x0, 0x0, 0x29, 0xf7,
    0x1b, 0xb, 0xf3, 0x2d, 0x0, 0x0, 0x0, 0x0,
    0x6, 0x17, 0x17, 0x17, 0x0, 0x0, 0xaf, 0x95,
    0x0, 0xb, 0xff, 0x2f, 0x0, 0x0, 0x0, 0x0,
    0x47, 0xff, 0xff, 0xf7, 0x0, 0x3b, 0xff, 0xfa,
    0xf7, 0xf8, 0xff, 0xf9, 0xf7, 0xf7, 0x47, 0x0,
    0x3, 0xb, 0x39, 0xf7, 0x0, 0x5, 0x47, 0x2e,
    0x2b, 0x35, 0xff, 0x53, 0x2b, 0x2b, 0xc, 0x0,
    0x0, 0x0, 0x2f, 0xf7, 0x0, 0x0, 0x0, 0x0,
    0x0, 0xb, 0xff, 0x2f, 0x0, 0x0, 0x0, 0x0,
    0x0, 0x0, 0x2f, 0xf7, 0x0, 0x92, 0x9b, 0x9b,
    0x9b, 0xa0, 0xff, 0xae, 0x9b, 0x9b, 0x9b, 0x9,
    0x0, 0x0, 0x2f, 0xf7, 0x0, 0x7b, 0x83, 0x83,
    0x83, 0x89, 0xff, 0x9b, 0x83, 0x83, 0x83, 0x8,
    0x0, 0x0, 0x2f, 0xf7, 0x0, 0x0, 0x0, 0x0,
    0x0, 0xb, 0xff, 0x2f, 0x0, 0x0, 0x0, 0x0,
    0x0, 0x13, 0xac, 0xfe, 0x64, 0x0, 0x0, 0x0,
    0x0, 0xb, 0xff, 0x2f, 0x0, 0x0, 0x0, 0x0,
    0x14, 0xd4, 0xba, 0x4f, 0xd7, 0xce, 0x73, 0x3c,
    0x2d, 0x27, 0x8a, 0x41, 0x37, 0x4c, 0x64, 0x3c,
    0x3a, 0xdc, 0x10, 0x0, 0xa, 0x66, 0xc3, 0xf0,
    0xfe, 0xff, 0xff, 0xff, 0xff, 0xfb, 0xef, 0x49,
    0x0, 0xf, 0x0, 0x0, 0x0, 0x0, 0x0, 0x0,
    0x3, 0x11, 0x11, 0xc, 0x5, 0x0, 0x0, 0x0,

    /* U+8FDF "迟" */
    0x0, 0xd, 0x23, 0x0, 0x0, 0x0, 0x0, 0x0,
    0x0, 0x0, 0x0, 0x0, 0x0, 0x0, 0x0, 0x0,
    0x0, 0x65, 0xea, 0x2e, 0x0, 0x0, 0x45, 0xd3,
    0xd3, 0xd3, 0xd3, 0xd3, 0xd3, 0xd3, 0x31, 0x0,
    0x0, 0x0, 0x84, 0xe6, 0x19, 0x0, 0x53, 0xf2,
    0x57, 0x57, 0x57, 0x57, 0x57, 0xfa, 0x3b, 0x0,
    0x0, 0x0, 0x1, 0xb4, 0x5b, 0x0, 0x53, 0xeb,
    0x0, 0x0, 0x0, 0x0, 0x0, 0xf7, 0x3b, 0x0,
    0x0, 0x0, 0x0, 0x0, 0x0, 0x0, 0x54, 0xeb,
    0x0, 0x0, 0x0, 0x0, 0x0, 0xf7, 0x3b, 0x0,
    0x0, 0x0, 0x0, 0x0, 0x0, 0x0, 0x63, 0xfa,
    0xbf, 0xbf, 0xbf, 0xbf, 0xbf, 0xfd, 0x3b, 0x0,
    0x30, 0xdf, 0xdf, 0xdf, 0x29, 0x0, 0x78, 0xe4,
    0x63, 0x63, 0x6b, 0x63, 0x63, 0x63, 0x17, 0x0,
    0xd, 0x3f, 0x42, 0xff, 0x2f, 0x0, 0x8e, 0xaf,
    0x0, 0x12, 0xe5, 0x4d, 0x0, 0x0, 0x0, 0x0,
    0x0, 0x0, 0x3, 0xff, 0x2f, 0x0, 0xb8, 0x83,
    0x0, 0x0, 0x61, 0xf7, 0x44, 0x0, 0x0, 0x0,
    0x0, 0x0, 0x3, 0xff, 0x2f, 0xd, 0xf8, 0x4f,
    0x0, 0x0, 0x0, 0x74, 0xf5, 0x36, 0x0, 0x0,
    0x0, 0x0, 0x3, 0xff, 0x2f, 0x83, 0xec, 0x6,
    0x0, 0x0, 0x0, 0x0, 0x95, 0xea, 0x1f, 0x0,
    0x0, 0x0, 0xe, 0xff, 0x35, 0xc8, 0x6a, 0x0,
    0x0, 0x0, 0x0, 0x0, 0x4, 0xc3, 0x77, 0x0,
    0x0, 0x20, 0xd5, 0xda, 0xd1, 0x1f, 0x2, 0x0,
    0x0, 0x0, 0x0, 0x0, 0x0, 0x9, 0x0, 0x0,
    0xd, 0xd4, 0x9c, 0x0, 0x62, 0xef, 0x92, 0x40,
    0x2d, 0x1f, 0x23, 0x2c, 0x37, 0x53, 0x76, 0x35,
    0x24, 0xd2, 0xb, 0x0, 0x0, 0x1f, 0x94, 0xda,
    0xf0, 0xff, 0xff, 0xff, 0xfa, 0xf1, 0xe5, 0x2b,
    0x0, 0x9, 0x0, 0x0, 0x0, 0x0, 0x0, 0x0,
    0x0, 0x5, 0x6, 0x1, 0x0, 0x0, 0x0, 0x0,

    /* U+8FF0 "述" */
    0x0, 0x3d, 0x20, 0x0, 0x0, 0x0, 0x0, 0x0,
    0x0, 0x57, 0xd7, 0x23, 0xab, 0x18, 0x0, 0x0,
    0x0, 0x82, 0xde, 0x1c, 0x0, 0x0, 0x0, 0x0,
    0x0, 0x57, 0xd7, 0x0, 0x84, 0xe0, 0x22, 0x0,
    0x0, 0x0, 0x9f, 0xd0, 0xb, 0x26, 0x2b, 0x2b,
    0x2b, 0x74, 0xde, 0x2b, 0x2b, 0x89, 0x42, 0x9,
    0x0, 0x0, 0x9, 0xa6, 0x24, 0xd5, 0xf3, 0xf3,
    0xf3, 0xff, 0xff, 0xf4, 0xf3, 0xf3, 0xf3, 0x35,
    0x0, 0x0, 0x0, 0x0, 0x0, 0x0, 0x0, 0x0,
    0x3f, 0xff, 0xff, 0x81, 0x0, 0x0, 0x0, 0x0,
    0x40, 0xf3, 0xf3, 0xf3, 0x35, 0x0, 0x0, 0x0,
    0xc7, 0xad, 0xda, 0xbc, 0x62, 0x0, 0x0, 0x0,
    0xb, 0x2b, 0x2b, 0xef, 0x37, 0x0, 0x0, 0x51,
    0xce, 0x59, 0xd7, 0x17, 0xe2, 0x45, 0x0, 0x0,
    0x0, 0x0, 0x0, 0xeb, 0x37, 0x0, 0xd, 0xda,
    0x49, 0x57, 0xd7, 0x0, 0x42, 0xea, 0x1c, 0x0,
    0x0, 0x0, 0x0, 0xeb, 0x37, 0x2, 0xaf, 0xb6,
    0x0, 0x57, 0xd7, 0x0, 0x0, 0x9f, 0xbd, 0x0,
    0x0, 0x0, 0x0, 0xeb, 0x3e, 0xac, 0xe5, 0x16,
    0x0, 0x57, 0xd7, 0x0, 0x0, 0x16, 0xda, 0x1c,
    0x0, 0x0, 0x0, 0xeb, 0x39, 0x92, 0x2a, 0x0,
    0x0, 0x57, 0xd7, 0x0, 0x0, 0x0, 0x4, 0x0,
    0x0, 0x0, 0x37, 0xf5, 0x6b, 0x0, 0x0, 0x0,
    0x0, 0x57, 0xd7, 0x0, 0x0, 0x0, 0x0, 0x0,
    0x0, 0x83, 0xc2, 0x16, 0x70, 0xb9, 0x64, 0x23,
    0x10, 0x15, 0x32, 0xf, 0x1a, 0x36, 0x5b, 0x3f,
    0x26, 0xdd, 0x15, 0x0, 0x0, 0x26, 0x93, 0xe4,
    0xfa, 0xff, 0xff, 0xff, 0xff, 0xfd, 0xf2, 0x53,
    0x0, 0xc, 0x0, 0x0, 0x0, 0x0, 0x0, 0x0,
    0x0, 0xf, 0x12, 0xd, 0x6, 0x0, 0x0, 0x0,

    /* U+901A "通" */
    0x0, 0x8c, 0x4e, 0x0, 0x0, 0x29, 0xef, 0xef,
    0xef, 0xef, 0xef, 0xef, 0xef, 0xf0, 0x90, 0x0,
    0x0, 0x50, 0xf7, 0x57, 0x0, 0x0, 0x0, 0x1d,
    0x50, 0x2, 0x0, 0x2a, 0xcb, 0xc3, 0x12, 0x0,
    0x0, 0x0, 0x5e, 0xf9, 0x42, 0x0, 0x0, 0x4d,
    0xd8, 0xde, 0x97, 0xf1, 0x7b, 0x4, 0x0, 0x0,
    0x0, 0x0, 0x0, 0x7c, 0x2e, 0x9, 0x33, 0x33,
    0x36, 0x85, 0xef, 0xe8, 0x60, 0x33, 0x2e, 0x0,
    0x0, 0x0, 0x0, 0x0, 0x0, 0x2f, 0xfb, 0xb7,
    0xb7, 0xc4, 0xfa, 0xb7, 0xb7, 0xcb, 0xe3, 0x0,
    0x1a, 0x53, 0x53, 0x53, 0x7, 0x2f, 0xef, 0x0,
    0x0, 0x2b, 0xeb, 0x0, 0x0, 0x43, 0xe3, 0x0,
    0x3f, 0xcb, 0xcf, 0xff, 0x17, 0x2f, 0xfe, 0xe7,
    0xe7, 0xec, 0xfe, 0xe7, 0xe7, 0xee, 0xe3, 0x0,
    0x0, 0x0, 0xf, 0xff, 0x17, 0x2f, 0xef, 0x0,
    0x0, 0x2b, 0xeb, 0x0, 0x0, 0x43, 0xe3, 0x0,
    0x0, 0x0, 0xf, 0xff, 0x17, 0x2f, 0xfe, 0xef,
    0xef, 0xf2, 0xfe, 0xef, 0xef, 0xf4, 0xe3, 0x0,
    0x0, 0x0, 0xf, 0xff, 0x17, 0x2f, 0xef, 0x0,
    0x0, 0x2b, 0xeb, 0x0, 0x0, 0x43, 0xe3, 0x0,
    0x0, 0x0, 0xf, 0xff, 0x17, 0x2f, 0xef, 0x0,
    0x0, 0x2b, 0xeb, 0x0, 0x1, 0x4f, 0xe2, 0x0,
    0x0, 0x0, 0x5e, 0xff, 0x5c, 0x2c, 0xdd, 0x0,
    0x0, 0x2b, 0xeb, 0xc, 0xe9, 0xe9, 0x8d, 0x0,
    0x0, 0x91, 0xc9, 0x38, 0xa6, 0xb5, 0x56, 0x14,
    0x4, 0x0, 0x3, 0x1, 0x9, 0x1a, 0x30, 0x2d,
    0x29, 0xe2, 0x17, 0x0, 0x0, 0x42, 0xa8, 0xea,
    0xfc, 0xf7, 0xf9, 0xff, 0xff, 0xfe, 0xf6, 0x7c,
    0x0, 0x11, 0x0, 0x0, 0x0, 0x0, 0x0, 0x0,
    0x1, 0xf, 0x10, 0xb, 0x7, 0x0, 0x0, 0x0,

    /* U+901F "速" */
    0x0, 0x7a, 0x51, 0x0, 0x0, 0x0, 0x0, 0x0,
    0x0, 0xdb, 0x4f, 0x0, 0x0, 0x0, 0x0, 0x0,
    0x0, 0x52, 0xf9, 0x55, 0x0, 0xd5, 0xf3, 0xf3,
    0xf3, 0xfe, 0xf7, 0xf3, 0xf3, 0xf3, 0xec, 0x0,
    0x0, 0x0, 0x73, 0xf8, 0x36, 0x14, 0x17, 0x17,
    0x17, 0xdf, 0x60, 0x17, 0x17, 0x17, 0x17, 0x0,
    0x0, 0x0, 0x1, 0x88, 0x11, 0x8, 0x2f, 0x2f,
    0x2f, 0xe2, 0x70, 0x2f, 0x2f, 0x2f, 0xb, 0x0,
    0x0, 0x0, 0x0, 0x0, 0x0, 0x2f, 0xfb, 0xc3,
    0xc3, 0xf7, 0xd6, 0xc3, 0xc3, 0xfb, 0x3b, 0x0,
    0x23, 0x83, 0x83, 0x83, 0x1c, 0x2f, 0xeb, 0x0,
    0x0, 0xdb, 0x4f, 0x0, 0x0, 0xeb, 0x3b, 0x0,
    0x29, 0x9b, 0x9b, 0xf8, 0x37, 0x2f, 0xef, 0x2f,
    0x2f, 0xe2, 0x70, 0x2f, 0x2f, 0xef, 0x3b, 0x0,
    0x0, 0x0, 0x0, 0xeb, 0x37, 0x25, 0xc7, 0xc7,
    0xdf, 0xff, 0xf8, 0xc8, 0xc7, 0xc7, 0x2e, 0x0,
    0x0, 0x0, 0x0, 0xeb, 0x37, 0x0, 0x0, 0x1a,
    0xdb, 0xf6, 0xee, 0xad, 0x15, 0x0, 0x0, 0x0,
    0x0, 0x0, 0x0, 0xeb, 0x37, 0x0, 0x1e, 0xd3,
    0x67, 0xdb, 0x56, 0x8c, 0xe8, 0x41, 0x0, 0x0,
    0x0, 0x0, 0x0, 0xeb, 0x39, 0x73, 0xf1, 0x77,
    0x0, 0xdb, 0x4f, 0x0, 0x4e, 0xef, 0x58, 0x0,
    0x0, 0x0, 0x3a, 0xf6, 0x6c, 0x75, 0x40, 0x0,
    0x0, 0xdb, 0x4f, 0x0, 0x0, 0x31, 0x19, 0x0,
    0x0, 0x83, 0xe4, 0x6a, 0xc3, 0xbc, 0x5d, 0x1e,
    0xd, 0x32, 0x17, 0xc, 0x15, 0x28, 0x3e, 0xf,
    0x24, 0xe5, 0x26, 0x0, 0x2, 0x58, 0xb5, 0xef,
    0xfe, 0xff, 0xff, 0xff, 0xff, 0xfa, 0xeb, 0xc,
    0x0, 0xe, 0x0, 0x0, 0x0, 0x0, 0x0, 0x0,
    0x3, 0x11, 0x11, 0xb, 0x4, 0x0, 0x0, 0x0,

    /* U+91CD "重" */
    0x0, 0x0, 0x0, 0x0, 0x0, 0x0, 0x0, 0x0,
    0xa, 0x21, 0x39, 0x5b, 0x7f, 0x11, 0x0, 0x0,
    0x0, 0x0, 0x90, 0xc4, 0xd1, 0xdd, 0xea, 0xf7,
    0xf9, 0xe0, 0xc7, 0xaa, 0x84, 0x2d, 0x0, 0x0,
    0x0, 0x0, 0x27, 0x33, 0x28, 0x1d, 0x11, 0xab,
    0x8b, 0x0, 0x0, 0x0, 0x0, 0x0, 0x0, 0x0,
    0x10, 0xd3, 0xd3, 0xd3, 0xd3, 0xd3, 0xd3, 0xf0,
    0xec, 0xd3, 0xd3, 0xd3, 0xd3, 0xd3, 0xd3, 0x17,
    0x3, 0x2b, 0x2b, 0x2b, 0x2b, 0x2b, 0x2b, 0xb7,
    0x9f, 0x2b, 0x2b, 0x2b, 0x2b, 0x2b, 0x2b, 0x4,
    0x0, 0x0, 0x63, 0xdb, 0xdb, 0xdb, 0xdb, 0xf3,
    0xef, 0xdb, 0xdb, 0xdb, 0xdb, 0x7f, 0x0, 0x0,
    0x0, 0x0, 0x73, 0xb7, 0x0, 0x0, 0x0, 0xa7,
    0x8b, 0x0, 0x0, 0x0, 0xa3, 0x93, 0x0, 0x0,
    0x0, 0x0, 0x73, 0xf1, 0xcb, 0xcb, 0xcb, 0xee,
    0xe8, 0xcb, 0xcb, 0xcb, 0xed, 0x93, 0x0, 0x0,
    0x0, 0x0, 0x73, 0xb9, 0x3, 0x3, 0x3, 0xa9,
    0x8d, 0x3, 0x3, 0x3, 0xa5, 0x93, 0x0, 0x0,
    0x0, 0x0, 0x73, 0xef, 0xc3, 0xc3, 0xc3, 0xeb,
    0xe4, 0xc3, 0xc3, 0xc3, 0xea, 0x93, 0x0, 0x0,
    0x0, 0x0, 0xc, 0x1b, 0x1b, 0x1b, 0x1b, 0xb1,
    0x98, 0x1b, 0x1b, 0x1b, 0x1b, 0x10, 0x0, 0x0,
    0x0, 0x0, 0xc1, 0xc7, 0xc7, 0xc7, 0xc7, 0xec,
    0xe6, 0xc7, 0xc7, 0xc7, 0xc7, 0xc7, 0x25, 0x0,
    0x0, 0x0, 0x2e, 0x2f, 0x2f, 0x2f, 0x2f, 0xb8,
    0xa1, 0x2f, 0x2f, 0x2f, 0x2f, 0x2f, 0x8, 0x0,
    0x0, 0x0, 0x0, 0x0, 0x0, 0x0, 0x0, 0xa7,
    0x8b, 0x0, 0x0, 0x0, 0x0, 0x0, 0x0, 0x0,
    0x2a, 0xf7, 0xf7, 0xf7, 0xf7, 0xf7, 0xf7, 0xfd,
    0xfc, 0xf7, 0xf7, 0xf7, 0xf7, 0xf7, 0xf7, 0x2e,

    /* U+91CF "量" */
    0x0, 0x0, 0x0, 0xeb, 0xc0, 0xb7, 0xb7, 0xb7,
    0xb7, 0xb7, 0xb7, 0xb7, 0xe5, 0x4d, 0x0, 0x0,
    0x0, 0x0, 0x0, 0xff, 0x46, 0x1f, 0x1f, 0x1f,
    0x1f, 0x1f, 0x1f, 0x1f, 0xe3, 0x53, 0x0, 0x0,
    0x0, 0x0, 0x0, 0xff, 0xa6, 0x93, 0x93, 0x93,
    0x93, 0x93, 0x93, 0x93, 0xf2, 0x53, 0x0, 0x0,
    0x0, 0x0, 0x0, 0xff, 0x9f, 0x8b, 0x8b, 0x8b,
    0x8b, 0x8b, 0x8b, 0x8b, 0xf1, 0x53, 0x0, 0x0,
    0x0, 0x23, 0x23, 0x4f, 0x4f, 0x4f, 0x4f, 0x4f,
    0x4f, 0x4f, 0x4f, 0x4f, 0x4f, 0x32, 0x23, 0xc,
    0x0, 0xc7, 0xc7, 0xc7, 0xc7, 0xc7, 0xc7, 0xc7,
    0xc7, 0xc7, 0xc7, 0xc7, 0xc7, 0xc7, 0xc7, 0x47,
    0x0, 0x0, 0x27, 0x8b, 0x8b, 0x8b, 0x8b, 0x8b,
    0x8b, 0x8b, 0x8b, 0x8b, 0x8b, 0x6d, 0x0, 0x0,
    0x0, 0x0, 0x47, 0xde, 0x27, 0x27, 0x27, 0x86,
    0xc6, 0x27, 0x27, 0x27, 0x7c, 0xc7, 0x0, 0x0,
    0x0, 0x0, 0x47, 0xf4, 0xb3, 0xb3, 0xb3, 0xd5,
    0xeb, 0xb3, 0xb3, 0xb3, 0xd1, 0xc7, 0x0, 0x0,
    0x0, 0x0, 0x47, 0xe8, 0x67, 0x67, 0x67, 0xaa,
    0xd7, 0x67, 0x67, 0x67, 0xa3, 0xc7, 0x0, 0x0,
    0x0, 0x0, 0x15, 0x4b, 0x4b, 0x4b, 0x4b, 0x9a,
    0xd0, 0x4b, 0x4b, 0x4b, 0x4b, 0x3b, 0x0, 0x0,
    0x0, 0x0, 0xa1, 0xdb, 0xdb, 0xdb, 0xdb, 0xeb,
    0xf6, 0xdb, 0xdb, 0xdb, 0xdb, 0xdb, 0x1e, 0x0,
    0x0, 0x0, 0x0, 0x0, 0x0, 0x0, 0x0, 0x6f,
    0xbb, 0x0, 0x0, 0x0, 0x0, 0x0, 0x0, 0x0,
    0x12, 0xeb, 0xeb, 0xeb, 0xeb, 0xeb, 0xeb, 0xf4,
    0xfa, 0xeb, 0xeb, 0xeb, 0xeb, 0xeb, 0xeb, 0x6a,

    /* U+95ED "闭" */
    0x0, 0x0, 0x0, 0x0, 0x0, 0x0, 0x0, 0x0,
    0x0, 0x0, 0x0, 0x0, 0x0, 0x0, 0x3, 0xc4,
    0x54, 0x0, 0x1b, 0x57, 0x57, 0x57, 0x57, 0x57,
    0x57, 0x57, 0x57, 0x47, 0x0, 0x38, 0xef, 0x3b,
    0x3e, 0xc7, 0xc7, 0xc7, 0xc7, 0xc7, 0xc7, 0xc7,
    0xdc, 0xcf, 0xb, 0x1a, 0x54, 0x52, 0x0, 0x0,
    0x0, 0x0, 0x35, 0x17, 0x0, 0x0, 0x5f, 0xcf,
    0x5b, 0xd3, 0x0, 0x0, 0x0, 0x0, 0x0, 0x0,
    0xe3, 0x63, 0x0, 0x0, 0x5f, 0xcf, 0x5b, 0xd3,
    0x0, 0x28, 0x2b, 0x2b, 0x2b, 0x2b, 0xe8, 0x7e,
    0x2b, 0x1e, 0x5f, 0xcf, 0x5b, 0xd3, 0x0, 0xe0,
    0xf3, 0xf3, 0xf3, 0xfb, 0xff, 0xf8, 0xf3, 0xab,
    0x5f, 0xcf, 0x5b, 0xd3, 0x0, 0x0, 0x0, 0x0,
    0x14, 0xe6, 0xff, 0x63, 0x0, 0x0, 0x5f, 0xcf,
    0x5b, 0xd3, 0x0, 0x0, 0x0, 0x6, 0xbb, 0xa8,
    0xe5, 0x63, 0x0, 0x0, 0x5f, 0xcf, 0x5b, 0xd3,
    0x0, 0x0, 0xe, 0xb3, 0xc1, 0x7, 0xe3, 0x63,
    0x0, 0x0, 0x5f, 0xcf, 0x5b, 0xd3, 0x0, 0x3e,
    0xe0, 0xc1, 0x10, 0x0, 0xe3, 0x63, 0x0, 0x0,
    0x5f, 0xcf, 0x5b, 0xd3, 0x57, 0xf8, 0x79, 0x2,
    0x0, 0x0, 0xe3, 0x63, 0x0, 0x0, 0x5f, 0xcf,
    0x5b, 0xd3, 0x8, 0x2d, 0x0, 0x14, 0x32, 0x39,
    0xf1, 0x5d, 0x0, 0x0, 0x5f, 0xcf, 0x5b, 0xd3,
    0x0, 0x0, 0x0, 0x28, 0xee, 0xe9, 0xbd, 0x1a,
    0xc, 0x1c, 0x7c, 0xcc, 0x5b, 0xd3, 0x0, 0x0,
    0x0, 0x0, 0x0, 0x0, 0x0, 0x0, 0x34, 0xfd,
    0xec, 0x75, 0x0, 0x0, 0x0, 0x0, 0x0, 0x0,
    0x0, 0x0, 0x0, 0x0, 0x0, 0x0, 0x0, 0x0,

    /* U+95F4 "间" */
    0x0, 0x0, 0x0, 0x0, 0x0, 0x0, 0x0, 0x0,
    0x0, 0x0, 0x0, 0x0, 0x0, 0x0, 0x1, 0xb9,
    0x54, 0x0, 0x5, 0x53, 0x53, 0x53, 0x53, 0x53,
    0x53, 0x53, 0x53, 0x4d, 0x0, 0x30, 0xeb, 0x41,
    0xc, 0xcf, 0xcf, 0xcf, 0xcf, 0xcf, 0xcf, 0xcf,
    0xde, 0xeb, 0xa, 0x1c, 0x3c, 0x37, 0x0, 0x0,
    0x0, 0x0, 0x0, 0x0, 0x0, 0x0, 0x4f, 0xeb,
    0x53, 0xe7, 0x0, 0x0, 0x0, 0x0, 0x0, 0x0,
    0x0, 0x0, 0x0, 0x0, 0x4f, 0xeb, 0x53, 0xe7,
    0x0, 0x0, 0xe0, 0xf3, 0xf3, 0xf3, 0xf3, 0xf3,
    0x35, 0x0, 0x4f, 0xeb, 0x53, 0xe7, 0x0, 0x0,
    0xeb, 0x35, 0xb, 0xb, 0xb, 0xec, 0x37, 0x0,
    0x4f, 0xeb, 0x53, 0xe7, 0x0, 0x0, 0xeb, 0x2b,
    0x0, 0x0, 0x0, 0xeb, 0x37, 0x0, 0x4f, 0xeb,
    0x53, 0xe7, 0x0, 0x0, 0xeb, 0xf6, 0xf3, 0xf3,
    0xf3, 0xff, 0x37, 0x0, 0x4f, 0xeb, 0x53, 0xe7,
    0x0, 0x0, 0xeb, 0x39, 0xf, 0xf, 0xf, 0xed,
    0x37, 0x0, 0x4f, 0xeb, 0x53, 0xe7, 0x0, 0x0,
    0xeb, 0x2b, 0x0, 0x0, 0x0, 0xeb, 0x37, 0x0,
    0x4f, 0xeb, 0x53, 0xe7, 0x0, 0x0, 0xeb, 0xd1,
    0xc7, 0xc7, 0xc7, 0xfb, 0x37, 0x0, 0x4f, 0xeb,
    0x53, 0xe7, 0x0, 0x0, 0x33, 0x37, 0x37, 0x37,
    0x37, 0x37, 0xc, 0x0, 0x4f, 0xeb, 0x53, 0xe7,
    0x0, 0x0, 0x0, 0x0, 0x0, 0x0, 0x0, 0x0,
    0x6, 0x1c, 0x6c, 0xe9, 0x53, 0xe7, 0x0, 0x0,
    0x0, 0x0, 0x0, 0x0, 0x0, 0x0, 0xa, 0xee,
    0xf1, 0x91,

    /* U+9608 "阈" */
    0x0, 0x1f, 0x45, 0x0, 0x0, 0x0, 0x0, 0x0,
    0x0, 0x0, 0x0, 0x0, 0x0, 0x0, 0x0, 0x48,
    0xf5, 0x42, 0x0, 0xe4, 0xf3, 0xf3, 0xf3, 0xf3,
    0xf3, 0xf3, 0xf3, 0xe0, 0x0, 0x0, 0x6d, 0xee,
    0x21, 0x1d, 0x1f, 0x26, 0x29, 0x21, 0x1f, 0x1f,
    0x5b, 0xeb, 0x33, 0x79, 0x0, 0x91, 0x38, 0x0,
    0x0, 0x62, 0xa0, 0x9c, 0x5c, 0x0, 0x43, 0xeb,
    0x5b, 0xd7, 0x0, 0x0, 0x0, 0x0, 0x0, 0x56,
    0xa9, 0x12, 0xa4, 0x4, 0x43, 0xeb, 0x5b, 0xd7,
    0x3a, 0xeb, 0xeb, 0xeb, 0xeb, 0xf2, 0xf9, 0xeb,
    0xeb, 0xbf, 0x43, 0xeb, 0x5b, 0xd7, 0x2, 0xb,
    0xb, 0xb, 0xb, 0x3b, 0xcf, 0xb, 0x29, 0x11,
    0x43, 0xeb, 0x5b, 0xd7, 0x0, 0xc6, 0xc3, 0xc3,
    0xcd, 0x15, 0xe9, 0x2, 0xe1, 0x2b, 0x43, 0xeb,
    0x5b, 0xd7, 0x0, 0xd3, 0x0, 0x0, 0xd7, 0x0,
    0xf4, 0x5a, 0xd2, 0x0, 0x43, 0xeb, 0x5b, 0xd7,
    0x0, 0xd3, 0xab, 0xab, 0xda, 0x0, 0xc4, 0xe4,
    0x68, 0x0, 0x43, 0xeb, 0x5b, 0xd7, 0x0, 0x13,
    0x17, 0x17, 0x14, 0x0, 0x8c, 0xdc, 0x5, 0x3d,
    0x46, 0xeb, 0x5b, 0xd7, 0xe, 0x40, 0x6d, 0x9c,
    0xcd, 0x50, 0xe1, 0xd1, 0x0, 0xb9, 0x55, 0xeb,
    0x5b, 0xd7, 0x57, 0xe8, 0xb4, 0x80, 0x5d, 0xdf,
    0x86, 0xce, 0x8a, 0xcc, 0x43, 0xeb, 0x5b, 0xd7,
    0x2, 0x0, 0x0, 0x0, 0x6c, 0x6c, 0x0, 0x29,
    0xca, 0x72, 0x65, 0xe6, 0x5b, 0xd7, 0x0, 0x0,
    0x0, 0x0, 0x0, 0x0, 0x0, 0x0, 0xc4, 0xfc,
    0xea, 0x82,

    /* U+9694 "隔" */
    0xd2, 0xe3, 0xe3, 0xe0, 0x44, 0xcf, 0xcf, 0xcf,
    0xcf, 0xcf, 0xcf, 0xcf, 0xcf, 0xcf, 0xc, 0xeb,
    0x49, 0x46, 0xfa, 0x1b, 0x37, 0x37, 0x37, 0x37,
    0x37, 0x37, 0x37, 0x37, 0x37, 0x3, 0xeb, 0x1f,
    0x6f, 0xb1, 0x0, 0x34, 0xdf, 0xdf, 0xdf, 0xdf,
    0xdf, 0xdf, 0xdf, 0x26, 0x0, 0xeb, 0x1f, 0xcd,
    0x4e, 0x0, 0x3b, 0xf3, 0x0, 0x0, 0x0, 0x0,
    0x0, 0xeb, 0x2b, 0x0, 0xeb, 0x43, 0xf7, 0x7,
    0x0, 0x3b, 0xfa, 0x8b, 0x8b, 0x8b, 0x8b, 0x8b,
    0xf6, 0x2b, 0x0, 0xeb, 0x21, 0xb5, 0x77, 0x0,
    0x11, 0x4b, 0x4b, 0x4b, 0x4b, 0x4b, 0x4b, 0x4b,
    0xd, 0x0, 0xeb, 0x1f, 0x27, 0xee, 0x5, 0xc7,
    0xd7, 0xd7, 0xd7, 0xd7, 0xd7, 0xd7, 0xd7, 0xac,
    0x0, 0xeb, 0x1f, 0x0, 0xe5, 0x2a, 0xeb, 0x31,
    0x73, 0x2d, 0x17, 0x22, 0x7f, 0x55, 0xcb, 0x0,
    0xeb, 0x1f, 0x0, 0xd0, 0x42, 0xeb, 0x1b, 0x5d,
    0xa3, 0x0, 0x6f, 0x95, 0x43, 0xcb, 0x0, 0xeb,
    0x61, 0x99, 0xf8, 0x1a, 0xeb, 0x1b, 0x1, 0xb6,
    0x12, 0xd7, 0x18, 0x43, 0xcb, 0x0, 0xeb, 0x53,
    0x8f, 0x43, 0x0, 0xeb, 0x29, 0xdb, 0xdd, 0xff,
    0xdb, 0xdb, 0x5f, 0xcb, 0x0, 0xeb, 0x1f, 0x0,
    0x0, 0x0, 0xeb, 0x1b, 0x0, 0x7, 0xff, 0x0,
    0x0, 0x43, 0xcb, 0x0, 0xeb, 0x1f, 0x0, 0x0,
    0x0, 0xeb, 0x1b, 0x0, 0x7, 0xff, 0x0, 0x0,
    0x48, 0xcb, 0x0, 0xeb, 0x1f, 0x0, 0x0, 0x0,
    0xeb, 0x1b, 0x0, 0x7, 0xff, 0x0, 0x92, 0xf8,
    0x91, 0x0, 0x0, 0x0, 0x0, 0x0, 0x0, 0xb,
    0x1, 0x0, 0x0, 0x0, 0x0, 0x4, 0x4, 0x0,
    0x0,

    /* U+9891 "频" */
    0x0, 0x0, 0x0, 0x0, 0xbf, 0x57, 0x0, 0x0,
    0x25, 0x33, 0x33, 0x33, 0x33, 0x33, 0x33, 0x13,
    0x0, 0x24, 0xac, 0x0, 0xbf, 0x7f, 0x3b, 0x27,
    0x92, 0xcb, 0xcb, 0xef, 0xe6, 0xcb, 0xcb, 0x4c,
    0x0, 0x2b, 0xcf, 0x0, 0xbf, 0xdb, 0xc7, 0x83,
    0x0, 0x0, 0x1, 0xe4, 0x41, 0x0, 0x0, 0x0,
    0x0, 0x2b, 0xcf, 0x0, 0xbf, 0x57, 0x0, 0x0,
    0x28, 0x87, 0x9a, 0xf9, 0x88, 0x87, 0x7d, 0x0,
    0x17, 0x60, 0xdb, 0x3f, 0xcf, 0x81, 0x3f, 0x3f,
    0x4d, 0xd9, 0x67, 0x67, 0x67, 0x82, 0xeb, 0x0,
    0x50, 0xd7, 0xd7, 0xd9, 0xff, 0xd9, 0xd7, 0xd7,
    0x52, 0xbf, 0x0, 0xa0, 0x2b, 0x2b, 0xeb, 0x0,
    0x0, 0x0, 0xb, 0x7, 0xff, 0xb, 0x7, 0xa,
    0x4b, 0xbf, 0x0, 0xcc, 0x31, 0x2b, 0xeb, 0x0,
    0x0, 0x1c, 0xee, 0xf, 0xff, 0xb, 0x65, 0xba,
    0x4b, 0xbf, 0x0, 0xd4, 0x2a, 0x2b, 0xeb, 0x0,
    0x0, 0x7c, 0x9e, 0x7, 0xff, 0xb, 0xc1, 0x62,
    0x4b, 0xbf, 0x0, 0xe3, 0x1b, 0x2b, 0xeb, 0x0,
    0x1a, 0xed, 0x2b, 0x7, 0xff, 0x4b, 0xef, 0x10,
    0x4b, 0xbf, 0x4, 0xf7, 0x4, 0x2b, 0xeb, 0x0,
    0x13, 0x5a, 0x0, 0x5, 0xbc, 0xe6, 0x64, 0x0,
    0x3d, 0x9b, 0x3b, 0xd1, 0x0, 0x22, 0xb8, 0x0,
    0x0, 0x0, 0x0, 0x18, 0xc8, 0xb0, 0x0, 0x0,
    0x0, 0x5, 0xc1, 0x93, 0xcc, 0x32, 0x0, 0x0,
    0x0, 0x5, 0x5c, 0xe3, 0x98, 0x4, 0x0, 0x0,
    0xf, 0xa1, 0xbc, 0x3, 0x4e, 0xe8, 0x67, 0x0,
    0xb, 0xde, 0xcd, 0x52, 0x0, 0x0, 0x0, 0x7b,
    0xec, 0x9e, 0x12, 0x0, 0x0, 0x24, 0xda, 0x5d,
    0x0, 0x25, 0x0, 0x0, 0x0, 0x0, 0x0, 0x1d,
    0x13, 0x0, 0x0, 0x0, 0x0, 0x0, 0x12, 0x7,

    /* U+989D "额" */
    0x0, 0x0, 0x0, 0x23, 0x3f, 0x0, 0x0, 0x0,
    0x0, 0x0, 0x0, 0x0, 0x0, 0x0, 0x0, 0x0,
    0x0, 0x0, 0x0, 0x3b, 0xf1, 0x15, 0x0, 0x0,
    0x7d, 0x87, 0x87, 0x87, 0x87, 0x87, 0x87, 0xc,
    0x7, 0xf3, 0xf3, 0xf3, 0xff, 0xf7, 0xf3, 0xca,
    0x7d, 0x87, 0x8e, 0xfe, 0x8d, 0x87, 0x87, 0xc,
    0x7, 0xff, 0x13, 0x51, 0x2c, 0xb, 0x2a, 0xd3,
    0x0, 0x0, 0x50, 0xc0, 0x0, 0x0, 0x0, 0x0,
    0x3, 0x77, 0x2c, 0xfa, 0x3c, 0xb, 0x1a, 0x63,
    0x89, 0xcb, 0xe7, 0xe7, 0xcb, 0xcb, 0x65, 0x0,
    0x0, 0xc, 0xc6, 0xef, 0xe7, 0xed, 0xf6, 0x18,
    0xab, 0xa3, 0x6f, 0x6f, 0x6f, 0xc0, 0x7f, 0x0,
    0xf, 0xc6, 0xac, 0x25, 0x5, 0xb5, 0x6e, 0x0,
    0xab, 0x5b, 0xf, 0xae, 0x0, 0x8f, 0x7f, 0x0,
    0x10, 0x70, 0x40, 0xe3, 0xd1, 0xb5, 0x0, 0x0,
    0xab, 0x5b, 0x1a, 0xec, 0x0, 0x8f, 0x7f, 0x0,
    0x0, 0x18, 0x84, 0xea, 0xa7, 0xe9, 0x98, 0x17,
    0xab, 0x5b, 0x24, 0xe0, 0x0, 0x8f, 0x7f, 0x0,
    0x2c, 0xf7, 0xba, 0x32, 0x0, 0x10, 0x8d, 0x89,
    0xab, 0x5b, 0x34, 0xd1, 0x0, 0x8f, 0x7f, 0x0,
    0x0, 0x25, 0xec, 0xef, 0xef, 0xef, 0xef, 0x7,
    0xab, 0x5b, 0x5e, 0xa2, 0x0, 0x8f, 0x7f, 0x0,
    0x0, 0x0, 0xfb, 0x26, 0xb, 0x22, 0xff, 0x7,
    0x89, 0x49, 0x8f, 0x69, 0x0, 0x6e, 0x61, 0x0,
    0x0, 0x0, 0xfb, 0x1b, 0x0, 0x17, 0xff, 0x7,
    0x0, 0x10, 0xd5, 0x36, 0xa7, 0x12, 0x0, 0x0,
    0x0, 0x0, 0xfb, 0x1b, 0x0, 0x17, 0xff, 0x7,
    0x1, 0xa0, 0x57, 0x1, 0x69, 0xd3, 0x28, 0x0,
    0x0, 0x0, 0xfb, 0xfc, 0xfb, 0xfb, 0xf7, 0x3a,
    0x9a, 0x50, 0x0, 0x0, 0x0, 0x28, 0xc2, 0x1b,
    0x0, 0x0, 0x0, 0x0, 0x0, 0x0, 0x0, 0xc,
    0x2, 0x0, 0x0, 0x0, 0x0, 0x0, 0x1, 0x0,

    /* U+9AD8 "高" */
    0x0, 0x0, 0x0, 0x0, 0x0, 0x0, 0x0, 0x5c,
    0x29, 0x0, 0x0, 0x0, 0x0, 0x0, 0x0, 0x0,
    0x0, 0x0, 0x0, 0x0, 0x0, 0x0, 0xb3, 0x97,
    0x0, 0x0, 0x0, 0x0, 0x0, 0x0, 0xd, 0xd7,
    0xd7, 0xd7, 0xd7, 0xd7, 0xd7, 0xec, 0xf8, 0xd7,
    0xd7, 0xd7, 0xd7, 0xd7, 0xd4, 0x3, 0x37, 0x37,
    0x37, 0x37, 0x37, 0x37, 0x37, 0x37, 0x37, 0x37,
    0x37, 0x37, 0x37, 0x37, 0x0, 0x0, 0x0, 0x8e,
    0xe3, 0xe3, 0xe3, 0xe3, 0xe3, 0xe3, 0xe3, 0xe3,
    0xaa, 0x0, 0x0, 0x0, 0x0, 0x0, 0x9f, 0x8f,
    0x0, 0x0, 0x0, 0x0, 0x0, 0x0, 0x7f, 0xbf,
    0x0, 0x0, 0x0, 0x0, 0x0, 0x9f, 0xde, 0xb3,
    0xb3, 0xb3, 0xb3, 0xb3, 0xb3, 0xd9, 0xbf, 0x0,
    0x0, 0x0, 0x0, 0x0, 0x1b, 0x2b, 0x2b, 0x2b,
    0x2b, 0x2b, 0x2b, 0x2b, 0x2b, 0x20, 0x0, 0x0,
    0x0, 0x6c, 0xe7, 0xe7, 0xe7, 0xe7, 0xe7, 0xe7,
    0xe7, 0xe7, 0xe7, 0xe7, 0xe7, 0xe7, 0x6c, 0x0,
    0x77, 0xb9, 0x1f, 0x1f, 0x1f, 0x1f, 0x1f, 0x1f,
    0x1f, 0x1f, 0x1f, 0x1f, 0xc4, 0x77, 0x0, 0x77,
    0xaf, 0x0, 0x77, 0xe7, 0xe7, 0xe7, 0xe7, 0xe7,
    0xe7, 0x41, 0x0, 0xbb, 0x77, 0x0, 0x77, 0xaf,
    0x0, 0x83, 0x9f, 0x0, 0x0, 0x0, 0x0, 0xcb,
    0x47, 0x0, 0xbb, 0x77, 0x0, 0x77, 0xaf, 0x0,
    0x83, 0xad, 0x23, 0x23, 0x23, 0x23, 0xd3, 0x47,
    0x0, 0xbb, 0x77, 0x0, 0x77, 0xaf, 0x0, 0x83,
    0xe7, 0xbf, 0xbf, 0xbf, 0xbf, 0xbf, 0x35, 0x0,
    0xbe, 0x77, 0x0, 0x77, 0xaf, 0x0, 0x1a, 0x20,
    0x0, 0x0, 0x0, 0x0, 0x0, 0x66, 0xe4, 0xe8,
    0x3e,

    /* U+F002 "" */
    0x0, 0x0, 0x0, 0x3c, 0xa6, 0xe2, 0xf8, 0xe2,
    0xa5, 0x3c, 0x0, 0x0, 0x0, 0x0, 0x0, 0x0,
    0x0, 0x4, 0x94, 0xff, 0xff, 0xff, 0xff, 0xff,
    0xff, 0xff, 0x94, 0x4, 0x0, 0x0, 0x0, 0x0,
    0x0, 0x95, 0xff, 0xf8, 0x80, 0x24, 0x8, 0x24,
    0x80, 0xf8, 0xff, 0x94, 0x0, 0x0, 0x0, 0x0,
    0x3c, 0xff, 0xf8, 0x39, 0x0, 0x0, 0x0, 0x0,
    0x0, 0x39, 0xf8, 0xff, 0x3c, 0x0, 0x0, 0x0,
    0xa7, 0xff, 0x80, 0x0, 0x0, 0x0, 0x0, 0x0,
    0x0, 0x0, 0x81, 0xff, 0xa5, 0x0, 0x0, 0x0,
    0xe4, 0xff, 0x24, 0x0, 0x0, 0x0, 0x0, 0x0,
    0x0, 0x0, 0x25, 0xff, 0xe2, 0x0, 0x0, 0x0,
    0xf9, 0xff, 0x8, 0x0, 0x0, 0x0, 0x0, 0x0,
    0x0, 0x0, 0x8, 0xff, 0xf9, 0x0, 0x0, 0x0,
    0xe4, 0xff, 0x24, 0x0, 0x0, 0x0, 0x0, 0x0,
    0x0, 0x0, 0x25, 0xff, 0xe6, 0x0, 0x0, 0x0,
    0xa7, 0xff, 0x80, 0x0, 0x0, 0x0, 0x0, 0x0,
    0x0, 0x0, 0x81, 0xff, 0xaa, 0x0, 0x0, 0x0,
    0x3d, 0xff, 0xf8, 0x39, 0x0, 0x0, 0x0, 0x0,
    0x0, 0x39, 0xf8, 0xff, 0x40, 0x0, 0x0, 0x0,
    0x0, 0x96, 0xff, 0xf8, 0x80, 0x24, 0x8, 0x24,
    0x80, 0xf8, 0xff, 0xeb, 0x15, 0x0, 0x0, 0x0,
    0x0, 0x4, 0x96, 0xff, 0xff, 0xff, 0xff, 0xff,
    0xff, 0xff, 0xeb, 0xff, 0xd3, 0x16, 0x0, 0x0,
    0x0, 0x0, 0x0, 0x3d, 0xa7, 0xe4, 0xfa, 0xe6,
    0xaa, 0x40, 0x15, 0xd4, 0xff, 0xd4, 0x16, 0x0,
    0x0, 0x0, 0x0, 0x0, 0x0, 0x0, 0x0, 0x0,
    0x0, 0x0, 0x0, 0x16, 0xd5, 0xff, 0xd6, 0x17,
    0x0, 0x0, 0x0, 0x0, 0x0, 0x0, 0x0, 0x0,
    0x0, 0x0, 0x0, 0x0, 0x17, 0xd6, 0xff, 0xce,
    0x0, 0x0, 0x0, 0x0, 0x0, 0x0, 0x0, 0x0,
    0x0, 0x0, 0x0, 0x0, 0x0, 0x18, 0xcf, 0xc6,

    /* U+F00C "" */
    0x0, 0x0, 0x0, 0x0, 0x0, 0x0, 0x0, 0x0,
    0x0, 0x0, 0x0, 0x18, 0xce, 0xc6, 0x0, 0x0,
    0x0, 0x0, 0x0, 0x0, 0x0, 0x0, 0x0, 0x0,
    0x17, 0xd6, 0xff, 0xce, 0x0, 0x0, 0x0, 0x0,
    0x0, 0x0, 0x0, 0x0, 0x0, 0x17, 0xd6, 0xff,
    0xd7, 0x18, 0x0, 0x0, 0x0, 0x0, 0x0, 0x0,
    0x0, 0x0, 0x16, 0xd5, 0xff, 0xd7, 0x18, 0x0,
    0xc6, 0xce, 0x17, 0x0, 0x0, 0x0, 0x0, 0x16,
    0xd4, 0xff, 0xd7, 0x18, 0x0, 0x0, 0xcf, 0xff,
    0xd5, 0x16, 0x0, 0x0, 0x15, 0xd4, 0xff, 0xd7,
    0x18, 0x0, 0x0, 0x0, 0x18, 0xd8, 0xff, 0xd4,
    0x15, 0x15, 0xd3, 0xff, 0xd7, 0x18, 0x0, 0x0,
    0x0, 0x0, 0x0, 0x18, 0xd8, 0xff, 0xd2, 0xd3,
    0xff, 0xd7, 0x18, 0x0, 0x0, 0x0, 0x0, 0x0,
    0x0, 0x0, 0x18, 0xd8, 0xff, 0xff, 0xd7, 0x18,
    0x0, 0x0, 0x0, 0x0, 0x0, 0x0, 0x0, 0x0,
    0x0, 0x18, 0xcf, 0xcf, 0x18, 0x0, 0x0, 0x0,
    0x0, 0x0, 0x0, 0x0,

    /* U+F013 "" */
    0x0, 0x0, 0x0, 0x0, 0x0, 0x0, 0xb3, 0xf3,
    0xf4, 0xb4, 0x0, 0x0, 0x0, 0x0, 0x0, 0x0,
    0x0, 0x0, 0x0, 0x0, 0x0, 0x15, 0xff, 0xff,
    0xff, 0xff, 0x15, 0x0, 0x0, 0x0, 0x0, 0x0,
    0x0, 0x6, 0x46, 0xc, 0x4, 0x83, 0xff, 0xff,
    0xff, 0xff, 0x83, 0x4, 0xd, 0x46, 0x6, 0x0,
    0x0, 0x94, 0xff, 0xf8, 0xe1, 0xff, 0xff, 0xff,
    0xff, 0xff, 0xff, 0xe1, 0xf8, 0xff, 0x97, 0x0,
    0x2c, 0xfe, 0xff, 0xff, 0xff, 0xff, 0xff, 0xff,
    0xff, 0xff, 0xff, 0xff, 0xff, 0xff, 0xfe, 0x2c,
    0x74, 0xff, 0xff, 0xff, 0xff, 0xff, 0xed, 0x95,
    0x95, 0xed, 0xff, 0xff, 0xff, 0xff, 0xff, 0x74,
    0x9, 0xb1, 0xff, 0xff, 0xff, 0xee, 0x20, 0x0,
    0x0, 0x21, 0xee, 0xff, 0xff, 0xff, 0xb1, 0x9,
    0x0, 0x3, 0xf9, 0xff, 0xff, 0x96, 0x0, 0x0,
    0x0, 0x0, 0x96, 0xff, 0xff, 0xf9, 0x3, 0x0,
    0x0, 0x2, 0xf9, 0xff, 0xff, 0x96, 0x0, 0x0,
    0x0, 0x0, 0x96, 0xff, 0xff, 0xf8, 0x3, 0x0,
    0x8, 0xad, 0xff, 0xff, 0xff, 0xee, 0x20, 0x0,
    0x0, 0x21, 0xee, 0xff, 0xff, 0xff, 0xb0, 0x8,
    0x75, 0xff, 0xff, 0xff, 0xff, 0xff, 0xed, 0x94,
    0x95, 0xed, 0xff, 0xff, 0xff, 0xff, 0xff, 0x74,
    0x2e, 0xfe, 0xff, 0xff, 0xff, 0xff, 0xff, 0xff,
    0xff, 0xff, 0xff, 0xff, 0xff, 0xff, 0xfe, 0x2c,
    0x0, 0x94, 0xff, 0xf8, 0xe0, 0xff, 0xff, 0xff,
    0xff, 0xff, 0xff, 0xe0, 0xf8, 0xff, 0x93, 0x0,
    0x0, 0x6, 0x47, 0xd, 0x3, 0x7e, 0xff, 0xff,
    0xff, 0xff, 0x7e, 0x3, 0xd, 0x47, 0x6, 0x0,
    0x0, 0x0, 0x0, 0x0, 0x0, 0x15, 0xff, 0xff,
    0xff, 0xff, 0x15, 0x0, 0x0, 0x0, 0x0, 0x0,
    0x0, 0x0, 0x0, 0x0, 0x0, 0x0, 0xb5, 0xf4,
    0xf4, 0xb3, 0x0, 0x0, 0x0, 0x0, 0x0, 0x0,

    /* U+F015 "" */
    0x0, 0x0, 0x0, 0x0, 0x0, 0x0, 0x0, 0x0,
    0x0, 0x0, 0x0, 0x0, 0x0, 0x0, 0x0, 0x0,
    0x0, 0x0, 0x0, 0x0, 0x0, 0x0, 0x0, 0x0,
    0x0, 0x0, 0x21, 0xd1, 0xcc, 0x21, 0x0, 0x0,
    0x0, 0x0, 0x0, 0x0, 0x0, 0x0, 0x0, 0x0,
    0x0, 0x0, 0x0, 0x0, 0x36, 0xe9, 0xff, 0xff,
    0xe8, 0x33, 0x0, 0x0, 0x0, 0x0, 0x0, 0x0,
    0x0, 0x0, 0x0, 0x0, 0x0, 0x0, 0x4f, 0xf5,
    0xff, 0xff, 0xff, 0xff, 0xf4, 0x4b, 0x0, 0x0,
    0x0, 0x0, 0x0, 0x0, 0x0, 0x0, 0x0, 0x0,
    0x6e, 0xfd, 0xff, 0xff, 0xff, 0xff, 0xff, 0xff,
    0xfc, 0x66, 0x0, 0x0, 0x0, 0x0, 0x0, 0x0,
    0x0, 0x2, 0x8e, 0xff, 0xff, 0xff, 0xff, 0xff,
    0xff, 0xff, 0xff, 0xff, 0xff, 0x85, 0x0, 0x0,
    0x0, 0x0, 0x0, 0x9, 0xad, 0xff, 0xff, 0xff,
    0xff, 0xff, 0xff, 0xff, 0xff, 0xff, 0xff, 0xff,
    0xff, 0xa3, 0x5, 0x0, 0x0, 0x15, 0xc7, 0xff,
    0xff, 0xff, 0xff, 0xff, 0xff, 0xff, 0xff, 0xff,
    0xff, 0xff, 0xff, 0xff, 0xff, 0xbd, 0xf, 0x0,
    0xd1, 0xff, 0xff, 0xff, 0xff, 0xff, 0xff, 0xff,
    0xff, 0xff, 0xff, 0xff, 0xff, 0xff, 0xff, 0xff,
    0xff, 0xcb, 0x0, 0xba, 0xff, 0xff, 0xff, 0xff,
    0xff, 0xff, 0xff, 0xff, 0xff, 0xff, 0xff, 0xff,
    0xff, 0xff, 0xff, 0xff, 0xaf, 0x0, 0x0, 0x0,
    0xff, 0xff, 0xff, 0xff, 0xff, 0xff, 0xff, 0xff,
    0xff, 0xff, 0xff, 0xff, 0xff, 0xff, 0x0, 0x0,
    0x0, 0x0, 0x0, 0xff, 0xff, 0xff, 0xff, 0xff,
    0xff, 0xff, 0xff, 0xff, 0xff, 0xff, 0xff, 0xff,
    0xff, 0x2, 0x0, 0x0, 0x0, 0x0, 0xff, 0xff,
    0xff, 0xff, 0xff, 0x38, 0x0, 0x0, 0x38, 0xff,
    0xff, 0xff, 0xff, 0xff, 0x3, 0x0, 0x0, 0x0,
    0x0, 0xff, 0xff, 0xff, 0xff, 0xff, 0x0, 0x0,
    0x0, 0x0, 0xff, 0xff, 0xff, 0xff, 0xff, 0x5,
    0x0, 0x0, 0x0, 0x0, 0xff, 0xff, 0xff, 0xff,
    0xff, 0x0, 0x0, 0x0, 0x0, 0xff, 0xff, 0xff,
    0xff, 0xff, 0x7, 0x0, 0x0, 0x0, 0x0, 0xfe,
    0xff, 0xff, 0xff, 0xfe, 0x0, 0x0, 0x0, 0x0,
    0xfe, 0xff, 0xff, 0xff, 0xfe, 0x0, 0x0, 0x0,
    0x0, 0x0, 0xa4, 0xfe, 0xff, 0xfe, 0xa4, 0x0,
    0x0, 0x0, 0x0, 0xa4, 0xfe, 0xff, 0xfe, 0xa4,
    0x0, 0x0, 0x0,

    /* U+F017 "" */
    0x0, 0x0, 0x0, 0x0, 0x25, 0x8c, 0xcc, 0xee,
    0xee, 0xcc, 0x8c, 0x25, 0x0, 0x0, 0x0, 0x0,
    0x0, 0x0, 0x4, 0x8c, 0xfe, 0xff, 0xff, 0xff,
    0xff, 0xff, 0xff, 0xfe, 0x8d, 0x4, 0x0, 0x0,
    0x0, 0x4, 0xba, 0xff, 0xff, 0xff, 0xff, 0xff,
    0xff, 0xff, 0xff, 0xff, 0xff, 0xba, 0x4, 0x0,
    0x0, 0x8d, 0xff, 0xff, 0xff, 0xff, 0xff, 0x69,
    0x6a, 0xff, 0xff, 0xff, 0xff, 0xff, 0x8c, 0x0,
    0x2e, 0xff, 0xff, 0xff, 0xff, 0xff, 0xff, 0x40,
    0x40, 0xff, 0xff, 0xff, 0xff, 0xff, 0xfe, 0x2e,
    0x95, 0xff, 0xff, 0xff, 0xff, 0xff, 0xff, 0x40,
    0x40, 0xff, 0xff, 0xff, 0xff, 0xff, 0xff, 0x94,
    0xd7, 0xff, 0xff, 0xff, 0xff, 0xff, 0xff, 0x40,
    0x40, 0xff, 0xff, 0xff, 0xff, 0xff, 0xff, 0xd7,
    0xf8, 0xff, 0xff, 0xff, 0xff, 0xff, 0xff, 0x40,
    0x2b, 0xf5, 0xff, 0xff, 0xff, 0xff, 0xff, 0xf7,
    0xf8, 0xff, 0xff, 0xff, 0xff, 0xff, 0xff, 0x8c,
    0x1, 0x23, 0xc2, 0xff, 0xff, 0xff, 0xff, 0xf7,
    0xd7, 0xff, 0xff, 0xff, 0xff, 0xff, 0xff, 0xff,
    0xc2, 0x24, 0x2, 0x90, 0xff, 0xff, 0xff, 0xd7,
    0x95, 0xff, 0xff, 0xff, 0xff, 0xff, 0xff, 0xff,
    0xff, 0xf5, 0x79, 0x9a, 0xff, 0xff, 0xff, 0x94,
    0x2e, 0xfe, 0xff, 0xff, 0xff, 0xff, 0xff, 0xff,
    0xff, 0xff, 0xff, 0xff, 0xff, 0xff, 0xfe, 0x2e,
    0x0, 0x8d, 0xff, 0xff, 0xff, 0xff, 0xff, 0xff,
    0xff, 0xff, 0xff, 0xff, 0xff, 0xff, 0x8c, 0x0,
    0x0, 0x4, 0xba, 0xff, 0xff, 0xff, 0xff, 0xff,
    0xff, 0xff, 0xff, 0xff, 0xff, 0xba, 0x4, 0x0,
    0x0, 0x0, 0x4, 0x8e, 0xfe, 0xff, 0xff, 0xff,
    0xff, 0xff, 0xff, 0xfe, 0x8d, 0x4, 0x0, 0x0,
    0x0, 0x0, 0x0, 0x0, 0x25, 0x8d, 0xcd, 0xef,
    0xef, 0xcd, 0x8d, 0x25, 0x0, 0x0, 0x0, 0x0,

    /* U+F019 "" */
    0x0, 0x0, 0x0, 0x0, 0x0, 0x0, 0x0, 0xc7,
    0xc7, 0x0, 0x0, 0x0, 0x0, 0x0, 0x0, 0x0,
    0x0, 0x0, 0x0, 0x0, 0x0, 0x0, 0x0, 0xff,
    0xff, 0x0, 0x0, 0x0, 0x0, 0x0, 0x0, 0x0,
    0x0, 0x0, 0x0, 0x0, 0x0, 0x0, 0x0, 0xff,
    0xff, 0x0, 0x0, 0x0, 0x0, 0x0, 0x0, 0x0,
    0x0, 0x0, 0x0, 0x0, 0x0, 0x0, 0x0, 0xff,
    0xff, 0x0, 0x0, 0x0, 0x0, 0x0, 0x0, 0x0,
    0x0, 0x0, 0x0, 0x0, 0x0, 0x0, 0x0, 0xff,
    0xff, 0x0, 0x0, 0x0, 0x0, 0x0, 0x0, 0x0,
    0x0, 0x0, 0x0, 0x0, 0x0, 0x0, 0x0, 0xff,
    0xff, 0x0, 0x0, 0x0, 0x0, 0x0, 0x0, 0x0,
    0x0, 0x0, 0x0, 0xc6, 0xce, 0x17, 0x0, 0xff,
    0xff, 0x0, 0x17, 0xce, 0xc6, 0x0, 0x0, 0x0,
    0x0, 0x0, 0x0, 0xcf, 0xff, 0xd5, 0x16, 0xff,
    0xff, 0x16, 0xd5, 0xff, 0xce, 0x0, 0x0, 0x0,
    0x0, 0x0, 0x0, 0x18, 0xd8, 0xff, 0xd3, 0xff,
    0xff, 0xd3, 0xff, 0xd7, 0x18, 0x0, 0x0, 0x0,
    0x0, 0x0, 0x0, 0x0, 0x18, 0xd8, 0xff, 0xff,
    0xff, 0xff, 0xd7, 0x18, 0x0, 0x0, 0x0, 0x0,
    0x0, 0x0, 0x0, 0x0, 0x0, 0x18, 0xd8, 0xff,
    0xff, 0xd7, 0x18, 0x0, 0x0, 0x0, 0x0, 0x0,
    0x46, 0xe1, 0xff, 0xff, 0xff, 0xaa, 0x1d, 0xcf,
    0xcf, 0x1c, 0xa6, 0xff, 0xff, 0xff, 0xe1, 0x46,
    0xe1, 0xff, 0xff, 0xff, 0xff, 0xff, 0xb1, 0x1c,
    0x1d, 0xb1, 0xff, 0xff, 0xff, 0xda, 0xff, 0xe1,
    0xff, 0xff, 0xff, 0xff, 0xff, 0xff, 0xff, 0xff,
    0xff, 0xff, 0xff, 0xff, 0xd9, 0x0, 0xda, 0xff,
    0xe1, 0xff, 0xff, 0xff, 0xff, 0xff, 0xff, 0xff,
    0xff, 0xff, 0xff, 0xff, 0xff, 0xd9, 0xff, 0xe1,
    0x47, 0xe1, 0xff, 0xff, 0xff, 0xff, 0xff, 0xff,
    0xff, 0xff, 0xff, 0xff, 0xff, 0xff, 0xe1, 0x46,

    /* U+F01E "" */
    0x0, 0x0, 0x0, 0x0, 0x0, 0x0, 0x0, 0x0,
    0x0, 0x0, 0x0, 0x0, 0x0, 0x0, 0x0, 0x0,
    0x0, 0x0, 0x0, 0x0, 0x28, 0x92, 0xd7, 0xf5,
    0xe8, 0xc2, 0x63, 0x9, 0x0, 0x81, 0xec, 0x21,
    0x0, 0x0, 0x0, 0x72, 0xfb, 0xff, 0xff, 0xff,
    0xff, 0xff, 0xff, 0xd6, 0x28, 0xb7, 0xff, 0x47,
    0x0, 0x0, 0x7f, 0xff, 0xfc, 0x95, 0x31, 0x8,
    0x13, 0x55, 0xd2, 0xff, 0xf1, 0xde, 0xff, 0x47,
    0x0, 0x3e, 0xfd, 0xfa, 0x4a, 0x0, 0x0, 0x0,
    0x0, 0x0, 0x7, 0xa7, 0xff, 0xff, 0xff, 0x47,
    0x0, 0xb3, 0xff, 0x7d, 0x0, 0x0, 0x0, 0x0,
    0x0, 0x81, 0xfe, 0xff, 0xff, 0xff, 0xff, 0x47,
    0x9, 0xfd, 0xf9, 0xe, 0x0, 0x0, 0x0, 0x0,
    0x0, 0x81, 0xfe, 0xff, 0xff, 0xff, 0xee, 0x21,
    0x28, 0xff, 0xd3, 0x0, 0x0, 0x0, 0x0, 0x0,
    0x0, 0x0, 0x0, 0x0, 0x0, 0x0, 0x0, 0x0,
    0x28, 0xff, 0xd3, 0x0, 0x0, 0x0, 0x0, 0x0,
    0x0, 0x0, 0x0, 0x0, 0x0, 0x0, 0x0, 0x0,
    0x9, 0xfd, 0xf9, 0xe, 0x0, 0x0, 0x0, 0x0,
    0x0, 0x0, 0x0, 0x0, 0x0, 0x0, 0x0, 0x0,
    0x0, 0xb3, 0xff, 0x7c, 0x0, 0x0, 0x0, 0x0,
    0x0, 0x0, 0x0, 0x0, 0x0, 0x0, 0x0, 0x0,
    0x0, 0x3e, 0xfd, 0xfa, 0x4a, 0x0, 0x0, 0x0,
    0x0, 0x0, 0x7, 0x8c, 0x8a, 0x0, 0x0, 0x0,
    0x0, 0x0, 0x7f, 0xff, 0xfc, 0x94, 0x2f, 0x7,
    0x12, 0x54, 0xd1, 0xff, 0xec, 0x1, 0x0, 0x0,
    0x0, 0x0, 0x0, 0x73, 0xfb, 0xff, 0xff, 0xff,
    0xff, 0xff, 0xff, 0xd6, 0x28, 0x0, 0x0, 0x0,
    0x0, 0x0, 0x0, 0x0, 0x29, 0x93, 0xd7, 0xf5,
    0xe9, 0xc2, 0x64, 0x9, 0x0, 0x0, 0x0, 0x0,
    0x0, 0x0, 0x0, 0x0, 0x0, 0x0, 0x0, 0x0,
    0x0, 0x0, 0x0, 0x0, 0x0, 0x0, 0x0, 0x0,

    /* U+F023 "" */
    0x0, 0x0, 0x0, 0x0, 0x39, 0xb5, 0xf0, 0xf1,
    0xb5, 0x39, 0x0, 0x0, 0x0, 0x0, 0x0, 0x0,
    0x0, 0x55, 0xfb, 0xff, 0xff, 0xff, 0xff, 0xfb,
    0x55, 0x0, 0x0, 0x0, 0x0, 0x0, 0x10, 0xf0,
    0xff, 0x8e, 0x19, 0x19, 0x8e, 0xff, 0xef, 0x10,
    0x0, 0x0, 0x0, 0x0, 0x5a, 0xff, 0xc2, 0x0,
    0x0, 0x0, 0x0, 0xc2, 0xff, 0x5a, 0x0, 0x0,
    0x0, 0x0, 0x7c, 0xff, 0x86, 0x0, 0x0, 0x0,
    0x0, 0x86, 0xff, 0x7c, 0x0, 0x0, 0x0, 0x0,
    0x80, 0xff, 0x80, 0x0, 0x0, 0x0, 0x0, 0x80,
    0xff, 0x80, 0x0, 0x0, 0x46, 0xe1, 0xff, 0xff,
    0xff, 0xff, 0xff, 0xff, 0xff, 0xff, 0xff, 0xff,
    0xe1, 0x46, 0xe1, 0xff, 0xff, 0xff, 0xff, 0xff,
    0xff, 0xff, 0xff, 0xff, 0xff, 0xff, 0xff, 0xe1,
    0xff, 0xff, 0xff, 0xff, 0xff, 0xff, 0xff, 0xff,
    0xff, 0xff, 0xff, 0xff, 0xff, 0xff, 0xff, 0xff,
    0xff, 0xff, 0xff, 0xff, 0xff, 0xff, 0xff, 0xff,
    0xff, 0xff, 0xff, 0xff, 0xff, 0xff, 0xff, 0xff,
    0xff, 0xff, 0xff, 0xff, 0xff, 0xff, 0xff, 0xff,
    0xff, 0xff, 0xff, 0xff, 0xff, 0xff, 0xff, 0xff,
    0xff, 0xff, 0xff, 0xff, 0xff, 0xff, 0xff, 0xff,
    0xff, 0xff, 0xff, 0xff, 0xff, 0xff, 0xff, 0xff,
    0xff, 0xff, 0xff, 0xff, 0xff, 0xff, 0xff, 0xff,
    0xff, 0xff, 0xff, 0xff, 0xff, 0xff, 0xff, 0xff,
    0xff, 0xff, 0xff, 0xff, 0xe1, 0xff, 0xff, 0xff,
    0xff, 0xff, 0xff, 0xff, 0xff, 0xff, 0xff, 0xff,
    0xff, 0xe1, 0x47, 0xe1, 0xff, 0xff, 0xff, 0xff,
    0xff, 0xff, 0xff, 0xff, 0xff, 0xff, 0xe1, 0x46,

    /* U+F029 "" */
    0x84, 0xf9, 0xff, 0xff, 0xf8, 0x84, 0x0, 0x0,
    0x84, 0xf9, 0xff, 0xff, 0xf8, 0x84, 0xf9, 0xff,
    0xff, 0xff, 0xff, 0xf8, 0x0, 0x0, 0xf9, 0xff,
    0xff, 0xff, 0xff, 0xf8, 0xff, 0xff, 0x0, 0x0,
    0xff, 0xff, 0x0, 0x0, 0xff, 0xff, 0x0, 0x0,
    0xff, 0xff, 0xff, 0xff, 0x0, 0x0, 0xff, 0xff,
    0x0, 0x0, 0xff, 0xff, 0x0, 0x0, 0xff, 0xff,
    0xf9, 0xff, 0xff, 0xff, 0xff, 0xf9, 0x0, 0x0,
    0xf9, 0xff, 0xff, 0xff, 0xff, 0xf9, 0x84, 0xf9,
    0xff, 0xff, 0xf9, 0x84, 0x0, 0x0, 0x84, 0xf9,
    0xff, 0xff, 0xf9, 0x84, 0x0, 0x0, 0x0, 0x0,
    0x0, 0x0, 0x0, 0x0, 0x0, 0x0, 0x0, 0x0,
    0x0, 0x0, 0x0, 0x0, 0x0, 0x0, 0x0, 0x0,
    0x0, 0x0, 0x0, 0x0, 0x0, 0x0, 0x0, 0x0,
    0x84, 0xf9, 0xff, 0xff, 0xf8, 0x84, 0x0, 0x0,
    0xee, 0xff, 0xed, 0x12, 0x11, 0xdb, 0xf9, 0xff,
    0xff, 0xff, 0xff, 0xf8, 0x0, 0x0, 0xff, 0xff,
    0xff, 0xff, 0xff, 0xff, 0xff, 0xff, 0x0, 0x0,
    0xff, 0xff, 0x0, 0x0, 0xff, 0xff, 0xff, 0xff,
    0xff, 0xff, 0xff, 0xff, 0x0, 0x0, 0xff, 0xff,
    0x0, 0x0, 0xff, 0xff, 0x24, 0xee, 0xff, 0xee,
    0xf9, 0xff, 0xff, 0xff, 0xff, 0xf9, 0x0, 0x0,
    0xff, 0xff, 0x0, 0x0, 0x0, 0x0, 0x84, 0xf9,
    0xff, 0xff, 0xf9, 0x84, 0x0, 0x0, 0xee, 0xee,
    0x0, 0xb8, 0x0, 0xb8,

    /* U+F03A "" */
    0x35, 0x7f, 0x74, 0x8, 0x0, 0x0, 0x0, 0x0,
    0x0, 0x0, 0x0, 0x0, 0x0, 0x0, 0x0, 0x0,
    0xb4, 0xff, 0xff, 0x44, 0x16, 0xe8, 0xff, 0xff,
    0xff, 0xff, 0xff, 0xff, 0xff, 0xff, 0xfe, 0x90,
    0xb4, 0xff, 0xff, 0x44, 0x17, 0xe8, 0xff, 0xff,
    0xff, 0xff, 0xff, 0xff, 0xff, 0xff, 0xff, 0x90,
    0x35, 0x7f, 0x74, 0x8, 0x0, 0x0, 0x0, 0x0,
    0x0, 0x0, 0x0, 0x0, 0x0, 0x0, 0x0, 0x0,
    0x0, 0x0, 0x0, 0x0, 0x0, 0x0, 0x0, 0x0,
    0x0, 0x0, 0x0, 0x0, 0x0, 0x0, 0x0, 0x0,
    0x35, 0x7f, 0x74, 0x8, 0x0, 0x0, 0x0, 0x0,
    0x0, 0x0, 0x0, 0x0, 0x0, 0x0, 0x0, 0x0,
    0xb4, 0xff, 0xff, 0x44, 0x16, 0xe8, 0xff, 0xff,
    0xff, 0xff, 0xff, 0xff, 0xff, 0xff, 0xfe, 0x90,
    0xb4, 0xff, 0xff, 0x44, 0x17, 0xe8, 0xff, 0xff,
    0xff, 0xff, 0xff, 0xff, 0xff, 0xff, 0xff, 0x90,
    0x35, 0x7f, 0x74, 0x8, 0x0, 0x0, 0x0, 0x0,
    0x0, 0x0, 0x0, 0x0, 0x0, 0x0, 0x0, 0x0,
    0x0, 0x0, 0x0, 0x0, 0x0, 0x0, 0x0, 0x0,
    0x0, 0x0, 0x0, 0x0, 0x0, 0x0, 0x0, 0x0,
    0x35, 0x7f, 0x74, 0x8, 0x0, 0x0, 0x0, 0x0,
    0x0, 0x0, 0x0, 0x0, 0x0, 0x0, 0x0, 0x0,
    0xb4, 0xff, 0xff, 0x44, 0x16, 0xe8, 0xff, 0xff,
    0xff, 0xff, 0xff, 0xff, 0xff, 0xff, 0xfe, 0x90,
    0xb4, 0xff, 0xff, 0x44, 0x17, 0xe8, 0xff, 0xff,
    0xff, 0xff, 0xff, 0xff, 0xff, 0xff, 0xff, 0x90,
    0x35, 0x7f, 0x74, 0x8, 0x0, 0x0, 0x0, 0x0,
    0x0, 0x0, 0x0, 0x0, 0x0, 0x0, 0x0, 0x0,

    /* U+F048 "" */
    0x0, 0x0, 0x0, 0x0, 0x0, 0x0, 0x0, 0x0,
    0x0, 0x0, 0xc7, 0xc7, 0x0, 0x0, 0x0, 0x0,
    0x0, 0x21, 0xcd, 0xbf, 0xff, 0xff, 0x0, 0x0,
    0x0, 0x0, 0x3e, 0xeb, 0xff, 0xff, 0xff, 0xff,
    0x0, 0x0, 0x0, 0x62, 0xfa, 0xff, 0xff, 0xff,
    0xff, 0xff, 0x0, 0x2, 0x8c, 0xff, 0xff, 0xff,
    0xff, 0xff, 0xff, 0xff, 0xd, 0xb5, 0xff, 0xff,
    0xff, 0xff, 0xff, 0xff, 0xff, 0xff, 0xd4, 0xff,
    0xff, 0xff, 0xff, 0xff, 0xff, 0xff, 0xff, 0xff,
    0xd4, 0xff, 0xff, 0xff, 0xff, 0xff, 0xff, 0xff,
    0xff, 0xff, 0xe, 0xb5, 0xff, 0xff, 0xff, 0xff,
    0xff, 0xff, 0xff, 0xff, 0x0, 0x2, 0x8d, 0xff,
    0xff, 0xff, 0xff, 0xff, 0xff, 0xff, 0x0, 0x0,
    0x0, 0x63, 0xfa, 0xff, 0xff, 0xff, 0xff, 0xff,
    0x0, 0x0, 0x0, 0x0, 0x3e, 0xeb, 0xff, 0xff,
    0xc7, 0xc7, 0x0, 0x0, 0x0, 0x0, 0x0, 0x22,
    0xcd, 0xbf, 0x0, 0x0, 0x0, 0x0, 0x0, 0x0,
    0x0, 0x0, 0x0, 0x0,

    /* U+F04B "" */
    0x0, 0x0, 0x0, 0x0, 0x0, 0x0, 0x0, 0x0,
    0x0, 0x0, 0x0, 0x0, 0x80, 0xef, 0xa2, 0x18,
    0x0, 0x0, 0x0, 0x0, 0x0, 0x0, 0x0, 0x0,
    0xf7, 0xff, 0xff, 0xf0, 0x6c, 0x2, 0x0, 0x0,
    0x0, 0x0, 0x0, 0x0, 0xff, 0xff, 0xff, 0xff,
    0xff, 0xcd, 0x36, 0x0, 0x0, 0x0, 0x0, 0x0,
    0xff, 0xff, 0xff, 0xff, 0xff, 0xff, 0xfd, 0x96,
    0x10, 0x0, 0x0, 0x0, 0xff, 0xff, 0xff, 0xff,
    0xff, 0xff, 0xff, 0xff, 0xe9, 0x5d, 0x0, 0x0,
    0xff, 0xff, 0xff, 0xff, 0xff, 0xff, 0xff, 0xff,
    0xff, 0xff, 0xc0, 0x23, 0xff, 0xff, 0xff, 0xff,
    0xff, 0xff, 0xff, 0xff, 0xff, 0xff, 0xff, 0xd7,
    0xff, 0xff, 0xff, 0xff, 0xff, 0xff, 0xff, 0xff,
    0xff, 0xff, 0xff, 0xd8, 0xff, 0xff, 0xff, 0xff,
    0xff, 0xff, 0xff, 0xff, 0xff, 0xff, 0xc1, 0x24,
    0xff, 0xff, 0xff, 0xff, 0xff, 0xff, 0xff, 0xff,
    0xe9, 0x5e, 0x0, 0x0, 0xff, 0xff, 0xff, 0xff,
    0xff, 0xff, 0xfd, 0x97, 0x11, 0x0, 0x0, 0x0,
    0xff, 0xff, 0xff, 0xff, 0xff, 0xcd, 0x36, 0x0,
    0x0, 0x0, 0x0, 0x0, 0xf7, 0xff, 0xff, 0xf0,
    0x6d, 0x3, 0x0, 0x0, 0x0, 0x0, 0x0, 0x0,
    0x80, 0xf0, 0xa2, 0x18, 0x0, 0x0, 0x0, 0x0,
    0x0, 0x0, 0x0, 0x0, 0x0, 0x0, 0x0, 0x0,
    0x0, 0x0, 0x0, 0x0, 0x0, 0x0, 0x0, 0x0,

    /* U+F04C "" */
    0x84, 0xf9, 0xf8, 0x84, 0x0, 0x0, 0x84, 0xf9,
    0xf8, 0x84, 0xf9, 0xff, 0xff, 0xf8, 0x0, 0x0,
    0xf9, 0xff, 0xff, 0xf8, 0xff, 0xff, 0xff, 0xff,
    0x0, 0x0, 0xff, 0xff, 0xff, 0xff, 0xff, 0xff,
    0xff, 0xff, 0x0, 0x0, 0xff, 0xff, 0xff, 0xff,
    0xff, 0xff, 0xff, 0xff, 0x0, 0x0, 0xff, 0xff,
    0xff, 0xff, 0xff, 0xff, 0xff, 0xff, 0x0, 0x0,
    0xff, 0xff, 0xff, 0xff, 0xff, 0xff, 0xff, 0xff,
    0x0, 0x0, 0xff, 0xff, 0xff, 0xff, 0xff, 0xff,
    0xff, 0xff, 0x0, 0x0, 0xff, 0xff, 0xff, 0xff,
    0xff, 0xff, 0xff, 0xff, 0x0, 0x0, 0xff, 0xff,
    0xff, 0xff, 0xff, 0xff, 0xff, 0xff, 0x0, 0x0,
    0xff, 0xff, 0xff, 0xff, 0xf9, 0xff, 0xff, 0xf9,
    0x0, 0x0, 0xf9, 0xff, 0xff, 0xf9, 0x84, 0xf9,
    0xf9, 0x84, 0x0, 0x0, 0x84, 0xf9, 0xf9, 0x84,

    /* U+F04D "" */
    0x46, 0xe1, 0xff, 0xff, 0xff, 0xff, 0xff, 0xff,
    0xff, 0xff, 0xe1, 0x46, 0xe1, 0xff, 0xff, 0xff,
    0xff, 0xff, 0xff, 0xff, 0xff, 0xff, 0xff, 0xe1,
    0xff, 0xff, 0xff, 0xff, 0xff, 0xff, 0xff, 0xff,
    0xff, 0xff, 0xff, 0xff, 0xff, 0xff, 0xff, 0xff,
    0xff, 0xff, 0xff, 0xff, 0xff, 0xff, 0xff, 0xff,
    0xff, 0xff, 0xff, 0xff, 0xff, 0xff, 0xff, 0xff,
    0xff, 0xff, 0xff, 0xff, 0xff, 0xff, 0xff, 0xff,
    0xff, 0xff, 0xff, 0xff, 0xff, 0xff, 0xff, 0xff,
    0xff, 0xff, 0xff, 0xff, 0xff, 0xff, 0xff, 0xff,
    0xff, 0xff, 0xff, 0xff, 0xff, 0xff, 0xff, 0xff,
    0xff, 0xff, 0xff, 0xff, 0xff, 0xff, 0xff, 0xff,
    0xff, 0xff, 0xff, 0xff, 0xff, 0xff, 0xff, 0xff,
    0xff, 0xff, 0xff, 0xff, 0xff, 0xff, 0xff, 0xff,
    0xff, 0xff, 0xff, 0xff, 0xff, 0xff, 0xff, 0xff,
    0xe1, 0xff, 0xff, 0xff, 0xff, 0xff, 0xff, 0xff,
    0xff, 0xff, 0xff, 0xe1, 0x47, 0xe1, 0xff, 0xff,
    0xff, 0xff, 0xff, 0xff, 0xff, 0xff, 0xe1, 0x46,

    /* U+F051 "" */
    0x0, 0x0, 0x0, 0x0, 0x0, 0x0, 0x0, 0x0,
    0x0, 0x0, 0xbf, 0xd0, 0x25, 0x0, 0x0, 0x0,
    0x0, 0x0, 0xc7, 0xc7, 0xff, 0xff, 0xee, 0x43,
    0x0, 0x0, 0x0, 0x0, 0xff, 0xff, 0xff, 0xff,
    0xff, 0xfb, 0x68, 0x0, 0x0, 0x0, 0xff, 0xff,
    0xff, 0xff, 0xff, 0xff, 0xff, 0x93, 0x3, 0x0,
    0xff, 0xff, 0xff, 0xff, 0xff, 0xff, 0xff, 0xff,
    0xba, 0x10, 0xff, 0xff, 0xff, 0xff, 0xff, 0xff,
    0xff, 0xff, 0xff, 0xd7, 0xff, 0xff, 0xff, 0xff,
    0xff, 0xff, 0xff, 0xff, 0xff, 0xd7, 0xff, 0xff,
    0xff, 0xff, 0xff, 0xff, 0xff, 0xff, 0xba, 0x10,
    0xff, 0xff, 0xff, 0xff, 0xff, 0xff, 0xff, 0x94,
    0x4, 0x0, 0xff, 0xff, 0xff, 0xff, 0xff, 0xfb,
    0x69, 0x0, 0x0, 0x0, 0xff, 0xff, 0xff, 0xff,
    0xee, 0x43, 0x0, 0x0, 0x0, 0x0, 0xff, 0xff,
    0xbf, 0xd1, 0x25, 0x0, 0x0, 0x0, 0x0, 0x0,
    0xc7, 0xc7, 0x0, 0x0, 0x0, 0x0, 0x0, 0x0,
    0x0, 0x0, 0x0, 0x0,

    /* U+F053 "" */
    0x0, 0x0, 0x0, 0x0, 0x0, 0x18, 0xce, 0xc6,
    0x0, 0x0, 0x0, 0x0, 0x18, 0xd7, 0xff, 0xce,
    0x0, 0x0, 0x0, 0x18, 0xd7, 0xff, 0xd6, 0x18,
    0x0, 0x0, 0x18, 0xd7, 0xff, 0xd5, 0x17, 0x0,
    0x0, 0x18, 0xd7, 0xff, 0xd4, 0x16, 0x0, 0x0,
    0x18, 0xd7, 0xff, 0xd4, 0x16, 0x0, 0x0, 0x0,
    0xcf, 0xff, 0xd3, 0x15, 0x0, 0x0, 0x0, 0x0,
    0xcf, 0xff, 0xd2, 0x15, 0x0, 0x0, 0x0, 0x0,
    0x18, 0xd8, 0xff, 0xd3, 0x16, 0x0, 0x0, 0x0,
    0x0, 0x18, 0xd8, 0xff, 0xd4, 0x16, 0x0, 0x0,
    0x0, 0x0, 0x18, 0xd8, 0xff, 0xd5, 0x17, 0x0,
    0x0, 0x0, 0x0, 0x18, 0xd8, 0xff, 0xd6, 0x17,
    0x0, 0x0, 0x0, 0x0, 0x18, 0xd8, 0xff, 0xce,
    0x0, 0x0, 0x0, 0x0, 0x0, 0x18, 0xcf, 0xc6,

    /* U+F054 "" */
    0xc6, 0xce, 0x18, 0x0, 0x0, 0x0, 0x0, 0x0,
    0xcf, 0xff, 0xd6, 0x18, 0x0, 0x0, 0x0, 0x0,
    0x18, 0xd6, 0xff, 0xd6, 0x18, 0x0, 0x0, 0x0,
    0x0, 0x17, 0xd6, 0xff, 0xd6, 0x18, 0x0, 0x0,
    0x0, 0x0, 0x16, 0xd5, 0xff, 0xd6, 0x18, 0x0,
    0x0, 0x0, 0x0, 0x16, 0xd4, 0xff, 0xd6, 0x18,
    0x0, 0x0, 0x0, 0x0, 0x15, 0xd3, 0xff, 0xce,
    0x0, 0x0, 0x0, 0x0, 0x15, 0xd3, 0xff, 0xce,
    0x0, 0x0, 0x0, 0x16, 0xd4, 0xff, 0xd7, 0x18,
    0x0, 0x0, 0x16, 0xd4, 0xff, 0xd7, 0x18, 0x0,
    0x0, 0x17, 0xd5, 0xff, 0xd7, 0x18, 0x0, 0x0,
    0x18, 0xd6, 0xff, 0xd7, 0x18, 0x0, 0x0, 0x0,
    0xcf, 0xff, 0xd7, 0x18, 0x0, 0x0, 0x0, 0x0,
    0xc6, 0xcf, 0x18, 0x0, 0x0, 0x0, 0x0, 0x0,

    /* U+F058 "" */
    0x0, 0x0, 0x0, 0x0, 0x25, 0x8c, 0xcb, 0xee,
    0xee, 0xcb, 0x8c, 0x25, 0x0, 0x0, 0x0, 0x0,
    0x0, 0x0, 0x4, 0x8c, 0xfe, 0xff, 0xff, 0xff,
    0xff, 0xff, 0xff, 0xfe, 0x8c, 0x4, 0x0, 0x0,
    0x0, 0x4, 0xba, 0xff, 0xff, 0xff, 0xff, 0xff,
    0xff, 0xff, 0xff, 0xff, 0xff, 0xba, 0x4, 0x0,
    0x0, 0x8c, 0xff, 0xff, 0xff, 0xff, 0xff, 0xff,
    0xff, 0xff, 0xff, 0xff, 0xff, 0xff, 0x8c, 0x0,
    0x2e, 0xff, 0xff, 0xff, 0xff, 0xff, 0xff, 0xff,
    0xff, 0xff, 0xff, 0xff, 0xff, 0xff, 0xfe, 0x2e,
    0x95, 0xff, 0xff, 0xff, 0xff, 0xff, 0xff, 0xff,
    0xff, 0xff, 0x85, 0x99, 0xff, 0xff, 0xff, 0x94,
    0xd7, 0xff, 0xff, 0xff, 0xff, 0xff, 0xff, 0xff,
    0xff, 0x70, 0x0, 0x85, 0xff, 0xff, 0xff, 0xd7,
    0xf7, 0xff, 0xff, 0xff, 0x9a, 0x85, 0xff, 0xff,
    0x70, 0x0, 0x70, 0xff, 0xff, 0xff, 0xff, 0xf7,
    0xf7, 0xff, 0xff, 0xff, 0x84, 0x0, 0x71, 0x70,
    0x0, 0x70, 0xff, 0xff, 0xff, 0xff, 0xff, 0xf7,
    0xd7, 0xff, 0xff, 0xff, 0xff, 0x6f, 0x0, 0x0,
    0x70, 0xff, 0xff, 0xff, 0xff, 0xff, 0xff, 0xd7,
    0x95, 0xff, 0xff, 0xff, 0xff, 0xff, 0x84, 0x85,
    0xff, 0xff, 0xff, 0xff, 0xff, 0xff, 0xff, 0x94,
    0x2e, 0xfe, 0xff, 0xff, 0xff, 0xff, 0xff, 0xff,
    0xff, 0xff, 0xff, 0xff, 0xff, 0xff, 0xfe, 0x2e,
    0x0, 0x8d, 0xff, 0xff, 0xff, 0xff, 0xff, 0xff,
    0xff, 0xff, 0xff, 0xff, 0xff, 0xff, 0x8b, 0x0,
    0x0, 0x4, 0xba, 0xff, 0xff, 0xff, 0xff, 0xff,
    0xff, 0xff, 0xff, 0xff, 0xff, 0xba, 0x4, 0x0,
    0x0, 0x0, 0x4, 0x8d, 0xfe, 0xff, 0xff, 0xff,
    0xff, 0xff, 0xff, 0xfe, 0x8d, 0x4, 0x0, 0x0,
    0x0, 0x0, 0x0, 0x0, 0x25, 0x8d, 0xcc, 0xee,
    0xee, 0xcc, 0x8d, 0x25, 0x0, 0x0, 0x0, 0x0,

    /* U+F05E "" */
    0x0, 0x0, 0x0, 0x0, 0x2e, 0x94, 0xd7, 0xf7,
    0xf7, 0xd7, 0x94, 0x2e, 0x0, 0x0, 0x0, 0x0,
    0x0, 0x0, 0x4, 0x8c, 0xfe, 0xff, 0xff, 0xff,
    0xff, 0xff, 0xff, 0xfe, 0x8c, 0x4, 0x0, 0x0,
    0x0, 0x4, 0xba, 0xff, 0xfa, 0x93, 0x37, 0xa,
    0xe, 0x38, 0x91, 0xf8, 0xff, 0xba, 0x4, 0x0,
    0x0, 0x8d, 0xff, 0xff, 0xd8, 0x15, 0x0, 0x0,
    0x0, 0x0, 0x0, 0x2e, 0xe3, 0xff, 0x8d, 0x0,
    0x25, 0xfe, 0xfa, 0xd8, 0xff, 0xd3, 0x15, 0x0,
    0x0, 0x0, 0x0, 0x0, 0x2e, 0xf8, 0xfe, 0x25,
    0x8d, 0xff, 0x93, 0x15, 0xd3, 0xff, 0xd3, 0x15,
    0x0, 0x0, 0x0, 0x0, 0x0, 0x91, 0xff, 0x8c,
    0xcd, 0xff, 0x36, 0x0, 0x15, 0xd4, 0xff, 0xd4,
    0x16, 0x0, 0x0, 0x0, 0x0, 0x38, 0xff, 0xcc,
    0xef, 0xff, 0xb, 0x0, 0x0, 0x16, 0xd4, 0xff,
    0xd4, 0x16, 0x0, 0x0, 0x0, 0xe, 0xff, 0xee,
    0xef, 0xff, 0xd, 0x0, 0x0, 0x0, 0x16, 0xd5,
    0xff, 0xd5, 0x17, 0x0, 0x0, 0xa, 0xff, 0xee,
    0xcd, 0xff, 0x38, 0x0, 0x0, 0x0, 0x0, 0x17,
    0xd6, 0xff, 0xd6, 0x17, 0x0, 0x35, 0xff, 0xcc,
    0x8d, 0xff, 0x90, 0x0, 0x0, 0x0, 0x0, 0x0,
    0x17, 0xd6, 0xff, 0xd6, 0x18, 0x8f, 0xff, 0x8c,
    0x25, 0xfe, 0xf8, 0x2d, 0x0, 0x0, 0x0, 0x0,
    0x0, 0x18, 0xd7, 0xff, 0xda, 0xf8, 0xfe, 0x25,
    0x0, 0x8e, 0xff, 0xe2, 0x2d, 0x0, 0x0, 0x0,
    0x0, 0x0, 0x18, 0xda, 0xff, 0xff, 0x8c, 0x0,
    0x0, 0x4, 0xba, 0xff, 0xf8, 0x90, 0x38, 0xd,
    0xa, 0x34, 0x8e, 0xf8, 0xff, 0xba, 0x4, 0x0,
    0x0, 0x0, 0x4, 0x8d, 0xfe, 0xff, 0xff, 0xff,
    0xff, 0xff, 0xff, 0xff, 0x8d, 0x4, 0x0, 0x0,
    0x0, 0x0, 0x0, 0x0, 0x2e, 0x95, 0xd7, 0xf8,
    0xf8, 0xd7, 0x95, 0x2e, 0x0, 0x0, 0x0, 0x0,

    /* U+F061 "" */
    0x0, 0x0, 0x0, 0x0, 0x0, 0x0, 0x0, 0xc6,
    0xce, 0x18, 0x0, 0x0, 0x0, 0x0, 0x0, 0x0,
    0x0, 0x0, 0x0, 0x0, 0x0, 0xcf, 0xff, 0xd6,
    0x18, 0x0, 0x0, 0x0, 0x0, 0x0, 0x0, 0x0,
    0x0, 0x0, 0x0, 0x18, 0xd6, 0xff, 0xd6, 0x18,
    0x0, 0x0, 0x0, 0x0, 0x0, 0x0, 0x0, 0x0,
    0x0, 0x0, 0x16, 0xd4, 0xff, 0xd6, 0x18, 0x0,
    0x0, 0x0, 0x0, 0x0, 0x0, 0x0, 0x0, 0x0,
    0x0, 0x16, 0xd3, 0xff, 0xd6, 0x18, 0xc7, 0xff,
    0xff, 0xff, 0xff, 0xff, 0xff, 0xff, 0xff, 0xff,
    0xff, 0xff, 0xff, 0xce, 0xc7, 0xff, 0xff, 0xff,
    0xff, 0xff, 0xff, 0xff, 0xff, 0xff, 0xff, 0xff,
    0xff, 0xce, 0x0, 0x0, 0x0, 0x0, 0x0, 0x0,
    0x0, 0x0, 0x0, 0x15, 0xd3, 0xff, 0xd7, 0x18,
    0x0, 0x0, 0x0, 0x0, 0x0, 0x0, 0x0, 0x0,
    0x16, 0xd4, 0xff, 0xd7, 0x18, 0x0, 0x0, 0x0,
    0x0, 0x0, 0x0, 0x0, 0x0, 0x18, 0xd6, 0xff,
    0xd7, 0x18, 0x0, 0x0, 0x0, 0x0, 0x0, 0x0,
    0x0, 0x0, 0x0, 0xcf, 0xff, 0xd7, 0x18, 0x0,
    0x0, 0x0, 0x0, 0x0, 0x0, 0x0, 0x0, 0x0,
    0x0, 0xc6, 0xcf, 0x18, 0x0, 0x0, 0x0, 0x0,

    /* U+F068 "" */
    0x4d, 0xf9, 0xff, 0xff, 0xff, 0xff, 0xff, 0xff,
    0xff, 0xff, 0xff, 0xff, 0xf9, 0x4d, 0x4e, 0xf9,
    0xff, 0xff, 0xff, 0xff, 0xff, 0xff, 0xff, 0xff,
    0xff, 0xff, 0xf9, 0x4d,

    /* U+F06E "" */
    0x0, 0x0, 0x0, 0x0, 0x0, 0x0, 0x2f, 0x8e,
    0xd3, 0xf1, 0xf1, 0xd3, 0x8e, 0x2e, 0x0, 0x0,
    0x0, 0x0, 0x0, 0x0, 0x0, 0x0, 0x0, 0x0,
    0xd, 0x9e, 0xfe, 0xff, 0xff, 0xff, 0xff, 0xff,
    0xff, 0xfe, 0x9e, 0xd, 0x0, 0x0, 0x0, 0x0,
    0x0, 0x0, 0x0, 0x1e, 0xd7, 0xff, 0xff, 0xff,
    0xca, 0x90, 0x90, 0xca, 0xff, 0xff, 0xff, 0xd6,
    0x1e, 0x0, 0x0, 0x0, 0x0, 0x0, 0x14, 0xdb,
    0xff, 0xff, 0xf0, 0x4c, 0x0, 0x0, 0x0, 0x0,
    0x4c, 0xf0, 0xff, 0xff, 0xdb, 0x14, 0x0, 0x0,
    0x0, 0x0, 0xb7, 0xff, 0xff, 0xff, 0x4b, 0x0,
    0x0, 0xd, 0xe9, 0x8c, 0x4, 0x4b, 0xff, 0xff,
    0xff, 0xb6, 0x0, 0x0, 0x0, 0x58, 0xff, 0xff,
    0xff, 0xc9, 0x0, 0x0, 0x0, 0x1e, 0xff, 0xff,
    0x8c, 0x0, 0xca, 0xff, 0xff, 0xff, 0x59, 0x0,
    0x0, 0xd4, 0xff, 0xff, 0xff, 0x8f, 0x0, 0xd,
    0x1e, 0xb9, 0xff, 0xff, 0xe9, 0x0, 0x90, 0xff,
    0xff, 0xff, 0xda, 0x0, 0x0, 0xd4, 0xff, 0xff,
    0xff, 0x8f, 0x0, 0xee, 0xff, 0xff, 0xff, 0xff,
    0xe7, 0x0, 0x90, 0xff, 0xff, 0xff, 0xda, 0x0,
    0x0, 0x58, 0xff, 0xff, 0xff, 0xc9, 0x0, 0x88,
    0xff, 0xff, 0xff, 0xff, 0x87, 0x0, 0xca, 0xff,
    0xff, 0xff, 0x59, 0x0, 0x0, 0x0, 0xb7, 0xff,
    0xff, 0xff, 0x4b, 0x3, 0x87, 0xe8, 0xe9, 0x88,
    0x3, 0x4b, 0xff, 0xff, 0xff, 0xb6, 0x0, 0x0,
    0x0, 0x0, 0x14, 0xdb, 0xff, 0xff, 0xef, 0x4b,
    0x0, 0x0, 0x0, 0x0, 0x4b, 0xf0, 0xff, 0xff,
    0xdb, 0x14, 0x0, 0x0, 0x0, 0x0, 0x0, 0x1e,
    0xd7, 0xff, 0xff, 0xff, 0xca, 0x8f, 0x8f, 0xca,
    0xff, 0xff, 0xff, 0xd7, 0x1e, 0x0, 0x0, 0x0,
    0x0, 0x0, 0x0, 0x0, 0xe, 0x9f, 0xfe, 0xff,
    0xff, 0xff, 0xff, 0xff, 0xff, 0xfe, 0x9f, 0xd,
    0x0, 0x0, 0x0, 0x0, 0x0, 0x0, 0x0, 0x0,
    0x0, 0x0, 0x2f, 0x8f, 0xd3, 0xf1, 0xf1, 0xd3,
    0x8f, 0x2f, 0x0, 0x0, 0x0, 0x0, 0x0, 0x0,

    /* U+F071 "" */
    0x0, 0x0, 0x0, 0x0, 0x0, 0x0, 0x0, 0x11,
    0xcd, 0xd0, 0x14, 0x0, 0x0, 0x0, 0x0, 0x0,
    0x0, 0x0, 0x0, 0x0, 0x0, 0x0, 0x0, 0x0,
    0x0, 0x94, 0xff, 0xff, 0x9b, 0x0, 0x0, 0x0,
    0x0, 0x0, 0x0, 0x0, 0x0, 0x0, 0x0, 0x0,
    0x0, 0x0, 0x2e, 0xfc, 0xff, 0xff, 0xfd, 0x33,
    0x0, 0x0, 0x0, 0x0, 0x0, 0x0, 0x0, 0x0,
    0x0, 0x0, 0x0, 0x0, 0xc1, 0xff, 0xff, 0xff,
    0xff, 0xc6, 0x1, 0x0, 0x0, 0x0, 0x0, 0x0,
    0x0, 0x0, 0x0, 0x0, 0x0, 0x59, 0xff, 0xff,
    0x69, 0x6a, 0xff, 0xff, 0x5e, 0x0, 0x0, 0x0,
    0x0, 0x0, 0x0, 0x0, 0x0, 0x0, 0xb, 0xe4,
    0xff, 0xff, 0x40, 0x40, 0xff, 0xff, 0xe6, 0xd,
    0x0, 0x0, 0x0, 0x0, 0x0, 0x0, 0x0, 0x0,
    0x87, 0xff, 0xff, 0xff, 0x40, 0x40, 0xff, 0xff,
    0xff, 0x8a, 0x0, 0x0, 0x0, 0x0, 0x0, 0x0,
    0x0, 0x24, 0xf9, 0xff, 0xff, 0xff, 0x40, 0x40,
    0xff, 0xff, 0xff, 0xf9, 0x26, 0x0, 0x0, 0x0,
    0x0, 0x0, 0x0, 0xb5, 0xff, 0xff, 0xff, 0xff,
    0x6a, 0x6a, 0xff, 0xff, 0xff, 0xff, 0xb7, 0x0,
    0x0, 0x0, 0x0, 0x0, 0x4c, 0xff, 0xff, 0xff,
    0xff, 0xff, 0xff, 0xff, 0xff, 0xff, 0xff, 0xff,
    0xff, 0x4d, 0x0, 0x0, 0x0, 0x7, 0xdb, 0xff,
    0xff, 0xff, 0xff, 0xff, 0x38, 0x38, 0xff, 0xff,
    0xff, 0xff, 0xff, 0xdc, 0x7, 0x0, 0x0, 0x7a,
    0xff, 0xff, 0xff, 0xff, 0xff, 0xff, 0x38, 0x38,
    0xff, 0xff, 0xff, 0xff, 0xff, 0xff, 0x79, 0x0,
    0x0, 0xeb, 0xff, 0xff, 0xff, 0xff, 0xff, 0xff,
    0xff, 0xff, 0xff, 0xff, 0xff, 0xff, 0xff, 0xff,
    0xeb, 0x0, 0x0, 0xa1, 0xfd, 0xff, 0xff, 0xff,
    0xff, 0xff, 0xff, 0xff, 0xff, 0xff, 0xff, 0xff,
    0xff, 0xfd, 0xa1, 0x0,

    /* U+F074 "" */
    0x0, 0x0, 0x0, 0x0, 0x0, 0x0, 0x0, 0x0,
    0x0, 0x0, 0x0, 0x0, 0x0, 0x0, 0x0, 0x0,
    0x0, 0x0, 0x0, 0x0, 0x0, 0x0, 0x0, 0x0,
    0x0, 0x0, 0x0, 0x0, 0xbf, 0xcd, 0x18, 0x0,
    0x0, 0x0, 0x0, 0x0, 0x0, 0x0, 0x0, 0x0,
    0x0, 0x0, 0x0, 0x0, 0xff, 0xff, 0xd6, 0x18,
    0xc7, 0xff, 0xff, 0xed, 0x8f, 0x6, 0x0, 0x0,
    0x6, 0x90, 0xed, 0xff, 0xff, 0xff, 0xff, 0xce,
    0xc7, 0xff, 0xff, 0xff, 0xff, 0xa2, 0x0, 0x0,
    0xa1, 0xff, 0xff, 0xff, 0xff, 0xff, 0xff, 0xce,
    0x0, 0x0, 0x0, 0x36, 0xf4, 0xff, 0x62, 0x30,
    0xff, 0xf4, 0x36, 0x0, 0xff, 0xff, 0xd7, 0x18,
    0x0, 0x0, 0x0, 0x0, 0x5f, 0xff, 0xf5, 0x2b,
    0x9f, 0x5d, 0x0, 0x0, 0xba, 0xcc, 0x18, 0x0,
    0x0, 0x0, 0x0, 0x0, 0x0, 0xa0, 0xff, 0xd5,
    0xf, 0x0, 0x0, 0x0, 0x0, 0x0, 0x0, 0x0,
    0x0, 0x0, 0x0, 0x0, 0x0, 0xf, 0xd6, 0xff,
    0x9f, 0x0, 0x0, 0x0, 0x0, 0x0, 0x0, 0x0,
    0x0, 0x0, 0x0, 0x0, 0x5e, 0x9e, 0x2c, 0xf6,
    0xff, 0x5e, 0x0, 0x0, 0xbf, 0xcd, 0x18, 0x0,
    0x0, 0x0, 0x0, 0x36, 0xf4, 0xff, 0x30, 0x63,
    0xff, 0xf4, 0x36, 0x0, 0xff, 0xff, 0xd6, 0x18,
    0xc7, 0xff, 0xff, 0xff, 0xff, 0xa2, 0x0, 0x0,
    0xa2, 0xff, 0xff, 0xff, 0xff, 0xff, 0xff, 0xce,
    0xc7, 0xff, 0xff, 0xed, 0x90, 0x6, 0x0, 0x0,
    0x6, 0x92, 0xee, 0xff, 0xff, 0xff, 0xff, 0xce,
    0x0, 0x0, 0x0, 0x0, 0x0, 0x0, 0x0, 0x0,
    0x0, 0x0, 0x0, 0x0, 0xff, 0xff, 0xd7, 0x18,
    0x0, 0x0, 0x0, 0x0, 0x0, 0x0, 0x0, 0x0,
    0x0, 0x0, 0x0, 0x0, 0xbf, 0xcd, 0x18, 0x0,
    0x0, 0x0, 0x0, 0x0, 0x0, 0x0, 0x0, 0x0,
    0x0, 0x0, 0x0, 0x0, 0x0, 0x0, 0x0, 0x0,

    /* U+F077 "" */
    0x0, 0x0, 0x0, 0x0, 0x0, 0x18, 0xce, 0xce,
    0x18, 0x0, 0x0, 0x0, 0x0, 0x0, 0x0, 0x0,
    0x0, 0x0, 0x18, 0xd7, 0xff, 0xff, 0xd6, 0x18,
    0x0, 0x0, 0x0, 0x0, 0x0, 0x0, 0x0, 0x18,
    0xd7, 0xff, 0xd3, 0xd3, 0xff, 0xd6, 0x18, 0x0,
    0x0, 0x0, 0x0, 0x0, 0x18, 0xd7, 0xff, 0xd4,
    0x15, 0x15, 0xd4, 0xff, 0xd6, 0x18, 0x0, 0x0,
    0x0, 0x18, 0xd7, 0xff, 0xd4, 0x16, 0x0, 0x0,
    0x16, 0xd5, 0xff, 0xd6, 0x18, 0x0, 0x18, 0xd7,
    0xff, 0xd5, 0x16, 0x0, 0x0, 0x0, 0x0, 0x16,
    0xd6, 0xff, 0xd6, 0x18, 0xcf, 0xff, 0xd6, 0x17,
    0x0, 0x0, 0x0, 0x0, 0x0, 0x0, 0x17, 0xd6,
    0xff, 0xce, 0xc6, 0xcf, 0x18, 0x0, 0x0, 0x0,
    0x0, 0x0, 0x0, 0x0, 0x0, 0x18, 0xcf, 0xc6,

    /* U+F078 "" */
    0xc6, 0xce, 0x17, 0x0, 0x0, 0x0, 0x0, 0x0,
    0x0, 0x0, 0x0, 0x18, 0xce, 0xc6, 0xcf, 0xff,
    0xd6, 0x17, 0x0, 0x0, 0x0, 0x0, 0x0, 0x0,
    0x17, 0xd6, 0xff, 0xce, 0x18, 0xd8, 0xff, 0xd5,
    0x16, 0x0, 0x0, 0x0, 0x0, 0x16, 0xd5, 0xff,
    0xd7, 0x18, 0x0, 0x18, 0xd8, 0xff, 0xd4, 0x16,
    0x0, 0x0, 0x16, 0xd4, 0xff, 0xd7, 0x18, 0x0,
    0x0, 0x0, 0x18, 0xd8, 0xff, 0xd3, 0x15, 0x15,
    0xd4, 0xff, 0xd7, 0x18, 0x0, 0x0, 0x0, 0x0,
    0x0, 0x18, 0xd8, 0xff, 0xd2, 0xd3, 0xff, 0xd7,
    0x18, 0x0, 0x0, 0x0, 0x0, 0x0, 0x0, 0x0,
    0x18, 0xd8, 0xff, 0xff, 0xd7, 0x18, 0x0, 0x0,
    0x0, 0x0, 0x0, 0x0, 0x0, 0x0, 0x0, 0x18,
    0xcf, 0xcf, 0x18, 0x0, 0x0, 0x0, 0x0, 0x0,

    /* U+F07C "" */
    0x0, 0x46, 0xe1, 0xff, 0xff, 0xff, 0xfd, 0xc3,
    0x1f, 0x0, 0x0, 0x0, 0x0, 0x0, 0x0, 0x0,
    0x0, 0x0, 0x0, 0x0, 0x0, 0xe1, 0xff, 0xff,
    0xff, 0xff, 0xff, 0xff, 0xe0, 0x3c, 0x2, 0x0,
    0x0, 0x0, 0x0, 0x0, 0x0, 0x0, 0x0, 0x0,
    0x0, 0xff, 0xff, 0xff, 0xff, 0xff, 0xff, 0xff,
    0xff, 0xff, 0xff, 0xff, 0xff, 0xff, 0xe1, 0x46,
    0x0, 0x0, 0x0, 0x0, 0x0, 0xff, 0xff, 0xff,
    0xff, 0xff, 0xff, 0xff, 0xff, 0xff, 0xff, 0xff,
    0xff, 0xff, 0xff, 0xe1, 0x0, 0x0, 0x0, 0x0,
    0x0, 0xff, 0xff, 0xff, 0xff, 0xff, 0xff, 0xff,
    0xff, 0xff, 0xff, 0xff, 0xff, 0xff, 0xff, 0xff,
    0x0, 0x0, 0x0, 0x0, 0x0, 0xff, 0xff, 0xf9,
    0x5d, 0x8, 0x0, 0x0, 0x0, 0x0, 0x0, 0x0,
    0x0, 0x0, 0x0, 0x0, 0x0, 0x0, 0x0, 0x0,
    0x0, 0xff, 0xff, 0x7c, 0x53, 0xf7, 0xff, 0xff,
    0xff, 0xff, 0xff, 0xff, 0xff, 0xff, 0xff, 0xff,
    0xff, 0xff, 0xc0, 0x0, 0x0, 0xff, 0xde, 0x16,
    0xe7, 0xff, 0xff, 0xff, 0xff, 0xff, 0xff, 0xff,
    0xff, 0xff, 0xff, 0xff, 0xff, 0xff, 0xd5, 0x0,
    0x0, 0xff, 0x51, 0x8b, 0xff, 0xff, 0xff, 0xff,
    0xff, 0xff, 0xff, 0xff, 0xff, 0xff, 0xff, 0xff,
    0xff, 0xff, 0x4a, 0x0, 0x0, 0xbb, 0x26, 0xf9,
    0xff, 0xff, 0xff, 0xff, 0xff, 0xff, 0xff, 0xff,
    0xff, 0xff, 0xff, 0xff, 0xff, 0xb4, 0x0, 0x0,
    0x0, 0x2a, 0xb5, 0xff, 0xff, 0xff, 0xff, 0xff,
    0xff, 0xff, 0xff, 0xff, 0xff, 0xff, 0xff, 0xff,
    0xf9, 0x25, 0x0, 0x0, 0x0, 0x4a, 0xff, 0xff,
    0xff, 0xff, 0xff, 0xff, 0xff, 0xff, 0xff, 0xff,
    0xff, 0xff, 0xff, 0xff, 0x8a, 0x0, 0x0, 0x0,
    0x0, 0xd5, 0xff, 0xff, 0xff, 0xff, 0xff, 0xff,
    0xff, 0xff, 0xff, 0xff, 0xff, 0xff, 0xff, 0xe7,
    0xd, 0x0, 0x0, 0x0, 0x0, 0xc0, 0xff, 0xff,
    0xff, 0xff, 0xff, 0xff, 0xff, 0xff, 0xff, 0xff,
    0xff, 0xff, 0xf7, 0x53, 0x0, 0x0, 0x0, 0x0,

    /* U+F0B0 "" */
    0x0, 0x9e, 0xfd, 0xff, 0xff, 0xff, 0xff, 0xff,
    0xff, 0xff, 0xff, 0xff, 0xff, 0xff, 0xff, 0xfd,
    0x9e, 0x0, 0x0, 0xe6, 0xff, 0xff, 0xff, 0xff,
    0xff, 0xff, 0xff, 0xff, 0xff, 0xff, 0xff, 0xff,
    0xff, 0xff, 0xe6, 0x0, 0x0, 0x57, 0xff, 0xff,
    0xff, 0xff, 0xff, 0xff, 0xff, 0xff, 0xff, 0xff,
    0xff, 0xff, 0xff, 0xff, 0x57, 0x0, 0x0, 0x0,
    0x85, 0xff, 0xff, 0xff, 0xff, 0xff, 0xff, 0xff,
    0xff, 0xff, 0xff, 0xff, 0xff, 0x84, 0x0, 0x0,
    0x0, 0x0, 0x1, 0xb2, 0xff, 0xff, 0xff, 0xff,
    0xff, 0xff, 0xff, 0xff, 0xff, 0xff, 0xb1, 0x1,
    0x0, 0x0, 0x0, 0x0, 0x0, 0xd, 0xd5, 0xff,
    0xff, 0xff, 0xff, 0xff, 0xff, 0xff, 0xff, 0xd4,
    0xd, 0x0, 0x0, 0x0, 0x0, 0x0, 0x0, 0x0,
    0x23, 0xed, 0xff, 0xff, 0xff, 0xff, 0xff, 0xff,
    0xed, 0x23, 0x0, 0x0, 0x0, 0x0, 0x0, 0x0,
    0x0, 0x0, 0x0, 0x44, 0xfc, 0xff, 0xff, 0xff,
    0xff, 0xfc, 0x43, 0x0, 0x0, 0x0, 0x0, 0x0,
    0x0, 0x0, 0x0, 0x0, 0x0, 0x0, 0x6f, 0xff,
    0xff, 0xff, 0xff, 0x6e, 0x0, 0x0, 0x0, 0x0,
    0x0, 0x0, 0x0, 0x0, 0x0, 0x0, 0x0, 0x0,
    0x0, 0xff, 0xff, 0xff, 0xff, 0x0, 0x0, 0x0,
    0x0, 0x0, 0x0, 0x0, 0x0, 0x0, 0x0, 0x0,
    0x0, 0x0, 0x0, 0xff, 0xff, 0xff, 0xff, 0x0,
    0x0, 0x0, 0x0, 0x0, 0x0, 0x0, 0x0, 0x0,
    0x0, 0x0, 0x0, 0x0, 0x0, 0xf8, 0xff, 0xff,
    0xff, 0x0, 0x0, 0x0, 0x0, 0x0, 0x0, 0x0,
    0x0, 0x0, 0x0, 0x0, 0x0, 0x0, 0x0, 0x5c,
    0xf6, 0xff, 0xff, 0x0, 0x0, 0x0, 0x0, 0x0,
    0x0, 0x0, 0x0, 0x0, 0x0, 0x0, 0x0, 0x0,
    0x0, 0x0, 0x2c, 0xd1, 0xbe, 0x0, 0x0, 0x0,
    0x0, 0x0, 0x0, 0x0, 0x0, 0x0, 0x0, 0x0,
    0x0, 0x0, 0x0, 0x0, 0x0, 0x0, 0x0, 0x0,
    0x0, 0x0, 0x0, 0x0, 0x0, 0x0,

    /* U+F0C5 "" */
    0x0, 0x0, 0x0, 0x0, 0x0, 0x84, 0xf9, 0xff,
    0xff, 0xff, 0xf6, 0x77, 0x0, 0x0, 0x0, 0x0,
    0x0, 0x0, 0x0, 0xf9, 0xff, 0xff, 0xff, 0xff,
    0xff, 0xff, 0x80, 0x0, 0x0, 0x0, 0x0, 0x0,
    0x0, 0xff, 0xff, 0xff, 0xff, 0xff, 0xff, 0xff,
    0xff, 0x77, 0x0, 0x0, 0x0, 0x0, 0x0, 0xff,
    0xff, 0xff, 0xff, 0xff, 0xff, 0xff, 0xff, 0xf6,
    0x84, 0xf9, 0xff, 0xff, 0x0, 0xff, 0xff, 0xff,
    0xff, 0xff, 0xff, 0xff, 0xff, 0xff, 0xf9, 0xff,
    0xff, 0xff, 0x0, 0xff, 0xff, 0xff, 0xff, 0xff,
    0xff, 0xff, 0xff, 0xff, 0xff, 0xff, 0x0, 0x0,
    0x0, 0xff, 0xff, 0xff, 0xff, 0xff, 0xff, 0xff,
    0xff, 0xff, 0xff, 0xff, 0x0, 0x0, 0x0, 0xff,
    0xff, 0xff, 0xff, 0xff, 0xff, 0xff, 0xff, 0xff,
    0xff, 0xff, 0x0, 0x0, 0x0, 0xff, 0xff, 0xff,
    0xff, 0xff, 0xff, 0xff, 0xff, 0xff, 0xff, 0xff,
    0x0, 0x0, 0x0, 0xff, 0xff, 0xff, 0xff, 0xff,
    0xff, 0xff, 0xff, 0xff, 0xff, 0xff, 0x0, 0x0,
    0x0, 0xf9, 0xff, 0xff, 0xff, 0xff, 0xff, 0xff,
    0xff, 0xf9, 0xff, 0xff, 0x0, 0x0, 0x0, 0x84,
    0xf9, 0xff, 0xff, 0xff, 0xff, 0xff, 0xf9, 0x84,
    0xff, 0xff, 0x0, 0x0, 0x0, 0x0, 0x0, 0x0,
    0x0, 0x0, 0x0, 0x0, 0x0, 0x0, 0xff, 0xff,
    0x0, 0x0, 0x0, 0x0, 0x0, 0x0, 0xff, 0xff,
    0x0, 0x0, 0x0, 0x0, 0xf9, 0xff, 0xff, 0xff,
    0xff, 0xff, 0xff, 0xff, 0xff, 0xf9, 0x0, 0x0,
    0x0, 0x0, 0x84, 0xf9, 0xff, 0xff, 0xff, 0xff,
    0xff, 0xff, 0xf9, 0x84, 0x0, 0x0, 0x0, 0x0,

    /* U+F0C8 "" */
    0x46, 0xe1, 0xff, 0xff, 0xff, 0xff, 0xff, 0xff,
    0xff, 0xff, 0xff, 0xff, 0xe1, 0x46, 0xe1, 0xff,
    0xff, 0xff, 0xff, 0xff, 0xff, 0xff, 0xff, 0xff,
    0xff, 0xff, 0xff, 0xe1, 0xff, 0xff, 0xff, 0xff,
    0xff, 0xff, 0xff, 0xff, 0xff, 0xff, 0xff, 0xff,
    0xff, 0xff, 0xff, 0xff, 0xff, 0xff, 0xff, 0xff,
    0xff, 0xff, 0xff, 0xff, 0xff, 0xff, 0xff, 0xff,
    0xff, 0xff, 0xff, 0xff, 0xff, 0xff, 0xff, 0xff,
    0xff, 0xff, 0xff, 0xff, 0xff, 0xff, 0xff, 0xff,
    0xff, 0xff, 0xff, 0xff, 0xff, 0xff, 0xff, 0xff,
    0xff, 0xff, 0xff, 0xff, 0xff, 0xff, 0xff, 0xff,
    0xff, 0xff, 0xff, 0xff, 0xff, 0xff, 0xff, 0xff,
    0xff, 0xff, 0xff, 0xff, 0xff, 0xff, 0xff, 0xff,
    0xff, 0xff, 0xff, 0xff, 0xff, 0xff, 0xff, 0xff,
    0xff, 0xff, 0xff, 0xff, 0xff, 0xff, 0xff, 0xff,
    0xff, 0xff, 0xff, 0xff, 0xff, 0xff, 0xff, 0xff,
    0xff, 0xff, 0xff, 0xff, 0xff, 0xff, 0xff, 0xff,
    0xff, 0xff, 0xff, 0xff, 0xff, 0xff, 0xff, 0xff,
    0xff, 0xff, 0xff, 0xff, 0xff, 0xff, 0xff, 0xff,
    0xff, 0xff, 0xff, 0xff, 0xff, 0xff, 0xff, 0xff,
    0xff, 0xff, 0xff, 0xff, 0xff, 0xff, 0xff, 0xff,
    0xe1, 0xff, 0xff, 0xff, 0xff, 0xff, 0xff, 0xff,
    0xff, 0xff, 0xff, 0xff, 0xff, 0xe1, 0x47, 0xe1,
    0xff, 0xff, 0xff, 0xff, 0xff, 0xff, 0xff, 0xff,
    0xff, 0xff, 0xe1, 0x46,

    /* U+F0E7 "" */
    0x0, 0x0, 0x0, 0x0, 0x0, 0x0, 0x0, 0x0,
    0x0, 0x0, 0x0, 0x0, 0x0, 0x0, 0x0, 0x0,
    0x0, 0x0, 0x0, 0x0, 0x0, 0x0, 0x1d, 0xc9,
    0xbb, 0x0, 0x0, 0x0, 0x0, 0x0, 0x0, 0x0,
    0x0, 0x0, 0x0, 0x30, 0xe5, 0xff, 0xd6, 0x0,
    0x0, 0x0, 0x0, 0x0, 0x0, 0x0, 0x0, 0x0,
    0x47, 0xf2, 0xff, 0xff, 0x70, 0x0, 0x0, 0x0,
    0x0, 0x0, 0x0, 0x0, 0x0, 0x63, 0xfb, 0xff,
    0xff, 0xf4, 0xf, 0x0, 0x0, 0x0, 0x0, 0x0,
    0x0, 0x0, 0x81, 0xff, 0xff, 0xff, 0xff, 0x97,
    0x0, 0x0, 0x0, 0x0, 0x0, 0x0, 0x5, 0xa1,
    0xff, 0xff, 0xff, 0xff, 0xff, 0x2b, 0x0, 0x0,
    0x0, 0x0, 0x0, 0xf, 0xbd, 0xff, 0xff, 0xff,
    0xff, 0xff, 0xbd, 0x0, 0x0, 0x0, 0x0, 0x0,
    0x0, 0xc7, 0xff, 0xff, 0xff, 0xff, 0xff, 0xff,
    0xff, 0xff, 0xff, 0xff, 0xbd, 0x0, 0x0, 0xbb,
    0xff, 0xff, 0xff, 0xff, 0xff, 0xff, 0xff, 0xff,
    0xff, 0xff, 0xc6, 0x0, 0x0, 0x0, 0x0, 0x0,
    0x0, 0xb7, 0xff, 0xff, 0xff, 0xff, 0xff, 0xbd,
    0xf, 0x0, 0x0, 0x0, 0x0, 0x0, 0x26, 0xfe,
    0xff, 0xff, 0xff, 0xff, 0xa2, 0x5, 0x0, 0x0,
    0x0, 0x0, 0x0, 0x0, 0x93, 0xff, 0xff, 0xff,
    0xff, 0x83, 0x0, 0x0, 0x0, 0x0, 0x0, 0x0,
    0x0, 0xe, 0xf3, 0xff, 0xff, 0xfb, 0x63, 0x0,
    0x0, 0x0, 0x0, 0x0, 0x0, 0x0, 0x0, 0x6f,
    0xff, 0xff, 0xf2, 0x47, 0x0, 0x0, 0x0, 0x0,
    0x0, 0x0, 0x0, 0x0, 0x0, 0xd6, 0xff, 0xe5,
    0x30, 0x0, 0x0, 0x0, 0x0, 0x0, 0x0, 0x0,
    0x0, 0x0, 0x0, 0xbb, 0xc9, 0x1d, 0x0, 0x0,
    0x0, 0x0, 0x0, 0x0, 0x0, 0x0, 0x0, 0x0,
    0x0, 0x0, 0x0, 0x0, 0x0, 0x0, 0x0, 0x0,
    0x0, 0x0, 0x0, 0x0,

    /* U+F0EC "" */
    0x0, 0x0, 0x0, 0x0, 0x0, 0x0, 0x0, 0x0,
    0x0, 0xc6, 0xce, 0x18, 0x0, 0x0, 0x0, 0x0,
    0x0, 0x0, 0x0, 0x0, 0x0, 0x0, 0x0, 0xce,
    0xff, 0xd6, 0x18, 0x0, 0x0, 0x0, 0x0, 0x0,
    0x0, 0x0, 0x0, 0x0, 0x0, 0x17, 0xd4, 0xff,
    0xd6, 0x18, 0xc7, 0xff, 0xff, 0xff, 0xff, 0xff,
    0xff, 0xff, 0xff, 0xff, 0xff, 0xff, 0xff, 0xce,
    0xc7, 0xff, 0xff, 0xff, 0xff, 0xff, 0xff, 0xff,
    0xff, 0xff, 0xff, 0xff, 0xff, 0xce, 0x0, 0x0,
    0x0, 0x0, 0x0, 0x0, 0x0, 0x0, 0x0, 0x17,
    0xd4, 0xff, 0xd7, 0x18, 0x0, 0x0, 0x0, 0x0,
    0x0, 0x0, 0x0, 0x0, 0x0, 0xce, 0xff, 0xd7,
    0x18, 0x0, 0x0, 0x0, 0x0, 0x0, 0x0, 0x0,
    0x0, 0x0, 0x0, 0xc6, 0xcf, 0x18, 0x0, 0x0,
    0x0, 0x0, 0x18, 0xce, 0xc6, 0x0, 0x0, 0x0,
    0x0, 0x0, 0x0, 0x0, 0x0, 0x0, 0x0, 0x18,
    0xd7, 0xff, 0xce, 0x0, 0x0, 0x0, 0x0, 0x0,
    0x0, 0x0, 0x0, 0x0, 0x18, 0xd7, 0xff, 0xd4,
    0x17, 0x0, 0x0, 0x0, 0x0, 0x0, 0x0, 0x0,
    0x0, 0x0, 0xcf, 0xff, 0xff, 0xff, 0xff, 0xff,
    0xff, 0xff, 0xff, 0xff, 0xff, 0xff, 0xff, 0xc7,
    0xcf, 0xff, 0xff, 0xff, 0xff, 0xff, 0xff, 0xff,
    0xff, 0xff, 0xff, 0xff, 0xff, 0xc7, 0x18, 0xd8,
    0xff, 0xd3, 0x16, 0x0, 0x0, 0x0, 0x0, 0x0,
    0x0, 0x0, 0x0, 0x0, 0x0, 0x18, 0xd8, 0xff,
    0xce, 0x0, 0x0, 0x0, 0x0, 0x0, 0x0, 0x0,
    0x0, 0x0, 0x0, 0x0, 0x18, 0xcf, 0xc6, 0x0,
    0x0, 0x0, 0x0, 0x0, 0x0, 0x0, 0x0, 0x0,

    /* U+F0EE "" */
    0x0, 0x0, 0x0, 0x0, 0x0, 0x4b, 0xbc, 0xf0,
    0xee, 0xba, 0x49, 0x0, 0x0, 0x0, 0x0, 0x0,
    0x0, 0x0, 0x0, 0x0, 0x0, 0x0, 0x0, 0x0,
    0x84, 0xff, 0xff, 0xff, 0xff, 0xff, 0xff, 0x80,
    0x0, 0x0, 0x0, 0x0, 0x0, 0x0, 0x0, 0x0,
    0x0, 0x0, 0x0, 0x4c, 0xff, 0xff, 0xff, 0xff,
    0xff, 0xff, 0xff, 0xff, 0xad, 0xec, 0xe6, 0x89,
    0x6, 0x0, 0x0, 0x0, 0x0, 0x0, 0x0, 0xbc,
    0xff, 0xff, 0xff, 0xff, 0xff, 0xff, 0xff, 0xff,
    0xff, 0xff, 0xff, 0xff, 0x89, 0x0, 0x0, 0x0,
    0x0, 0x0, 0x0, 0xf2, 0xff, 0xff, 0xff, 0xff,
    0xff, 0xc0, 0xc0, 0xff, 0xff, 0xff, 0xff, 0xff,
    0xe6, 0x0, 0x0, 0x0, 0x0, 0x9, 0x7a, 0xff,
    0xff, 0xff, 0xff, 0xff, 0xab, 0x4, 0x4, 0xac,
    0xff, 0xff, 0xff, 0xff, 0xe9, 0x0, 0x0, 0x0,
    0x9, 0xc0, 0xff, 0xff, 0xff, 0xff, 0xff, 0xab,
    0x4, 0x0, 0x0, 0x4, 0xac, 0xff, 0xff, 0xff,
    0xf9, 0xa3, 0x21, 0x0, 0x79, 0xff, 0xff, 0xff,
    0xff, 0xff, 0xe0, 0x4, 0x3c, 0x33, 0x33, 0x3b,
    0x4, 0xe0, 0xff, 0xff, 0xff, 0xff, 0xe9, 0x22,
    0xd6, 0xff, 0xff, 0xff, 0xff, 0xff, 0xf9, 0x9a,
    0xf3, 0x40, 0x40, 0xf3, 0x9a, 0xf9, 0xff, 0xff,
    0xff, 0xff, 0xff, 0xa7, 0xf7, 0xff, 0xff, 0xff,
    0xff, 0xff, 0xff, 0xff, 0xff, 0x40, 0x40, 0xff,
    0xff, 0xff, 0xff, 0xff, 0xff, 0xff, 0xff, 0xe9,
    0xda, 0xff, 0xff, 0xff, 0xff, 0xff, 0xff, 0xff,
    0xff, 0x40, 0x40, 0xff, 0xff, 0xff, 0xff, 0xff,
    0xff, 0xff, 0xff, 0xf1, 0x80, 0xff, 0xff, 0xff,
    0xff, 0xff, 0xff, 0xff, 0xff, 0x6a, 0x6a, 0xff,
    0xff, 0xff, 0xff, 0xff, 0xff, 0xff, 0xff, 0xaf,
    0x9, 0xc8, 0xff, 0xff, 0xff, 0xff, 0xff, 0xff,
    0xff, 0xff, 0xff, 0xff, 0xff, 0xff, 0xff, 0xff,
    0xff, 0xff, 0xf2, 0x29, 0x0, 0x9, 0x80, 0xda,
    0xfc, 0xff, 0xff, 0xff, 0xff, 0xff, 0xff, 0xff,
    0xff, 0xff, 0xff, 0xff, 0xf2, 0xb0, 0x29, 0x0,

    /* U+F1DA "" */
    0x0, 0x0, 0x0, 0x0, 0x0, 0x40, 0x9e, 0xdd,
    0xf6, 0xf2, 0xcd, 0x85, 0x1c, 0x0, 0x0, 0x0,
    0x0, 0x14, 0xd8, 0x56, 0x12, 0xb2, 0xff, 0xff,
    0xff, 0xff, 0xff, 0xff, 0xff, 0xf8, 0x69, 0x0,
    0x0, 0x0, 0x2b, 0xff, 0xfc, 0xe2, 0xff, 0xee,
    0x7e, 0x2d, 0x9, 0x12, 0x44, 0xa6, 0xfe, 0xff,
    0x92, 0x0, 0x0, 0x2b, 0xff, 0xff, 0xff, 0xda,
    0x19, 0x0, 0x0, 0x0, 0x0, 0x0, 0x0, 0x49,
    0xf3, 0xff, 0x5f, 0x0, 0x2b, 0xff, 0xff, 0xff,
    0xfc, 0x52, 0x0, 0x0, 0xc0, 0x6b, 0x0, 0x0,
    0x0, 0x52, 0xff, 0xf0, 0x10, 0x14, 0xed, 0xff,
    0xff, 0xff, 0x9c, 0x0, 0x0, 0xeb, 0x93, 0x0,
    0x0, 0x0, 0x0, 0xbd, 0xff, 0x68, 0x0, 0x0,
    0x0, 0x0, 0x0, 0x0, 0x0, 0x0, 0xeb, 0x93,
    0x0, 0x0, 0x0, 0x0, 0x64, 0xff, 0xa9, 0x0,
    0x0, 0x0, 0x0, 0x0, 0x0, 0x0, 0x0, 0xeb,
    0xa0, 0x0, 0x0, 0x0, 0x0, 0x39, 0xff, 0xc9,
    0x0, 0x0, 0x0, 0x0, 0x0, 0x0, 0x0, 0x0,
    0xa7, 0xfe, 0x64, 0x0, 0x0, 0x0, 0x3a, 0xff,
    0xc9, 0x0, 0x0, 0x0, 0x0, 0x0, 0x0, 0x0,
    0x0, 0x7, 0xb5, 0xfe, 0x5f, 0x0, 0x0, 0x64,
    0xff, 0xa9, 0x0, 0x0, 0x0, 0x0, 0x0, 0x0,
    0x0, 0x0, 0x0, 0x7, 0xac, 0xa6, 0x0, 0x0,
    0xbd, 0xff, 0x69, 0x0, 0x0, 0x0, 0x0, 0x0,
    0x0, 0x0, 0x0, 0x0, 0x0, 0x0, 0x0, 0x0,
    0x52, 0xff, 0xf0, 0x10, 0x0, 0x0, 0x0, 0x0,
    0x21, 0x10, 0x0, 0x0, 0x0, 0x0, 0x0, 0x0,
    0x48, 0xf3, 0xff, 0x5f, 0x0, 0x0, 0x0, 0x0,
    0x19, 0xf8, 0xf1, 0x85, 0x33, 0xd, 0x11, 0x43,
    0xa5, 0xfe, 0xff, 0x92, 0x0, 0x0, 0x0, 0x0,
    0x0, 0x2, 0xac, 0xff, 0xff, 0xff, 0xff, 0xff,
    0xff, 0xff, 0xf8, 0x6a, 0x0, 0x0, 0x0, 0x0,
    0x0, 0x0, 0x0, 0x0, 0x41, 0xa3, 0xde, 0xf8,
    0xf3, 0xcd, 0x86, 0x1d, 0x0, 0x0, 0x0, 0x0,

    /* U+F1DE "" */
    0x0, 0x0, 0x0, 0x0, 0x12, 0x6a, 0x6b, 0x12,
    0x0, 0x0, 0x0, 0x0, 0x0, 0x0, 0x0, 0x0,
    0x0, 0x0, 0x0, 0x11, 0xe0, 0xff, 0xff, 0xe0,
    0x11, 0x0, 0x0, 0x0, 0x0, 0x0, 0x0, 0x0,
    0xc7, 0xff, 0xff, 0xff, 0xff, 0x38, 0x38, 0xff,
    0xff, 0xff, 0xff, 0xff, 0xff, 0xff, 0xff, 0xc7,
    0xc7, 0xff, 0xff, 0xff, 0xff, 0x38, 0x38, 0xff,
    0xff, 0xff, 0xff, 0xff, 0xff, 0xff, 0xff, 0xc7,
    0x0, 0x0, 0x0, 0x11, 0xe0, 0xff, 0xff, 0xe0,
    0x10, 0x0, 0x0, 0x0, 0x0, 0x0, 0x0, 0x0,
    0x0, 0x0, 0x0, 0x0, 0x12, 0x6b, 0x6b, 0x12,
    0x0, 0x12, 0x6a, 0x6b, 0x12, 0x0, 0x0, 0x0,
    0x0, 0x0, 0x0, 0x0, 0x0, 0x0, 0x0, 0x0,
    0x11, 0xe0, 0xff, 0xff, 0xe0, 0x11, 0x0, 0x0,
    0xc7, 0xff, 0xff, 0xff, 0xff, 0xff, 0xff, 0xff,
    0xff, 0xff, 0x38, 0x38, 0xff, 0xff, 0xff, 0xc7,
    0xc7, 0xff, 0xff, 0xff, 0xff, 0xff, 0xff, 0xff,
    0xff, 0xff, 0x38, 0x38, 0xff, 0xff, 0xff, 0xc7,
    0x0, 0x0, 0x0, 0x0, 0x0, 0x0, 0x0, 0x0,
    0x11, 0xe0, 0xff, 0xff, 0xe0, 0x10, 0x0, 0x0,
    0x0, 0x0, 0x0, 0x12, 0x6a, 0x6b, 0x12, 0x0,
    0x0, 0x12, 0x6b, 0x6b, 0x12, 0x0, 0x0, 0x0,
    0x0, 0x0, 0x11, 0xe0, 0xff, 0xff, 0xe0, 0x11,
    0x0, 0x0, 0x0, 0x0, 0x0, 0x0, 0x0, 0x0,
    0xc7, 0xff, 0xff, 0xff, 0x38, 0x38, 0xff, 0xff,
    0xff, 0xff, 0xff, 0xff, 0xff, 0xff, 0xff, 0xc7,
    0xc7, 0xff, 0xff, 0xff, 0x38, 0x38, 0xff, 0xff,
    0xff, 0xff, 0xff, 0xff, 0xff, 0xff, 0xff, 0xc7,
    0x0, 0x0, 0x11, 0xe0, 0xff, 0xff, 0xe0, 0x10,
    0x0, 0x0, 0x0, 0x0, 0x0, 0x0, 0x0, 0x0,
    0x0, 0x0, 0x0, 0x12, 0x6b, 0x6b, 0x12, 0x0,
    0x0, 0x0, 0x0, 0x0, 0x0, 0x0, 0x0, 0x0,

    /* U+F1E6 "" */
    0x0, 0x0, 0xc7, 0xc7, 0x0, 0x0, 0x0, 0x0,
    0xc7, 0xc7, 0x0, 0x0, 0x0, 0x0, 0xff, 0xff,
    0x0, 0x0, 0x0, 0x0, 0xff, 0xff, 0x0, 0x0,
    0x0, 0x0, 0xff, 0xff, 0x0, 0x0, 0x0, 0x0,
    0xff, 0xff, 0x0, 0x0, 0x0, 0x0, 0xff, 0xff,
    0x0, 0x0, 0x0, 0x0, 0xff, 0xff, 0x0, 0x0,
    0x0, 0x0, 0x0, 0x0, 0x0, 0x0, 0x0, 0x0,
    0x0, 0x0, 0x0, 0x0, 0xc7, 0xff, 0xff, 0xff,
    0xff, 0xff, 0xff, 0xff, 0xff, 0xff, 0xff, 0xc7,
    0xc7, 0xff, 0xff, 0xff, 0xff, 0xff, 0xff, 0xff,
    0xff, 0xff, 0xff, 0xc7, 0x0, 0xff, 0xff, 0xff,
    0xff, 0xff, 0xff, 0xff, 0xff, 0xff, 0xff, 0x0,
    0x0, 0xf3, 0xff, 0xff, 0xff, 0xff, 0xff, 0xff,
    0xff, 0xff, 0xf3, 0x0, 0x0, 0xbf, 0xff, 0xff,
    0xff, 0xff, 0xff, 0xff, 0xff, 0xff, 0xbe, 0x0,
    0x0, 0x4d, 0xff, 0xff, 0xff, 0xff, 0xff, 0xff,
    0xff, 0xff, 0x4c, 0x0, 0x0, 0x0, 0x7b, 0xff,
    0xff, 0xff, 0xff, 0xff, 0xff, 0x7b, 0x0, 0x0,
    0x0, 0x0, 0x0, 0x48, 0xb6, 0xff, 0xff, 0xb6,
    0x48, 0x0, 0x0, 0x0, 0x0, 0x0, 0x0, 0x0,
    0x0, 0xff, 0xff, 0x0, 0x0, 0x0, 0x0, 0x0,
    0x0, 0x0, 0x0, 0x0, 0x0, 0xff, 0xff, 0x0,
    0x0, 0x0, 0x0, 0x0, 0x0, 0x0, 0x0, 0x0,
    0x0, 0xc7, 0xc7, 0x0, 0x0, 0x0, 0x0, 0x0,

    /* U+F1EB "" */
    0x0, 0x0, 0x0, 0x0, 0x1, 0x34, 0x80, 0xbe,
    0xd9, 0xf3, 0xf2, 0xd9, 0xbe, 0x80, 0x34, 0x1,
    0x0, 0x0, 0x0, 0x0, 0x0, 0x0, 0x1, 0x55,
    0xd9, 0xff, 0xff, 0xff, 0xff, 0xff, 0xff, 0xff,
    0xff, 0xff, 0xff, 0xd9, 0x55, 0x1, 0x0, 0x0,
    0x0, 0x1f, 0xc9, 0xff, 0xff, 0xe3, 0x94, 0x48,
    0x25, 0xc, 0xc, 0x25, 0x48, 0x94, 0xe4, 0xff,
    0xff, 0xc9, 0x1f, 0x0, 0x41, 0xeb, 0xff, 0xe3,
    0x65, 0x4, 0x0, 0x0, 0x0, 0x0, 0x0, 0x0,
    0x0, 0x0, 0x4, 0x65, 0xe3, 0xff, 0xeb, 0x41,
    0xef, 0xff, 0xb1, 0xe, 0x0, 0x0, 0x0, 0x0,
    0x0, 0x0, 0x0, 0x0, 0x0, 0x0, 0x0, 0x0,
    0xe, 0xb1, 0xff, 0xef, 0x66, 0x6d, 0x1, 0x0,
    0x0, 0x0, 0x45, 0x9d, 0xdb, 0xf4, 0xf4, 0xdb,
    0x9d, 0x46, 0x0, 0x0, 0x0, 0x1, 0x6d, 0x66,
    0x0, 0x0, 0x0, 0x0, 0x22, 0xc4, 0xff, 0xff,
    0xff, 0xff, 0xff, 0xff, 0xff, 0xff, 0xc5, 0x24,
    0x0, 0x0, 0x0, 0x0, 0x0, 0x0, 0x0, 0x1f,
    0xf0, 0xff, 0xe9, 0x7d, 0x32, 0xd, 0xc, 0x32,
    0x7d, 0xe9, 0xff, 0xf2, 0x22, 0x0, 0x0, 0x0,
    0x0, 0x0, 0x0, 0x20, 0xea, 0xa5, 0xe, 0x0,
    0x0, 0x0, 0x0, 0x0, 0x0, 0xe, 0xa5, 0xea,
    0x20, 0x0, 0x0, 0x0, 0x0, 0x0, 0x0, 0x0,
    0x0, 0x0, 0x0, 0x0, 0x0, 0x0, 0x0, 0x0,
    0x0, 0x0, 0x0, 0x0, 0x0, 0x0, 0x0, 0x0,
    0x0, 0x0, 0x0, 0x0, 0x0, 0x0, 0x0, 0x0,
    0x42, 0xe5, 0xe4, 0x42, 0x0, 0x0, 0x0, 0x0,
    0x0, 0x0, 0x0, 0x0, 0x0, 0x0, 0x0, 0x0,
    0x0, 0x0, 0x0, 0x0, 0xdd, 0xff, 0xff, 0xdd,
    0x0, 0x0, 0x0, 0x0, 0x0, 0x0, 0x0, 0x0,
    0x0, 0x0, 0x0, 0x0, 0x0, 0x0, 0x0, 0x0,
    0xdd, 0xff, 0xff, 0xdd, 0x0, 0x0, 0x0, 0x0,
    0x0, 0x0, 0x0, 0x0, 0x0, 0x0, 0x0, 0x0,
    0x0, 0x0, 0x0, 0x0, 0x43, 0xe4, 0xe5, 0x42,
    0x0, 0x0, 0x0, 0x0, 0x0, 0x0, 0x0, 0x0,
    0x0, 0x0, 0x0, 0x0, 0x0, 0x0, 0x0, 0x0,
    0x0, 0x0, 0x0, 0x0, 0x0, 0x0, 0x0, 0x0,
    0x0, 0x0, 0x0, 0x0,

    /* U+F241 "" */
    0x21, 0xbc, 0xf9, 0xff, 0xff, 0xff, 0xff, 0xff,
    0xff, 0xff, 0xff, 0xff, 0xff, 0xff, 0xf9, 0xbc,
    0x21, 0x0, 0xbd, 0xff, 0xff, 0xff, 0xff, 0xff,
    0xff, 0xff, 0xff, 0xff, 0xff, 0xff, 0xff, 0xff,
    0xff, 0xff, 0xbc, 0x0, 0xf9, 0xff, 0x11, 0x0,
    0x0, 0x0, 0x0, 0x0, 0x0, 0x0, 0x0, 0x0,
    0x0, 0x0, 0x12, 0xff, 0xf9, 0x0, 0xff, 0xff,
    0x0, 0xff, 0xff, 0xff, 0xff, 0xff, 0xff, 0xff,
    0xff, 0x0, 0x0, 0x0, 0x0, 0xff, 0xff, 0xc7,
    0xff, 0xff, 0x0, 0xff, 0xff, 0xff, 0xff, 0xff,
    0xff, 0xff, 0xff, 0x0, 0x0, 0x0, 0x0, 0xff,
    0xff, 0xff, 0xff, 0xff, 0x0, 0xff, 0xff, 0xff,
    0xff, 0xff, 0xff, 0xff, 0xff, 0x0, 0x0, 0x0,
    0x0, 0xff, 0xff, 0xff, 0xff, 0xff, 0x0, 0xff,
    0xff, 0xff, 0xff, 0xff, 0xff, 0xff, 0xff, 0x0,
    0x0, 0x0, 0x0, 0xff, 0xff, 0xc7, 0xf9, 0xff,
    0x11, 0x0, 0x0, 0x0, 0x0, 0x0, 0x0, 0x0,
    0x0, 0x0, 0x0, 0x0, 0x11, 0xff, 0xf9, 0x0,
    0xbd, 0xff, 0xff, 0xff, 0xff, 0xff, 0xff, 0xff,
    0xff, 0xff, 0xff, 0xff, 0xff, 0xff, 0xff, 0xff,
    0xbc, 0x0, 0x21, 0xbd, 0xf9, 0xff, 0xff, 0xff,
    0xff, 0xff, 0xff, 0xff, 0xff, 0xff, 0xff, 0xff,
    0xf9, 0xbd, 0x21, 0x0,

    /* U+F26C "" */
    0x46, 0xe1, 0xff, 0xff, 0xff, 0xff, 0xff, 0xff,
    0xff, 0xff, 0xff, 0xff, 0xff, 0xff, 0xff, 0xff,
    0xff, 0xff, 0xe1, 0x46, 0xe1, 0xff, 0xff, 0xff,
    0xff, 0xff, 0xff, 0xff, 0xff, 0xff, 0xff, 0xff,
    0xff, 0xff, 0xff, 0xff, 0xff, 0xff, 0xff, 0xe1,
    0xff, 0xff, 0x0, 0x0, 0x0, 0x0, 0x0, 0x0,
    0x0, 0x0, 0x0, 0x0, 0x0, 0x0, 0x0, 0x0,
    0x0, 0x0, 0xff, 0xff, 0xff, 0xff, 0x0, 0x0,
    0x0, 0x0, 0x0, 0x0, 0x0, 0x0, 0x0, 0x0,
    0x0, 0x0, 0x0, 0x0, 0x0, 0x0, 0xff, 0xff,
    0xff, 0xff, 0x0, 0x0, 0x0, 0x0, 0x0, 0x0,
    0x0, 0x0, 0x0, 0x0, 0x0, 0x0, 0x0, 0x0,
    0x0, 0x0, 0xff, 0xff, 0xff, 0xff, 0x0, 0x0,
    0x0, 0x0, 0x0, 0x0, 0x0, 0x0, 0x0, 0x0,
    0x0, 0x0, 0x0, 0x0, 0x0, 0x0, 0xff, 0xff,
    0xff, 0xff, 0x0, 0x0, 0x0, 0x0, 0x0, 0x0,
    0x0, 0x0, 0x0, 0x0, 0x0, 0x0, 0x0, 0x0,
    0x0, 0x0, 0xff, 0xff, 0xff, 0xff, 0x0, 0x0,
    0x0, 0x0, 0x0, 0x0, 0x0, 0x0, 0x0, 0x0,
    0x0, 0x0, 0x0, 0x0, 0x0, 0x0, 0xff, 0xff,
    0xff, 0xff, 0x0, 0x0, 0x0, 0x0, 0x0, 0x0,
    0x0, 0x0, 0x0, 0x0, 0x0, 0x0, 0x0, 0x0,
    0x0, 0x0, 0xff, 0xff, 0xff, 0xff, 0x0, 0x0,
    0x0, 0x0, 0x0, 0x0, 0x0, 0x0, 0x0, 0x0,
    0x0, 0x0, 0x0, 0x0, 0x0, 0x0, 0xff, 0xff,
    0xff, 0xff, 0x0, 0x0, 0x0, 0x0, 0x0, 0x0,
    0x0, 0x0, 0x0, 0x0, 0x0, 0x0, 0x0, 0x0,
    0x0, 0x0, 0xff, 0xff, 0xe1, 0xff, 0xff, 0xff,
    0xff, 0xff, 0xff, 0xff, 0xff, 0xff, 0xff, 0xff,
    0xff, 0xff, 0xff, 0xff, 0xff, 0xff, 0xff, 0xe1,
    0x47, 0xe1, 0xff, 0xff, 0xff, 0xff, 0xff, 0xff,
    0xff, 0xff, 0xff, 0xff, 0xff, 0xff, 0xff, 0xff,
    0xff, 0xff, 0xe1, 0x46, 0x0, 0x0, 0x0, 0x0,
    0x0, 0x0, 0x0, 0x0, 0x0, 0x0, 0x0, 0x0,
    0x0, 0x0, 0x0, 0x0, 0x0, 0x0, 0x0, 0x0,
    0x0, 0x0, 0x0, 0xc7, 0xff, 0xff, 0xff, 0xff,
    0xff, 0xff, 0xff, 0xff, 0xff, 0xff, 0xff, 0xff,
    0xc7, 0x0, 0x0, 0x0, 0x0, 0x0, 0x0, 0xc7,
    0xff, 0xff, 0xff, 0xff, 0xff, 0xff, 0xff, 0xff,
    0xff, 0xff, 0xff, 0xff, 0xc7, 0x0, 0x0, 0x0,

    /* U+F293 "" */
    0x0, 0x0, 0x0, 0x0, 0x0, 0x0, 0x0, 0x0,
    0x0, 0x0, 0x0, 0x0, 0x0, 0x0, 0x16, 0x7f,
    0xd1, 0xf0, 0xfa, 0xe4, 0x9f, 0x24, 0x0, 0x0,
    0x0, 0x2a, 0xe9, 0xff, 0xff, 0xc2, 0xe8, 0xff,
    0xff, 0xf3, 0x40, 0x0, 0x2, 0xd2, 0xff, 0xff,
    0xff, 0xa0, 0x2f, 0xef, 0xff, 0xff, 0xe5, 0xc,
    0x4f, 0xff, 0xff, 0xff, 0xff, 0xa0, 0x0, 0x3b,
    0xf5, 0xff, 0xff, 0x5d, 0x9f, 0xff, 0xf3, 0xa8,
    0xff, 0xa0, 0x31, 0x50, 0x47, 0xfa, 0xff, 0xa5,
    0xd1, 0xff, 0xc3, 0x8, 0x8c, 0xa0, 0x34, 0xdb,
    0x6, 0xb7, 0xff, 0xd0, 0xee, 0xff, 0xff, 0xb7,
    0x7, 0x37, 0x1d, 0x1f, 0x82, 0xff, 0xff, 0xea,
    0xfb, 0xff, 0xff, 0xff, 0xb7, 0x7, 0x0, 0x67,
    0xff, 0xff, 0xff, 0xf7, 0xfb, 0xff, 0xff, 0xff,
    0xe0, 0x1c, 0x0, 0x8d, 0xff, 0xff, 0xff, 0xfc,
    0xef, 0xff, 0xff, 0xe0, 0x1f, 0x19, 0x12, 0x8,
    0x9f, 0xff, 0xff, 0xf2, 0xd4, 0xff, 0xe0, 0x1f,
    0x57, 0x9e, 0x33, 0xbd, 0x2, 0xb1, 0xff, 0xdc,
    0xa7, 0xff, 0xd9, 0x6f, 0xfc, 0xa5, 0x36, 0x84,
    0x1b, 0xdb, 0xff, 0xb3, 0x5e, 0xff, 0xff, 0xff,
    0xff, 0xa8, 0x6, 0x1a, 0xda, 0xff, 0xff, 0x72,
    0x8, 0xdf, 0xff, 0xff, 0xff, 0xab, 0x19, 0xd9,
    0xff, 0xff, 0xf3, 0x14, 0x0, 0x35, 0xef, 0xff,
    0xff, 0xc5, 0xd8, 0xff, 0xff, 0xfe, 0x5c, 0x0,
    0x0, 0x0, 0x1b, 0x87, 0xd3, 0xf1, 0xf9, 0xe4,
    0xa5, 0x3a, 0x0, 0x0, 0x0, 0x0, 0x0, 0x0,
    0x0, 0x0, 0x0, 0x0, 0x0, 0x0, 0x0, 0x0,

    /* U+F294 "" */
    0x0, 0x0, 0x0, 0x0, 0x57, 0x1f, 0x0, 0x0,
    0x0, 0x0, 0x0, 0x0, 0x0, 0x0, 0x73, 0xda,
    0x16, 0x0, 0x0, 0x0, 0x0, 0x0, 0x0, 0x0,
    0x73, 0xff, 0xcf, 0xf, 0x0, 0x0, 0x0, 0xe,
    0x1, 0x0, 0x73, 0xf3, 0xd5, 0xc3, 0x9, 0x0,
    0x3, 0xcb, 0x99, 0x1, 0x73, 0xeb, 0x17, 0xd7,
    0xb5, 0x3, 0x0, 0x5f, 0xfd, 0x99, 0x75, 0xeb,
    0x2f, 0xec, 0x93, 0x0, 0x0, 0x0, 0x5f, 0xfd,
    0xe7, 0xf7, 0xec, 0xa9, 0x2, 0x0, 0x0, 0x0,
    0x0, 0x5f, 0xfd, 0xff, 0xbd, 0x6, 0x0, 0x0,
    0x0, 0x0, 0x0, 0x2f, 0xf0, 0xff, 0x92, 0x0,
    0x0, 0x0, 0x0, 0x0, 0x2f, 0xec, 0xfb, 0xfc,
    0xfd, 0x82, 0x0, 0x0, 0x0, 0x2f, 0xec, 0xcb,
    0x82, 0xeb, 0x5f, 0xfd, 0x76, 0x0, 0x3, 0xda,
    0xcb, 0x10, 0x6d, 0xeb, 0x3, 0xc6, 0xec, 0x12,
    0x0, 0x2e, 0x10, 0x0, 0x69, 0xee, 0xa8, 0xed,
    0x30, 0x0, 0x0, 0x0, 0x0, 0x0, 0x65, 0xff,
    0xed, 0x31, 0x0, 0x0, 0x0, 0x0, 0x0, 0x0,
    0x61, 0xee, 0x32, 0x0, 0x0, 0x0, 0x0, 0x0,
    0x0, 0x0, 0x4d, 0x33, 0x0, 0x0, 0x0, 0x0,

    /* U+F2DB "" */
    0x0, 0x0, 0x0, 0x0, 0xd2, 0x59, 0x0, 0x96,
    0x95, 0x0, 0x59, 0xd2, 0x0, 0x0, 0x0, 0x0,
    0x0, 0x0, 0x0, 0x0, 0xff, 0x7f, 0x0, 0xbf,
    0xbf, 0x0, 0x7f, 0xff, 0x0, 0x0, 0x0, 0x0,
    0x0, 0x0, 0x46, 0xe1, 0xff, 0xff, 0xff, 0xff,
    0xff, 0xff, 0xff, 0xff, 0xe1, 0x46, 0x0, 0x0,
    0x0, 0x0, 0xe1, 0xff, 0xff, 0xff, 0xff, 0xff,
    0xff, 0xff, 0xff, 0xff, 0xff, 0xe1, 0x0, 0x0,
    0xd2, 0xff, 0xff, 0xff, 0x38, 0x0, 0x0, 0x0,
    0x0, 0x0, 0x0, 0x38, 0xff, 0xff, 0xff, 0xd2,
    0x59, 0x7f, 0xff, 0xff, 0x0, 0xff, 0xff, 0xff,
    0xff, 0xff, 0xff, 0x0, 0xff, 0xff, 0x7f, 0x59,
    0x0, 0x0, 0xff, 0xff, 0x0, 0xff, 0xff, 0xff,
    0xff, 0xff, 0xff, 0x0, 0xff, 0xff, 0x0, 0x0,
    0x95, 0xbf, 0xff, 0xff, 0x0, 0xff, 0xff, 0xff,
    0xff, 0xff, 0xff, 0x0, 0xff, 0xff, 0xbf, 0x95,
    0x95, 0xbf, 0xff, 0xff, 0x0, 0xff, 0xff, 0xff,
    0xff, 0xff, 0xff, 0x0, 0xff, 0xff, 0xbf, 0x96,
    0x0, 0x0, 0xff, 0xff, 0x0, 0xff, 0xff, 0xff,
    0xff, 0xff, 0xff, 0x0, 0xff, 0xff, 0x0, 0x0,
    0x59, 0x7f, 0xff, 0xff, 0x0, 0xff, 0xff, 0xff,
    0xff, 0xff, 0xff, 0x0, 0xff, 0xff, 0x7f, 0x59,
    0xd2, 0xff, 0xff, 0xff, 0x38, 0x0, 0x0, 0x0,
    0x0, 0x0, 0x0, 0x38, 0xff, 0xff, 0xff, 0xd2,
    0x0, 0x0, 0xe1, 0xff, 0xff, 0xff, 0xff, 0xff,
    0xff, 0xff, 0xff, 0xff, 0xff, 0xe1, 0x0, 0x0,
    0x0, 0x0, 0x47, 0xe1, 0xff, 0xff, 0xff, 0xff,
    0xff, 0xff, 0xff, 0xff, 0xe1, 0x46, 0x0, 0x0,
    0x0, 0x0, 0x0, 0x0, 0xff, 0x7f, 0x0, 0xbf,
    0xbf, 0x0, 0x7f, 0xff, 0x0, 0x0, 0x0, 0x0,
    0x0, 0x0, 0x0, 0x0, 0xd2, 0x59, 0x0, 0x95,
    0x95, 0x0, 0x59, 0xd2, 0x0, 0x0, 0x0, 0x0,

    /* U+F2F1 "" */
    0x0, 0x0, 0x0, 0x0, 0x0, 0x0, 0x0, 0x0,
    0x0, 0x0, 0x0, 0x0, 0x0, 0x0, 0x0, 0x0,
    0x0, 0x0, 0x0, 0x0, 0x16, 0x7b, 0xce, 0xf0,
    0xef, 0xcd, 0x7a, 0x17, 0x0, 0x0, 0x5e, 0x1e,
    0x0, 0x0, 0x0, 0x49, 0xed, 0xff, 0xff, 0xff,
    0xff, 0xff, 0xff, 0xed, 0x4a, 0x8f, 0xff, 0x7d,
    0x0, 0x0, 0x4c, 0xfd, 0xff, 0xb5, 0x40, 0xb,
    0xc, 0x42, 0xb6, 0xff, 0xff, 0xff, 0xff, 0x80,
    0x0, 0x13, 0xf0, 0xff, 0x7e, 0x0, 0x0, 0x0,
    0x0, 0x0, 0x0, 0xc6, 0xff, 0xff, 0xff, 0x80,
    0x0, 0x7f, 0xff, 0xb6, 0x0, 0x0, 0x0, 0x0,
    0x0, 0x0, 0x8b, 0xff, 0xff, 0xff, 0xff, 0x80,
    0x0, 0x68, 0xeb, 0x2b, 0x0, 0x0, 0x0, 0x0,
    0x0, 0x0, 0xd8, 0xff, 0xff, 0xff, 0xfc, 0x59,
    0x0, 0x0, 0x0, 0x0, 0x0, 0x0, 0x0, 0x0,
    0x0, 0x0, 0x0, 0x0, 0x0, 0x0, 0x0, 0x0,
    0x0, 0x0, 0x0, 0x0, 0x0, 0x0, 0x0, 0x0,
    0x0, 0x0, 0x0, 0x0, 0x0, 0x0, 0x0, 0x0,
    0x59, 0xfc, 0xff, 0xff, 0xff, 0xd7, 0x0, 0x0,
    0x0, 0x0, 0x0, 0x0, 0x2b, 0xea, 0x69, 0x0,
    0x80, 0xff, 0xff, 0xff, 0xff, 0x8a, 0x0, 0x0,
    0x0, 0x0, 0x0, 0x0, 0xb6, 0xff, 0x7f, 0x0,
    0x80, 0xff, 0xff, 0xff, 0xc6, 0x0, 0x0, 0x0,
    0x0, 0x0, 0x0, 0x7d, 0xff, 0xf0, 0x13, 0x0,
    0x80, 0xff, 0xff, 0xff, 0xff, 0xb5, 0x41, 0xc,
    0xb, 0x3f, 0xb4, 0xff, 0xfd, 0x4c, 0x0, 0x0,
    0x7d, 0xff, 0x8f, 0x4b, 0xee, 0xff, 0xff, 0xff,
    0xff, 0xff, 0xff, 0xed, 0x49, 0x0, 0x0, 0x0,
    0x1e, 0x5f, 0x0, 0x0, 0x17, 0x7c, 0xcd, 0xf0,
    0xf0, 0xcf, 0x7c, 0x16, 0x0, 0x0, 0x0, 0x0,
    0x0, 0x0, 0x0, 0x0, 0x0, 0x0, 0x0, 0x0,
    0x0, 0x0, 0x0, 0x0, 0x0, 0x0, 0x0, 0x0,

    /* U+F519 "" */
    0x0, 0x0, 0x0, 0x0, 0x0, 0x0, 0x0, 0x0,
    0x0, 0x0, 0x0, 0x0, 0x0, 0x0, 0x0, 0x0,
    0x0, 0x0, 0x35, 0xed, 0x58, 0x0, 0x0, 0x0,
    0x0, 0x0, 0x0, 0x0, 0x0, 0x0, 0x0, 0x0,
    0x0, 0x55, 0xf2, 0x36, 0x9c, 0xff, 0x74, 0x58,
    0xed, 0x33, 0x0, 0x0, 0x0, 0x0, 0x0, 0x0,
    0x33, 0xed, 0x58, 0x75, 0xff, 0x9b, 0xda, 0xff,
    0x2d, 0xc9, 0xff, 0x4c, 0x0, 0x46, 0xe1, 0xe1,
    0x46, 0x0, 0x4d, 0xff, 0xc8, 0x2e, 0xff, 0xd9,
    0xf4, 0xff, 0xb, 0xf3, 0xff, 0xd, 0x0, 0xe1,
    0xff, 0xff, 0xe1, 0x0, 0xe, 0xff, 0xf3, 0xc,
    0xff, 0xf3, 0xf4, 0xff, 0xb, 0xf3, 0xff, 0xd,
    0x0, 0xdc, 0xff, 0xff, 0xdb, 0x0, 0xd, 0xff,
    0xf2, 0xb, 0xff, 0xf3, 0xda, 0xff, 0x2d, 0xc9,
    0xff, 0x4c, 0x0, 0x43, 0xff, 0xff, 0x42, 0x0,
    0x4d, 0xff, 0xc8, 0x2e, 0xff, 0xd9, 0x9c, 0xff,
    0x74, 0x59, 0xed, 0x33, 0x0, 0x0, 0xff, 0xff,
    0x0, 0x0, 0x34, 0xed, 0x58, 0x74, 0xff, 0x9b,
    0x36, 0xf2, 0x55, 0x0, 0x0, 0x0, 0x0, 0x0,
    0xff, 0xff, 0x0, 0x0, 0x0, 0x0, 0x0, 0x58,
    0xed, 0x35, 0x0, 0x0, 0x0, 0x0, 0x0, 0x0,
    0x0, 0x0, 0xff, 0xff, 0x0, 0x0, 0x0, 0x0,
    0x0, 0x0, 0x0, 0x0, 0x0, 0x0, 0x0, 0x0,
    0x0, 0x0, 0x0, 0x0, 0xff, 0xff, 0x0, 0x0,
    0x0, 0x0, 0x0, 0x0, 0x0, 0x0, 0x0, 0x0,
    0x0, 0x0, 0x0, 0x0, 0x0, 0x0, 0xff, 0xff,
    0x0, 0x0, 0x0, 0x0, 0x0, 0x0, 0x0, 0x0,
    0x0, 0x0, 0x0, 0x0, 0x0, 0x0, 0x0, 0x0,
    0xff, 0xff, 0x0, 0x0, 0x0, 0x0, 0x0, 0x0,
    0x0, 0x0, 0x0, 0x0, 0x0, 0x0, 0x0, 0x0,
    0x0, 0x0, 0xff, 0xff, 0x0, 0x0, 0x0, 0x0,
    0x0, 0x0, 0x0, 0x0, 0x0, 0x0, 0x0, 0x0,
    0x0, 0x0, 0x0, 0x0, 0xff, 0xff, 0x0, 0x0,
    0x0, 0x0, 0x0, 0x0, 0x0, 0x0, 0x0, 0x0,
    0x0, 0x0, 0x0, 0x0, 0x0, 0x0, 0xff, 0xff,
    0x0, 0x0, 0x0, 0x0, 0x0, 0x0, 0x0, 0x0,
    0x0, 0x0, 0x0, 0x0, 0x0, 0x0, 0x0, 0x0,
    0xc7, 0xc7, 0x0, 0x0, 0x0, 0x0, 0x0, 0x0,
    0x0, 0x0,

    /* U+F542 "" */
    0x84, 0xf9, 0xff, 0xff, 0xf8, 0x84, 0x0, 0x0,
    0x0, 0x0, 0x0, 0x0, 0x84, 0xf9, 0xff, 0xff,
    0xf8, 0x84, 0xf9, 0xff, 0xff, 0xff, 0xff, 0xf8,
    0x0, 0x0, 0x0, 0x0, 0x0, 0x0, 0xf9, 0xff,
    0xff, 0xff, 0xff, 0xf8, 0xff, 0xff, 0xff, 0xff,
    0xff, 0xff, 0xff, 0xff, 0xff, 0xff, 0xff, 0xff,
    0xff, 0xff, 0xff, 0xff, 0xff, 0xff, 0xff, 0xff,
    0xff, 0xff, 0xff, 0xff, 0xff, 0xff, 0xff, 0xff,
    0xff, 0xff, 0xff, 0xff, 0xff, 0xff, 0xff, 0xff,
    0xf9, 0xff, 0xff, 0xff, 0xff, 0xff, 0xb, 0x0,
    0x0, 0x0, 0x0, 0x0, 0xf9, 0xff, 0xff, 0xff,
    0xff, 0xf9, 0x84, 0xf9, 0xff, 0xff, 0xff, 0xff,
    0xa0, 0x0, 0x0, 0x0, 0x0, 0x0, 0x84, 0xf9,
    0xff, 0xff, 0xf9, 0x84, 0x0, 0x0, 0x0, 0x0,
    0x2b, 0xf5, 0xff, 0x60, 0x0, 0x0, 0x0, 0x0,
    0x0, 0x0, 0x0, 0x0, 0x0, 0x0, 0x0, 0x0,
    0x0, 0x0, 0x0, 0x61, 0xff, 0xf5, 0x2a, 0x0,
    0x0, 0x0, 0x0, 0x0, 0x0, 0x0, 0x0, 0x0,
    0x0, 0x0, 0x0, 0x0, 0x0, 0x0, 0xa1, 0xff,
    0xff, 0xff, 0xff, 0xf8, 0x84, 0x0, 0x0, 0x0,
    0x0, 0x0, 0x0, 0x0, 0x0, 0x0, 0x0, 0x0,
    0xb, 0xff, 0xff, 0xff, 0xff, 0xff, 0xf8, 0x0,
    0x0, 0x0, 0x0, 0x0, 0x0, 0x0, 0x0, 0x0,
    0x0, 0x0, 0x0, 0xff, 0xff, 0xff, 0xff, 0xff,
    0xff, 0x0, 0x0, 0x0, 0x0, 0x0, 0x0, 0x0,
    0x0, 0x0, 0x0, 0x0, 0x0, 0xff, 0xff, 0xff,
    0xff, 0xff, 0xff, 0x0, 0x0, 0x0, 0x0, 0x0,
    0x0, 0x0, 0x0, 0x0, 0x0, 0x0, 0x0, 0xf9,
    0xff, 0xff, 0xff, 0xff, 0xf9, 0x0, 0x0, 0x0,
    0x0, 0x0, 0x0, 0x0, 0x0, 0x0, 0x0, 0x0,
    0x0, 0x84, 0xf9, 0xff, 0xff, 0xf9, 0x84, 0x0,
    0x0, 0x0, 0x0, 0x0,

    /* U+F5DC "" */
    0x0, 0x0, 0x0, 0x0, 0x0, 0x9c, 0xf3, 0xa5,
    0x1, 0x58, 0xec, 0xd2, 0x20, 0x0, 0x0, 0x0,
    0x0, 0x0, 0x0, 0x0, 0x0, 0x5e, 0xff, 0xff,
    0xff, 0x39, 0xdd, 0xff, 0xff, 0xac, 0xd, 0x0,
    0x0, 0x0, 0x0, 0x0, 0x0, 0x66, 0xff, 0xff,
    0xff, 0xff, 0x48, 0xec, 0xff, 0xff, 0xff, 0xc2,
    0x0, 0x0, 0x0, 0x0, 0x0, 0x0, 0xaf, 0xff,
    0xff, 0xff, 0xff, 0x48, 0xec, 0xff, 0xff, 0xff,
    0xff, 0xa, 0x0, 0x0, 0x0, 0x0, 0x77, 0xf6,
    0xff, 0xff, 0xff, 0xff, 0x48, 0xec, 0xff, 0xff,
    0xff, 0xff, 0xba, 0xf, 0x0, 0x0, 0x1e, 0xfe,
    0xff, 0xff, 0xff, 0xff, 0xff, 0x48, 0xec, 0xff,
    0xff, 0xff, 0xff, 0xff, 0x79, 0x0, 0x0, 0x1f,
    0xfe, 0xff, 0xff, 0xff, 0xff, 0xff, 0x48, 0xec,
    0xff, 0xff, 0xff, 0xff, 0xff, 0x79, 0x0, 0x0,
    0x3c, 0xf2, 0xff, 0xff, 0xff, 0xff, 0xff, 0x48,
    0xec, 0xff, 0xff, 0xff, 0xff, 0xff, 0x8a, 0x0,
    0xa, 0xec, 0xff, 0xff, 0xff, 0xff, 0xff, 0xff,
    0x48, 0xec, 0xff, 0xff, 0xff, 0xff, 0xff, 0xff,
    0x53, 0x2f, 0xff, 0xff, 0xff, 0xff, 0xff, 0xff,
    0xff, 0x48, 0xec, 0xff, 0xff, 0xff, 0xff, 0xff,
    0xff, 0x8a, 0xb, 0xef, 0xff, 0xff, 0xff, 0xff,
    0xff, 0xff, 0x48, 0xec, 0xff, 0xff, 0xff, 0xff,
    0xff, 0xff, 0x57, 0x0, 0x3f, 0xe4, 0xff, 0xff,
    0xff, 0xff, 0xff, 0x48, 0xec, 0xff, 0xff, 0xff,
    0xff, 0xfe, 0x81, 0x0, 0x0, 0x0, 0xab, 0xff,
    0xff, 0xff, 0xff, 0xff, 0x48, 0xec, 0xff, 0xff,
    0xff, 0xff, 0xff, 0x7, 0x0, 0x0, 0x0, 0x61,
    0xff, 0xff, 0xff, 0xff, 0xff, 0x48, 0xec, 0xff,
    0xff, 0xff, 0xff, 0xbd, 0x0, 0x0, 0x0, 0x0,
    0x0, 0x46, 0x89, 0xff, 0xff, 0xff, 0x39, 0xdd,
    0xff, 0xff, 0xb9, 0x67, 0xa, 0x0, 0x0, 0x0,
    0x0, 0x0, 0x0, 0x0, 0x9c, 0xf4, 0xa5, 0x2,
    0x59, 0xec, 0xd3, 0x20, 0x0, 0x0, 0x0, 0x0,

    /* U+F625 "" */
    0x0, 0x0, 0x0, 0x0, 0x2e, 0x94, 0xd7, 0xf7,
    0xf7, 0xd7, 0x94, 0x2e, 0x0, 0x0, 0x0, 0x0,
    0x0, 0x0, 0x4, 0x8c, 0xfe, 0xff, 0xff, 0xff,
    0xff, 0xff, 0xff, 0xfe, 0x8c, 0x4, 0x0, 0x0,
    0x0, 0x4, 0xba, 0xff, 0xff, 0xff, 0xff, 0x38,
    0x38, 0xff, 0xff, 0xff, 0xff, 0xba, 0x4, 0x0,
    0x0, 0x8d, 0xff, 0xeb, 0x8c, 0xeb, 0xff, 0x38,
    0x38, 0xff, 0xff, 0xff, 0xff, 0xff, 0x8d, 0x0,
    0x25, 0xfe, 0xff, 0x8c, 0x0, 0x8c, 0xff, 0xff,
    0xff, 0xf5, 0x29, 0xa9, 0xff, 0xff, 0xfe, 0x25,
    0x8d, 0xff, 0xff, 0xeb, 0x8c, 0xeb, 0xff, 0xff,
    0xff, 0x98, 0x0, 0xc1, 0xff, 0xff, 0xff, 0x8c,
    0xcd, 0xff, 0xff, 0xff, 0xff, 0xff, 0xff, 0xff,
    0xfe, 0x29, 0x32, 0xff, 0xff, 0xff, 0xff, 0xcc,
    0xef, 0xff, 0x38, 0x38, 0xff, 0xff, 0xff, 0xff,
    0xb8, 0x0, 0xa3, 0xff, 0x38, 0x38, 0xff, 0xee,
    0xef, 0xff, 0x38, 0x38, 0xff, 0xff, 0xff, 0xff,
    0x48, 0x1a, 0xfa, 0xff, 0x38, 0x38, 0xff, 0xee,
    0xcd, 0xff, 0xff, 0xff, 0xff, 0xff, 0xb9, 0x1e,
    0x0, 0x6e, 0xff, 0xff, 0xff, 0xff, 0xff, 0xcc,
    0x8d, 0xff, 0xff, 0xff, 0xff, 0xff, 0x1e, 0x0,
    0x0, 0x1c, 0xff, 0xff, 0xff, 0xff, 0xff, 0x8c,
    0x25, 0xfe, 0xff, 0xff, 0xff, 0xff, 0x1e, 0x0,
    0x0, 0x1e, 0xff, 0xff, 0xff, 0xff, 0xfe, 0x25,
    0x0, 0x8e, 0xff, 0xff, 0xff, 0xff, 0xb8, 0x1e,
    0x1e, 0xb9, 0xff, 0xff, 0xff, 0xff, 0x8c, 0x0,
    0x0, 0x4, 0xba, 0xff, 0xff, 0xff, 0xff, 0xff,
    0xff, 0xff, 0xff, 0xff, 0xff, 0xba, 0x4, 0x0,
    0x0, 0x0, 0x4, 0x8d, 0xfe, 0xff, 0xff, 0xff,
    0xff, 0xff, 0xff, 0xff, 0x8d, 0x4, 0x0, 0x0,
    0x0, 0x0, 0x0, 0x0, 0x2e, 0x95, 0xd7, 0xf8,
    0xf8, 0xd7, 0x95, 0x2e, 0x0, 0x0, 0x0, 0x0,

    /* U+F6FC "" */
    0x0, 0x0, 0x0, 0x0, 0x0, 0x0, 0xe, 0xcc,
    0xcc, 0xe, 0x0, 0x0, 0x0, 0x0, 0x0, 0x0,
    0x0, 0x0, 0x0, 0x0, 0x0, 0x0, 0x94, 0xff,
    0xff, 0x93, 0x0, 0x0, 0x0, 0x0, 0x0, 0x0,
    0x0, 0x0, 0x0, 0x0, 0x0, 0x36, 0xfd, 0xfb,
    0xfb, 0xfd, 0x35, 0x0, 0x0, 0x0, 0x0, 0x0,
    0x0, 0x0, 0x0, 0x0, 0x4, 0xcf, 0xff, 0x88,
    0x89, 0xff, 0xcf, 0x3, 0x0, 0x0, 0x0, 0x0,
    0x0, 0x0, 0x0, 0x0, 0x74, 0xff, 0xdf, 0xa,
    0xa, 0xde, 0xff, 0x73, 0x0, 0x0, 0x0, 0x0,
    0x0, 0x0, 0x0, 0x1f, 0xf4, 0xff, 0x4a, 0x0,
    0x0, 0x48, 0xff, 0xf4, 0x1f, 0x0, 0x0, 0x0,
    0x0, 0x0, 0x0, 0xb4, 0xff, 0xb8, 0x0, 0x5b,
    0xf8, 0xff, 0xff, 0xff, 0xb4, 0x0, 0x0, 0x0,
    0x0, 0x0, 0x55, 0xff, 0xff, 0xf4, 0x75, 0xf5,
    0xff, 0xff, 0xff, 0xff, 0xff, 0x54, 0x0, 0x0,
    0x0, 0xf, 0xe6, 0xff, 0xff, 0xff, 0xff, 0xff,
    0xff, 0xff, 0xff, 0xff, 0xff, 0xe6, 0xe, 0x0,
    0x0, 0x96, 0xff, 0xff, 0xff, 0xff, 0xff, 0xff,
    0xff, 0xff, 0xff, 0xff, 0xff, 0xff, 0x95, 0x0,
    0x37, 0xfd, 0xff, 0xff, 0xff, 0xff, 0xff, 0xff,
    0xff, 0xff, 0xff, 0xff, 0xff, 0xff, 0xfd, 0x37,
    0xca, 0xff, 0xff, 0xff, 0xff, 0xff, 0xff, 0xff,
    0xff, 0xff, 0xff, 0xff, 0xff, 0xff, 0xff, 0xc9,
    0xef, 0xff, 0xff, 0xff, 0xff, 0xff, 0xff, 0xff,
    0xff, 0xff, 0xff, 0xff, 0xff, 0xff, 0xff, 0xef,
    0x69, 0xf1, 0xff, 0xff, 0xff, 0xff, 0xff, 0xff,
    0xff, 0xff, 0xff, 0xff, 0xff, 0xff, 0xf1, 0x68,

    /* U+F6FF "" */
    0x0, 0x0, 0x0, 0x0, 0x0, 0x0, 0x84, 0xf9,
    0xff, 0xff, 0xff, 0xff, 0xf8, 0x84, 0x0, 0x0,
    0x0, 0x0, 0x0, 0x0, 0x0, 0x0, 0x0, 0x0,
    0x0, 0x0, 0xf9, 0xff, 0xff, 0xff, 0xff, 0xff,
    0xff, 0xf8, 0x0, 0x0, 0x0, 0x0, 0x0, 0x0,
    0x0, 0x0, 0x0, 0x0, 0x0, 0x0, 0xff, 0xff,
    0x0, 0x0, 0x0, 0x0, 0xff, 0xff, 0x0, 0x0,
    0x0, 0x0, 0x0, 0x0, 0x0, 0x0, 0x0, 0x0,
    0x0, 0x0, 0xff, 0xff, 0x0, 0x0, 0x0, 0x0,
    0xff, 0xff, 0x0, 0x0, 0x0, 0x0, 0x0, 0x0,
    0x0, 0x0, 0x0, 0x0, 0x0, 0x0, 0xf9, 0xff,
    0xff, 0xff, 0xff, 0xff, 0xff, 0xf9, 0x0, 0x0,
    0x0, 0x0, 0x0, 0x0, 0x0, 0x0, 0x0, 0x0,
    0x0, 0x0, 0x84, 0xf9, 0xff, 0xff, 0xff, 0xff,
    0xf9, 0x84, 0x0, 0x0, 0x0, 0x0, 0x0, 0x0,
    0x0, 0x0, 0x0, 0x0, 0x0, 0x0, 0x0, 0x0,
    0x0, 0xff, 0xff, 0x0, 0x0, 0x0, 0x0, 0x0,
    0x0, 0x0, 0x0, 0x0, 0xc7, 0xff, 0xff, 0xff,
    0xff, 0xff, 0xff, 0xff, 0xff, 0xff, 0xff, 0xff,
    0xff, 0xff, 0xff, 0xff, 0xff, 0xff, 0xff, 0xc7,
    0xc7, 0xff, 0xff, 0xff, 0xff, 0xff, 0xff, 0xff,
    0xff, 0xff, 0xff, 0xff, 0xff, 0xff, 0xff, 0xff,
    0xff, 0xff, 0xff, 0xc7, 0x0, 0x0, 0x0, 0x0,
    0xff, 0xff, 0x0, 0x0, 0x0, 0x0, 0x0, 0x0,
    0x0, 0x0, 0xff, 0xff, 0x0, 0x0, 0x0, 0x0,
    0x0, 0x84, 0xf9, 0xff, 0xff, 0xff, 0xff, 0xf8,
    0x84, 0x0, 0x0, 0x84, 0xf9, 0xff, 0xff, 0xff,
    0xff, 0xf8, 0x84, 0x0, 0x0, 0xf9, 0xff, 0xff,
    0xff, 0xff, 0xff, 0xff, 0xf8, 0x0, 0x0, 0xf9,
    0xff, 0xff, 0xff, 0xff, 0xff, 0xff, 0xf8, 0x0,
    0x0, 0xff, 0xff, 0x0, 0x0, 0x0, 0x0, 0xff,
    0xff, 0x0, 0x0, 0xff, 0xff, 0x0, 0x0, 0x0,
    0x0, 0xff, 0xff, 0x0, 0x0, 0xff, 0xff, 0x0,
    0x0, 0x0, 0x0, 0xff, 0xff, 0x0, 0x0, 0xff,
    0xff, 0x0, 0x0, 0x0, 0x0, 0xff, 0xff, 0x0,
    0x0, 0xf9, 0xff, 0xff, 0xff, 0xff, 0xff, 0xff,
    0xf9, 0x0, 0x0, 0xf9, 0xff, 0xff, 0xff, 0xff,
    0xff, 0xff, 0xf9, 0x0, 0x0, 0x84, 0xf9, 0xff,
    0xff, 0xff, 0xff, 0xf9, 0x84, 0x0, 0x0, 0x84,
    0xf9, 0xff, 0xff, 0xff, 0xff, 0xf9, 0x84, 0x0,

    /* U+F773 "" */
    0x0, 0x0, 0x0, 0x0, 0x0, 0x0, 0x0, 0x0,
    0x0, 0x0, 0x0, 0x0, 0x0, 0x0, 0x0, 0x0,
    0x0, 0x0, 0x0, 0x0, 0x0, 0x0, 0x40, 0xcc,
    0xd2, 0x5d, 0x17, 0x15, 0x57, 0xd0, 0xd3, 0x5a,
    0x16, 0x17, 0x5d, 0xd2, 0xcc, 0x40, 0x0, 0x0,
    0x0, 0xbc, 0xff, 0xff, 0xff, 0xff, 0xff, 0xff,
    0xff, 0xff, 0xff, 0xff, 0xff, 0xff, 0xff, 0xff,
    0xff, 0xff, 0xbc, 0x0, 0x0, 0xbb, 0xde, 0x7c,
    0x5f, 0xc0, 0xee, 0xee, 0xbf, 0x63, 0x63, 0xbf,
    0xee, 0xee, 0xc1, 0x61, 0x7a, 0xde, 0xbb, 0x0,
    0x0, 0x0, 0x0, 0x0, 0x0, 0x0, 0x0, 0x0,
    0x0, 0x0, 0x0, 0x0, 0x0, 0x0, 0x0, 0x0,
    0x0, 0x0, 0x0, 0x0, 0x0, 0x0, 0xb, 0x84,
    0x8a, 0x1a, 0x0, 0x0, 0x17, 0x88, 0x8b, 0x19,
    0x0, 0x0, 0x1b, 0x8a, 0x84, 0xb, 0x0, 0x0,
    0x0, 0x76, 0xed, 0xff, 0xff, 0xfa, 0xcf, 0xcd,
    0xf8, 0xff, 0xff, 0xf9, 0xcd, 0xcf, 0xfa, 0xff,
    0xff, 0xed, 0x76, 0x0, 0x0, 0xe2, 0xff, 0xc4,
    0xa7, 0xfa, 0xff, 0xff, 0xf9, 0xab, 0xab, 0xf9,
    0xff, 0xff, 0xfa, 0xa9, 0xc2, 0xff, 0xe2, 0x0,
    0x0, 0x1f, 0x26, 0x0, 0x0, 0xe, 0x36, 0x36,
    0xe, 0x0, 0x0, 0xe, 0x37, 0x36, 0xe, 0x0,
    0x0, 0x26, 0x1e, 0x0, 0x0, 0x0, 0x0, 0x0,
    0x0, 0x0, 0x0, 0x0, 0x0, 0x0, 0x0, 0x0,
    0x0, 0x0, 0x0, 0x0, 0x0, 0x0, 0x0, 0x0,
    0x0, 0x0, 0x40, 0xcb, 0xd1, 0x5d, 0x17, 0x15,
    0x57, 0xd0, 0xd3, 0x5a, 0x16, 0x17, 0x5d, 0xd2,
    0xcc, 0x40, 0x0, 0x0, 0x0, 0xbc, 0xff, 0xff,
    0xff, 0xff, 0xff, 0xff, 0xff, 0xff, 0xff, 0xff,
    0xff, 0xff, 0xff, 0xff, 0xff, 0xff, 0xbc, 0x0,
    0x0, 0xbb, 0xde, 0x7c, 0x5f, 0xc0, 0xee, 0xee,
    0xbf, 0x63, 0x63, 0xbf, 0xee, 0xee, 0xc1, 0x61,
    0x7a, 0xde, 0xbb, 0x0, 0x0, 0x0, 0x0, 0x0,
    0x0, 0x0, 0x0, 0x0, 0x0, 0x0, 0x0, 0x0,
    0x0, 0x0, 0x0, 0x0, 0x0, 0x0, 0x0, 0x0,

    /* U+F7C2 "" */
    0x0, 0x0, 0x15, 0xb8, 0xfb, 0xff, 0xff, 0xff,
    0xff, 0xff, 0xe1, 0x46, 0x0, 0x15, 0xd2, 0xff,
    0xff, 0xff, 0xff, 0xff, 0xff, 0xff, 0xff, 0xe1,
    0x14, 0xd2, 0xff, 0xa6, 0x2d, 0xff, 0x2b, 0xd3,
    0x77, 0x31, 0xff, 0xff, 0xb8, 0xff, 0xff, 0x7f,
    0x0, 0xff, 0x0, 0xb7, 0x47, 0x0, 0xff, 0xff,
    0xfb, 0xff, 0xff, 0xa6, 0x2d, 0xff, 0x2b, 0xd3,
    0x77, 0x31, 0xff, 0xff, 0xff, 0xff, 0xff, 0xff,
    0xff, 0xff, 0xff, 0xff, 0xff, 0xff, 0xff, 0xff,
    0xff, 0xff, 0xff, 0xff, 0xff, 0xff, 0xff, 0xff,
    0xff, 0xff, 0xff, 0xff, 0xff, 0xff, 0xff, 0xff,
    0xff, 0xff, 0xff, 0xff, 0xff, 0xff, 0xff, 0xff,
    0xff, 0xff, 0xff, 0xff, 0xff, 0xff, 0xff, 0xff,
    0xff, 0xff, 0xff, 0xff, 0xff, 0xff, 0xff, 0xff,
    0xff, 0xff, 0xff, 0xff, 0xff, 0xff, 0xff, 0xff,
    0xff, 0xff, 0xff, 0xff, 0xff, 0xff, 0xff, 0xff,
    0xff, 0xff, 0xff, 0xff, 0xff, 0xff, 0xff, 0xff,
    0xff, 0xff, 0xff, 0xff, 0xff, 0xff, 0xff, 0xff,
    0xff, 0xff, 0xff, 0xff, 0xff, 0xff, 0xff, 0xff,
    0xff, 0xff, 0xff, 0xff, 0xff, 0xff, 0xff, 0xff,
    0xff, 0xff, 0xff, 0xff, 0xff, 0xff, 0xff, 0xff,
    0xe1, 0xff, 0xff, 0xff, 0xff, 0xff, 0xff, 0xff,
    0xff, 0xff, 0xff, 0xe1, 0x47, 0xe1, 0xff, 0xff,
    0xff, 0xff, 0xff, 0xff, 0xff, 0xff, 0xe1, 0x46,

    /* U+F83E "" */
    0x0, 0x0, 0x0, 0x0, 0xc7, 0xff, 0xff, 0xff,
    0xff, 0xff, 0xc7, 0x0, 0x0, 0x0, 0x0, 0x0,
    0x0, 0x0, 0x0, 0x0, 0x0, 0x0, 0x0, 0x0,
    0xff, 0xff, 0xff, 0xff, 0xff, 0xff, 0xff, 0x0,
    0x0, 0x0, 0x0, 0x0, 0x0, 0x0, 0x0, 0x0,
    0x0, 0x0, 0x0, 0x0, 0xff, 0xff, 0x0, 0x0,
    0x0, 0xff, 0xff, 0x0, 0x0, 0x0, 0x0, 0x0,
    0x0, 0x0, 0x0, 0x0, 0x0, 0x0, 0x0, 0x0,
    0xff, 0xff, 0x0, 0x0, 0x0, 0xff, 0xff, 0x0,
    0x0, 0x0, 0x0, 0x0, 0x0, 0x0, 0x0, 0x0,
    0x0, 0x0, 0x0, 0x0, 0xff, 0xff, 0x0, 0x0,
    0x0, 0xff, 0xff, 0x0, 0x0, 0x0, 0x0, 0x0,
    0x0, 0x0, 0x0, 0x0, 0x0, 0x0, 0x0, 0x0,
    0xff, 0xff, 0x0, 0x0, 0x0, 0xff, 0xff, 0x0,
    0x0, 0x0, 0x0, 0x0, 0x0, 0x0, 0x0, 0x0,
    0xc7, 0xff, 0xff, 0xff, 0xff, 0xff, 0x0, 0x0,
    0x0, 0xff, 0xff, 0x0, 0x0, 0x0, 0xc7, 0xff,
    0xff, 0xff, 0xff, 0xc7, 0xc7, 0xff, 0xff, 0xff,
    0xff, 0xc7, 0x0, 0x0, 0x0, 0xff, 0xff, 0x0,
    0x0, 0x0, 0xff, 0xff, 0xff, 0xff, 0xff, 0xc7,
    0x0, 0x0, 0x0, 0x0, 0x0, 0x0, 0x0, 0x0,
    0x0, 0xff, 0xff, 0x0, 0x0, 0x0, 0xff, 0xff,
    0x0, 0x0, 0x0, 0x0, 0x0, 0x0, 0x0, 0x0,
    0x0, 0x0, 0x0, 0x0, 0x0, 0xff, 0xff, 0x0,
    0x0, 0x0, 0xff, 0xff, 0x0, 0x0, 0x0, 0x0,
    0x0, 0x0, 0x0, 0x0, 0x0, 0x0, 0x0, 0x0,
    0x0, 0xff, 0xff, 0x0, 0x0, 0x0, 0xff, 0xff,
    0x0, 0x0, 0x0, 0x0, 0x0, 0x0, 0x0, 0x0,
    0x0, 0x0, 0x0, 0x0, 0x0, 0xff, 0xff, 0x0,
    0x0, 0x0, 0xff, 0xff, 0x0, 0x0, 0x0, 0x0,
    0x0, 0x0, 0x0, 0x0, 0x0, 0x0, 0x0, 0x0,
    0x0, 0xff, 0xff, 0xff, 0xff, 0xff, 0xff, 0xff,
    0x0, 0x0, 0x0, 0x0, 0x0, 0x0, 0x0, 0x0,
    0x0, 0x0, 0x0, 0x0, 0x0, 0xc7, 0xff, 0xff,
    0xff, 0xff, 0xff, 0xc7, 0x0, 0x0, 0x0, 0x0
};


/*---------------------
 *  GLYPH DESCRIPTION
 *--------------------*/

static const lv_font_fmt_txt_glyph_dsc_t glyph_dsc[] = {
    {.bitmap_index = 0, .adv_w = 0, .box_w = 0, .box_h = 0, .ofs_x = 0, .ofs_y = 0} /* id = 0 reserved */,
    {.bitmap_index = 0, .adv_w = 57, .box_w = 0, .box_h = 0, .ofs_x = 0, .ofs_y = 0},
    {.bitmap_index = 0, .adv_w = 83, .box_w = 3, .box_h = 12, .ofs_x = 1, .ofs_y = 0},
    {.bitmap_index = 36, .adv_w = 121, .box_w = 6, .box_h = 5, .ofs_x = 1, .ofs_y = 8},
    {.bitmap_index = 66, .adv_w = 142, .box_w = 9, .box_h = 12, .ofs_x = 0, .ofs_y = 0},
    {.bitmap_index = 174, .adv_w = 142, .box_w = 8, .box_h = 16, .ofs_x = 0, .ofs_y = -2},
    {.bitmap_index = 302, .adv_w = 236, .box_w = 15, .box_h = 12, .ofs_x = 0, .ofs_y = 0},
    {.bitmap_index = 482, .adv_w = 174, .box_w = 11, .box_h = 12, .ofs_x = 0, .ofs_y = 0},
    {.bitmap_index = 614, .adv_w = 71, .box_w = 2, .box_h = 5, .ofs_x = 1, .ofs_y = 8},
    {.bitmap_index = 624, .adv_w = 87, .box_w = 4, .box_h = 18, .ofs_x = 1, .ofs_y = -4},
    {.bitmap_index = 696, .adv_w = 87, .box_w = 4, .box_h = 18, .ofs_x = 0, .ofs_y = -4},
    {.bitmap_index = 768, .adv_w = 120, .box_w = 6, .box_h = 6, .ofs_x = 1, .ofs_y = 7},
    {.bitmap_index = 804, .adv_w = 142, .box_w = 9, .box_h = 9, .ofs_x = 0, .ofs_y = 2},
    {.bitmap_index = 885, .adv_w = 71, .box_w = 4, .box_h = 7, .ofs_x = 0, .ofs_y = -4},
    {.bitmap_index = 913, .adv_w = 89, .box_w = 5, .box_h = 2, .ofs_x = 0, .ofs_y = 3},
    {.bitmap_index = 923, .adv_w = 71, .box_w = 3, .box_h = 3, .ofs_x = 1, .ofs_y = 0},
    {.bitmap_index = 932, .adv_w = 100, .box_w = 7, .box_h = 16, .ofs_x = 0, .ofs_y = -3},
    {.bitmap_index = 1044, .adv_w = 142, .box_w = 9, .box_h = 12, .ofs_x = 0, .ofs_y = 0},
    {.bitmap_index = 1152, .adv_w = 142, .box_w = 7, .box_h = 12, .ofs_x = 1, .ofs_y = 0},
    {.bitmap_index = 1236, .adv_w = 142, .box_w = 9, .box_h = 12, .ofs_x = 0, .ofs_y = 0},
    {.bitmap_index = 1344, .adv_w = 142, .box_w = 8, .box_h = 12, .ofs_x = 0, .ofs_y = 0},
    {.bitmap_index = 1440, .adv_w = 142, .box_w = 9, .box_h = 12, .ofs_x = 0, .ofs_y = 0},
    {.bitmap_index = 1548, .adv_w = 142, .box_w = 9, .box_h = 12, .ofs_x = 0, .ofs_y = 0},
    {.bitmap_index = 1656, .adv_w = 142, .box_w = 9, .box_h = 12, .ofs_x = 0, .ofs_y = 0},
    {.bitmap_index = 1764, .adv_w = 142, .box_w = 9, .box_h = 12, .ofs_x = 0, .ofs_y = 0},
    {.bitmap_index = 1872, .adv_w = 142, .box_w = 9, .box_h = 12, .ofs_x = 0, .ofs_y = 0},
    {.bitmap_index = 1980, .adv_w = 142, .box_w = 9, .box_h = 12, .ofs_x = 0, .ofs_y = 0},
    {.bitmap_index = 2088, .adv_w = 71, .box_w = 3, .box_h = 9, .ofs_x = 1, .ofs_y = 0},
    {.bitmap_index = 2115, .adv_w = 71, .box_w = 4, .box_h = 13, .ofs_x = 0, .ofs_y = -4},
    {.bitmap_index = 2167, .adv_w = 142, .box_w = 9, .box_h = 8, .ofs_x = 0, .ofs_y = 2},
    {.bitmap_index = 2239, .adv_w = 142, .box_w = 9, .box_h = 6, .ofs_x = 0, .ofs_y = 3},
    {.bitmap_index = 2293, .adv_w = 142, .box_w = 9, .box_h = 8, .ofs_x = 0, .ofs_y = 2},
    {.bitmap_index = 2365, .adv_w = 121, .box_w = 7, .box_h = 12, .ofs_x = 0, .ofs_y = 0},
    {.bitmap_index = 2449, .adv_w = 242, .box_w = 15, .box_h = 14, .ofs_x = 0, .ofs_y = -2},
    {.bitmap_index = 2659, .adv_w = 156, .box_w = 10, .box_h = 12, .ofs_x = 0, .ofs_y = 0},
    {.bitmap_index = 2779, .adv_w = 168, .box_w = 9, .box_h = 12, .ofs_x = 1, .ofs_y = 0},
    {.bitmap_index = 2887, .adv_w = 163, .box_w = 10, .box_h = 12, .ofs_x = 0, .ofs_y = 0},
    {.bitmap_index = 3007, .adv_w = 176, .box_w = 10, .box_h = 12, .ofs_x = 1, .ofs_y = 0},
    {.bitmap_index = 3127, .adv_w = 151, .box_w = 8, .box_h = 12, .ofs_x = 1, .ofs_y = 0},
    {.bitmap_index = 3223, .adv_w = 141, .box_w = 8, .box_h = 12, .ofs_x = 1, .ofs_y = 0},
    {.bitmap_index = 3319, .adv_w = 176, .box_w = 10, .box_h = 12, .ofs_x = 0, .ofs_y = 0},
    {.bitmap_index = 3439, .adv_w = 186, .box_w = 10, .box_h = 12, .ofs_x = 1, .ofs_y = 0},
    {.bitmap_index = 3559, .adv_w = 75, .box_w = 3, .box_h = 12, .ofs_x = 1, .ofs_y = 0},
    {.bitmap_index = 3595, .adv_w = 137, .box_w = 8, .box_h = 12, .ofs_x = 0, .ofs_y = 0},
    {.bitmap_index = 3691, .adv_w = 165, .box_w = 10, .box_h = 12, .ofs_x = 1, .ofs_y = 0},
    {.bitmap_index = 3811, .adv_w = 139, .box_w = 8, .box_h = 12, .ofs_x = 1, .ofs_y = 0},
    {.bitmap_index = 3907, .adv_w = 208, .box_w = 11, .box_h = 12, .ofs_x = 1, .ofs_y = 0},
    {.bitmap_index = 4039, .adv_w = 185, .box_w = 9, .box_h = 12, .ofs_x = 1, .ofs_y = 0},
    {.bitmap_index = 4147, .adv_w = 190, .box_w = 11, .box_h = 12, .ofs_x = 0, .ofs_y = 0},
    {.bitmap_index = 4279, .adv_w = 162, .box_w = 9, .box_h = 12, .ofs_x = 1, .ofs_y = 0},
    {.bitmap_index = 4387, .adv_w = 190, .box_w = 12, .box_h = 16, .ofs_x = 0, .ofs_y = -4},
    {.bitmap_index = 4579, .adv_w = 163, .box_w = 9, .box_h = 12, .ofs_x = 1, .ofs_y = 0},
    {.bitmap_index = 4687, .adv_w = 153, .box_w = 9, .box_h = 12, .ofs_x = 0, .ofs_y = 0},
    {.bitmap_index = 4795, .adv_w = 153, .box_w = 10, .box_h = 12, .ofs_x = 0, .ofs_y = 0},
    {.bitmap_index = 4915, .adv_w = 185, .box_w = 9, .box_h = 12, .ofs_x = 1, .ofs_y = 0},
    {.bitmap_index = 5023, .adv_w = 147, .box_w = 10, .box_h = 12, .ofs_x = 0, .ofs_y = 0},
    {.bitmap_index = 5143, .adv_w = 225, .box_w = 14, .box_h = 12, .ofs_x = 0, .ofs_y = 0},
    {.bitmap_index = 5311, .adv_w = 147, .box_w = 9, .box_h = 12, .ofs_x = 0, .ofs_y = 0},
    {.bitmap_index = 5419, .adv_w = 136, .box_w = 10, .box_h = 12, .ofs_x = -1, .ofs_y = 0},
    {.bitmap_index = 5539, .adv_w = 154, .box_w = 9, .box_h = 12, .ofs_x = 0, .ofs_y = 0},
    {.bitmap_index = 5647, .adv_w = 87, .box_w = 4, .box_h = 16, .ofs_x = 1, .ofs_y = -3},
    {.bitmap_index = 5711, .adv_w = 100, .box_w = 7, .box_h = 16, .ofs_x = 0, .ofs_y = -3},
    {.bitmap_index = 5823, .adv_w = 87, .box_w = 4, .box_h = 16, .ofs_x = 0, .ofs_y = -3},
    {.bitmap_index = 5887, .adv_w = 142, .box_w = 7, .box_h = 7, .ofs_x = 1, .ofs_y = 5},
    {.bitmap_index = 5936, .adv_w = 143, .box_w = 9, .box_h = 1, .ofs_x = 0, .ofs_y = -2},
    {.bitmap_index = 5945, .adv_w = 155, .box_w = 5, .box_h = 3, .ofs_x = 2, .ofs_y = 10},
    {.bitmap_index = 5960, .adv_w = 144, .box_w = 8, .box_h = 9, .ofs_x = 0, .ofs_y = 0},
    {.bitmap_index = 6032, .adv_w = 158, .box_w = 9, .box_h = 13, .ofs_x = 1, .ofs_y = 0},
    {.bitmap_index = 6149, .adv_w = 131, .box_w = 8, .box_h = 9, .ofs_x = 0, .ofs_y = 0},
    {.bitmap_index = 6221, .adv_w = 159, .box_w = 9, .box_h = 13, .ofs_x = 0, .ofs_y = 0},
    {.bitmap_index = 6338, .adv_w = 142, .box_w = 9, .box_h = 9, .ofs_x = 0, .ofs_y = 0},
    {.bitmap_index = 6419, .adv_w = 83, .box_w = 6, .box_h = 13, .ofs_x = 0, .ofs_y = 0},
    {.bitmap_index = 6497, .adv_w = 144, .box_w = 9, .box_h = 13, .ofs_x = 0, .ofs_y = -4},
    {.bitmap_index = 6614, .adv_w = 155, .box_w = 8, .box_h = 13, .ofs_x = 1, .ofs_y = 0},
    {.bitmap_index = 6718, .adv_w = 70, .box_w = 3, .box_h = 13, .ofs_x = 1, .ofs_y = 0},
    {.bitmap_index = 6757, .adv_w = 70, .box_w = 5, .box_h = 17, .ofs_x = -1, .ofs_y = -4},
    {.bitmap_index = 6842, .adv_w = 141, .box_w = 8, .box_h = 13, .ofs_x = 1, .ofs_y = 0},
    {.bitmap_index = 6946, .adv_w = 73, .box_w = 3, .box_h = 13, .ofs_x = 1, .ofs_y = 0},
    {.bitmap_index = 6985, .adv_w = 237, .box_w = 13, .box_h = 9, .ofs_x = 1, .ofs_y = 0},
    {.bitmap_index = 7102, .adv_w = 156, .box_w = 8, .box_h = 9, .ofs_x = 1, .ofs_y = 0},
    {.bitmap_index = 7174, .adv_w = 155, .box_w = 9, .box_h = 9, .ofs_x = 0, .ofs_y = 0},
    {.bitmap_index = 7255, .adv_w = 159, .box_w = 9, .box_h = 13, .ofs_x = 1, .ofs_y = -4},
    {.bitmap_index = 7372, .adv_w = 159, .box_w = 9, .box_h = 13, .ofs_x = 0, .ofs_y = -4},
    {.bitmap_index = 7489, .adv_w = 99, .box_w = 6, .box_h = 9, .ofs_x = 1, .ofs_y = 0},
    {.bitmap_index = 7543, .adv_w = 120, .box_w = 7, .box_h = 9, .ofs_x = 0, .ofs_y = 0},
    {.bitmap_index = 7606, .adv_w = 97, .box_w = 6, .box_h = 12, .ofs_x = 0, .ofs_y = 0},
    {.bitmap_index = 7678, .adv_w = 155, .box_w = 8, .box_h = 9, .ofs_x = 1, .ofs_y = 0},
    {.bitmap_index = 7750, .adv_w = 133, .box_w = 9, .box_h = 9, .ofs_x = 0, .ofs_y = 0},
    {.bitmap_index = 7831, .adv_w = 205, .box_w = 13, .box_h = 9, .ofs_x = 0, .ofs_y = 0},
    {.bitmap_index = 7948, .adv_w = 127, .box_w = 8, .box_h = 9, .ofs_x = 0, .ofs_y = 0},
    {.bitmap_index = 8020, .adv_w = 133, .box_w = 9, .box_h = 13, .ofs_x = 0, .ofs_y = -4},
    {.bitmap_index = 8137, .adv_w = 122, .box_w = 8, .box_h = 9, .ofs_x = 0, .ofs_y = 0},
    {.bitmap_index = 8209, .adv_w = 87, .box_w = 5, .box_h = 16, .ofs_x = 0, .ofs_y = -3},
    {.bitmap_index = 8289, .adv_w = 69, .box_w = 2, .box_h = 18, .ofs_x = 1, .ofs_y = -5},
    {.bitmap_index = 8325, .adv_w = 87, .box_w = 5, .box_h = 16, .ofs_x = 0, .ofs_y = -3},
    {.bitmap_index = 8405, .adv_w = 142, .box_w = 9, .box_h = 4, .ofs_x = 0, .ofs_y = 4},
    {.bitmap_index = 8441, .adv_w = 95, .box_w = 6, .box_h = 5, .ofs_x = 0, .ofs_y = 8},
    {.bitmap_index = 8471, .adv_w = 256, .box_w = 4, .box_h = 4, .ofs_x = 6, .ofs_y = 4},
    {.bitmap_index = 8487, .adv_w = 256, .box_w = 16, .box_h = 13, .ofs_x = 0, .ofs_y = 0},
    {.bitmap_index = 8695, .adv_w = 256, .box_w = 15, .box_h = 15, .ofs_x = 0, .ofs_y = -2},
    {.bitmap_index = 8920, .adv_w = 256, .box_w = 14, .box_h = 14, .ofs_x = 1, .ofs_y = -1},
    {.bitmap_index = 9116, .adv_w = 256, .box_w = 16, .box_h = 15, .ofs_x = 0, .ofs_y = -1},
    {.bitmap_index = 9356, .adv_w = 256, .box_w = 16, .box_h = 15, .ofs_x = 0, .ofs_y = -1},
    {.bitmap_index = 9596, .adv_w = 256, .box_w = 16, .box_h = 15, .ofs_x = 0, .ofs_y = -1},
    {.bitmap_index = 9836, .adv_w = 256, .box_w = 16, .box_h = 16, .ofs_x = 0, .ofs_y = -2},
    {.bitmap_index = 10092, .adv_w = 256, .box_w = 16, .box_h = 15, .ofs_x = 0, .ofs_y = -1},
    {.bitmap_index = 10332, .adv_w = 256, .box_w = 15, .box_h = 15, .ofs_x = 0, .ofs_y = -1},
    {.bitmap_index = 10557, .adv_w = 256, .box_w = 16, .box_h = 16, .ofs_x = 0, .ofs_y = -2},
    {.bitmap_index = 10813, .adv_w = 256, .box_w = 14, .box_h = 14, .ofs_x = 1, .ofs_y = -1},
    {.bitmap_index = 11009, .adv_w = 256, .box_w = 16, .box_h = 15, .ofs_x = 0, .ofs_y = -2},
    {.bitmap_index = 11249, .adv_w = 256, .box_w = 16, .box_h = 15, .ofs_x = 0, .ofs_y = -2},
    {.bitmap_index = 11489, .adv_w = 256, .box_w = 15, .box_h = 15, .ofs_x = 0, .ofs_y = -2},
    {.bitmap_index = 11714, .adv_w = 256, .box_w = 16, .box_h = 15, .ofs_x = 0, .ofs_y = -2},
    {.bitmap_index = 11954, .adv_w = 256, .box_w = 16, .box_h = 16, .ofs_x = 0, .ofs_y = -2},
    {.bitmap_index = 12210, .adv_w = 256, .box_w = 16, .box_h = 14, .ofs_x = 0, .ofs_y = -1},
    {.bitmap_index = 12434, .adv_w = 256, .box_w = 16, .box_h = 15, .ofs_x = 0, .ofs_y = -2},
    {.bitmap_index = 12674, .adv_w = 256, .box_w = 15, .box_h = 16, .ofs_x = 0, .ofs_y = -2},
    {.bitmap_index = 12914, .adv_w = 256, .box_w = 14, .box_h = 14, .ofs_x = 1, .ofs_y = -1},
    {.bitmap_index = 13110, .adv_w = 256, .box_w = 16, .box_h = 16, .ofs_x = 0, .ofs_y = -2},
    {.bitmap_index = 13366, .adv_w = 256, .box_w = 16, .box_h = 16, .ofs_x = 0, .ofs_y = -2},
    {.bitmap_index = 13622, .adv_w = 256, .box_w = 16, .box_h = 14, .ofs_x = 0, .ofs_y = -1},
    {.bitmap_index = 13846, .adv_w = 256, .box_w = 16, .box_h = 14, .ofs_x = 0, .ofs_y = -1},
    {.bitmap_index = 14070, .adv_w = 256, .box_w = 16, .box_h = 15, .ofs_x = 0, .ofs_y = -1},
    {.bitmap_index = 14310, .adv_w = 256, .box_w = 16, .box_h = 14, .ofs_x = 0, .ofs_y = -1},
    {.bitmap_index = 14534, .adv_w = 256, .box_w = 15, .box_h = 16, .ofs_x = 0, .ofs_y = -2},
    {.bitmap_index = 14774, .adv_w = 256, .box_w = 16, .box_h = 15, .ofs_x = 0, .ofs_y = -2},
    {.bitmap_index = 15014, .adv_w = 256, .box_w = 16, .box_h = 15, .ofs_x = 0, .ofs_y = -2},
    {.bitmap_index = 15254, .adv_w = 256, .box_w = 16, .box_h = 15, .ofs_x = 0, .ofs_y = -1},
    {.bitmap_index = 15494, .adv_w = 256, .box_w = 16, .box_h = 15, .ofs_x = 0, .ofs_y = -2},
    {.bitmap_index = 15734, .adv_w = 256, .box_w = 16, .box_h = 15, .ofs_x = 0, .ofs_y = -2},
    {.bitmap_index = 15974, .adv_w = 256, .box_w = 16, .box_h = 16, .ofs_x = 0, .ofs_y = -2},
    {.bitmap_index = 16230, .adv_w = 256, .box_w = 16, .box_h = 15, .ofs_x = 0, .ofs_y = -2},
    {.bitmap_index = 16470, .adv_w = 256, .box_w = 15, .box_h = 14, .ofs_x = 1, .ofs_y = -1},
    {.bitmap_index = 16680, .adv_w = 256, .box_w = 16, .box_h = 15, .ofs_x = 0, .ofs_y = -2},
    {.bitmap_index = 16920, .adv_w = 256, .box_w = 16, .box_h = 14, .ofs_x = 0, .ofs_y = -1},
    {.bitmap_index = 17144, .adv_w = 256, .box_w = 16, .box_h = 15, .ofs_x = 0, .ofs_y = -2},
    {.bitmap_index = 17384, .adv_w = 256, .box_w = 16, .box_h = 15, .ofs_x = 0, .ofs_y = -2},
    {.bitmap_index = 17624, .adv_w = 256, .box_w = 16, .box_h = 15, .ofs_x = 0, .ofs_y = -2},
    {.bitmap_index = 17864, .adv_w = 256, .box_w = 16, .box_h = 15, .ofs_x = 0, .ofs_y = -1},
    {.bitmap_index = 18104, .adv_w = 256, .box_w = 16, .box_h = 15, .ofs_x = 0, .ofs_y = -2},
    {.bitmap_index = 18344, .adv_w = 256, .box_w = 16, .box_h = 14, .ofs_x = 0, .ofs_y = -1},
    {.bitmap_index = 18568, .adv_w = 256, .box_w = 16, .box_h = 15, .ofs_x = 0, .ofs_y = -2},
    {.bitmap_index = 18808, .adv_w = 256, .box_w = 16, .box_h = 16, .ofs_x = 0, .ofs_y = -2},
    {.bitmap_index = 19064, .adv_w = 256, .box_w = 16, .box_h = 16, .ofs_x = 0, .ofs_y = -2},
    {.bitmap_index = 19320, .adv_w = 256, .box_w = 15, .box_h = 16, .ofs_x = 0, .ofs_y = -2},
    {.bitmap_index = 19560, .adv_w = 256, .box_w = 16, .box_h = 16, .ofs_x = 0, .ofs_y = -2},
    {.bitmap_index = 19816, .adv_w = 256, .box_w = 16, .box_h = 15, .ofs_x = 0, .ofs_y = -2},
    {.bitmap_index = 20056, .adv_w = 256, .box_w = 16, .box_h = 15, .ofs_x = 0, .ofs_y = -2},
    {.bitmap_index = 20296, .adv_w = 256, .box_w = 16, .box_h = 15, .ofs_x = 0, .ofs_y = -1},
    {.bitmap_index = 20536, .adv_w = 256, .box_w = 14, .box_h = 14, .ofs_x = 2, .ofs_y = -1},
    {.bitmap_index = 20732, .adv_w = 256, .box_w = 12, .box_h = 14, .ofs_x = 2, .ofs_y = -1},
    {.bitmap_index = 20900, .adv_w = 256, .box_w = 15, .box_h = 14, .ofs_x = 0, .ofs_y = -1},
    {.bitmap_index = 21110, .adv_w = 256, .box_w = 16, .box_h = 16, .ofs_x = 0, .ofs_y = -2},
    {.bitmap_index = 21366, .adv_w = 256, .box_w = 16, .box_h = 16, .ofs_x = 0, .ofs_y = -2},
    {.bitmap_index = 21622, .adv_w = 256, .box_w = 15, .box_h = 16, .ofs_x = 0, .ofs_y = -2},
    {.bitmap_index = 21862, .adv_w = 256, .box_w = 16, .box_h = 14, .ofs_x = 0, .ofs_y = -1},
    {.bitmap_index = 22086, .adv_w = 256, .box_w = 16, .box_h = 16, .ofs_x = 0, .ofs_y = -2},
    {.bitmap_index = 22342, .adv_w = 256, .box_w = 15, .box_h = 15, .ofs_x = 1, .ofs_y = -1},
    {.bitmap_index = 22567, .adv_w = 256, .box_w = 16, .box_h = 14, .ofs_x = 0, .ofs_y = -1},
    {.bitmap_index = 22791, .adv_w = 256, .box_w = 16, .box_h = 15, .ofs_x = 0, .ofs_y = -1},
    {.bitmap_index = 23031, .adv_w = 256, .box_w = 14, .box_h = 16, .ofs_x = 1, .ofs_y = -2},
    {.bitmap_index = 23255, .adv_w = 256, .box_w = 16, .box_h = 15, .ofs_x = 0, .ofs_y = -1},
    {.bitmap_index = 23495, .adv_w = 256, .box_w = 16, .box_h = 15, .ofs_x = 0, .ofs_y = -2},
    {.bitmap_index = 23735, .adv_w = 256, .box_w = 16, .box_h = 15, .ofs_x = 0, .ofs_y = -2},
    {.bitmap_index = 23975, .adv_w = 256, .box_w = 16, .box_h = 16, .ofs_x = 0, .ofs_y = -2},
    {.bitmap_index = 24231, .adv_w = 256, .box_w = 16, .box_h = 16, .ofs_x = 0, .ofs_y = -2},
    {.bitmap_index = 24487, .adv_w = 256, .box_w = 16, .box_h = 16, .ofs_x = 0, .ofs_y = -2},
    {.bitmap_index = 24743, .adv_w = 256, .box_w = 16, .box_h = 15, .ofs_x = 0, .ofs_y = -2},
    {.bitmap_index = 24983, .adv_w = 256, .box_w = 16, .box_h = 15, .ofs_x = 0, .ofs_y = -2},
    {.bitmap_index = 25223, .adv_w = 256, .box_w = 16, .box_h = 16, .ofs_x = 0, .ofs_y = -2},
    {.bitmap_index = 25479, .adv_w = 256, .box_w = 16, .box_h = 16, .ofs_x = 0, .ofs_y = -2},
    {.bitmap_index = 25735, .adv_w = 256, .box_w = 16, .box_h = 15, .ofs_x = 0, .ofs_y = -2},
    {.bitmap_index = 25975, .adv_w = 256, .box_w = 16, .box_h = 15, .ofs_x = 0, .ofs_y = -2},
    {.bitmap_index = 26215, .adv_w = 256, .box_w = 16, .box_h = 15, .ofs_x = 0, .ofs_y = -2},
    {.bitmap_index = 26455, .adv_w = 256, .box_w = 16, .box_h = 15, .ofs_x = 0, .ofs_y = -1},
    {.bitmap_index = 26695, .adv_w = 256, .box_w = 16, .box_h = 14, .ofs_x = 0, .ofs_y = -1},
    {.bitmap_index = 26919, .adv_w = 256, .box_w = 14, .box_h = 16, .ofs_x = 1, .ofs_y = -2},
    {.bitmap_index = 27143, .adv_w = 256, .box_w = 14, .box_h = 15, .ofs_x = 1, .ofs_y = -1},
    {.bitmap_index = 27353, .adv_w = 256, .box_w = 14, .box_h = 15, .ofs_x = 1, .ofs_y = -1},
    {.bitmap_index = 27563, .adv_w = 256, .box_w = 15, .box_h = 15, .ofs_x = 1, .ofs_y = -2},
    {.bitmap_index = 27788, .adv_w = 256, .box_w = 16, .box_h = 15, .ofs_x = 0, .ofs_y = -2},
    {.bitmap_index = 28028, .adv_w = 256, .box_w = 16, .box_h = 16, .ofs_x = 0, .ofs_y = -2},
    {.bitmap_index = 28284, .adv_w = 256, .box_w = 15, .box_h = 15, .ofs_x = 0, .ofs_y = -1},
    {.bitmap_index = 28509, .adv_w = 256, .box_w = 16, .box_h = 16, .ofs_x = 0, .ofs_y = -2},
    {.bitmap_index = 28765, .adv_w = 224, .box_w = 14, .box_h = 10, .ofs_x = 0, .ofs_y = 1},
    {.bitmap_index = 28905, .adv_w = 256, .box_w = 16, .box_h = 16, .ofs_x = 0, .ofs_y = -2},
    {.bitmap_index = 29161, .adv_w = 288, .box_w = 19, .box_h = 17, .ofs_x = 0, .ofs_y = -2},
    {.bitmap_index = 29484, .adv_w = 256, .box_w = 16, .box_h = 16, .ofs_x = 0, .ofs_y = -2},
    {.bitmap_index = 29740, .adv_w = 256, .box_w = 16, .box_h = 16, .ofs_x = 0, .ofs_y = -2},
    {.bitmap_index = 29996, .adv_w = 256, .box_w = 16, .box_h = 16, .ofs_x = 0, .ofs_y = -2},
    {.bitmap_index = 30252, .adv_w = 224, .box_w = 14, .box_h = 16, .ofs_x = 0, .ofs_y = -2},
    {.bitmap_index = 30476, .adv_w = 224, .box_w = 14, .box_h = 14, .ofs_x = 0, .ofs_y = -1},
    {.bitmap_index = 30672, .adv_w = 256, .box_w = 16, .box_h = 14, .ofs_x = 0, .ofs_y = -1},
    {.bitmap_index = 30896, .adv_w = 160, .box_w = 10, .box_h = 14, .ofs_x = 0, .ofs_y = -1},
    {.bitmap_index = 31036, .adv_w = 192, .box_w = 12, .box_h = 16, .ofs_x = 0, .ofs_y = -2},
    {.bitmap_index = 31228, .adv_w = 160, .box_w = 10, .box_h = 12, .ofs_x = 0, .ofs_y = 0},
    {.bitmap_index = 31348, .adv_w = 192, .box_w = 12, .box_h = 12, .ofs_x = 0, .ofs_y = 0},
    {.bitmap_index = 31492, .adv_w = 160, .box_w = 10, .box_h = 14, .ofs_x = 0, .ofs_y = -1},
    {.bitmap_index = 31632, .adv_w = 160, .box_w = 8, .box_h = 14, .ofs_x = 0, .ofs_y = -1},
    {.bitmap_index = 31744, .adv_w = 160, .box_w = 8, .box_h = 14, .ofs_x = 2, .ofs_y = -1},
    {.bitmap_index = 31856, .adv_w = 256, .box_w = 16, .box_h = 16, .ofs_x = 0, .ofs_y = -2},
    {.bitmap_index = 32112, .adv_w = 256, .box_w = 16, .box_h = 16, .ofs_x = 0, .ofs_y = -2},
    {.bitmap_index = 32368, .adv_w = 224, .box_w = 14, .box_h = 12, .ofs_x = 0, .ofs_y = 0},
    {.bitmap_index = 32536, .adv_w = 224, .box_w = 14, .box_h = 2, .ofs_x = 0, .ofs_y = 5},
    {.bitmap_index = 32564, .adv_w = 288, .box_w = 20, .box_h = 14, .ofs_x = -1, .ofs_y = -1},
    {.bitmap_index = 32844, .adv_w = 256, .box_w = 18, .box_h = 14, .ofs_x = -1, .ofs_y = -1},
    {.bitmap_index = 33096, .adv_w = 256, .box_w = 16, .box_h = 16, .ofs_x = 0, .ofs_y = -2},
    {.bitmap_index = 33352, .adv_w = 256, .box_w = 14, .box_h = 8, .ofs_x = 1, .ofs_y = 3},
    {.bitmap_index = 33464, .adv_w = 256, .box_w = 14, .box_h = 8, .ofs_x = 1, .ofs_y = 1},
    {.bitmap_index = 33576, .adv_w = 288, .box_w = 20, .box_h = 14, .ofs_x = -1, .ofs_y = -1},
    {.bitmap_index = 33856, .adv_w = 256, .box_w = 18, .box_h = 15, .ofs_x = -1, .ofs_y = -2},
    {.bitmap_index = 34126, .adv_w = 224, .box_w = 14, .box_h = 16, .ofs_x = 0, .ofs_y = -2},
    {.bitmap_index = 34350, .adv_w = 224, .box_w = 14, .box_h = 14, .ofs_x = 0, .ofs_y = -1},
    {.bitmap_index = 34546, .adv_w = 224, .box_w = 14, .box_h = 18, .ofs_x = 0, .ofs_y = -3},
    {.bitmap_index = 34798, .adv_w = 224, .box_w = 14, .box_h = 16, .ofs_x = 0, .ofs_y = -2},
    {.bitmap_index = 35022, .adv_w = 320, .box_w = 20, .box_h = 14, .ofs_x = 0, .ofs_y = -1},
    {.bitmap_index = 35302, .adv_w = 256, .box_w = 17, .box_h = 16, .ofs_x = -1, .ofs_y = -2},
    {.bitmap_index = 35574, .adv_w = 256, .box_w = 16, .box_h = 16, .ofs_x = 0, .ofs_y = -2},
    {.bitmap_index = 35830, .adv_w = 192, .box_w = 12, .box_h = 16, .ofs_x = 0, .ofs_y = -2},
    {.bitmap_index = 36022, .adv_w = 320, .box_w = 20, .box_h = 15, .ofs_x = 0, .ofs_y = -2},
    {.bitmap_index = 36322, .adv_w = 288, .box_w = 18, .box_h = 10, .ofs_x = 0, .ofs_y = 1},
    {.bitmap_index = 36502, .adv_w = 320, .box_w = 20, .box_h = 16, .ofs_x = 0, .ofs_y = -2},
    {.bitmap_index = 36822, .adv_w = 224, .box_w = 12, .box_h = 18, .ofs_x = 1, .ofs_y = -3},
    {.bitmap_index = 37038, .adv_w = 160, .box_w = 10, .box_h = 16, .ofs_x = 0, .ofs_y = -2},
    {.bitmap_index = 37198, .adv_w = 256, .box_w = 16, .box_h = 16, .ofs_x = 0, .ofs_y = -2},
    {.bitmap_index = 37454, .adv_w = 256, .box_w = 16, .box_h = 16, .ofs_x = 0, .ofs_y = -2},
    {.bitmap_index = 37710, .adv_w = 288, .box_w = 18, .box_h = 17, .ofs_x = 0, .ofs_y = -2},
    {.bitmap_index = 38016, .adv_w = 288, .box_w = 18, .box_h = 14, .ofs_x = 0, .ofs_y = -1},
    {.bitmap_index = 38268, .adv_w = 256, .box_w = 17, .box_h = 16, .ofs_x = -1, .ofs_y = -2},
    {.bitmap_index = 38540, .adv_w = 256, .box_w = 16, .box_h = 16, .ofs_x = 0, .ofs_y = -2},
    {.bitmap_index = 38796, .adv_w = 256, .box_w = 16, .box_h = 14, .ofs_x = 0, .ofs_y = -1},
    {.bitmap_index = 39020, .adv_w = 320, .box_w = 20, .box_h = 16, .ofs_x = 0, .ofs_y = -2},
    {.bitmap_index = 39340, .adv_w = 288, .box_w = 20, .box_h = 14, .ofs_x = -1, .ofs_y = -1},
    {.bitmap_index = 39620, .adv_w = 192, .box_w = 12, .box_h = 16, .ofs_x = 0, .ofs_y = -2},
    {.bitmap_index = 39812, .adv_w = 320, .box_w = 20, .box_h = 14, .ofs_x = 0, .ofs_y = -1}
};

/*---------------------
 *  CHARACTER MAPPING
 *--------------------*/

static const uint16_t unicode_list_1[] = {
    0x0, 0x7, 0x25f0, 0x4d75, 0x4d7d, 0x4e8a, 0x4eac, 0x4f2d,
    0x4f31, 0x4f8c, 0x4f9f, 0x50c3, 0x514a, 0x5186, 0x51ef, 0x51f0,
    0x52db, 0x5312, 0x539a, 0x5881, 0x5aea, 0x5d88, 0x5df6, 0x5e46,
    0x5e5f, 0x5f13, 0x5f8b, 0x61bd, 0x61f4, 0x61f5, 0x62f5, 0x62f7,
    0x631f, 0x641d, 0x6498, 0x64c0, 0x6546, 0x665d, 0x667a, 0x668a,
    0x66d1, 0x6757, 0x6810, 0x6971, 0x6ab3, 0x6b1d, 0x6c32, 0x6c91,
    0x6c9b, 0x6d79, 0x7009, 0x71c9, 0x72d7, 0x7485, 0x763e, 0x7648,
    0x7732, 0x7739, 0x77be, 0x7e0f, 0x7e8a, 0x804d, 0x81d2, 0x879c,
    0x8918, 0x8ab6, 0x8af4, 0x8d43, 0x8ebc, 0x8ecd, 0x8ee3, 0x8f17,
    0x8f20, 0x8f2e, 0x8f2f, 0x8f40, 0x8f6a, 0x8f6f, 0x911d, 0x911f,
    0x953d, 0x9544, 0x9558, 0x95e4, 0x97e1, 0x97ed, 0x9a28, 0xef52,
    0xef5c, 0xef63, 0xef65, 0xef67, 0xef69, 0xef6e, 0xef73, 0xef79,
    0xef8a, 0xef98, 0xef9b, 0xef9c, 0xef9d, 0xefa1, 0xefa3, 0xefa4,
    0xefa8, 0xefae, 0xefb1, 0xefb8, 0xefbe, 0xefc1, 0xefc4, 0xefc7,
    0xefc8, 0xefcc, 0xf000, 0xf015, 0xf018, 0xf037, 0xf03c, 0xf03e,
    0xf12a, 0xf12e, 0xf136, 0xf13b, 0xf191, 0xf1bc, 0xf1e3, 0xf1e4,
    0xf22b, 0xf241, 0xf469, 0xf492, 0xf52c, 0xf575, 0xf64c, 0xf64f,
    0xf6c3, 0xf712, 0xf78e
};

/*Collect the unicode lists and glyph_id offsets*/
static const lv_font_fmt_txt_cmap_t cmaps[] =
{
    {
        .range_start = 32, .range_length = 95, .glyph_id_start = 1,
        .unicode_list = NULL, .glyph_id_ofs_list = NULL, .list_length = 0, .type = LV_FONT_FMT_TXT_CMAP_FORMAT0_TINY
    },
    {
        .range_start = 176, .range_length = 63375, .glyph_id_start = 96,
        .unicode_list = unicode_list_1, .glyph_id_ofs_list = NULL, .list_length = 139, .type = LV_FONT_FMT_TXT_CMAP_SPARSE_TINY
    }
};

/*-----------------
 *    KERNING
 *----------------*/


/*Map glyph_ids to kern left classes*/
static const uint8_t kern_left_class_mapping[] =
{
    0, 0, 0, 1, 0, 0, 0, 0,
    1, 2, 0, 0, 0, 3, 4, 3,
    5, 0, 0, 0, 0, 0, 0, 0,
    0, 0, 0, 6, 6, 0, 0, 0,
    0, 0, 7, 8, 9, 10, 11, 12,
    13, 0, 0, 14, 15, 16, 0, 0,
    10, 17, 10, 18, 19, 20, 21, 22,
    23, 24, 25, 26, 2, 27, 0, 0,
    0, 0, 28, 29, 30, 0, 31, 32,
    33, 34, 0, 0, 35, 36, 34, 34,
    29, 29, 37, 38, 39, 40, 37, 41,
    42, 43, 44, 45, 2, 0, 0, 0,
    0, 0, 0, 0, 0, 0, 0, 0,
    0, 0, 0, 0, 0, 0, 0, 0,
    0, 0, 0, 0, 0, 0, 0, 0,
    0, 0, 0, 0, 0, 0, 0, 0,
    0, 0, 0, 0, 0, 0, 0, 0,
    0, 0, 0, 0, 0, 0, 0, 0,
    0, 0, 0, 0, 0, 0, 0, 0,
    0, 0, 0, 0, 0, 0, 0, 0,
    0, 0, 0, 0, 0, 0, 0, 0,
    0, 0, 0, 0, 0, 0, 0, 0,
    0, 0, 0, 0, 0, 0, 0, 0,
    0, 0, 0, 0, 0, 0, 0, 0,
    0, 0, 0, 0, 0, 0, 0, 0,
    0, 0, 0, 0, 0, 0, 0, 0,
    0, 0, 0, 0, 0, 0, 0, 0,
    0, 0, 0, 0, 0, 0, 0, 0,
    0, 0, 0, 0, 0, 0, 0, 0,
    0, 0, 0
};

/*Map glyph_ids to kern right classes*/
static const uint8_t kern_right_class_mapping[] =
{
    0, 0, 1, 2, 0, 0, 0, 0,
    2, 0, 3, 4, 0, 5, 6, 7,
    8, 0, 0, 0, 0, 0, 0, 0,
    0, 0, 0, 9, 10, 0, 0, 0,
    11, 0, 12, 0, 13, 0, 0, 0,
    13, 0, 0, 14, 0, 0, 0, 0,
    13, 0, 13, 0, 15, 16, 17, 18,
    19, 20, 21, 22, 0, 23, 3, 0,
    0, 0, 24, 0, 25, 25, 25, 26,
    27, 0, 28, 29, 0, 0, 30, 30,
    25, 30, 25, 30, 31, 32, 33, 34,
    35, 36, 37, 38, 0, 0, 3, 0,
    0, 0, 0, 0, 0, 0, 0, 0,
    0, 0, 0, 0, 0, 0, 0, 0,
    0, 0, 0, 0, 0, 0, 0, 0,
    0, 0, 0, 0, 0, 0, 0, 0,
    0, 0, 0, 0, 0, 0, 0, 0,
    0, 0, 0, 0, 0, 0, 0, 0,
    0, 0, 0, 0, 0, 0, 0, 0,
    0, 0, 0, 0, 0, 0, 0, 0,
    0, 0, 0, 0, 0, 0, 0, 0,
    0, 0, 0, 0, 0, 0, 0, 0,
    0, 0, 0, 0, 0, 0, 0, 0,
    0, 0, 0, 0, 0, 0, 0, 0,
    0, 0, 0, 0, 0, 0, 0, 0,
    0, 0, 0, 0, 0, 0, 0, 0,
    0, 0, 0, 0, 0, 0, 0, 0,
    0, 0, 0, 0, 0, 0, 0, 0,
    0, 0, 0, 0, 0, 0, 0, 0,
    0, 0, 0
};

/*Kern values between classes*/
static const int8_t kern_class_values[] =
{
    0, 0, 0, 0, -33, 0, -33, 0,
    0, 0, 0, -16, 0, -27, -3, 0,
    0, 0, 0, -3, 0, 0, 0, 0,
    -8, 0, 0, 0, 0, 0, -6, 0,
    0, 0, 0, 0, 0, 0, 0, 0,
    0, 0, 0, 0, 0, 0, 0, 0,
    0, 0, 0, -6, 0, 0, 0, 0,
    0, 0, 0, 0, 0, 0, 0, 0,
    0, 0, 23, 0, 0, 0, 0, 0,
    0, 0, 0, 0, 0, -27, 0, -39,
    0, 0, 0, 0, 0, 0, 0, 0,
    0, 0, 0, -28, -6, -19, -10, 0,
    -26, 0, 0, 0, -3, 0, 0, 0,
    7, 0, 0, -13, 0, -10, -6, 0,
    -6, 0, 0, 0, 0, 0, 0, 0,
    0, 0, 0, 0, 0, 0, 0, -6,
    -5, -14, 0, -5, -3, -8, -19, -6,
    0, 0, 0, 0, 0, 0, 0, 0,
    0, -7, 0, -2, 0, -4, 0, 0,
    0, 0, 0, 0, 0, 0, 0, 0,
    0, 0, 0, -12, -3, -23, 0, 0,
    0, 0, 0, 0, 0, 0, 0, -7,
    -9, 0, -3, 7, 7, 0, 0, 3,
    -6, 0, 0, 0, 0, 0, 0, 0,
    0, -14, 0, 0, 0, 0, 0, 0,
    0, 0, 0, 0, 0, 0, 0, 0,
    0, 0, -7, 0, 0, 0, 0, 0,
    0, 0, 1, 0, 0, 0, 0, 0,
    0, 0, 0, 0, 0, -16, 0, -27,
    0, 0, 0, 0, 0, 0, -7, -2,
    -3, 0, 0, -16, -4, -4, 0, 1,
    -4, -2, -12, 7, 0, -3, 0, 0,
    0, 0, 7, -4, -2, -2, -1, -1,
    -2, 0, 0, 0, 0, -9, 0, 0,
    0, 0, 0, 0, 0, 0, 0, -5,
    -4, -7, 0, -2, -1, -1, -4, -1,
    0, 0, 0, 0, 0, 0, 0, 0,
    0, -3, 0, -4, -3, -3, -4, 0,
    0, 0, 0, 0, 0, -7, 0, 0,
    0, 0, 0, 0, -8, -3, -7, -5,
    -4, -1, -1, -1, -2, -3, 0, 0,
    0, 0, -6, 0, 0, 0, 0, -8,
    -3, -4, -3, 0, -4, 0, 0, 0,
    0, -10, 0, 0, 0, -5, 0, 0,
    0, -3, 0, -11, 0, -7, 0, -3,
    -2, -5, -6, -6, 0, 0, 0, 0,
    0, 0, 0, 0, 0, 0, 0, 0,
    0, -4, 0, -2, 0, 0, 0, 0,
    0, 0, 0, 0, 0, 0, 0, 0,
    0, 0, 0, 0, 0, 0, 0, 0,
    0, 0, 0, 0, -3, 0, 0, 0,
    0, 0, 0, -7, 0, -3, 0, -9,
    -3, 0, 0, 0, 0, 0, -21, 0,
    -21, -20, 0, 0, 0, -11, -3, -40,
    -6, 0, 0, 1, 1, -7, 0, -9,
    0, -10, -4, 0, -7, 0, 0, -6,
    -6, -3, -5, -6, -5, -7, -5, -8,
    0, 0, 0, -8, 0, 0, 0, 0,
    0, 0, 0, -1, 0, 0, 0, -6,
    0, -4, -1, 0, 0, 0, 0, 0,
    0, 0, 0, 0, 0, 0, 0, 0,
    0, 0, 0, 0, 0, 0, 0, 0,
    0, 0, -7, 0, -7, 0, 0, 0,
    0, 0, 0, -12, 0, 0, 0, 0,
    0, 0, 0, 0, 0, 0, 0, 0,
    0, 0, 0, 0, 0, 0, 0, 0,
    0, 0, 0, 0, 0, -6, 0, -12,
    0, -8, 0, 0, 0, 0, -2, -3,
    -6, 0, -3, -5, -4, -4, -3, 0,
    -5, 0, 0, 0, -2, 0, 0, 0,
    -3, 0, 0, -9, -4, -6, -5, -5,
    -6, -4, 0, -25, 0, -44, 0, -15,
    0, 0, 0, 0, -9, 1, -7, 0,
    -6, -34, -8, -22, -16, 0, -22, 0,
    -23, 0, -3, -4, -1, 0, 0, 0,
    0, -6, -3, -10, -10, 0, -10, 0,
    0, 0, 0, 0, -32, -9, -32, -22,
    0, 0, 0, -14, 0, -42, -3, -7,
    0, 0, 0, -7, -3, -22, 0, -12,
    -7, 0, -9, 0, 0, 0, -3, 0,
    0, 0, 0, -4, 0, -6, 0, 0,
    0, -3, 0, -9, 0, 0, 0, 0,
    0, -1, 0, -5, -4, -4, 0, 2,
    2, -1, 0, -3, 0, -1, -3, 0,
    -1, 0, 0, 0, 0, 0, 0, 0,
    0, -2, 0, -2, 0, 0, 0, -5,
    0, 4, 0, 0, 0, 0, 0, 0,
    0, -4, -4, -6, 0, 0, 0, 0,
    -4, 0, 0, 0, 0, 0, 0, 0,
    0, 0, 0, -7, 0, 0, 0, 0,
    0, 0, 0, 0, 0, 0, -30, -21,
    -30, -26, -6, -6, 0, -12, -7, -36,
    -11, 0, 0, 0, 0, -6, -4, -15,
    0, -21, -19, -5, -21, 0, 0, -13,
    -17, -5, -13, -9, -10, -11, -9, -22,
    0, 0, 0, 0, -5, 0, -5, -9,
    0, 0, 0, -5, 0, -14, -3, 0,
    0, -1, 0, -3, -4, 0, 0, -1,
    0, 0, -3, 0, 0, 0, -1, 0,
    0, 0, 0, -2, 0, 0, 0, 0,
    0, 0, -19, -5, -19, -13, 0, 0,
    0, -4, -3, -21, -3, 0, -3, 3,
    0, 0, 0, -5, 0, -6, -4, 0,
    -6, 0, 0, -6, -4, 0, -9, -3,
    -3, -4, -3, -7, 0, 0, 0, 0,
    -10, -3, -10, -8, 0, 0, 0, 0,
    -2, -19, -2, 0, 0, 0, 0, 0,
    0, -2, 0, -5, 0, 0, -4, 0,
    0, 0, 0, 0, 0, 0, 0, 0,
    0, -3, 0, -3, 0, -3, 0, -8,
    0, 0, 0, 0, 0, 1, -5, 0,
    -4, -6, -3, 0, 0, 0, 0, 0,
    0, -3, -2, -5, 0, 0, 0, 0,
    0, -5, -3, -5, -4, -3, -5, -4,
    0, 0, 0, 0, -26, -19, -26, -19,
    -7, -7, -2, -4, -4, -29, -5, -4,
    -3, 0, 0, 0, 0, -7, 0, -19,
    -12, 0, -17, 0, 0, -12, -12, -8,
    -10, -4, -7, -10, -4, -14, 0, 0,
    0, 0, 0, -10, 0, 0, 0, 0,
    0, -2, -6, -9, -9, 0, -3, -2,
    -2, 0, -4, -5, 0, -5, -6, -6,
    -4, 0, 0, 0, 0, -4, -7, -5,
    -5, -7, -5, 0, 0, 0, 0, 0,
    0, 0, 0, 0, 0, 0, 0, 0,
    0, 0, 0, -25, -8, -15, -8, 0,
    -21, 0, 0, 0, 0, 0, 9, 0,
    21, 0, 0, 0, 0, -6, -3, 0,
    4, 0, 0, 0, 0, -15, 0, 0,
    0, 0, 0, 0, -4, 0, 0, 0,
    0, -7, 0, -5, -1, 0, -7, 0,
    0, 0, 0, 0, 0, 0, 0, 0,
    0, -4, 0, 0, 0, 0, 0, 0,
    0, -8, 0, -7, -3, 2, -3, 0,
    0, 0, -4, 0, 0, 0, 0, -16,
    0, -5, 0, -1, -13, 0, -7, -4,
    0, 0, 0, 0, 0, 0, 0, -5,
    0, -1, -1, -5, -1, -2, 0, 0,
    0, 0, 0, -6, 0, 0, 0, 0,
    0, 0, 0, 0, 0, -6, 0, -4,
    0, 0, -7, 0, 0, -3, -6, 0,
    -3, 0, 0, 0, 0, -3, 0, 2,
    2, 2, 2, 0, 0, 0, 0, -10,
    0, 3, 0, 0, 0, 0, -2, 0,
    0, -6, -6, -7, 0, -5, -3, 0,
    -7, 0, -6, -4, 0, 0, -3, 0,
    0, 0, 0, -3, 0, 1, 1, -2,
    1, 0, 4, 12, 14, 0, -14, -4,
    -14, -4, 0, 0, 7, 0, 0, 0,
    0, 13, 0, 19, 13, 9, 17, 0,
    18, -6, -3, 0, -4, 0, -3, 0,
    -1, 0, 0, 4, 0, -1, 0, -4,
    0, 0, 4, -9, 0, 0, 0, 14,
    0, 0, -10, 0, 0, 0, 0, -7,
    0, 0, 0, 0, -4, 0, 0, -5,
    -4, 0, 0, 0, 10, 0, 0, 0,
    0, -1, -1, 0, 4, -4, 0, 0,
    0, -10, 0, 0, 0, 0, 0, 0,
    -2, 0, 0, 0, 0, -7, 0, -3,
    0, 0, -5, 0, 0, 0, 0, 0,
    0, 0, 0, 0, 0, 0, 0, 0,
    0, 0, 0, 0, 0, 0, 0, -6,
    4, -13, 4, 0, 4, 4, -4, 0,
    0, 0, 0, -10, 0, 0, 0, 0,
    -3, 0, 0, -3, -5, 0, -3, 0,
    -3, 0, 0, -6, -4, 0, 0, -2,
    0, -2, 0, 0, 0, 0, 0, 0,
    0, 0, 0, 0, 0, 0, 0, 0,
    0, 0, 0, 0, 0, 0, 0, 0,
    0, 0, 0, 0, 0, 0, 2, 0,
    0, 0, 0, 0, 0, 0, 0, 0,
    0, 0, 0, -7, 0, 0, 0, 0,
    0, 0, 0, 0, 0, 0, 0, -6,
    0, -4, 0, 0, -9, 0, 0, 0,
    0, 0, 0, 0, 0, 0, 0, 0,
    0, 0, 0, 0, 0, 0, 0, 0,
    0, 0, -16, -7, -16, -10, 7, 7,
    0, -4, 0, -16, 0, 0, 0, 0,
    0, 0, 0, -3, 4, -7, -3, 0,
    -3, 0, 0, 0, -1, 0, 0, 7,
    5, 0, 7, -1, 0, 0, 0, -14,
    0, 3, 0, 0, 0, 0, -3, 0,
    0, 0, 0, -7, 0, -3, 0, 0,
    -6, 0, 0, 0, 0, 0, 0, 0,
    0, 0, 0, -6, 0, 0, 0, 0,
    0, 0, 0, 0, 0, 0, 2, -7,
    2, 3, 4, 4, -7, 0, 0, 0,
    0, -4, 0, 0, 0, 0, -1, 0,
    0, -6, -4, 0, -3, 0, 0, 0,
    -3, -6, 0, 0, 0, -5, 0, 0,
    0, 0, 0, -3, -10, -2, -10, -6,
    0, 0, 0, -3, 0, -12, 0, -6,
    0, -3, 0, 0, -4, -3, 0, -6,
    -1, 0, 0, 0, -3, 0, 0, 0,
    0, 0, 0, 0, 0, -7, 0, 0,
    0, -3, -12, 0, -12, -2, 0, 0,
    0, -1, 0, -9, 0, -7, 0, -3,
    0, -4, -7, 0, 0, -3, -1, 0,
    0, 0, -3, 0, 0, 0, 0, 0,
    0, 0, 0, -5, -4, 0, 0, -6,
    2, -4, -2, 0, 0, 2, 0, 0,
    -3, 0, -1, -9, 0, -4, 0, -3,
    -10, 0, 0, -3, -5, 0, 0, 0,
    0, 0, 0, -7, 0, 0, 0, 0,
    0, 0, 0, 0, 0, 0, -10, 0,
    -10, -4, 0, 0, 0, 0, 0, -12,
    0, -6, 0, -1, 0, -1, -2, 0,
    0, -6, -1, 0, 0, 0, -3, 0,
    0, 0, 0, 0, 0, -4, 0, -7,
    0, 0, 0, 0, 0, -5, 0, 0,
    0, 0, 0, 0, 0, 0, 0, -7,
    0, 0, 0, 0, -8, 0, 0, -7,
    -3, 0, -2, 0, 0, 0, 0, 0,
    -3, -1, 0, 0, -1, 0
};


/*Collect the kern class' data in one place*/
static const lv_font_fmt_txt_kern_classes_t kern_classes =
{
    .class_pair_values   = kern_class_values,
    .left_class_mapping  = kern_left_class_mapping,
    .right_class_mapping = kern_right_class_mapping,
    .left_class_cnt      = 45,
    .right_class_cnt     = 38,
};

/*--------------------
 *  ALL CUSTOM DATA
 *--------------------*/

#if LVGL_VERSION_MAJOR == 8
/*Store all the custom data of the font*/
static  lv_font_fmt_txt_glyph_cache_t cache;
#endif

#if LVGL_VERSION_MAJOR >= 8
static const lv_font_fmt_txt_dsc_t font_dsc = {
#else
static lv_font_fmt_txt_dsc_t font_dsc = {
#endif
    .glyph_bitmap = glyph_bitmap,
    .glyph_dsc = glyph_dsc,
    .cmaps = cmaps,
    .kern_dsc = &kern_classes,
    .kern_scale = 16,
    .cmap_num = 2,
    .bpp = 8,
    .kern_classes = 1,
    .bitmap_format = 0,
#if LVGL_VERSION_MAJOR == 8
    .cache = &cache
#endif
};



/*-----------------
 *  PUBLIC FONT
 *----------------*/

/*Initialize a public general font descriptor*/
#if LVGL_VERSION_MAJOR >= 8
const lv_font_t demo_16 = {
#else
lv_font_t demo_16 = {
#endif
    .get_glyph_dsc = lv_font_get_glyph_dsc_fmt_txt,    /*Function pointer to get glyph's data*/
    .get_glyph_bitmap = lv_font_get_bitmap_fmt_txt,    /*Function pointer to get glyph's bitmap*/
    .line_height = 20,          /*The maximum line height required by the font*/
    .base_line = 5,             /*Baseline measured from the bottom of the line*/
#if !(LVGL_VERSION_MAJOR == 6 && LVGL_VERSION_MINOR == 0)
    .subpx = LV_FONT_SUBPX_NONE,
#endif
#if LV_VERSION_CHECK(7, 4, 0) || LVGL_VERSION_MAJOR >= 8
    .underline_position = -2,
    .underline_thickness = 1,
#endif
    .dsc = &font_dsc,          /*The custom font data. Will be accessed by `get_glyph_bitmap/dsc` */
#if LV_VERSION_CHECK(8, 2, 0) || LVGL_VERSION_MAJOR >= 9
    .fallback = NULL,
#endif
    .user_data = NULL,
};



#endif /*#if DEMO_16*/

