/*******************************************************************************
 * Size: 20 px
 * Bpp: 8
 * Opts: --font E:\eez_studio_project\eez-studio-mcp\fonts\demo_20.ttf --size 20 --bpp 8 --no-compress --no-prefilter --range 32-127 --symbols 
 MotrDive-20运行CANRS485输出:.Hz613总览⚙️参数⚠报警转速pdP扭矩Tqu·m功率wkW效Efcny9%电机温度°母线压V流控制目标加s正中节能关闭/额定7极模式F矢量伺服载波频保护过阈值失缺相检测通信a特K点bU心跳间隔严重告常时描述操作()确认偏高延迟未连接{"j,hg_}l[]B#x\OQIY --font E:\eez_studio_project\eez-studio-mcp\fonts\demo_20_icons_0_fa-solid-900.ttf --range 0xF002,0xF00C,0xF013,0xF015,0xF017,0xF019,0xF01E,0xF023,0xF029,0xF03A,0xF048,0xF04B,0xF04C,0xF04D,0xF051,0xF053,0xF054,0xF058,0xF05E,0xF061,0xF068,0xF06E,0xF071,0xF074,0xF077,0xF078,0xF07C,0xF0B0,0xF0C5,0xF0C8,0xF0EC,0xF0EE,0xF0E7,0xF1DA,0xF1DE,0xF1E6,0xF1EB,0xF241,0xF26C,0xF2DB,0xF2F1,0xF519,0xF542,0xF5DC,0xF625,0xF6FC,0xF6FF,0xF773,0xF7C2,0xF83E --font E:\eez_studio_project\eez-studio-mcp\fonts\demo_20_icons_1_fa-brands-400.ttf --range 0xF293-0xF294 --font E:\eez_studio_project\eez-studio-mcp\fonts\demo_20_cjk_0_noto-sc.otf --range 0x4E00,0x4E09,0x4E0E,0x4E25,0x4E2D,0x4E3A,0x4EA4,0x4EA7,0x4EEA,0x4EF6,0x4F5C,0x4F8B,0x4F9D,0x4FDD,0x4FE1,0x503C,0x504F,0x505C,0x5165,0x5173,0x51FA,0x5206-0x5207,0x5236,0x529F-0x52A0,0x52A8,0x534A,0x5355,0x5361,0x5373,0x538B,0x53C2,0x53D8,0x53E6,0x53EF,0x5404,0x5408,0x542F,0x544A,0x5668,0x56FE,0x573A,0x5931,0x5B57,0x5B8C,0x5B9A,0x5BCC,0x5C0F,0x5C4F,0x5E03,0x5E38,0x5E55,0x5E73,0x5EA6,0x5EF6,0x5F0F,0x5F62,0x5F71,0x5FC3,0x6001,0x603B,0x6210,0x626D,0x62A4-0x62A5,0x62C6,0x62DF,0x6362,0x636E,0x63A5,0x63A7,0x63CF,0x64CD,0x6548,0x6570,0x6574,0x6587,0x65E7,0x65F6,0x660E,0x663E,0x666F,0x6700,0x672A,0x673A,0x6781,0x6784,0x6807,0x683C,0x6848,0x68C0,0x6A21,0x6B62-0x6B63,0x6BB5,0x6BCD,0x6CD5,0x6CE2,0x6D41,0x6D4B,0x6E05,0x6E10,0x6E29,0x6EDA,0x6F14,0x70B9,0x7247,0x7279,0x7387,0x73BB,0x7483,0x751F,0x7535,0x753B,0x76D8,0x76EE,0x76F8,0x77E9,0x786E,0x793A,0x79BB,0x7B7E,0x7CFB,0x7EBF,0x7ED3,0x7EDF,0x7F16,0x7F1D,0x7F3A,0x80CC,0x80FD,0x81EA,0x81F4,0x8282,0x884C,0x8868,0x89C8,0x8A00,0x8B66,0x8BA4,0x8BD1,0x8BED,0x8DF3,0x8F6C,0x8F6E,0x8F7D,0x8F91,0x8F93,0x8FBE,0x8FC7,0x8FD0,0x8FDB,0x8FDE-0x8FDF,0x8FF0,0x900F-0x9010,0x901A,0x901F,0x903B,0x90E8,0x91CD,0x9519,0x95ED,0x95F4,0x9608,0x9634,0x9694,0x9762,0x9884,0x9891,0x9AD8,0x9ED8 --format lvgl -o E:\eez_studio_project\eez-studio-mcp\fonts\demo_20.c
 ******************************************************************************/

#ifdef LV_LVGL_H_INCLUDE_SIMPLE
#include "lvgl.h"
#else
#include "lvgl/lvgl.h"
#endif

#ifndef DEMO_20
#define DEMO_20 1
#endif

#if DEMO_20

/*-----------------
 *    BITMAPS
 *----------------*/

/*Store the image of the glyphs*/
static LV_ATTRIBUTE_LARGE_CONST const uint8_t glyph_bitmap[] = {
    /* U+0020 " " */

    /* U+0021 "!" */
    0x0, 0xb1, 0xff, 0x20, 0x0, 0xab, 0xff, 0x1a,
    0x0, 0xa4, 0xff, 0x14, 0x0, 0x9d, 0xff, 0xd,
    0x0, 0x95, 0xff, 0x5, 0x0, 0x8d, 0xfe, 0x0,
    0x0, 0x86, 0xf7, 0x0, 0x0, 0x7e, 0xf0, 0x0,
    0x0, 0x76, 0xe9, 0x0, 0x0, 0x6f, 0xe2, 0x0,
    0x0, 0x2e, 0x60, 0x0, 0x0, 0x60, 0x99, 0x15,
    0x5, 0xf7, 0xff, 0x70, 0x0, 0x9e, 0xde, 0x2e,

    /* U+0022 "\"" */
    0x31, 0xff, 0xb5, 0x0, 0x45, 0xff, 0xa5, 0x2b,
    0xff, 0xb1, 0x0, 0x3f, 0xff, 0xa1, 0x1c, 0xff,
    0xa4, 0x0, 0x2f, 0xff, 0x92, 0x4, 0xfe, 0x8b,
    0x0, 0x15, 0xff, 0x76, 0x0, 0xea, 0x73, 0x0,
    0x1, 0xf9, 0x5b, 0x0, 0x92, 0x41, 0x0, 0x0,
    0x9d, 0x2f,

    /* U+0023 "#" */
    0x0, 0x0, 0x0, 0x4a, 0xe4, 0x0, 0x0, 0x22,
    0xff, 0x11, 0x0, 0x0, 0x0, 0x0, 0x76, 0xb7,
    0x0, 0x0, 0x4e, 0xe4, 0x0, 0x0, 0x0, 0x0,
    0x0, 0xa2, 0x8a, 0x0, 0x0, 0x7a, 0xb9, 0x0,
    0x0, 0x0, 0xc3, 0xff, 0xff, 0xff, 0xff, 0xff,
    0xff, 0xff, 0xff, 0x6f, 0x0, 0x2d, 0x3b, 0xed,
    0x70, 0x3b, 0x3b, 0xce, 0x95, 0x3b, 0x1a, 0x0,
    0x0, 0x4, 0xfc, 0x2b, 0x0, 0x0, 0xd9, 0x5a,
    0x0, 0x0, 0x0, 0x0, 0x1d, 0xff, 0xf, 0x0,
    0x0, 0xf5, 0x3d, 0x0, 0x0, 0x1, 0x7, 0x40,
    0xf5, 0x8, 0x7, 0x19, 0xff, 0x28, 0x7, 0x0,
    0x33, 0xff, 0xff, 0xff, 0xff, 0xff, 0xff, 0xff,
    0xff, 0xff, 0x0, 0xb, 0x37, 0x98, 0xc7, 0x37,
    0x37, 0x79, 0xe7, 0x37, 0x37, 0x0, 0x0, 0x0,
    0x95, 0x9c, 0x0, 0x0, 0x6c, 0xc5, 0x0, 0x0,
    0x0, 0x0, 0x0, 0xb3, 0x7e, 0x0, 0x0, 0x89,
    0xa8, 0x0, 0x0, 0x0, 0x0, 0x0, 0xd0, 0x60,
    0x0, 0x0, 0xa5, 0x8b, 0x0, 0x0, 0x0, 0x0,
    0x0, 0xed, 0x42, 0x0, 0x0, 0xc1, 0x6e, 0x0,
    0x0, 0x0,

    /* U+0024 "$" */
    0x0, 0x0, 0x0, 0x2, 0xaf, 0x34, 0x0, 0x0,
    0x0, 0x0, 0x0, 0x0, 0x3, 0xff, 0x4b, 0x0,
    0x0, 0x0, 0x0, 0x0, 0x7, 0x4e, 0xff, 0x8c,
    0x19, 0x0, 0x0, 0x0, 0x29, 0xdb, 0xff, 0xff,
    0xff, 0xfe, 0x93, 0x3, 0x1, 0xcd, 0xfa, 0x5b,
    0xd, 0x26, 0x7c, 0xf0, 0x2d, 0x23, 0xff, 0xa1,
    0x0, 0x0, 0x0, 0x0, 0xd, 0x0, 0x33, 0xff,
    0x9a, 0x0, 0x0, 0x0, 0x0, 0x0, 0x0, 0x7,
    0xed, 0xf2, 0x34, 0x0, 0x0, 0x0, 0x0, 0x0,
    0x0, 0x4e, 0xf6, 0xf9, 0x85, 0xa, 0x0, 0x0,
    0x0, 0x0, 0x0, 0x28, 0xcc, 0xff, 0xdf, 0x3c,
    0x0, 0x0, 0x0, 0x0, 0x0, 0x5, 0x77, 0xf5,
    0xfc, 0x7e, 0x0, 0x0, 0x0, 0x0, 0x0, 0x0,
    0x20, 0xd6, 0xff, 0x4f, 0x0, 0x0, 0x0, 0x0,
    0x0, 0x0, 0x38, 0xff, 0xa3, 0x0, 0x0, 0x0,
    0x0, 0x0, 0x0, 0x13, 0xff, 0xb2, 0x3f, 0x87,
    0x8, 0x0, 0x0, 0x0, 0x67, 0xff, 0x7d, 0x74,
    0xfd, 0xe2, 0xa3, 0x7e, 0xa7, 0xfd, 0xe1, 0xe,
    0x0, 0x45, 0xac, 0xe4, 0xff, 0xec, 0x9c, 0x15,
    0x0, 0x0, 0x0, 0x0, 0x3, 0xff, 0x4b, 0x0,
    0x0, 0x0, 0x0, 0x0, 0x0, 0x3, 0xff, 0x4b,
    0x0, 0x0, 0x0,

    /* U+0025 "%" */
    0x0, 0x5, 0x88, 0xe0, 0xea, 0xa4, 0x12, 0x0,
    0x0, 0x0, 0x0, 0x0, 0xaa, 0x90, 0x0, 0x0,
    0x0, 0x0, 0x0, 0x8b, 0xe6, 0x47, 0x35, 0xcc,
    0xc2, 0x0, 0x0, 0x0, 0x0, 0x3e, 0xeb, 0x11,
    0x0, 0x0, 0x0, 0x0, 0x5, 0xf7, 0x69, 0x0,
    0x0, 0x36, 0xff, 0x33, 0x0, 0x0, 0x2, 0xcf,
    0x68, 0x0, 0x0, 0x0, 0x0, 0x0, 0x25, 0xff,
    0x36, 0x0, 0x0, 0x5, 0xfe, 0x5b, 0x0, 0x0,
    0x67, 0xd2, 0x3, 0x0, 0x0, 0x0, 0x0, 0x0,
    0x28, 0xff, 0x33, 0x0, 0x0, 0x3, 0xfc, 0x5f,
    0x0, 0x10, 0xea, 0x41, 0x0, 0x0, 0x0, 0x0,
    0x0, 0x0, 0x8, 0xfb, 0x5f, 0x0, 0x0, 0x2d,
    0xff, 0x3a, 0x0, 0x8f, 0xac, 0x0, 0x4b, 0xc5,
    0xe3, 0xa9, 0x17, 0x0, 0x0, 0x9c, 0xd8, 0x20,
    0x10, 0xb6, 0xd1, 0x1, 0x28, 0xf3, 0x21, 0x3b,
    0xfb, 0x74, 0x37, 0xb8, 0xd7, 0x3, 0x0, 0xf,
    0xad, 0xfc, 0xfd, 0xca, 0x25, 0x0, 0xb8, 0x84,
    0x0, 0xb0, 0xb2, 0x0, 0x0, 0x17, 0xfa, 0x52,
    0x0, 0x0, 0x0, 0x9, 0x10, 0x0, 0x0, 0x4c,
    0xe5, 0xb, 0x0, 0xe0, 0x74, 0x0, 0x0, 0x0,
    0xd1, 0x82, 0x0, 0x0, 0x0, 0x0, 0x0, 0x0,
    0x6, 0xda, 0x5c, 0x0, 0x0, 0xf8, 0x61, 0x0,
    0x0, 0x0, 0xbe, 0x9b, 0x0, 0x0, 0x0, 0x0,
    0x0, 0x0, 0x75, 0xc8, 0x1, 0x0, 0x0, 0xe1,
    0x74, 0x0, 0x0, 0x0, 0xd1, 0x82, 0x0, 0x0,
    0x0, 0x0, 0x0, 0x17, 0xf0, 0x37, 0x0, 0x0,
    0x0, 0xb2, 0xb0, 0x0, 0x0, 0x15, 0xfa, 0x54,
    0x0, 0x0, 0x0, 0x0, 0x0, 0x9d, 0xa0, 0x0,
    0x0, 0x0, 0x0, 0x3f, 0xfb, 0x69, 0x2b, 0xb2,
    0xdb, 0x3, 0x0, 0x0, 0x0, 0x0, 0x33, 0xf1,
    0x19, 0x0, 0x0, 0x0, 0x0, 0x0, 0x54, 0xd2,
    0xf0, 0xb5, 0x1c, 0x0,

    /* U+0026 "&" */
    0x0, 0x0, 0x0, 0x17, 0xa2, 0xe7, 0xeb, 0xa2,
    0x10, 0x0, 0x0, 0x0, 0x0, 0x0, 0x0, 0x0,
    0x3, 0xcb, 0xee, 0x68, 0x7a, 0xf7, 0x9c, 0x0,
    0x0, 0x0, 0x0, 0x0, 0x0, 0x0, 0x36, 0xff,
    0x84, 0x0, 0x0, 0xb1, 0xda, 0x0, 0x0, 0x0,
    0x0, 0x0, 0x0, 0x0, 0x49, 0xff, 0x48, 0x0,
    0x0, 0xba, 0xb4, 0x0, 0x0, 0x0, 0x0, 0x0,
    0x0, 0x0, 0x1e, 0xff, 0x6a, 0x0, 0x57, 0xf8,
    0x32, 0x0, 0x0, 0x0, 0x0, 0x0, 0x0, 0x0,
    0x0, 0xc0, 0xc3, 0x86, 0xe3, 0x3a, 0x0, 0x0,
    0x0, 0x0, 0x0, 0x0, 0x0, 0x0, 0x3, 0xa5,
    0xff, 0xd9, 0x15, 0x0, 0x0, 0x0, 0x0, 0x60,
    0x7e, 0x1, 0x0, 0x11, 0xb8, 0xfc, 0xc9, 0xfd,
    0x50, 0x0, 0x0, 0x0, 0x12, 0xf7, 0xa7, 0x0,
    0x0, 0xb7, 0xfc, 0x4e, 0x8, 0xc8, 0xf5, 0x3a,
    0x0, 0x0, 0x77, 0xff, 0x3e, 0x0, 0x22, 0xff,
    0xa5, 0x0, 0x0, 0x17, 0xdc, 0xf5, 0x4f, 0x21,
    0xf4, 0xb1, 0x0, 0x0, 0x37, 0xff, 0x95, 0x0,
    0x0, 0x0, 0x17, 0xcf, 0xfd, 0xdc, 0xeb, 0x17,
    0x0, 0x0, 0x8, 0xf7, 0xe8, 0x1b, 0x0, 0x0,
    0x0, 0x2e, 0xf8, 0xff, 0xd6, 0x39, 0x0, 0x0,
    0x0, 0x64, 0xff, 0xef, 0x94, 0x7b, 0xa8, 0xf7,
    0xe6, 0x84, 0xed, 0xff, 0xc3, 0x1a, 0x0, 0x0,
    0x40, 0xb6, 0xe4, 0xf1, 0xc4, 0x89, 0x10, 0x0,
    0x13, 0x85, 0xd0, 0x4,

    /* U+0027 "'" */
    0x31, 0xff, 0xb5, 0x2b, 0xff, 0xb1, 0x1c, 0xff,
    0xa4, 0x4, 0xfe, 0x8b, 0x0, 0xea, 0x73, 0x0,
    0x92, 0x41,

    /* U+0028 "(" */
    0x0, 0x0, 0x0, 0x7, 0x0, 0x0, 0x0, 0x0,
    0x93, 0xa8, 0x0, 0x0, 0x24, 0xfa, 0x52, 0x0,
    0x0, 0x9a, 0xd3, 0x1, 0x0, 0xb, 0xf2, 0x76,
    0x0, 0x0, 0x5b, 0xff, 0x21, 0x0, 0x0, 0x9a,
    0xdf, 0x0, 0x0, 0x0, 0xd3, 0xad, 0x0, 0x0,
    0x0, 0xfb, 0x83, 0x0, 0x0, 0xf, 0xff, 0x70,
    0x0, 0x0, 0x21, 0xff, 0x61, 0x0, 0x0, 0x1c,
    0xff, 0x65, 0x0, 0x0, 0xa, 0xff, 0x75, 0x0,
    0x0, 0x0, 0xf5, 0x8c, 0x0, 0x0, 0x0, 0xc4,
    0xba, 0x0, 0x0, 0x0, 0x8a, 0xec, 0x0, 0x0,
    0x0, 0x44, 0xff, 0x35, 0x0, 0x0, 0x2, 0xe0,
    0x8c, 0x0, 0x0, 0x0, 0x7d, 0xe8, 0x9, 0x0,
    0x0, 0xe, 0xea, 0x74, 0x0, 0x0, 0x0, 0x64,
    0x7c,

    /* U+0029 ")" */
    0x0, 0x7, 0x1, 0x0, 0x0, 0x7, 0xe1, 0x55,
    0x0, 0x0, 0x0, 0x93, 0xdb, 0x5, 0x0, 0x0,
    0x1a, 0xfb, 0x5b, 0x0, 0x0, 0x0, 0xb6, 0xbe,
    0x0, 0x0, 0x0, 0x5e, 0xfe, 0x1e, 0x0, 0x0,
    0x1b, 0xff, 0x5b, 0x0, 0x0, 0x0, 0xe9, 0x95,
    0x0, 0x0, 0x0, 0xbe, 0xbf, 0x0, 0x0, 0x0,
    0xab, 0xd1, 0x0, 0x0, 0x0, 0x9a, 0xe4, 0x0,
    0x0, 0x0, 0x9f, 0xdf, 0x0, 0x0, 0x0, 0xaf,
    0xcc, 0x0, 0x0, 0x0, 0xc6, 0xb8, 0x0, 0x0,
    0x2, 0xf4, 0x85, 0x0, 0x0, 0x29, 0xff, 0x4b,
    0x0, 0x0, 0x74, 0xf6, 0xf, 0x0, 0x0, 0xcb,
    0xa3, 0x0, 0x0, 0x32, 0xff, 0x3d, 0x0, 0x0,
    0xb5, 0xba, 0x0, 0x0, 0x7, 0xa9, 0x31, 0x0,
    0x0,

    /* U+002A "*" */
    0x0, 0x0, 0x0, 0xeb, 0x3d, 0x0, 0x0, 0x0,
    0xe, 0x4, 0x3, 0xfd, 0x53, 0x0, 0x13, 0x0,
    0x8d, 0xf3, 0xbd, 0xff, 0xd0, 0xe4, 0xde, 0x0,
    0x4, 0x55, 0xdb, 0xff, 0xf9, 0x76, 0x13, 0x0,
    0x0, 0x14, 0xed, 0xd4, 0xff, 0x4f, 0x0, 0x0,
    0x0, 0x92, 0xd1, 0xd, 0x87, 0xe0, 0x4, 0x0,
    0x0, 0x19, 0x1b, 0x0, 0x2, 0x31, 0x0, 0x0,

    /* U+002B "+" */
    0x0, 0x0, 0x0, 0x0, 0x2f, 0xfb, 0x46, 0x0,
    0x0, 0x0, 0x0, 0x0, 0x0, 0x0, 0x0, 0x2f,
    0xff, 0x47, 0x0, 0x0, 0x0, 0x0, 0x0, 0x0,
    0x0, 0x0, 0x2f, 0xff, 0x47, 0x0, 0x0, 0x0,
    0x0, 0x4, 0x13, 0x13, 0x13, 0x40, 0xff, 0x56,
    0x13, 0x13, 0x13, 0x7, 0x3b, 0xff, 0xff, 0xff,
    0xff, 0xff, 0xff, 0xff, 0xff, 0xff, 0x5b, 0xf,
    0x43, 0x43, 0x43, 0x67, 0xff, 0x78, 0x43, 0x43,
    0x43, 0x18, 0x0, 0x0, 0x0, 0x0, 0x2f, 0xff,
    0x47, 0x0, 0x0, 0x0, 0x0, 0x0, 0x0, 0x0,
    0x0, 0x2f, 0xff, 0x47, 0x0, 0x0, 0x0, 0x0,
    0x0, 0x0, 0x0, 0x0, 0x2f, 0xff, 0x47, 0x0,
    0x0, 0x0, 0x0, 0x0, 0x0, 0x0, 0x0, 0x2f,
    0xff, 0x47, 0x0, 0x0, 0x0, 0x0,

    /* U+002C "," */
    0x7, 0x65, 0x51, 0x0, 0x5e, 0xff, 0xff, 0x22,
    0x29, 0xdf, 0xff, 0x5c, 0x0, 0xb, 0xfd, 0x47,
    0x0, 0x86, 0xe4, 0x7, 0xa2, 0xf5, 0x40, 0x0,
    0x62, 0x27, 0x0, 0x0,

    /* U+002D "-" */
    0x1, 0x17, 0x17, 0x17, 0x17, 0x17, 0x1, 0x13,
    0xff, 0xff, 0xff, 0xff, 0xff, 0xb, 0x5, 0x47,
    0x47, 0x47, 0x47, 0x47, 0x3,

    /* U+002E "." */
    0x16, 0x99, 0x60, 0x0, 0x71, 0xff, 0xf7, 0x5,
    0x2e, 0xde, 0x9e, 0x0,

    /* U+002F "/" */
    0x0, 0x0, 0x0, 0x0, 0x0, 0x3, 0xec, 0x62,
    0x0, 0x0, 0x0, 0x0, 0x0, 0x41, 0xfd, 0x15,
    0x0, 0x0, 0x0, 0x0, 0x0, 0x92, 0xc1, 0x0,
    0x0, 0x0, 0x0, 0x0, 0x0, 0xe2, 0x71, 0x0,
    0x0, 0x0, 0x0, 0x0, 0x34, 0xff, 0x21, 0x0,
    0x0, 0x0, 0x0, 0x0, 0x85, 0xcf, 0x0, 0x0,
    0x0, 0x0, 0x0, 0x0, 0xd5, 0x7f, 0x0, 0x0,
    0x0, 0x0, 0x0, 0x26, 0xff, 0x2e, 0x0, 0x0,
    0x0, 0x0, 0x0, 0x77, 0xde, 0x0, 0x0, 0x0,
    0x0, 0x0, 0x0, 0xc8, 0x8d, 0x0, 0x0, 0x0,
    0x0, 0x0, 0x1a, 0xfe, 0x3c, 0x0, 0x0, 0x0,
    0x0, 0x0, 0x6a, 0xe9, 0x2, 0x0, 0x0, 0x0,
    0x0, 0x0, 0xba, 0x9b, 0x0, 0x0, 0x0, 0x0,
    0x0, 0x10, 0xfa, 0x4a, 0x0, 0x0, 0x0, 0x0,
    0x0, 0x5c, 0xf3, 0x7, 0x0, 0x0, 0x0, 0x0,
    0x0, 0xad, 0xa9, 0x0, 0x0, 0x0, 0x0, 0x0,
    0x9, 0xf4, 0x58, 0x0, 0x0, 0x0, 0x0, 0x0,
    0x4f, 0xf9, 0xf, 0x0, 0x0, 0x0, 0x0, 0x0,
    0x9f, 0xb7, 0x0, 0x0, 0x0, 0x0, 0x0, 0x0,

    /* U+0030 "0" */
    0x0, 0x0, 0x61, 0xc1, 0xf1, 0xc8, 0x74, 0x0,
    0x0, 0x0, 0x0, 0x7e, 0xff, 0xc6, 0x7e, 0xb9,
    0xff, 0x9b, 0x0, 0x0, 0x1c, 0xfb, 0xc0, 0x5,
    0x0, 0x0, 0xa5, 0xff, 0x35, 0x0, 0x83, 0xff,
    0x49, 0x0, 0x0, 0x0, 0x2a, 0xff, 0xa0, 0x0,
    0xbe, 0xf8, 0x5, 0x0, 0x0, 0x0, 0x0, 0xdf,
    0xdc, 0x0, 0xd9, 0xe1, 0x0, 0x0, 0x0, 0x0,
    0x0, 0xc3, 0xf7, 0x0, 0xf3, 0xcd, 0x0, 0x0,
    0x0, 0x0, 0x0, 0xae, 0xff, 0x12, 0xf2, 0xce,
    0x0, 0x0, 0x0, 0x0, 0x0, 0xaf, 0xff, 0x11,
    0xd7, 0xe2, 0x0, 0x0, 0x0, 0x0, 0x0, 0xc4,
    0xf6, 0x0, 0xbd, 0xf9, 0x7, 0x0, 0x0, 0x0,
    0x0, 0xe1, 0xdb, 0x0, 0x7f, 0xff, 0x4d, 0x0,
    0x0, 0x0, 0x2e, 0xff, 0x9d, 0x0, 0x1a, 0xfb,
    0xc5, 0x7, 0x0, 0x1, 0xac, 0xff, 0x32, 0x0,
    0x0, 0x7a, 0xff, 0xcd, 0x86, 0xc1, 0xff, 0x97,
    0x0, 0x0, 0x0, 0x0, 0x60, 0xc2, 0xf1, 0xc9,
    0x73, 0x0, 0x0, 0x0,

    /* U+0031 "1" */
    0x0, 0xc, 0x46, 0x97, 0xf4, 0xdb, 0x0, 0x0,
    0x0, 0x0, 0x93, 0xff, 0xff, 0xff, 0xdb, 0x0,
    0x0, 0x0, 0x0, 0xd, 0x17, 0x17, 0xf5, 0xdb,
    0x0, 0x0, 0x0, 0x0, 0x0, 0x0, 0x0, 0xf3,
    0xdb, 0x0, 0x0, 0x0, 0x0, 0x0, 0x0, 0x0,
    0xf3, 0xdb, 0x0, 0x0, 0x0, 0x0, 0x0, 0x0,
    0x0, 0xf3, 0xdb, 0x0, 0x0, 0x0, 0x0, 0x0,
    0x0, 0x0, 0xf3, 0xdb, 0x0, 0x0, 0x0, 0x0,
    0x0, 0x0, 0x0, 0xf3, 0xdb, 0x0, 0x0, 0x0,
    0x0, 0x0, 0x0, 0x0, 0xf3, 0xdb, 0x0, 0x0,
    0x0, 0x0, 0x0, 0x0, 0x0, 0xf3, 0xdb, 0x0,
    0x0, 0x0, 0x0, 0x0, 0x0, 0x0, 0xf3, 0xdb,
    0x0, 0x0, 0x0, 0x0, 0x0, 0x0, 0x0, 0xf3,
    0xdb, 0x0, 0x0, 0x0, 0x1d, 0x7f, 0x7f, 0x7f,
    0xf9, 0xed, 0x7f, 0x7f, 0x65, 0x3b, 0xff, 0xff,
    0xff, 0xff, 0xff, 0xff, 0xff, 0xcb,

    /* U+0032 "2" */
    0x0, 0x0, 0x3b, 0xb5, 0xeb, 0xef, 0xc5, 0x57,
    0x0, 0x0, 0x0, 0x0, 0x6b, 0xfb, 0xda, 0x94,
    0x92, 0xe3, 0xff, 0x81, 0x0, 0x0, 0x5, 0xb2,
    0x85, 0x1, 0x0, 0x0, 0xf, 0xe0, 0xfb, 0x1b,
    0x0, 0x0, 0x0, 0x0, 0x0, 0x0, 0x0, 0x0,
    0x82, 0xff, 0x4e, 0x0, 0x0, 0x0, 0x0, 0x0,
    0x0, 0x0, 0x0, 0x7c, 0xff, 0x4d, 0x0, 0x0,
    0x0, 0x0, 0x0, 0x0, 0x0, 0x0, 0xb2, 0xff,
    0x18, 0x0, 0x0, 0x0, 0x0, 0x0, 0x0, 0x0,
    0x24, 0xf8, 0xbd, 0x0, 0x0, 0x0, 0x0, 0x0,
    0x0, 0x0, 0x0, 0xb6, 0xfc, 0x2d, 0x0, 0x0,
    0x0, 0x0, 0x0, 0x0, 0x0, 0x78, 0xff, 0x7f,
    0x0, 0x0, 0x0, 0x0, 0x0, 0x0, 0x0, 0x63,
    0xff, 0xa2, 0x0, 0x0, 0x0, 0x0, 0x0, 0x0,
    0x0, 0x61, 0xfc, 0xb3, 0x6, 0x0, 0x0, 0x0,
    0x0, 0x0, 0x1, 0x85, 0xff, 0xa6, 0x4, 0x0,
    0x0, 0x0, 0x0, 0x0, 0x6, 0xaa, 0xff, 0xe5,
    0x7c, 0x89, 0x8f, 0x8f, 0x8f, 0x8f, 0xd, 0x1f,
    0xff, 0xff, 0xff, 0xff, 0xff, 0xff, 0xff, 0xff,
    0xff, 0x17,

    /* U+0033 "3" */
    0x0, 0x0, 0x3c, 0xa2, 0xd8, 0xf3, 0xd3, 0x7e,
    0xf, 0x0, 0x0, 0x7a, 0xfd, 0xd9, 0x9a, 0x85,
    0xc8, 0xff, 0xc7, 0x8, 0x0, 0x2c, 0x6f, 0x3,
    0x0, 0x0, 0x0, 0xb2, 0xff, 0x4c, 0x0, 0x0,
    0x0, 0x0, 0x0, 0x0, 0x0, 0x6e, 0xff, 0x6e,
    0x0, 0x0, 0x0, 0x0, 0x0, 0x0, 0x1, 0xb4,
    0xff, 0x35, 0x0, 0x0, 0x0, 0xc, 0x2e, 0x53,
    0xb9, 0xff, 0x86, 0x0, 0x0, 0x0, 0x0, 0x6f,
    0xff, 0xff, 0xfb, 0x68, 0x0, 0x0, 0x0, 0x0,
    0x0, 0x21, 0x5e, 0x78, 0xc8, 0xff, 0xa7, 0x9,
    0x0, 0x0, 0x0, 0x0, 0x0, 0x0, 0x0, 0x74,
    0xff, 0x89, 0x0, 0x0, 0x0, 0x0, 0x0, 0x0,
    0x0, 0x4, 0xf6, 0xdf, 0x0, 0x0, 0x0, 0x0,
    0x0, 0x0, 0x0, 0x4, 0xf6, 0xe3, 0x17, 0xce,
    0x57, 0x0, 0x0, 0x0, 0x0, 0x77, 0xff, 0xa4,
    0x14, 0xb5, 0xff, 0xdc, 0xa3, 0x8d, 0xc6, 0xff,
    0xe3, 0x18, 0x0, 0x1, 0x64, 0xc2, 0xec, 0xf5,
    0xd2, 0x87, 0x12, 0x0,

    /* U+0034 "4" */
    0x0, 0x0, 0x0, 0x0, 0x0, 0x5, 0xd0, 0xff,
    0x83, 0x0, 0x0, 0x0, 0x0, 0x0, 0x0, 0x0,
    0x80, 0xfe, 0xff, 0x83, 0x0, 0x0, 0x0, 0x0,
    0x0, 0x0, 0x30, 0xfa, 0x9f, 0xff, 0x83, 0x0,
    0x0, 0x0, 0x0, 0x0, 0x5, 0xd0, 0xe5, 0x37,
    0xff, 0x83, 0x0, 0x0, 0x0, 0x0, 0x0, 0x81,
    0xff, 0x51, 0x33, 0xff, 0x83, 0x0, 0x0, 0x0,
    0x0, 0x31, 0xfb, 0x9f, 0x0, 0x33, 0xff, 0x83,
    0x0, 0x0, 0x0, 0x5, 0xd1, 0xe1, 0xe, 0x0,
    0x33, 0xff, 0x83, 0x0, 0x0, 0x0, 0x82, 0xfe,
    0x40, 0x0, 0x0, 0x33, 0xff, 0x83, 0x0, 0x0,
    0x31, 0xfb, 0xa5, 0x1f, 0x1f, 0x1f, 0x4d, 0xff,
    0x93, 0x1f, 0xf, 0x96, 0xff, 0xff, 0xff, 0xff,
    0xff, 0xff, 0xff, 0xff, 0xff, 0x7b, 0x2f, 0x4f,
    0x4f, 0x4f, 0x4f, 0x4f, 0x73, 0xff, 0xaa, 0x4f,
    0x26, 0x0, 0x0, 0x0, 0x0, 0x0, 0x0, 0x33,
    0xff, 0x83, 0x0, 0x0, 0x0, 0x0, 0x0, 0x0,
    0x0, 0x0, 0x33, 0xff, 0x83, 0x0, 0x0, 0x0,
    0x0, 0x0, 0x0, 0x0, 0x0, 0x33, 0xff, 0x83,
    0x0, 0x0,

    /* U+0035 "5" */
    0x0, 0x0, 0xd6, 0xff, 0xff, 0xff, 0xff, 0xff,
    0xff, 0x4f, 0x0, 0x0, 0x0, 0xe9, 0xe4, 0x87,
    0x87, 0x87, 0x87, 0x87, 0x2a, 0x0, 0x0, 0x0,
    0xfb, 0xb3, 0x0, 0x0, 0x0, 0x0, 0x0, 0x0,
    0x0, 0x0, 0xf, 0xff, 0x9b, 0x0, 0x0, 0x0,
    0x0, 0x0, 0x0, 0x0, 0x0, 0x22, 0xff, 0x83,
    0x0, 0xe, 0x1, 0x0, 0x0, 0x0, 0x0, 0x0,
    0x35, 0xff, 0xcc, 0xeb, 0xff, 0xf4, 0xb7, 0x2f,
    0x0, 0x0, 0x0, 0x27, 0xe4, 0xab, 0x62, 0x58,
    0x97, 0xfc, 0xf6, 0x27, 0x0, 0x0, 0x0, 0x1,
    0x0, 0x0, 0x0, 0x0, 0x62, 0xff, 0xb2, 0x0,
    0x0, 0x0, 0x0, 0x0, 0x0, 0x0, 0x0, 0x1,
    0xf3, 0xe6, 0x0, 0x0, 0x0, 0x0, 0x0, 0x0,
    0x0, 0x0, 0x0, 0xdd, 0xfa, 0x2, 0x0, 0x0,
    0x0, 0x0, 0x0, 0x0, 0x0, 0x11, 0xfd, 0xcc,
    0x0, 0x14, 0xc1, 0x42, 0x0, 0x0, 0x0, 0x5,
    0xa6, 0xff, 0x78, 0x0, 0x1e, 0xc4, 0xfe, 0xd4,
    0x9d, 0x93, 0xd9, 0xff, 0xba, 0x2, 0x0, 0x0,
    0x3, 0x6b, 0xc5, 0xec, 0xf2, 0xc7, 0x68, 0x2,
    0x0, 0x0,

    /* U+0036 "6" */
    0x0, 0x0, 0x9, 0x88, 0xca, 0xf2, 0xcc, 0x87,
    0x9, 0x0, 0x0, 0x21, 0xd4, 0xfd, 0xb3, 0x88,
    0xa7, 0xf7, 0xaa, 0x0, 0x0, 0xc7, 0xf6, 0x43,
    0x0, 0x0, 0x0, 0x22, 0xf, 0x0, 0x40, 0xff,
    0x8b, 0x0, 0x0, 0x0, 0x0, 0x0, 0x0, 0x0,
    0x8d, 0xff, 0x26, 0x0, 0x0, 0x6, 0x0, 0x0,
    0x0, 0x0, 0xbf, 0xfb, 0x11, 0x97, 0xe6, 0xfd,
    0xd9, 0x5e, 0x0, 0x0, 0xd3, 0xef, 0xd3, 0xac,
    0x5e, 0x63, 0xd0, 0xff, 0x66, 0x0, 0xd7, 0xff,
    0x63, 0x0, 0x0, 0x0, 0xc, 0xea, 0xe9, 0x0,
    0xb9, 0xf2, 0x0, 0x0, 0x0, 0x0, 0x0, 0x9d,
    0xff, 0x19, 0x99, 0xff, 0x1b, 0x0, 0x0, 0x0,
    0x0, 0x89, 0xff, 0x30, 0x5f, 0xff, 0x6a, 0x0,
    0x0, 0x0, 0x0, 0xad, 0xfd, 0xa, 0x4, 0xdf,
    0xe0, 0x19, 0x0, 0x0, 0x28, 0xfa, 0xbb, 0x0,
    0x0, 0x47, 0xf3, 0xe2, 0x89, 0x88, 0xec, 0xf0,
    0x26, 0x0, 0x0, 0x0, 0x2c, 0xad, 0xe4, 0xe6,
    0xaa, 0x1f, 0x0, 0x0,

    /* U+0037 "7" */
    0x3, 0xff, 0xff, 0xff, 0xff, 0xff, 0xff, 0xff,
    0xff, 0xff, 0x27, 0x2, 0x87, 0x87, 0x87, 0x87,
    0x87, 0x87, 0x90, 0xfe, 0xd4, 0x7, 0x0, 0x0,
    0x0, 0x0, 0x0, 0x0, 0x0, 0x88, 0xfa, 0x31,
    0x0, 0x0, 0x0, 0x0, 0x0, 0x0, 0x0, 0x32,
    0xfb, 0x7a, 0x0, 0x0, 0x0, 0x0, 0x0, 0x0,
    0x0, 0x0, 0xc8, 0xe1, 0x3, 0x0, 0x0, 0x0,
    0x0, 0x0, 0x0, 0x0, 0x39, 0xff, 0x77, 0x0,
    0x0, 0x0, 0x0, 0x0, 0x0, 0x0, 0x0, 0xa6,
    0xf7, 0x13, 0x0, 0x0, 0x0, 0x0, 0x0, 0x0,
    0x0, 0xb, 0xfa, 0xb6, 0x0, 0x0, 0x0, 0x0,
    0x0, 0x0, 0x0, 0x0, 0x42, 0xff, 0x81, 0x0,
    0x0, 0x0, 0x0, 0x0, 0x0, 0x0, 0x0, 0x7e,
    0xff, 0x4c, 0x0, 0x0, 0x0, 0x0, 0x0, 0x0,
    0x0, 0x0, 0xb3, 0xff, 0x21, 0x0, 0x0, 0x0,
    0x0, 0x0, 0x0, 0x0, 0x0, 0xce, 0xff, 0xc,
    0x0, 0x0, 0x0, 0x0, 0x0, 0x0, 0x0, 0x0,
    0xe7, 0xf8, 0x0, 0x0, 0x0, 0x0, 0x0, 0x0,
    0x0, 0x0, 0x2, 0xfc, 0xe5, 0x0, 0x0, 0x0,
    0x0, 0x0,

    /* U+0038 "8" */
    0x0, 0x0, 0x6, 0x71, 0xd1, 0xf4, 0xdc, 0x9b,
    0x18, 0x0, 0x0, 0x0, 0x0, 0xa6, 0xff, 0xa6,
    0x64, 0x8a, 0xf6, 0xe0, 0xe, 0x0, 0x0, 0x2b,
    0xff, 0x9d, 0x0, 0x0, 0x0, 0x50, 0xff, 0x71,
    0x0, 0x0, 0x54, 0xff, 0x55, 0x0, 0x0, 0x0,
    0x2, 0xf7, 0x9b, 0x0, 0x0, 0x28, 0xfe, 0x7e,
    0x0, 0x0, 0x0, 0x10, 0xfd, 0x76, 0x0, 0x0,
    0x0, 0x8a, 0xf4, 0x45, 0x0, 0x0, 0x64, 0xe1,
    0x11, 0x0, 0x0, 0x0, 0x0, 0xa9, 0xff, 0xba,
    0x5d, 0xdf, 0x23, 0x0, 0x0, 0x0, 0x1, 0x7a,
    0xee, 0x59, 0x89, 0xed, 0xfb, 0x72, 0x0, 0x0,
    0x0, 0x77, 0xf9, 0x2e, 0x0, 0x0, 0xf, 0xa2,
    0xff, 0x87, 0x0, 0x0, 0xe8, 0xac, 0x0, 0x0,
    0x0, 0x0, 0x1, 0xd3, 0xf9, 0x8, 0x7, 0xfd,
    0x9f, 0x0, 0x0, 0x0, 0x0, 0x0, 0x9f, 0xff,
    0x22, 0x0, 0xcf, 0xed, 0x20, 0x0, 0x0, 0x0,
    0xf, 0xe1, 0xef, 0x2, 0x0, 0x37, 0xf6, 0xee,
    0x8a, 0x61, 0x7a, 0xdd, 0xfe, 0x57, 0x0, 0x0,
    0x0, 0x23, 0x9c, 0xd8, 0xf6, 0xdf, 0xac, 0x35,
    0x0, 0x0,

    /* U+0039 "9" */
    0x0, 0x0, 0x21, 0xa8, 0xe3, 0xe9, 0xb4, 0x41,
    0x0, 0x0, 0x0, 0x0, 0x27, 0xf3, 0xed, 0x87,
    0x7d, 0xca, 0xfc, 0x6b, 0x0, 0x0, 0x0, 0xbc,
    0xf8, 0x28, 0x0, 0x0, 0x4, 0xae, 0xf7, 0x1a,
    0x0, 0x4, 0xf8, 0xb5, 0x0, 0x0, 0x0, 0x0,
    0x21, 0xff, 0x8d, 0x0, 0x11, 0xff, 0xa4, 0x0,
    0x0, 0x0, 0x0, 0x0, 0xde, 0xc1, 0x0, 0x0,
    0xe9, 0xdc, 0x4, 0x0, 0x0, 0x0, 0x24, 0xe5,
    0xe3, 0x0, 0x0, 0x7e, 0xff, 0xab, 0x32, 0x28,
    0x69, 0xe7, 0xe9, 0xfd, 0x0, 0x0, 0x5, 0x8d,
    0xfb, 0xff, 0xff, 0xd7, 0x38, 0xc7, 0xf1, 0x0,
    0x0, 0x0, 0x0, 0xc, 0x33, 0x1e, 0x0, 0x0,
    0xe7, 0xd9, 0x0, 0x0, 0x0, 0x0, 0x0, 0x0,
    0x0, 0x0, 0x25, 0xff, 0xa6, 0x0, 0x0, 0x0,
    0x0, 0x0, 0x0, 0x0, 0x0, 0x93, 0xff, 0x55,
    0x0, 0x0, 0x15, 0x55, 0x0, 0x0, 0x0, 0x47,
    0xf6, 0xd8, 0x5, 0x0, 0x0, 0x90, 0xff, 0xc2,
    0x8e, 0xb1, 0xfb, 0xe0, 0x2e, 0x0, 0x0, 0x0,
    0x2, 0x73, 0xc1, 0xf1, 0xd5, 0x98, 0x12, 0x0,
    0x0, 0x0,

    /* U+003A ":" */
    0x2c, 0xdd, 0x9b, 0x0, 0x72, 0xff, 0xf8, 0x5,
    0x18, 0xa2, 0x68, 0x0, 0x0, 0x0, 0x0, 0x0,
    0x0, 0x0, 0x0, 0x0, 0x0, 0x0, 0x0, 0x0,
    0x0, 0x0, 0x0, 0x0, 0x0, 0x0, 0x0, 0x0,
    0x16, 0x99, 0x60, 0x0, 0x71, 0xff, 0xf7, 0x5,
    0x2e, 0xde, 0x9e, 0x0,

    /* U+003B ";" */
    0x2c, 0xdd, 0x9b, 0x0, 0x72, 0xff, 0xf8, 0x5,
    0x18, 0xa2, 0x68, 0x0, 0x0, 0x0, 0x0, 0x0,
    0x0, 0x0, 0x0, 0x0, 0x0, 0x0, 0x0, 0x0,
    0x0, 0x0, 0x0, 0x0, 0x0, 0x0, 0x0, 0x0,
    0x7, 0x65, 0x51, 0x0, 0x5e, 0xff, 0xff, 0x22,
    0x29, 0xdf, 0xff, 0x5c, 0x0, 0xb, 0xfd, 0x47,
    0x0, 0x86, 0xe4, 0x7, 0xa2, 0xf5, 0x40, 0x0,
    0x62, 0x27, 0x0, 0x0,

    /* U+003C "<" */
    0x0, 0x0, 0x0, 0x0, 0x0, 0x0, 0x0, 0x0,
    0x12, 0x6d, 0x3f, 0x0, 0x0, 0x0, 0x0, 0x0,
    0x1, 0x42, 0xa6, 0xf8, 0xfe, 0x4f, 0x0, 0x0,
    0x0, 0x1b, 0x7b, 0xdd, 0xff, 0xd8, 0x7a, 0x1e,
    0x0, 0x4, 0x50, 0xb4, 0xfc, 0xec, 0x94, 0x36,
    0x0, 0x0, 0x0, 0x0, 0x3b, 0xff, 0xeb, 0x58,
    0x6, 0x0, 0x0, 0x0, 0x0, 0x0, 0x0, 0x1a,
    0xad, 0xfa, 0xee, 0x98, 0x3b, 0x0, 0x0, 0x0,
    0x0, 0x0, 0x0, 0x0, 0x15, 0x73, 0xd6, 0xff,
    0xdd, 0x81, 0x25, 0x0, 0x0, 0x0, 0x0, 0x0,
    0x0, 0x0, 0x3a, 0x9d, 0xf3, 0xff, 0xc7, 0x31,
    0x0, 0x0, 0x0, 0x0, 0x0, 0x0, 0x0, 0xc,
    0x63, 0xc7, 0x5b, 0x0, 0x0, 0x0, 0x0, 0x0,
    0x0, 0x0, 0x0, 0x0, 0x0, 0x3,

    /* U+003D "=" */
    0x3b, 0xff, 0xff, 0xff, 0xff, 0xff, 0xff, 0xff,
    0xff, 0xff, 0x5b, 0x14, 0x57, 0x57, 0x57, 0x57,
    0x57, 0x57, 0x57, 0x57, 0x57, 0x1f, 0x0, 0x0,
    0x0, 0x0, 0x0, 0x0, 0x0, 0x0, 0x0, 0x0,
    0x0, 0x0, 0x0, 0x0, 0x0, 0x0, 0x0, 0x0,
    0x0, 0x0, 0x0, 0x0, 0x4, 0x13, 0x13, 0x13,
    0x13, 0x13, 0x13, 0x13, 0x13, 0x13, 0x7, 0x3b,
    0xff, 0xff, 0xff, 0xff, 0xff, 0xff, 0xff, 0xff,
    0xff, 0x5b, 0xf, 0x43, 0x43, 0x43, 0x43, 0x43,
    0x43, 0x43, 0x43, 0x43, 0x18,

    /* U+003E ">" */
    0x2b, 0x79, 0x1a, 0x0, 0x0, 0x0, 0x0, 0x0,
    0x0, 0x0, 0x0, 0x32, 0xfb, 0xfc, 0xb2, 0x4f,
    0x4, 0x0, 0x0, 0x0, 0x0, 0x0, 0x0, 0x16,
    0x6f, 0xcd, 0xff, 0xe7, 0x87, 0x25, 0x0, 0x0,
    0x0, 0x0, 0x0, 0x0, 0x0, 0x2b, 0x89, 0xe5,
    0xff, 0xc0, 0x5c, 0x9, 0x0, 0x0, 0x0, 0x0,
    0x0, 0x0, 0x2, 0x4b, 0xe0, 0xff, 0x5b, 0x0,
    0x0, 0x0, 0x0, 0x0, 0x31, 0x8e, 0xe8, 0xfd,
    0xb9, 0x2a, 0x0, 0x0, 0x1b, 0x76, 0xd3, 0xff,
    0xe1, 0x80, 0x1f, 0x0, 0x0, 0x1e, 0xbb, 0xfd,
    0xf9, 0xa9, 0x46, 0x2, 0x0, 0x0, 0x0, 0x0,
    0x3b, 0xd3, 0x70, 0x13, 0x0, 0x0, 0x0, 0x0,
    0x0, 0x0, 0x0, 0x3, 0x0, 0x0, 0x0, 0x0,
    0x0, 0x0, 0x0, 0x0, 0x0, 0x0,

    /* U+003F "?" */
    0x0, 0x1, 0x70, 0xd3, 0xf6, 0xe1, 0x9e, 0x1c,
    0x0, 0x3, 0xb3, 0xfb, 0xb4, 0x8b, 0xbb, 0xff,
    0xd7, 0xa, 0x0, 0x4a, 0x36, 0x0, 0x0, 0x0,
    0xa1, 0xff, 0x48, 0x0, 0x0, 0x0, 0x0, 0x0,
    0x0, 0x69, 0xff, 0x5b, 0x0, 0x0, 0x0, 0x0,
    0x0, 0x0, 0xbb, 0xf5, 0x17, 0x0, 0x0, 0x0,
    0x0, 0x0, 0x85, 0xff, 0x59, 0x0, 0x0, 0x0,
    0x0, 0x0, 0x57, 0xff, 0x87, 0x0, 0x0, 0x0,
    0x0, 0x0, 0x18, 0xef, 0xc0, 0x3, 0x0, 0x0,
    0x0, 0x0, 0x0, 0x66, 0xff, 0x49, 0x0, 0x0,
    0x0, 0x0, 0x0, 0x0, 0x44, 0x9b, 0x1e, 0x0,
    0x0, 0x0, 0x0, 0x0, 0x0, 0x0, 0x0, 0x0,
    0x0, 0x0, 0x0, 0x0, 0x0, 0x0, 0x40, 0xa1,
    0x2e, 0x0, 0x0, 0x0, 0x0, 0x0, 0x0, 0xc6,
    0xff, 0xa8, 0x0, 0x0, 0x0, 0x0, 0x0, 0x0,
    0x71, 0xe6, 0x55, 0x0, 0x0, 0x0,

    /* U+0040 "@" */
    0x0, 0x0, 0x0, 0x0, 0x0, 0x24, 0x7f, 0xc6,
    0xe7, 0xf9, 0xe8, 0xbd, 0x6a, 0x3, 0x0, 0x0,
    0x0, 0x0, 0x0, 0x0, 0xb, 0x98, 0xfb, 0xc5,
    0x74, 0x49, 0x40, 0x6a, 0x97, 0xed, 0xcc, 0x30,
    0x0, 0x0, 0x0, 0x0, 0x1b, 0xd3, 0xde, 0x42,
    0x0, 0x0, 0x0, 0x0, 0x0, 0x0, 0x18, 0xb0,
    0xf6, 0x23, 0x0, 0x0, 0xb, 0xce, 0xd2, 0x13,
    0x0, 0x0, 0x0, 0x0, 0x0, 0x0, 0x0, 0x0,
    0x0, 0xc2, 0xbc, 0x0, 0x0, 0x88, 0xfa, 0x2f,
    0x0, 0x0, 0x0, 0x0, 0x0, 0x0, 0x0, 0x0,
    0x0, 0x0, 0x2e, 0xfc, 0x4b, 0x16, 0xf6, 0x7b,
    0x0, 0x0, 0x0, 0x1a, 0x99, 0xda, 0xcd, 0x63,
    0xf2, 0xc, 0x0, 0x0, 0xcf, 0x94, 0x65, 0xf3,
    0x7, 0x0, 0x0, 0x25, 0xe2, 0xb4, 0x41, 0x5b,
    0xf7, 0xd9, 0x0, 0x0, 0x0, 0xa7, 0xb5, 0xaa,
    0xaf, 0x0, 0x0, 0x0, 0xb7, 0xc6, 0x5, 0x0,
    0x0, 0xc7, 0xa6, 0x0, 0x0, 0x0, 0x89, 0xbb,
    0xc7, 0x8a, 0x0, 0x0, 0x2a, 0xff, 0x4f, 0x0,
    0x0, 0x0, 0xf1, 0x73, 0x0, 0x0, 0x0, 0xa6,
    0x94, 0xda, 0x79, 0x0, 0x0, 0x5b, 0xff, 0x16,
    0x0, 0x0, 0x1d, 0xff, 0x43, 0x0, 0x0, 0x1,
    0xd9, 0x69, 0xc9, 0x8b, 0x0, 0x0, 0x62, 0xff,
    0x14, 0x0, 0x0, 0x53, 0xff, 0x21, 0x0, 0x0,
    0x52, 0xe9, 0xe, 0xa5, 0xbe, 0x0, 0x0, 0x27,
    0xfc, 0x7f, 0x3, 0x4a, 0xd4, 0xf7, 0x67, 0x4,
    0x4c, 0xee, 0x5a, 0x0, 0x59, 0xfb, 0x2b, 0x0,
    0x0, 0x6a, 0xf5, 0xf6, 0xb8, 0x1b, 0x75, 0xec,
    0xfb, 0xd6, 0x46, 0x0, 0x0, 0x3, 0xc6, 0xcd,
    0x4, 0x0, 0x0, 0x4, 0xc, 0x0, 0x0, 0x0,
    0x1, 0xf, 0x0, 0x0, 0x0, 0x0, 0x0, 0x23,
    0xf3, 0xa9, 0x15, 0x0, 0x0, 0x0, 0x0, 0x0,
    0x0, 0x0, 0x0, 0x0, 0x0, 0x0, 0x0, 0x0,
    0x0, 0x40, 0xd7, 0xef, 0x7a, 0x43, 0x19, 0xb,
    0x28, 0x61, 0xaa, 0x8, 0x0, 0x0, 0x0, 0x0,
    0x0, 0x0, 0x0, 0x5, 0x73, 0xca, 0xf2, 0xff,
    0xff, 0xfc, 0xc9, 0x61, 0x7, 0x0, 0x0, 0x0,
    0x0, 0x0, 0x0, 0x0, 0x0, 0x0, 0x0, 0x0,
    0x1c, 0x20, 0x4, 0x0, 0x0, 0x0, 0x0, 0x0,
    0x0, 0x0,

    /* U+0041 "A" */
    0x0, 0x0, 0x0, 0x0, 0x22, 0xff, 0xff, 0x44,
    0x0, 0x0, 0x0, 0x0, 0x0, 0x0, 0x0, 0x0,
    0x0, 0x7c, 0xee, 0xe1, 0xa0, 0x0, 0x0, 0x0,
    0x0, 0x0, 0x0, 0x0, 0x0, 0x0, 0xd7, 0xa0,
    0x8b, 0xf2, 0x9, 0x0, 0x0, 0x0, 0x0, 0x0,
    0x0, 0x0, 0x32, 0xff, 0x4d, 0x36, 0xff, 0x56,
    0x0, 0x0, 0x0, 0x0, 0x0, 0x0, 0x0, 0x8d,
    0xf3, 0x8, 0x0, 0xe1, 0xb1, 0x0, 0x0, 0x0,
    0x0, 0x0, 0x0, 0x2, 0xe5, 0xa7, 0x0, 0x0,
    0x8d, 0xfa, 0x12, 0x0, 0x0, 0x0, 0x0, 0x0,
    0x43, 0xff, 0x4e, 0x0, 0x0, 0x36, 0xff, 0x67,
    0x0, 0x0, 0x0, 0x0, 0x0, 0x9d, 0xf3, 0x25,
    0x1f, 0x1f, 0x20, 0xe5, 0xc2, 0x0, 0x0, 0x0,
    0x0, 0x7, 0xf0, 0xff, 0xff, 0xff, 0xff, 0xff,
    0xff, 0xfe, 0x1f, 0x0, 0x0, 0x0, 0x53, 0xff,
    0x7c, 0x4f, 0x4f, 0x4f, 0x4f, 0x6f, 0xff, 0x79,
    0x0, 0x0, 0x0, 0xae, 0xf5, 0x9, 0x0, 0x0,
    0x0, 0x0, 0x2, 0xea, 0xd4, 0x0, 0x0, 0x10,
    0xf8, 0xb1, 0x0, 0x0, 0x0, 0x0, 0x0, 0x0,
    0xa0, 0xff, 0x2f, 0x0, 0x64, 0xff, 0x63, 0x0,
    0x0, 0x0, 0x0, 0x0, 0x0, 0x53, 0xff, 0x8a,
    0x0, 0xbe, 0xfe, 0x18, 0x0, 0x0, 0x0, 0x0,
    0x0, 0x0, 0xd, 0xf9, 0xe3, 0x2,

    /* U+0042 "B" */
    0xfb, 0xff, 0xff, 0xff, 0xfa, 0xe4, 0xbf, 0x65,
    0x5, 0x0, 0x0, 0xfb, 0xeb, 0x6f, 0x6f, 0x77,
    0x91, 0xdd, 0xff, 0xad, 0x2, 0x0, 0xfb, 0xdb,
    0x0, 0x0, 0x0, 0x0, 0x7, 0xc8, 0xff, 0x2f,
    0x0, 0xfb, 0xdb, 0x0, 0x0, 0x0, 0x0, 0x0,
    0x7b, 0xff, 0x5c, 0x0, 0xfb, 0xdb, 0x0, 0x0,
    0x0, 0x0, 0x0, 0xa9, 0xff, 0x32, 0x0, 0xfb,
    0xdf, 0x1b, 0x1b, 0x26, 0x43, 0x9f, 0xfe, 0x87,
    0x0, 0x0, 0xfb, 0xff, 0xff, 0xff, 0xff, 0xff,
    0xff, 0xa9, 0x17, 0x0, 0x0, 0xfb, 0xe6, 0x4b,
    0x4b, 0x4f, 0x64, 0x94, 0xed, 0xf2, 0x4b, 0x0,
    0xfb, 0xdb, 0x0, 0x0, 0x0, 0x0, 0x0, 0x22,
    0xec, 0xea, 0x7, 0xfb, 0xdb, 0x0, 0x0, 0x0,
    0x0, 0x0, 0x0, 0xa8, 0xff, 0x2c, 0xfb, 0xdb,
    0x0, 0x0, 0x0, 0x0, 0x0, 0x0, 0xbc, 0xff,
    0x15, 0xfb, 0xdb, 0x0, 0x0, 0x0, 0x0, 0x0,
    0x51, 0xfb, 0xd2, 0x0, 0xfb, 0xec, 0x77, 0x77,
    0x7c, 0x91, 0xc9, 0xff, 0xee, 0x29, 0x0, 0xfb,
    0xff, 0xff, 0xff, 0xfe, 0xe8, 0xcb, 0x7e, 0x15,
    0x0, 0x0,

    /* U+0043 "C" */
    0x0, 0x0, 0x0, 0x29, 0x97, 0xc7, 0xf3, 0xe7,
    0xa7, 0x29, 0x0, 0x0, 0x0, 0x1, 0x75, 0xf8,
    0xfe, 0xd8, 0xaa, 0xc2, 0xf4, 0xf4, 0x4f, 0x0,
    0x0, 0x61, 0xff, 0xdf, 0x38, 0x0, 0x0, 0x0,
    0x16, 0x94, 0x1a, 0x0, 0x13, 0xec, 0xf7, 0x1f,
    0x0, 0x0, 0x0, 0x0, 0x0, 0x0, 0x0, 0x0,
    0x6c, 0xff, 0x8a, 0x0, 0x0, 0x0, 0x0, 0x0,
    0x0, 0x0, 0x0, 0x0, 0x97, 0xff, 0x47, 0x0,
    0x0, 0x0, 0x0, 0x0, 0x0, 0x0, 0x0, 0x0,
    0xc2, 0xff, 0x21, 0x0, 0x0, 0x0, 0x0, 0x0,
    0x0, 0x0, 0x0, 0x0, 0xc3, 0xff, 0x22, 0x0,
    0x0, 0x0, 0x0, 0x0, 0x0, 0x0, 0x0, 0x0,
    0x98, 0xff, 0x47, 0x0, 0x0, 0x0, 0x0, 0x0,
    0x0, 0x0, 0x0, 0x0, 0x6e, 0xff, 0x8b, 0x0,
    0x0, 0x0, 0x0, 0x0, 0x0, 0x0, 0x0, 0x0,
    0x16, 0xef, 0xf7, 0x1d, 0x0, 0x0, 0x0, 0x0,
    0x0, 0x0, 0x0, 0x0, 0x0, 0x67, 0xff, 0xdd,
    0x34, 0x0, 0x0, 0x0, 0xd, 0x9b, 0x8c, 0x0,
    0x0, 0x1, 0x7e, 0xfa, 0xfc, 0xd3, 0xa6, 0xbe,
    0xf1, 0xf6, 0x5e, 0x0, 0x0, 0x0, 0x0, 0x30,
    0x9d, 0xcd, 0xf6, 0xe9, 0xad, 0x2f, 0x0, 0x0,

    /* U+0044 "D" */
    0xfb, 0xff, 0xff, 0xfd, 0xde, 0xb7, 0x89, 0x16,
    0x0, 0x0, 0x0, 0xfb, 0xec, 0x77, 0x7c, 0xa0,
    0xcc, 0xff, 0xee, 0x62, 0x0, 0x0, 0xfb, 0xdb,
    0x0, 0x0, 0x0, 0x0, 0x4d, 0xe6, 0xff, 0x3d,
    0x0, 0xfb, 0xdb, 0x0, 0x0, 0x0, 0x0, 0x0,
    0x42, 0xff, 0xd2, 0x4, 0xfb, 0xdb, 0x0, 0x0,
    0x0, 0x0, 0x0, 0x0, 0xba, 0xff, 0x34, 0xfb,
    0xdb, 0x0, 0x0, 0x0, 0x0, 0x0, 0x0, 0x83,
    0xff, 0x5b, 0xfb, 0xdb, 0x0, 0x0, 0x0, 0x0,
    0x0, 0x0, 0x60, 0xff, 0x82, 0xfb, 0xdb, 0x0,
    0x0, 0x0, 0x0, 0x0, 0x0, 0x63, 0xff, 0x7e,
    0xfb, 0xdb, 0x0, 0x0, 0x0, 0x0, 0x0, 0x0,
    0x86, 0xff, 0x57, 0xfb, 0xdb, 0x0, 0x0, 0x0,
    0x0, 0x0, 0x0, 0xc3, 0xff, 0x31, 0xfb, 0xdb,
    0x0, 0x0, 0x0, 0x0, 0x0, 0x4c, 0xff, 0xc9,
    0x1, 0xfb, 0xdb, 0x0, 0x0, 0x0, 0x0, 0x59,
    0xed, 0xfe, 0x36, 0x0, 0xfb, 0xed, 0x7f, 0x84,
    0xa8, 0xd6, 0xff, 0xeb, 0x58, 0x0, 0x0, 0xfb,
    0xff, 0xff, 0xfe, 0xe1, 0xb7, 0x88, 0x14, 0x0,
    0x0, 0x0,

    /* U+0045 "E" */
    0xfb, 0xff, 0xff, 0xff, 0xff, 0xff, 0xff, 0xff,
    0x73, 0xfb, 0xef, 0x87, 0x87, 0x87, 0x87, 0x87,
    0x87, 0x3d, 0xfb, 0xdb, 0x0, 0x0, 0x0, 0x0,
    0x0, 0x0, 0x0, 0xfb, 0xdb, 0x0, 0x0, 0x0,
    0x0, 0x0, 0x0, 0x0, 0xfb, 0xdb, 0x0, 0x0,
    0x0, 0x0, 0x0, 0x0, 0x0, 0xfb, 0xf0, 0x8f,
    0x8f, 0x8f, 0x8f, 0x8f, 0x3c, 0x0, 0xfb, 0xff,
    0xff, 0xff, 0xff, 0xff, 0xff, 0x6b, 0x0, 0xfb,
    0xdb, 0x0, 0x0, 0x0, 0x0, 0x0, 0x0, 0x0,
    0xfb, 0xdb, 0x0, 0x0, 0x0, 0x0, 0x0, 0x0,
    0x0, 0xfb, 0xdb, 0x0, 0x0, 0x0, 0x0, 0x0,
    0x0, 0x0, 0xfb, 0xdb, 0x0, 0x0, 0x0, 0x0,
    0x0, 0x0, 0x0, 0xfb, 0xdb, 0x0, 0x0, 0x0,
    0x0, 0x0, 0x0, 0x0, 0xfb, 0xf0, 0x8f, 0x8f,
    0x8f, 0x8f, 0x8f, 0x8f, 0x62, 0xfb, 0xff, 0xff,
    0xff, 0xff, 0xff, 0xff, 0xff, 0xaf,

    /* U+0046 "F" */
    0xfb, 0xff, 0xff, 0xff, 0xff, 0xff, 0xff, 0xff,
    0x73, 0xfb, 0xef, 0x87, 0x87, 0x87, 0x87, 0x87,
    0x87, 0x3d, 0xfb, 0xdb, 0x0, 0x0, 0x0, 0x0,
    0x0, 0x0, 0x0, 0xfb, 0xdb, 0x0, 0x0, 0x0,
    0x0, 0x0, 0x0, 0x0, 0xfb, 0xdb, 0x0, 0x0,
    0x0, 0x0, 0x0, 0x0, 0x0, 0xfb, 0xdb, 0x0,
    0x0, 0x0, 0x0, 0x0, 0x0, 0x0, 0xfb, 0xff,
    0xff, 0xff, 0xff, 0xff, 0xff, 0x73, 0x0, 0xfb,
    0xef, 0x87, 0x87, 0x87, 0x87, 0x87, 0x3d, 0x0,
    0xfb, 0xdb, 0x0, 0x0, 0x0, 0x0, 0x0, 0x0,
    0x0, 0xfb, 0xdb, 0x0, 0x0, 0x0, 0x0, 0x0,
    0x0, 0x0, 0xfb, 0xdb, 0x0, 0x0, 0x0, 0x0,
    0x0, 0x0, 0x0, 0xfb, 0xdb, 0x0, 0x0, 0x0,
    0x0, 0x0, 0x0, 0x0, 0xfb, 0xdb, 0x0, 0x0,
    0x0, 0x0, 0x0, 0x0, 0x0, 0xfb, 0xdb, 0x0,
    0x0, 0x0, 0x0, 0x0, 0x0, 0x0,

    /* U+0047 "G" */
    0x0, 0x0, 0x0, 0x1e, 0x90, 0xbf, 0xed, 0xed,
    0xc2, 0x5d, 0x0, 0x0, 0x0, 0x0, 0x6a, 0xf2,
    0xff, 0xe0, 0xb1, 0xb4, 0xe1, 0xff, 0xa8, 0x1,
    0x0, 0x57, 0xff, 0xe5, 0x47, 0x0, 0x0, 0x0,
    0x0, 0x5d, 0x58, 0x0, 0x11, 0xe8, 0xf9, 0x26,
    0x0, 0x0, 0x0, 0x0, 0x0, 0x0, 0x0, 0x0,
    0x74, 0xff, 0x8e, 0x0, 0x0, 0x0, 0x0, 0x0,
    0x0, 0x0, 0x0, 0x0, 0xb3, 0xff, 0x49, 0x0,
    0x0, 0x0, 0x0, 0x0, 0x0, 0x0, 0x0, 0x0,
    0xcd, 0xff, 0x22, 0x0, 0x0, 0x0, 0x44, 0x83,
    0x83, 0x83, 0x83, 0x27, 0xc3, 0xff, 0x22, 0x0,
    0x0, 0x0, 0x83, 0xff, 0xff, 0xff, 0xff, 0x4b,
    0x98, 0xff, 0x46, 0x0, 0x0, 0x0, 0x0, 0x0,
    0x0, 0x67, 0xff, 0x4b, 0x6d, 0xff, 0x8b, 0x0,
    0x0, 0x0, 0x0, 0x0, 0x0, 0x67, 0xff, 0x4b,
    0x15, 0xed, 0xf7, 0x1e, 0x0, 0x0, 0x0, 0x0,
    0x0, 0x67, 0xff, 0x4b, 0x0, 0x63, 0xff, 0xe0,
    0x3d, 0x0, 0x0, 0x0, 0x2, 0x8d, 0xff, 0x4b,
    0x0, 0x1, 0x77, 0xf7, 0xfe, 0xda, 0xac, 0xaa,
    0xdc, 0xff, 0xd1, 0x20, 0x0, 0x0, 0x0, 0x27,
    0x97, 0xc6, 0xf1, 0xdf, 0xb1, 0x6f, 0x4, 0x0,

    /* U+0048 "H" */
    0xfb, 0xdb, 0x0, 0x0, 0x0, 0x0, 0x0, 0x0,
    0x4b, 0xff, 0x8f, 0xfb, 0xdb, 0x0, 0x0, 0x0,
    0x0, 0x0, 0x0, 0x4b, 0xff, 0x8f, 0xfb, 0xdb,
    0x0, 0x0, 0x0, 0x0, 0x0, 0x0, 0x4b, 0xff,
    0x8f, 0xfb, 0xdb, 0x0, 0x0, 0x0, 0x0, 0x0,
    0x0, 0x4b, 0xff, 0x8f, 0xfb, 0xdb, 0x0, 0x0,
    0x0, 0x0, 0x0, 0x0, 0x4b, 0xff, 0x8f, 0xfb,
    0xf0, 0x93, 0x93, 0x93, 0x93, 0x93, 0x93, 0xb4,
    0xff, 0x8f, 0xfb, 0xff, 0xff, 0xff, 0xff, 0xff,
    0xff, 0xff, 0xff, 0xff, 0x8f, 0xfb, 0xdb, 0x0,
    0x0, 0x0, 0x0, 0x0, 0x0, 0x4b, 0xff, 0x8f,
    0xfb, 0xdb, 0x0, 0x0, 0x0, 0x0, 0x0, 0x0,
    0x4b, 0xff, 0x8f, 0xfb, 0xdb, 0x0, 0x0, 0x0,
    0x0, 0x0, 0x0, 0x4b, 0xff, 0x8f, 0xfb, 0xdb,
    0x0, 0x0, 0x0, 0x0, 0x0, 0x0, 0x4b, 0xff,
    0x8f, 0xfb, 0xdb, 0x0, 0x0, 0x0, 0x0, 0x0,
    0x0, 0x4b, 0xff, 0x8f, 0xfb, 0xdb, 0x0, 0x0,
    0x0, 0x0, 0x0, 0x0, 0x4b, 0xff, 0x8f, 0xfb,
    0xdb, 0x0, 0x0, 0x0, 0x0, 0x0, 0x0, 0x4b,
    0xff, 0x8f,

    /* U+0049 "I" */
    0xfb, 0xdb, 0xfb, 0xdb, 0xfb, 0xdb, 0xfb, 0xdb,
    0xfb, 0xdb, 0xfb, 0xdb, 0xfb, 0xdb, 0xfb, 0xdb,
    0xfb, 0xdb, 0xfb, 0xdb, 0xfb, 0xdb, 0xfb, 0xdb,
    0xfb, 0xdb, 0xfb, 0xdb,

    /* U+004A "J" */
    0x0, 0x0, 0x0, 0x0, 0x0, 0x0, 0x13, 0xff,
    0xc7, 0x0, 0x0, 0x0, 0x0, 0x0, 0x0, 0x13,
    0xff, 0xc7, 0x0, 0x0, 0x0, 0x0, 0x0, 0x0,
    0x13, 0xff, 0xc7, 0x0, 0x0, 0x0, 0x0, 0x0,
    0x0, 0x13, 0xff, 0xc7, 0x0, 0x0, 0x0, 0x0,
    0x0, 0x0, 0x13, 0xff, 0xc7, 0x0, 0x0, 0x0,
    0x0, 0x0, 0x0, 0x13, 0xff, 0xc7, 0x0, 0x0,
    0x0, 0x0, 0x0, 0x0, 0x13, 0xff, 0xc7, 0x0,
    0x0, 0x0, 0x0, 0x0, 0x0, 0x13, 0xff, 0xc7,
    0x0, 0x0, 0x0, 0x0, 0x0, 0x0, 0x13, 0xff,
    0xc7, 0x0, 0x0, 0x0, 0x0, 0x0, 0x0, 0x18,
    0xff, 0xc5, 0x0, 0x0, 0x0, 0x0, 0x0, 0x0,
    0x33, 0xff, 0xa9, 0x11, 0xbf, 0x83, 0x0, 0x0,
    0x0, 0x9a, 0xff, 0x71, 0x0, 0xb1, 0xff, 0xd5,
    0xa4, 0xcb, 0xff, 0xdd, 0x9, 0x0, 0x4, 0x7b,
    0xd9, 0xf7, 0xd7, 0x9a, 0x11, 0x0,

    /* U+004B "K" */
    0xfb, 0xdb, 0x0, 0x0, 0x0, 0x0, 0x0, 0x64,
    0xff, 0xb2, 0x2, 0xfb, 0xdb, 0x0, 0x0, 0x0,
    0x0, 0x48, 0xfb, 0xcc, 0xb, 0x0, 0xfb, 0xdb,
    0x0, 0x0, 0x0, 0x2f, 0xf2, 0xe1, 0x19, 0x0,
    0x0, 0xfb, 0xdb, 0x0, 0x0, 0x1d, 0xe5, 0xf0,
    0x2b, 0x0, 0x0, 0x0, 0xfb, 0xdb, 0x0, 0xe,
    0xd3, 0xfb, 0x44, 0x0, 0x0, 0x0, 0x0, 0xfb,
    0xdb, 0x5, 0xbc, 0xff, 0xbb, 0x0, 0x0, 0x0,
    0x0, 0x0, 0xfb, 0xdc, 0xa0, 0xff, 0xef, 0xff,
    0x45, 0x0, 0x0, 0x0, 0x0, 0xfb, 0xff, 0xff,
    0xaa, 0x2c, 0xfa, 0xd9, 0x7, 0x0, 0x0, 0x0,
    0xfb, 0xff, 0xc3, 0x7, 0x0, 0x8a, 0xff, 0x7c,
    0x0, 0x0, 0x0, 0xfb, 0xed, 0x12, 0x0, 0x0,
    0xc, 0xe3, 0xf7, 0x22, 0x0, 0x0, 0xfb, 0xdb,
    0x0, 0x0, 0x0, 0x0, 0x55, 0xff, 0xb5, 0x0,
    0x0, 0xfb, 0xdb, 0x0, 0x0, 0x0, 0x0, 0x0,
    0xba, 0xff, 0x50, 0x0, 0xfb, 0xdb, 0x0, 0x0,
    0x0, 0x0, 0x0, 0x26, 0xf9, 0xe2, 0xb, 0xfb,
    0xdb, 0x0, 0x0, 0x0, 0x0, 0x0, 0x0, 0x85,
    0xff, 0x89,

    /* U+004C "L" */
    0xfb, 0xdb, 0x0, 0x0, 0x0, 0x0, 0x0, 0x0,
    0x0, 0xfb, 0xdb, 0x0, 0x0, 0x0, 0x0, 0x0,
    0x0, 0x0, 0xfb, 0xdb, 0x0, 0x0, 0x0, 0x0,
    0x0, 0x0, 0x0, 0xfb, 0xdb, 0x0, 0x0, 0x0,
    0x0, 0x0, 0x0, 0x0, 0xfb, 0xdb, 0x0, 0x0,
    0x0, 0x0, 0x0, 0x0, 0x0, 0xfb, 0xdb, 0x0,
    0x0, 0x0, 0x0, 0x0, 0x0, 0x0, 0xfb, 0xdb,
    0x0, 0x0, 0x0, 0x0, 0x0, 0x0, 0x0, 0xfb,
    0xdb, 0x0, 0x0, 0x0, 0x0, 0x0, 0x0, 0x0,
    0xfb, 0xdb, 0x0, 0x0, 0x0, 0x0, 0x0, 0x0,
    0x0, 0xfb, 0xdb, 0x0, 0x0, 0x0, 0x0, 0x0,
    0x0, 0x0, 0xfb, 0xdb, 0x0, 0x0, 0x0, 0x0,
    0x0, 0x0, 0x0, 0xfb, 0xdb, 0x0, 0x0, 0x0,
    0x0, 0x0, 0x0, 0x0, 0xfb, 0xf0, 0x8f, 0x8f,
    0x8f, 0x8f, 0x8f, 0x8f, 0x28, 0xfb, 0xff, 0xff,
    0xff, 0xff, 0xff, 0xff, 0xff, 0x47,

    /* U+004D "M" */
    0xfb, 0xff, 0x6b, 0x0, 0x0, 0x0, 0x0, 0x0,
    0x0, 0x30, 0xff, 0xff, 0x37, 0xfb, 0xff, 0xcb,
    0x0, 0x0, 0x0, 0x0, 0x0, 0x0, 0x8f, 0xff,
    0xff, 0x37, 0xfb, 0xc6, 0xff, 0x2c, 0x0, 0x0,
    0x0, 0x0, 0x4, 0xea, 0xc5, 0xff, 0x37, 0xfb,
    0x94, 0xec, 0x8b, 0x0, 0x0, 0x0, 0x0, 0x4e,
    0xfe, 0x7f, 0xff, 0x37, 0xfb, 0x9f, 0x96, 0xe8,
    0x4, 0x0, 0x0, 0x0, 0xae, 0xc4, 0x6e, 0xff,
    0x37, 0xfb, 0xa8, 0x39, 0xff, 0x4c, 0x0, 0x0,
    0x13, 0xfa, 0x69, 0x78, 0xff, 0x37, 0xfb, 0xaf,
    0x0, 0xd7, 0xac, 0x0, 0x0, 0x6d, 0xf7, 0x10,
    0x7f, 0xff, 0x37, 0xfb, 0xaf, 0x0, 0x75, 0xf9,
    0x13, 0x0, 0xcc, 0xa6, 0x0, 0x7f, 0xff, 0x37,
    0xfb, 0xaf, 0x0, 0x18, 0xfb, 0x68, 0x26, 0xff,
    0x44, 0x0, 0x7f, 0xff, 0x37, 0xfb, 0xaf, 0x0,
    0x0, 0xb1, 0xc4, 0x7f, 0xe1, 0x2, 0x0, 0x7f,
    0xff, 0x37, 0xfb, 0xaf, 0x0, 0x0, 0x4f, 0xfe,
    0xe8, 0x81, 0x0, 0x0, 0x7f, 0xff, 0x37, 0xfb,
    0xaf, 0x0, 0x0, 0x4, 0xe9, 0xfe, 0x22, 0x0,
    0x0, 0x7f, 0xff, 0x37, 0xfb, 0xaf, 0x0, 0x0,
    0x0, 0x5c, 0x7a, 0x0, 0x0, 0x0, 0x7f, 0xff,
    0x37, 0xfb, 0xaf, 0x0, 0x0, 0x0, 0x0, 0x0,
    0x0, 0x0, 0x0, 0x7f, 0xff, 0x37,

    /* U+004E "N" */
    0xfb, 0xfe, 0x37, 0x0, 0x0, 0x0, 0x0, 0x0,
    0x4f, 0xff, 0x6f, 0xfb, 0xff, 0xcd, 0x3, 0x0,
    0x0, 0x0, 0x0, 0x4f, 0xff, 0x6f, 0xfb, 0xcf,
    0xff, 0x6c, 0x0, 0x0, 0x0, 0x0, 0x4f, 0xff,
    0x6f, 0xfb, 0x9b, 0xb4, 0xf0, 0x17, 0x0, 0x0,
    0x0, 0x4f, 0xff, 0x6f, 0xfb, 0xa7, 0x2c, 0xfd,
    0xa3, 0x0, 0x0, 0x0, 0x4f, 0xff, 0x6f, 0xfb,
    0xb4, 0x0, 0x99, 0xff, 0x40, 0x0, 0x0, 0x4f,
    0xff, 0x6f, 0xfb, 0xc1, 0x0, 0x12, 0xeb, 0xd6,
    0x5, 0x0, 0x4f, 0xff, 0x6f, 0xfb, 0xc3, 0x0,
    0x0, 0x63, 0xff, 0x76, 0x0, 0x4c, 0xff, 0x6f,
    0xfb, 0xc3, 0x0, 0x0, 0x1, 0xc6, 0xf4, 0x1d,
    0x3e, 0xff, 0x6f, 0xfb, 0xc3, 0x0, 0x0, 0x0,
    0x30, 0xfc, 0xa3, 0x2f, 0xff, 0x6f, 0xfb, 0xc3,
    0x0, 0x0, 0x0, 0x0, 0x92, 0xfe, 0x53, 0xff,
    0x6f, 0xfb, 0xc3, 0x0, 0x0, 0x0, 0x0, 0xf,
    0xe8, 0xd0, 0xff, 0x6f, 0xfb, 0xc3, 0x0, 0x0,
    0x0, 0x0, 0x0, 0x5c, 0xff, 0xff, 0x6f, 0xfb,
    0xc3, 0x0, 0x0, 0x0, 0x0, 0x0, 0x0, 0xc0,
    0xff, 0x6f,

    /* U+004F "O" */
    0x0, 0x0, 0x0, 0x41, 0xa2, 0xd2, 0xf3, 0xca,
    0x9a, 0x2a, 0x0, 0x0, 0x0, 0x0, 0x5, 0x8d,
    0xfe, 0xfa, 0xcd, 0xa9, 0xd5, 0xfd, 0xf7, 0x70,
    0x0, 0x0, 0x0, 0x79, 0xff, 0xd0, 0x23, 0x0,
    0x0, 0x0, 0x39, 0xe4, 0xff, 0x4e, 0x0, 0x1b,
    0xf4, 0xf0, 0x12, 0x0, 0x0, 0x0, 0x0, 0x0,
    0x2e, 0xfe, 0xdd, 0x7, 0x75, 0xff, 0x81, 0x0,
    0x0, 0x0, 0x0, 0x0, 0x0, 0x0, 0xaa, 0xff,
    0x4a, 0x9d, 0xff, 0x43, 0x0, 0x0, 0x0, 0x0,
    0x0, 0x0, 0x0, 0x6c, 0xff, 0x73, 0xc5, 0xff,
    0x20, 0x0, 0x0, 0x0, 0x0, 0x0, 0x0, 0x0,
    0x48, 0xff, 0x9c, 0xc2, 0xff, 0x22, 0x0, 0x0,
    0x0, 0x0, 0x0, 0x0, 0x0, 0x4b, 0xff, 0x99,
    0x9a, 0xff, 0x45, 0x0, 0x0, 0x0, 0x0, 0x0,
    0x0, 0x0, 0x6e, 0xff, 0x71, 0x72, 0xff, 0x86,
    0x0, 0x0, 0x0, 0x0, 0x0, 0x0, 0x0, 0xb0,
    0xff, 0x48, 0x17, 0xf1, 0xf3, 0x15, 0x0, 0x0,
    0x0, 0x0, 0x0, 0x32, 0xfe, 0xd8, 0x5, 0x0,
    0x73, 0xff, 0xd3, 0x23, 0x0, 0x0, 0x0, 0x3a,
    0xe6, 0xff, 0x48, 0x0, 0x0, 0x4, 0x87, 0xfd,
    0xf9, 0xc9, 0xa5, 0xd2, 0xfd, 0xf6, 0x69, 0x0,
    0x0, 0x0, 0x0, 0x0, 0x3e, 0xa1, 0xd2, 0xf3,
    0xca, 0x99, 0x28, 0x0, 0x0, 0x0,

    /* U+0050 "P" */
    0xfb, 0xff, 0xff, 0xff, 0xf7, 0xdf, 0xbc, 0x5e,
    0x7, 0x0, 0xfb, 0xec, 0x77, 0x78, 0x82, 0x9a,
    0xe3, 0xff, 0xb3, 0x3, 0xfb, 0xdb, 0x0, 0x0,
    0x0, 0x0, 0x3, 0xb1, 0xff, 0x5a, 0xfb, 0xdb,
    0x0, 0x0, 0x0, 0x0, 0x0, 0x44, 0xff, 0x91,
    0xfb, 0xdb, 0x0, 0x0, 0x0, 0x0, 0x0, 0x3d,
    0xff, 0x97, 0xfb, 0xdb, 0x0, 0x0, 0x0, 0x0,
    0x0, 0x90, 0xff, 0x62, 0xfb, 0xe1, 0x23, 0x23,
    0x2e, 0x4a, 0xa1, 0xff, 0xcd, 0xa, 0xfb, 0xff,
    0xff, 0xff, 0xff, 0xff, 0xf8, 0x9b, 0x19, 0x0,
    0xfb, 0xe7, 0x53, 0x53, 0x4c, 0x30, 0xe, 0x0,
    0x0, 0x0, 0xfb, 0xdb, 0x0, 0x0, 0x0, 0x0,
    0x0, 0x0, 0x0, 0x0, 0xfb, 0xdb, 0x0, 0x0,
    0x0, 0x0, 0x0, 0x0, 0x0, 0x0, 0xfb, 0xdb,
    0x0, 0x0, 0x0, 0x0, 0x0, 0x0, 0x0, 0x0,
    0xfb, 0xdb, 0x0, 0x0, 0x0, 0x0, 0x0, 0x0,
    0x0, 0x0, 0xfb, 0xdb, 0x0, 0x0, 0x0, 0x0,
    0x0, 0x0, 0x0, 0x0,

    /* U+0051 "Q" */
    0x0, 0x0, 0x0, 0x35, 0xac, 0xe8, 0xf9, 0xe2,
    0x9f, 0x21, 0x0, 0x0, 0x0, 0x0, 0x0, 0x6f,
    0xfa, 0xfd, 0xd2, 0xab, 0xdb, 0xff, 0xef, 0x50,
    0x0, 0x0, 0x0, 0x5c, 0xff, 0xe1, 0x2d, 0x0,
    0x0, 0x0, 0x47, 0xf1, 0xfe, 0x33, 0x0, 0x7,
    0xe0, 0xfb, 0x22, 0x0, 0x0, 0x0, 0x0, 0x0,
    0x46, 0xff, 0xbd, 0x0, 0x61, 0xff, 0xa0, 0x0,
    0x0, 0x0, 0x0, 0x0, 0x0, 0x0, 0xca, 0xff,
    0x36, 0x8d, 0xff, 0x50, 0x0, 0x0, 0x0, 0x0,
    0x0, 0x0, 0x0, 0x79, 0xff, 0x62, 0xb2, 0xff,
    0x2f, 0x0, 0x0, 0x0, 0x0, 0x0, 0x0, 0x0,
    0x59, 0xff, 0x88, 0xcf, 0xff, 0x17, 0x0, 0x0,
    0x0, 0x0, 0x0, 0x0, 0x0, 0x40, 0xff, 0xa6,
    0xb6, 0xff, 0x2e, 0x0, 0x0, 0x0, 0x0, 0x0,
    0x0, 0x0, 0x57, 0xff, 0x8e, 0x94, 0xff, 0x4d,
    0x0, 0x0, 0x0, 0x0, 0x0, 0x0, 0x0, 0x77,
    0xff, 0x6c, 0x64, 0xff, 0x95, 0x0, 0x0, 0x0,
    0x0, 0x0, 0x0, 0x0, 0xbe, 0xff, 0x3b, 0x9,
    0xea, 0xf6, 0x14, 0x0, 0x0, 0x0, 0x0, 0x0,
    0x34, 0xff, 0xcb, 0x0, 0x0, 0x74, 0xff, 0xc9,
    0x15, 0x0, 0x0, 0x0, 0x28, 0xdf, 0xfe, 0x4c,
    0x0, 0x0, 0x0, 0x88, 0xff, 0xe7, 0x9f, 0x77,
    0xa8, 0xf1, 0xfd, 0x63, 0x0, 0x0, 0x0, 0x0,
    0x0, 0x55, 0xb6, 0xfb, 0xff, 0xf9, 0xaa, 0x3f,
    0x0, 0x0, 0x0, 0x0, 0x0, 0x0, 0x0, 0x0,
    0x3c, 0xff, 0xda, 0x18, 0x0, 0x0, 0x0, 0x0,
    0x0, 0x0, 0x0, 0x0, 0x0, 0x0, 0x91, 0xff,
    0xd7, 0x5b, 0x21, 0xd, 0x1b, 0x0, 0x0, 0x0,
    0x0, 0x0, 0x0, 0x0, 0x7b, 0xf2, 0xff, 0xff,
    0xff, 0xd1, 0x0, 0x0, 0x0, 0x0, 0x0, 0x0,
    0x0, 0x0, 0x11, 0x55, 0x79, 0x7c, 0x53,

    /* U+0052 "R" */
    0xfb, 0xff, 0xff, 0xff, 0xfd, 0xe7, 0xc8, 0x6d,
    0xc, 0x0, 0x0, 0xfb, 0xec, 0x77, 0x77, 0x7d,
    0x94, 0xdb, 0xff, 0xc1, 0x6, 0x0, 0xfb, 0xdb,
    0x0, 0x0, 0x0, 0x0, 0x1, 0xa7, 0xff, 0x65,
    0x0, 0xfb, 0xdb, 0x0, 0x0, 0x0, 0x0, 0x0,
    0x3b, 0xff, 0x9a, 0x0, 0xfb, 0xdb, 0x0, 0x0,
    0x0, 0x0, 0x0, 0x36, 0xff, 0xa5, 0x0, 0xfb,
    0xdb, 0x0, 0x0, 0x0, 0x0, 0x0, 0x8c, 0xff,
    0x74, 0x0, 0xfb, 0xe1, 0x23, 0x23, 0x2a, 0x46,
    0x9e, 0xfe, 0xe3, 0xd, 0x0, 0xfb, 0xff, 0xff,
    0xff, 0xff, 0xff, 0xfc, 0xb4, 0x1c, 0x0, 0x0,
    0xfb, 0xe7, 0x53, 0x53, 0x85, 0xff, 0xae, 0x0,
    0x0, 0x0, 0x0, 0xfb, 0xdb, 0x0, 0x0, 0x1,
    0xc2, 0xff, 0x4a, 0x0, 0x0, 0x0, 0xfb, 0xdb,
    0x0, 0x0, 0x0, 0x29, 0xf9, 0xe0, 0xb, 0x0,
    0x0, 0xfb, 0xdb, 0x0, 0x0, 0x0, 0x0, 0x82,
    0xff, 0x8d, 0x0, 0x0, 0xfb, 0xdb, 0x0, 0x0,
    0x0, 0x0, 0x7, 0xd9, 0xfc, 0x33, 0x0, 0xfb,
    0xdb, 0x0, 0x0, 0x0, 0x0, 0x0, 0x41, 0xff,
    0xce, 0x3,

    /* U+0053 "S" */
    0x0, 0x0, 0x0, 0x47, 0xb7, 0xe3, 0xf0, 0xbf,
    0x87, 0x12, 0x0, 0x0, 0x0, 0x0, 0x7d, 0xff,
    0xf4, 0xb4, 0xaa, 0xd6, 0xfe, 0xe7, 0x39, 0x0,
    0x0, 0x1c, 0xfe, 0xde, 0x17, 0x0, 0x0, 0x0,
    0x34, 0xa2, 0xe, 0x0, 0x0, 0x4d, 0xff, 0x93,
    0x0, 0x0, 0x0, 0x0, 0x0, 0x0, 0x0, 0x0,
    0x0, 0x27, 0xff, 0xd6, 0xc, 0x0, 0x0, 0x0,
    0x0, 0x0, 0x0, 0x0, 0x0, 0x0, 0x95, 0xff,
    0xe1, 0x6b, 0xa, 0x0, 0x0, 0x0, 0x0, 0x0,
    0x0, 0x0, 0x0, 0x53, 0xe2, 0xff, 0xf1, 0x96,
    0x2a, 0x0, 0x0, 0x0, 0x0, 0x0, 0x0, 0x0,
    0x7, 0x58, 0xbf, 0xff, 0xfe, 0x9b, 0x8, 0x0,
    0x0, 0x0, 0x0, 0x0, 0x0, 0x0, 0x0, 0x3a,
    0xc6, 0xff, 0x92, 0x0, 0x0, 0x0, 0x0, 0x0,
    0x0, 0x0, 0x0, 0x0, 0xd, 0xf5, 0xef, 0x0,
    0x0, 0x5, 0x6, 0x0, 0x0, 0x0, 0x0, 0x0,
    0x0, 0xe3, 0xf7, 0x4, 0x0, 0xa6, 0xd6, 0x3e,
    0x0, 0x0, 0x0, 0x0, 0x64, 0xff, 0xbc, 0x0,
    0x0, 0x48, 0xe5, 0xff, 0xe4, 0xb4, 0xa4, 0xd2,
    0xff, 0xeb, 0x22, 0x0, 0x0, 0x0, 0x11, 0x87,
    0xd1, 0xf2, 0xf0, 0xcd, 0x88, 0x13, 0x0, 0x0,

    /* U+0054 "T" */
    0x5f, 0xff, 0xff, 0xff, 0xff, 0xff, 0xff, 0xff,
    0xff, 0xff, 0xff, 0x5b, 0x32, 0x87, 0x87, 0x87,
    0x87, 0xf8, 0xf6, 0x87, 0x87, 0x87, 0x87, 0x30,
    0x0, 0x0, 0x0, 0x0, 0x0, 0xef, 0xeb, 0x0,
    0x0, 0x0, 0x0, 0x0, 0x0, 0x0, 0x0, 0x0,
    0x0, 0xef, 0xeb, 0x0, 0x0, 0x0, 0x0, 0x0,
    0x0, 0x0, 0x0, 0x0, 0x0, 0xef, 0xeb, 0x0,
    0x0, 0x0, 0x0, 0x0, 0x0, 0x0, 0x0, 0x0,
    0x0, 0xef, 0xeb, 0x0, 0x0, 0x0, 0x0, 0x0,
    0x0, 0x0, 0x0, 0x0, 0x0, 0xef, 0xeb, 0x0,
    0x0, 0x0, 0x0, 0x0, 0x0, 0x0, 0x0, 0x0,
    0x0, 0xef, 0xeb, 0x0, 0x0, 0x0, 0x0, 0x0,
    0x0, 0x0, 0x0, 0x0, 0x0, 0xef, 0xeb, 0x0,
    0x0, 0x0, 0x0, 0x0, 0x0, 0x0, 0x0, 0x0,
    0x0, 0xef, 0xeb, 0x0, 0x0, 0x0, 0x0, 0x0,
    0x0, 0x0, 0x0, 0x0, 0x0, 0xef, 0xeb, 0x0,
    0x0, 0x0, 0x0, 0x0, 0x0, 0x0, 0x0, 0x0,
    0x0, 0xef, 0xeb, 0x0, 0x0, 0x0, 0x0, 0x0,
    0x0, 0x0, 0x0, 0x0, 0x0, 0xef, 0xeb, 0x0,
    0x0, 0x0, 0x0, 0x0, 0x0, 0x0, 0x0, 0x0,
    0x0, 0xef, 0xeb, 0x0, 0x0, 0x0, 0x0, 0x0,

    /* U+0055 "U" */
    0xb, 0xff, 0xcb, 0x0, 0x0, 0x0, 0x0, 0x0,
    0x0, 0x4b, 0xff, 0x7b, 0xb, 0xff, 0xcb, 0x0,
    0x0, 0x0, 0x0, 0x0, 0x0, 0x4b, 0xff, 0x7b,
    0xb, 0xff, 0xcb, 0x0, 0x0, 0x0, 0x0, 0x0,
    0x0, 0x4b, 0xff, 0x7b, 0xb, 0xff, 0xcb, 0x0,
    0x0, 0x0, 0x0, 0x0, 0x0, 0x4b, 0xff, 0x7b,
    0xb, 0xff, 0xcb, 0x0, 0x0, 0x0, 0x0, 0x0,
    0x0, 0x4b, 0xff, 0x7b, 0xb, 0xff, 0xcb, 0x0,
    0x0, 0x0, 0x0, 0x0, 0x0, 0x4b, 0xff, 0x7b,
    0xb, 0xff, 0xcb, 0x0, 0x0, 0x0, 0x0, 0x0,
    0x0, 0x4b, 0xff, 0x7b, 0xb, 0xff, 0xcb, 0x0,
    0x0, 0x0, 0x0, 0x0, 0x0, 0x4b, 0xff, 0x7b,
    0x5, 0xff, 0xd7, 0x0, 0x0, 0x0, 0x0, 0x0,
    0x0, 0x58, 0xff, 0x75, 0x0, 0xf2, 0xf6, 0x1,
    0x0, 0x0, 0x0, 0x0, 0x0, 0x7a, 0xff, 0x60,
    0x0, 0xbe, 0xff, 0x3c, 0x0, 0x0, 0x0, 0x0,
    0x0, 0xc0, 0xff, 0x2c, 0x0, 0x49, 0xff, 0xce,
    0x19, 0x0, 0x0, 0x0, 0x6f, 0xff, 0xb6, 0x0,
    0x0, 0x0, 0xa1, 0xff, 0xf1, 0xb3, 0xa4, 0xd3,
    0xff, 0xec, 0x22, 0x0, 0x0, 0x0, 0x0, 0x55,
    0xc0, 0xe6, 0xf4, 0xd1, 0x90, 0x12, 0x0, 0x0,

    /* U+0056 "V" */
    0xd2, 0xfe, 0x1b, 0x0, 0x0, 0x0, 0x0, 0x0,
    0x0, 0x8a, 0xff, 0x53, 0x7e, 0xff, 0x67, 0x0,
    0x0, 0x0, 0x0, 0x0, 0x0, 0xdc, 0xf3, 0x9,
    0x2a, 0xff, 0xb4, 0x0, 0x0, 0x0, 0x0, 0x0,
    0x30, 0xff, 0xa5, 0x0, 0x0, 0xd7, 0xf7, 0xa,
    0x0, 0x0, 0x0, 0x0, 0x84, 0xff, 0x4e, 0x0,
    0x0, 0x83, 0xff, 0x4e, 0x0, 0x0, 0x0, 0x0,
    0xd7, 0xf0, 0x7, 0x0, 0x0, 0x2f, 0xff, 0x9b,
    0x0, 0x0, 0x0, 0x2a, 0xff, 0xa0, 0x0, 0x0,
    0x0, 0x0, 0xdc, 0xe7, 0x1, 0x0, 0x0, 0x7e,
    0xff, 0x48, 0x0, 0x0, 0x0, 0x0, 0x88, 0xff,
    0x35, 0x0, 0x0, 0xd1, 0xed, 0x5, 0x0, 0x0,
    0x0, 0x0, 0x34, 0xff, 0x85, 0x0, 0x1f, 0xff,
    0x9a, 0x0, 0x0, 0x0, 0x0, 0x0, 0x0, 0xe0,
    0xd5, 0x0, 0x6c, 0xff, 0x43, 0x0, 0x0, 0x0,
    0x0, 0x0, 0x0, 0x8d, 0xff, 0x26, 0xb9, 0xe9,
    0x3, 0x0, 0x0, 0x0, 0x0, 0x0, 0x0, 0x39,
    0xff, 0x83, 0xf9, 0x95, 0x0, 0x0, 0x0, 0x0,
    0x0, 0x0, 0x0, 0x1, 0xe4, 0xf8, 0xff, 0x3e,
    0x0, 0x0, 0x0, 0x0, 0x0, 0x0, 0x0, 0x0,
    0x91, 0xff, 0xe5, 0x2, 0x0, 0x0, 0x0, 0x0,

    /* U+0057 "W" */
    0x60, 0xff, 0x84, 0x0, 0x0, 0x0, 0x0, 0x27,
    0xff, 0xd0, 0x0, 0x0, 0x0, 0x0, 0x0, 0xd7,
    0xe7, 0x0, 0x28, 0xff, 0xb6, 0x0, 0x0, 0x0,
    0x0, 0x6c, 0xff, 0xfe, 0x15, 0x0, 0x0, 0x0,
    0xf, 0xfe, 0xae, 0x0, 0x1, 0xef, 0xe9, 0x0,
    0x0, 0x0, 0x0, 0xb2, 0xda, 0xff, 0x57, 0x0,
    0x0, 0x0, 0x44, 0xff, 0x76, 0x0, 0x0, 0xb8,
    0xff, 0x1b, 0x0, 0x0, 0x5, 0xf3, 0x76, 0xef,
    0x9a, 0x0, 0x0, 0x0, 0x7b, 0xff, 0x3e, 0x0,
    0x0, 0x80, 0xff, 0x4d, 0x0, 0x0, 0x3e, 0xff,
    0x3a, 0xb8, 0xdd, 0x0, 0x0, 0x0, 0xb1, 0xfc,
    0xb, 0x0, 0x0, 0x48, 0xff, 0x80, 0x0, 0x0,
    0x83, 0xf7, 0x7, 0x7e, 0xff, 0x20, 0x0, 0x0,
    0xe7, 0xce, 0x0, 0x0, 0x0, 0x11, 0xfe, 0xb2,
    0x0, 0x0, 0xc9, 0xbc, 0x0, 0x3d, 0xff, 0x63,
    0x0, 0x1e, 0xff, 0x96, 0x0, 0x0, 0x0, 0x0,
    0xd8, 0xe5, 0x0, 0x11, 0xfd, 0x78, 0x0, 0x5,
    0xf4, 0xa6, 0x0, 0x54, 0xff, 0x5e, 0x0, 0x0,
    0x0, 0x0, 0xa0, 0xff, 0x16, 0x4a, 0xff, 0x35,
    0x0, 0x0, 0xb8, 0xe1, 0x0, 0x85, 0xff, 0x26,
    0x0, 0x0, 0x0, 0x0, 0x68, 0xff, 0x45, 0x84,
    0xef, 0x3, 0x0, 0x0, 0x75, 0xff, 0x1c, 0xb3,
    0xee, 0x1, 0x0, 0x0, 0x0, 0x0, 0x30, 0xff,
    0x76, 0xbe, 0xae, 0x0, 0x0, 0x0, 0x32, 0xff,
    0x55, 0xe2, 0xb6, 0x0, 0x0, 0x0, 0x0, 0x0,
    0x3, 0xf4, 0xab, 0xf4, 0x6b, 0x0, 0x0, 0x0,
    0x2, 0xed, 0xa1, 0xff, 0x7e, 0x0, 0x0, 0x0,
    0x0, 0x0, 0x0, 0xc0, 0xfa, 0xff, 0x28, 0x0,
    0x0, 0x0, 0x0, 0xac, 0xfa, 0xff, 0x46, 0x0,
    0x0, 0x0, 0x0, 0x0, 0x0, 0x88, 0xff, 0xe5,
    0x0, 0x0, 0x0, 0x0, 0x0, 0x69, 0xff, 0xfe,
    0x10, 0x0, 0x0, 0x0,

    /* U+0058 "X" */
    0x1e, 0xf6, 0xe4, 0xa, 0x0, 0x0, 0x0, 0x0,
    0x5e, 0xff, 0x8c, 0x0, 0x0, 0x7d, 0xff, 0x7e,
    0x0, 0x0, 0x0, 0x8, 0xe2, 0xe9, 0xe, 0x0,
    0x0, 0x8, 0xdd, 0xf4, 0x19, 0x0, 0x0, 0x78,
    0xff, 0x62, 0x0, 0x0, 0x0, 0x0, 0x4e, 0xff,
    0x9c, 0x0, 0x13, 0xf0, 0xcb, 0x1, 0x0, 0x0,
    0x0, 0x0, 0x0, 0xb7, 0xfd, 0x2e, 0x86, 0xfe,
    0x39, 0x0, 0x0, 0x0, 0x0, 0x0, 0x0, 0x26,
    0xf9, 0xc5, 0xf2, 0xa2, 0x0, 0x0, 0x0, 0x0,
    0x0, 0x0, 0x0, 0x0, 0x90, 0xff, 0xf6, 0x1a,
    0x0, 0x0, 0x0, 0x0, 0x0, 0x0, 0x0, 0x2,
    0xcc, 0xfe, 0xfe, 0x3b, 0x0, 0x0, 0x0, 0x0,
    0x0, 0x0, 0x0, 0x67, 0xff, 0x63, 0xf3, 0xd0,
    0x3, 0x0, 0x0, 0x0, 0x0, 0x0, 0x12, 0xec,
    0xc8, 0x0, 0x7c, 0xff, 0x6d, 0x0, 0x0, 0x0,
    0x0, 0x0, 0x96, 0xff, 0x41, 0x0, 0xa, 0xe2,
    0xf0, 0x17, 0x0, 0x0, 0x0, 0x30, 0xfc, 0xb1,
    0x0, 0x0, 0x0, 0x59, 0xff, 0xa1, 0x0, 0x0,
    0x0, 0xc4, 0xfb, 0x27, 0x0, 0x0, 0x0, 0x0,
    0xc4, 0xff, 0x3d, 0x0, 0x5c, 0xff, 0x93, 0x0,
    0x0, 0x0, 0x0, 0x0, 0x34, 0xfe, 0xd2, 0x4,

    /* U+0059 "Y" */
    0x0, 0xc2, 0xfe, 0x2e, 0x0, 0x0, 0x0, 0x0,
    0x0, 0x85, 0xff, 0x61, 0x0, 0x3f, 0xff, 0xa8,
    0x0, 0x0, 0x0, 0x0, 0xe, 0xf0, 0xda, 0x3,
    0x0, 0x0, 0xbc, 0xfd, 0x26, 0x0, 0x0, 0x0,
    0x77, 0xff, 0x59, 0x0, 0x0, 0x0, 0x39, 0xff,
    0x9f, 0x0, 0x0, 0x8, 0xe8, 0xd3, 0x2, 0x0,
    0x0, 0x0, 0x0, 0xb6, 0xfa, 0x1e, 0x0, 0x6b,
    0xff, 0x51, 0x0, 0x0, 0x0, 0x0, 0x0, 0x34,
    0xff, 0x90, 0x5, 0xe1, 0xcd, 0x0, 0x0, 0x0,
    0x0, 0x0, 0x0, 0x0, 0xb0, 0xf4, 0x76, 0xff,
    0x49, 0x0, 0x0, 0x0, 0x0, 0x0, 0x0, 0x0,
    0x2f, 0xfe, 0xff, 0xc6, 0x0, 0x0, 0x0, 0x0,
    0x0, 0x0, 0x0, 0x0, 0x0, 0xb5, 0xff, 0x4d,
    0x0, 0x0, 0x0, 0x0, 0x0, 0x0, 0x0, 0x0,
    0x0, 0x9f, 0xff, 0x37, 0x0, 0x0, 0x0, 0x0,
    0x0, 0x0, 0x0, 0x0, 0x0, 0x9f, 0xff, 0x37,
    0x0, 0x0, 0x0, 0x0, 0x0, 0x0, 0x0, 0x0,
    0x0, 0x9f, 0xff, 0x37, 0x0, 0x0, 0x0, 0x0,
    0x0, 0x0, 0x0, 0x0, 0x0, 0x9f, 0xff, 0x37,
    0x0, 0x0, 0x0, 0x0, 0x0, 0x0, 0x0, 0x0,
    0x0, 0x9f, 0xff, 0x37, 0x0, 0x0, 0x0, 0x0,

    /* U+005A "Z" */
    0x4b, 0xff, 0xff, 0xff, 0xff, 0xff, 0xff, 0xff,
    0xff, 0xff, 0x3, 0x28, 0x87, 0x87, 0x87, 0x87,
    0x87, 0x87, 0xbb, 0xff, 0xb9, 0x0, 0x0, 0x0,
    0x0, 0x0, 0x0, 0x0, 0xd, 0xdf, 0xef, 0x1c,
    0x0, 0x0, 0x0, 0x0, 0x0, 0x0, 0x0, 0x9b,
    0xff, 0x5d, 0x0, 0x0, 0x0, 0x0, 0x0, 0x0,
    0x0, 0x49, 0xff, 0xaf, 0x0, 0x0, 0x0, 0x0,
    0x0, 0x0, 0x0, 0x11, 0xe5, 0xea, 0x16, 0x0,
    0x0, 0x0, 0x0, 0x0, 0x0, 0x0, 0xa6, 0xff,
    0x53, 0x0, 0x0, 0x0, 0x0, 0x0, 0x0, 0x0,
    0x54, 0xff, 0xa3, 0x0, 0x0, 0x0, 0x0, 0x0,
    0x0, 0x0, 0x17, 0xeb, 0xe5, 0x11, 0x0, 0x0,
    0x0, 0x0, 0x0, 0x0, 0x0, 0xb0, 0xff, 0x48,
    0x0, 0x0, 0x0, 0x0, 0x0, 0x0, 0x0, 0x5f,
    0xff, 0x98, 0x0, 0x0, 0x0, 0x0, 0x0, 0x0,
    0x0, 0x1c, 0xf0, 0xde, 0xc, 0x0, 0x0, 0x0,
    0x0, 0x0, 0x0, 0x0, 0xba, 0xff, 0xc0, 0x8f,
    0x8f, 0x8f, 0x8f, 0x8f, 0x8f, 0x8f, 0x11, 0xff,
    0xff, 0xff, 0xff, 0xff, 0xff, 0xff, 0xff, 0xff,
    0xff, 0x1f,

    /* U+005B "[" */
    0xdf, 0xff, 0xff, 0xff, 0x13, 0xdf, 0x82, 0xb,
    0xb, 0x0, 0xdf, 0x7b, 0x0, 0x0, 0x0, 0xdf,
    0x7b, 0x0, 0x0, 0x0, 0xdf, 0x7b, 0x0, 0x0,
    0x0, 0xdf, 0x7b, 0x0, 0x0, 0x0, 0xdf, 0x7b,
    0x0, 0x0, 0x0, 0xdf, 0x7b, 0x0, 0x0, 0x0,
    0xdf, 0x7b, 0x0, 0x0, 0x0, 0xdf, 0x7b, 0x0,
    0x0, 0x0, 0xdf, 0x7b, 0x0, 0x0, 0x0, 0xdf,
    0x7b, 0x0, 0x0, 0x0, 0xdf, 0x7b, 0x0, 0x0,
    0x0, 0xdf, 0x7b, 0x0, 0x0, 0x0, 0xdf, 0x7b,
    0x0, 0x0, 0x0, 0xdf, 0x7b, 0x0, 0x0, 0x0,
    0xdf, 0x7b, 0x0, 0x0, 0x0, 0xdf, 0x7b, 0x0,
    0x0, 0x0, 0xdf, 0xf5, 0xeb, 0xeb, 0x12, 0x18,
    0x1b, 0x1b, 0x1b, 0x2,

    /* U+005C "\\" */
    0x8c, 0xc7, 0x0, 0x0, 0x0, 0x0, 0x0, 0x0,
    0x3b, 0xfe, 0x19, 0x0, 0x0, 0x0, 0x0, 0x0,
    0x2, 0xe8, 0x68, 0x0, 0x0, 0x0, 0x0, 0x0,
    0x0, 0x9a, 0xb8, 0x0, 0x0, 0x0, 0x0, 0x0,
    0x0, 0x49, 0xfa, 0xf, 0x0, 0x0, 0x0, 0x0,
    0x0, 0x6, 0xf2, 0x59, 0x0, 0x0, 0x0, 0x0,
    0x0, 0x0, 0xa8, 0xa9, 0x0, 0x0, 0x0, 0x0,
    0x0, 0x0, 0x57, 0xf3, 0x7, 0x0, 0x0, 0x0,
    0x0, 0x0, 0xd, 0xf9, 0x4a, 0x0, 0x0, 0x0,
    0x0, 0x0, 0x0, 0xb6, 0x9b, 0x0, 0x0, 0x0,
    0x0, 0x0, 0x0, 0x65, 0xe9, 0x2, 0x0, 0x0,
    0x0, 0x0, 0x0, 0x17, 0xfd, 0x3c, 0x0, 0x0,
    0x0, 0x0, 0x0, 0x0, 0xc4, 0x8c, 0x0, 0x0,
    0x0, 0x0, 0x0, 0x0, 0x73, 0xdd, 0x0, 0x0,
    0x0, 0x0, 0x0, 0x0, 0x23, 0xff, 0x2d, 0x0,
    0x0, 0x0, 0x0, 0x0, 0x0, 0xd2, 0x7d, 0x0,
    0x0, 0x0, 0x0, 0x0, 0x0, 0x81, 0xce, 0x0,
    0x0, 0x0, 0x0, 0x0, 0x0, 0x31, 0xff, 0x1f,
    0x0, 0x0, 0x0, 0x0, 0x0, 0x0, 0xdf, 0x6f,

    /* U+005D "]" */
    0x4f, 0xff, 0xff, 0xff, 0xa7, 0x3, 0xb, 0xb,
    0xbb, 0xa7, 0x0, 0x0, 0x0, 0xb7, 0xa7, 0x0,
    0x0, 0x0, 0xb7, 0xa7, 0x0, 0x0, 0x0, 0xb7,
    0xa7, 0x0, 0x0, 0x0, 0xb7, 0xa7, 0x0, 0x0,
    0x0, 0xb7, 0xa7, 0x0, 0x0, 0x0, 0xb7, 0xa7,
    0x0, 0x0, 0x0, 0xb7, 0xa7, 0x0, 0x0, 0x0,
    0xb7, 0xa7, 0x0, 0x0, 0x0, 0xb7, 0xa7, 0x0,
    0x0, 0x0, 0xb7, 0xa7, 0x0, 0x0, 0x0, 0xb7,
    0xa7, 0x0, 0x0, 0x0, 0xb7, 0xa7, 0x0, 0x0,
    0x0, 0xb7, 0xa7, 0x0, 0x0, 0x0, 0xb7, 0xa7,
    0x0, 0x0, 0x0, 0xb7, 0xa7, 0x0, 0x0, 0x0,
    0xb7, 0xa7, 0x49, 0xeb, 0xeb, 0xfa, 0xa7, 0x8,
    0x1b, 0x1b, 0x1b, 0x12,

    /* U+005E "^" */
    0x0, 0x0, 0x0, 0x2e, 0x7f, 0x3a, 0x0, 0x0,
    0x0, 0x0, 0x0, 0x0, 0xa9, 0xff, 0xc1, 0x0,
    0x0, 0x0, 0x0, 0x0, 0x15, 0xf9, 0xad, 0xff,
    0x29, 0x0, 0x0, 0x0, 0x0, 0x75, 0xf5, 0x10,
    0xe5, 0x8f, 0x0, 0x0, 0x0, 0x0, 0xd9, 0xa2,
    0x0, 0x88, 0xed, 0x8, 0x0, 0x0, 0x40, 0xff,
    0x43, 0x0, 0x28, 0xff, 0x5c, 0x0, 0x0, 0xa6,
    0xe0, 0x1, 0x0, 0x0, 0xc8, 0xc2, 0x0, 0x13,
    0xf8, 0x81, 0x0, 0x0, 0x0, 0x68, 0xff, 0x2a,
    0x71, 0xfe, 0x21, 0x0, 0x0, 0x0, 0x10, 0xf7,
    0x90,

    /* U+005F "_" */
    0xbb, 0xff, 0xff, 0xff, 0xff, 0xff, 0xff, 0xff,
    0xff, 0xff, 0xe7, 0x23, 0x2f, 0x2f, 0x2f, 0x2f,
    0x2f, 0x2f, 0x2f, 0x2f, 0x2f, 0x2b,

    /* U+0060 "`" */
    0xc, 0x7e, 0x7e, 0xf, 0x0, 0x0, 0x0, 0x5c,
    0xfb, 0xb7, 0x3, 0x0, 0x0, 0x0, 0x50, 0xf9,
    0x8e, 0x0, 0x0, 0x0, 0x0, 0x46, 0xf5, 0x62,

    /* U+0061 "a" */
    0x0, 0x15, 0x82, 0xbb, 0xeb, 0xe2, 0xa8, 0x19,
    0x0, 0x24, 0xf3, 0xf2, 0xb6, 0x8d, 0xb7, 0xff,
    0xe0, 0x6, 0x0, 0x5f, 0x10, 0x0, 0x0, 0x0,
    0x92, 0xff, 0x5d, 0x0, 0x0, 0x0, 0x0, 0x0,
    0x0, 0x3a, 0xff, 0x8b, 0x0, 0x0, 0x0, 0x3b,
    0x7a, 0xa5, 0xd5, 0xff, 0xa5, 0x0, 0x51, 0xda,
    0xfb, 0xb8, 0x86, 0x77, 0xff, 0xa7, 0x4e, 0xfd,
    0xb2, 0x16, 0x0, 0x0, 0x27, 0xff, 0xa7, 0xac,
    0xfc, 0xf, 0x0, 0x0, 0x0, 0x27, 0xff, 0xa7,
    0xba, 0xfe, 0x18, 0x0, 0x0, 0xa, 0x99, 0xff,
    0xa7, 0x6b, 0xff, 0xdd, 0x8e, 0x98, 0xe2, 0xbf,
    0xfc, 0xa7, 0x1, 0x79, 0xde, 0xf0, 0xba, 0x61,
    0x1, 0xe5, 0xa7,

    /* U+0062 "b" */
    0x27, 0xff, 0xaf, 0x0, 0x0, 0x0, 0x0, 0x0,
    0x0, 0x0, 0x0, 0x27, 0xff, 0xaf, 0x0, 0x0,
    0x0, 0x0, 0x0, 0x0, 0x0, 0x0, 0x27, 0xff,
    0xaf, 0x0, 0x0, 0x0, 0x0, 0x0, 0x0, 0x0,
    0x0, 0x27, 0xff, 0xaf, 0x0, 0x0, 0x0, 0x0,
    0x0, 0x0, 0x0, 0x0, 0x27, 0xff, 0xae, 0x0,
    0x0, 0x0, 0x0, 0x0, 0x0, 0x0, 0x0, 0x27,
    0xff, 0xa2, 0x21, 0x9d, 0xde, 0xe6, 0xb0, 0x2a,
    0x0, 0x0, 0x27, 0xff, 0xda, 0xf5, 0xcd, 0x93,
    0xb7, 0xfe, 0xf3, 0x36, 0x0, 0x27, 0xff, 0xf2,
    0x5b, 0x0, 0x0, 0x0, 0x5f, 0xff, 0xbc, 0x0,
    0x27, 0xff, 0xaf, 0x0, 0x0, 0x0, 0x0, 0x0,
    0xd8, 0xff, 0x19, 0x27, 0xff, 0xaf, 0x0, 0x0,
    0x0, 0x0, 0x0, 0xa6, 0xff, 0x3b, 0x27, 0xff,
    0xaf, 0x0, 0x0, 0x0, 0x0, 0x0, 0x99, 0xff,
    0x4c, 0x27, 0xff, 0xaf, 0x0, 0x0, 0x0, 0x0,
    0x0, 0xb7, 0xff, 0x27, 0x27, 0xff, 0xaf, 0x0,
    0x0, 0x0, 0x0, 0x10, 0xf0, 0xf6, 0x4, 0x27,
    0xff, 0xd7, 0x22, 0x0, 0x0, 0x3, 0x9e, 0xff,
    0x81, 0x0, 0x27, 0xff, 0xe1, 0xf7, 0xab, 0x93,
    0xd3, 0xff, 0xca, 0xa, 0x0, 0x27, 0xff, 0x5a,
    0x4a, 0xbf, 0xf1, 0xd0, 0x82, 0x6, 0x0, 0x0,

    /* U+0063 "c" */
    0x0, 0x0, 0x28, 0xa7, 0xda, 0xf0, 0xc1, 0x5d,
    0x0, 0x0, 0x5e, 0xf8, 0xf8, 0xb2, 0x91, 0xc6,
    0xfa, 0x2a, 0x21, 0xf4, 0xea, 0x32, 0x0, 0x0,
    0x0, 0x24, 0x0, 0x95, 0xff, 0x66, 0x0, 0x0,
    0x0, 0x0, 0x0, 0x0, 0xc5, 0xff, 0x14, 0x0,
    0x0, 0x0, 0x0, 0x0, 0x0, 0xe9, 0xf5, 0x0,
    0x0, 0x0, 0x0, 0x0, 0x0, 0x0, 0xca, 0xff,
    0x11, 0x0, 0x0, 0x0, 0x0, 0x0, 0x0, 0x9e,
    0xff, 0x5c, 0x0, 0x0, 0x0, 0x0, 0x0, 0x0,
    0x2d, 0xfb, 0xe2, 0x26, 0x0, 0x0, 0x0, 0x39,
    0x5, 0x0, 0x76, 0xfd, 0xf3, 0xa9, 0x8d, 0xbd,
    0xff, 0x62, 0x0, 0x0, 0x3b, 0xb3, 0xe2, 0xee,
    0xbd, 0x5a, 0x0,

    /* U+0064 "d" */
    0x0, 0x0, 0x0, 0x0, 0x0, 0x0, 0x0, 0x47,
    0xff, 0x8f, 0x0, 0x0, 0x0, 0x0, 0x0, 0x0,
    0x0, 0x47, 0xff, 0x8f, 0x0, 0x0, 0x0, 0x0,
    0x0, 0x0, 0x0, 0x47, 0xff, 0x8f, 0x0, 0x0,
    0x0, 0x0, 0x0, 0x0, 0x0, 0x47, 0xff, 0x8f,
    0x0, 0x0, 0x0, 0x0, 0x0, 0x0, 0x0, 0x45,
    0xff, 0x8f, 0x0, 0x0, 0x44, 0xb9, 0xee, 0xd9,
    0x92, 0x49, 0xff, 0x8f, 0x0, 0x71, 0xfd, 0xf2,
    0xa7, 0x99, 0xda, 0xf5, 0xff, 0x8f, 0x25, 0xf9,
    0xe6, 0x28, 0x0, 0x0, 0x4, 0x8e, 0xff, 0x8f,
    0x97, 0xff, 0x63, 0x0, 0x0, 0x0, 0x0, 0x47,
    0xff, 0x8f, 0xc4, 0xff, 0x16, 0x0, 0x0, 0x0,
    0x0, 0x47, 0xff, 0x8f, 0xe6, 0xf8, 0x0, 0x0,
    0x0, 0x0, 0x0, 0x47, 0xff, 0x8f, 0xce, 0xff,
    0xe, 0x0, 0x0, 0x0, 0x0, 0x47, 0xff, 0x8f,
    0xab, 0xff, 0x4a, 0x0, 0x0, 0x0, 0x0, 0x47,
    0xff, 0x8f, 0x49, 0xff, 0xcd, 0x11, 0x0, 0x0,
    0x15, 0xc0, 0xff, 0x8f, 0x0, 0xaf, 0xff, 0xe2,
    0x9b, 0xa6, 0xec, 0xc5, 0xff, 0x8f, 0x0, 0x2,
    0x77, 0xcb, 0xf2, 0xc4, 0x6c, 0x3, 0xfb, 0x8f,

    /* U+0065 "e" */
    0x0, 0x0, 0x36, 0xb2, 0xe9, 0xe1, 0xaa, 0x20,
    0x0, 0x0, 0x0, 0x65, 0xfb, 0xde, 0x87, 0x8d,
    0xe7, 0xee, 0x29, 0x0, 0x22, 0xf6, 0xca, 0xb,
    0x0, 0x0, 0x1a, 0xf0, 0xab, 0x0, 0x96, 0xff,
    0x36, 0x0, 0x0, 0x0, 0x0, 0x92, 0xfc, 0x5,
    0xc6, 0xee, 0xd, 0xb, 0xb, 0xb, 0xb, 0x71,
    0xff, 0x24, 0xe8, 0xff, 0xff, 0xff, 0xff, 0xff,
    0xff, 0xff, 0xff, 0x34, 0xc8, 0xeb, 0x3b, 0x3b,
    0x3b, 0x3b, 0x3b, 0x3b, 0x3b, 0x9, 0x9a, 0xff,
    0x27, 0x0, 0x0, 0x0, 0x0, 0x0, 0x0, 0x0,
    0x27, 0xf8, 0xc8, 0xf, 0x0, 0x0, 0x0, 0x1,
    0x6, 0x0, 0x0, 0x6a, 0xfb, 0xeb, 0x95, 0x78,
    0x92, 0xdb, 0x8b, 0x0, 0x0, 0x0, 0x31, 0xad,
    0xde, 0xf3, 0xce, 0x8c, 0x19, 0x0,

    /* U+0066 "f" */
    0x0, 0x0, 0x3, 0x7d, 0xdc, 0xf2, 0xc5, 0x6,
    0x0, 0x0, 0x6a, 0xff, 0xcc, 0x7b, 0x7d, 0x0,
    0x0, 0x0, 0xbe, 0xff, 0x2f, 0x0, 0x0, 0x0,
    0x0, 0x0, 0xd9, 0xf7, 0x1, 0x0, 0x0, 0x0,
    0x0, 0x0, 0xdb, 0xf3, 0x0, 0x0, 0x0, 0x0,
    0x73, 0xff, 0xff, 0xff, 0xff, 0xff, 0x43, 0x0,
    0x34, 0x73, 0xec, 0xf9, 0x73, 0x73, 0x1e, 0x0,
    0x0, 0x0, 0xdb, 0xf3, 0x0, 0x0, 0x0, 0x0,
    0x0, 0x0, 0xdb, 0xf3, 0x0, 0x0, 0x0, 0x0,
    0x0, 0x0, 0xdb, 0xf3, 0x0, 0x0, 0x0, 0x0,
    0x0, 0x0, 0xdb, 0xf3, 0x0, 0x0, 0x0, 0x0,
    0x0, 0x0, 0xdb, 0xf3, 0x0, 0x0, 0x0, 0x0,
    0x0, 0x0, 0xdb, 0xf3, 0x0, 0x0, 0x0, 0x0,
    0x0, 0x0, 0xdb, 0xf3, 0x0, 0x0, 0x0, 0x0,
    0x0, 0x0, 0xdb, 0xf3, 0x0, 0x0, 0x0, 0x0,
    0x0, 0x0, 0xdb, 0xf3, 0x0, 0x0, 0x0, 0x0,

    /* U+0067 "g" */
    0x0, 0xc, 0x82, 0xd6, 0xfa, 0xff, 0xff, 0xff,
    0xff, 0xcb, 0x4, 0xc3, 0xfb, 0x93, 0x5f, 0x95,
    0xfc, 0xdc, 0x6b, 0x56, 0x56, 0xff, 0x80, 0x0,
    0x0, 0x0, 0x85, 0xff, 0x35, 0x0, 0x84, 0xff,
    0x3c, 0x0, 0x0, 0x0, 0x41, 0xff, 0x66, 0x0,
    0x54, 0xff, 0x61, 0x0, 0x0, 0x0, 0x67, 0xff,
    0x41, 0x0, 0xb, 0xd1, 0xe7, 0x47, 0xf, 0x4a,
    0xea, 0xcc, 0x6, 0x0, 0x0, 0x5f, 0xf7, 0xf5,
    0xff, 0xfe, 0xae, 0x1b, 0x0, 0x0, 0x11, 0xf5,
    0x6a, 0x4, 0x27, 0xb, 0x0, 0x0, 0x0, 0x0,
    0x4a, 0xff, 0x51, 0x0, 0x0, 0x0, 0x0, 0x0,
    0x0, 0x0, 0x1b, 0xf7, 0xe3, 0x8c, 0x7c, 0x7b,
    0x74, 0x5b, 0x17, 0x0, 0x0, 0x96, 0xf3, 0xee,
    0xff, 0xff, 0xff, 0xff, 0xfa, 0x59, 0x62, 0xf4,
    0x2f, 0x0, 0x0, 0x0, 0xa, 0x51, 0xfa, 0xdc,
    0xd3, 0xb4, 0x0, 0x0, 0x0, 0x0, 0x0, 0x0,
    0xdd, 0xe6, 0xdc, 0xd8, 0x7, 0x0, 0x0, 0x0,
    0x0, 0x42, 0xff, 0x99, 0x6c, 0xff, 0xcc, 0x68,
    0x48, 0x58, 0x98, 0xf8, 0xc5, 0xa, 0x0, 0x4d,
    0xb7, 0xe4, 0xf8, 0xdd, 0xb8, 0x56, 0x2, 0x0,

    /* U+0068 "h" */
    0x27, 0xff, 0xaf, 0x0, 0x0, 0x0, 0x0, 0x0,
    0x0, 0x0, 0x27, 0xff, 0xaf, 0x0, 0x0, 0x0,
    0x0, 0x0, 0x0, 0x0, 0x27, 0xff, 0xaf, 0x0,
    0x0, 0x0, 0x0, 0x0, 0x0, 0x0, 0x27, 0xff,
    0xaf, 0x0, 0x0, 0x0, 0x0, 0x0, 0x0, 0x0,
    0x27, 0xff, 0xae, 0x0, 0x0, 0x0, 0x0, 0x0,
    0x0, 0x0, 0x27, 0xff, 0xa4, 0xe, 0x93, 0xe5,
    0xef, 0xb9, 0x24, 0x0, 0x27, 0xff, 0xc0, 0xda,
    0xe5, 0xa5, 0xc8, 0xff, 0xe1, 0x4, 0x27, 0xff,
    0xff, 0x89, 0x2, 0x0, 0x1, 0xb5, 0xff, 0x4c,
    0x27, 0xff, 0xb7, 0x0, 0x0, 0x0, 0x0, 0x63,
    0xff, 0x6f, 0x27, 0xff, 0xaf, 0x0, 0x0, 0x0,
    0x0, 0x4e, 0xff, 0x83, 0x27, 0xff, 0xaf, 0x0,
    0x0, 0x0, 0x0, 0x4b, 0xff, 0x83, 0x27, 0xff,
    0xaf, 0x0, 0x0, 0x0, 0x0, 0x4b, 0xff, 0x83,
    0x27, 0xff, 0xaf, 0x0, 0x0, 0x0, 0x0, 0x4b,
    0xff, 0x83, 0x27, 0xff, 0xaf, 0x0, 0x0, 0x0,
    0x0, 0x4b, 0xff, 0x83, 0x27, 0xff, 0xaf, 0x0,
    0x0, 0x0, 0x0, 0x4b, 0xff, 0x83, 0x27, 0xff,
    0xaf, 0x0, 0x0, 0x0, 0x0, 0x4b, 0xff, 0x83,

    /* U+0069 "i" */
    0x32, 0xe3, 0x92, 0x57, 0xff, 0xce, 0x2, 0x3f,
    0x17, 0x0, 0x0, 0x0, 0x0, 0x0, 0x0, 0x27,
    0xff, 0xaf, 0x27, 0xff, 0xaf, 0x27, 0xff, 0xaf,
    0x27, 0xff, 0xaf, 0x27, 0xff, 0xaf, 0x27, 0xff,
    0xaf, 0x27, 0xff, 0xaf, 0x27, 0xff, 0xaf, 0x27,
    0xff, 0xaf, 0x27, 0xff, 0xaf, 0x27, 0xff, 0xaf,

    /* U+006A "j" */
    0x0, 0x0, 0x2c, 0xe1, 0x99, 0x0, 0x0, 0x4f,
    0xff, 0xd5, 0x0, 0x0, 0x1, 0x3d, 0x19, 0x0,
    0x0, 0x0, 0x0, 0x0, 0x0, 0x0, 0x0, 0x0,
    0x0, 0x0, 0x0, 0x23, 0xff, 0xaf, 0x0, 0x0,
    0x23, 0xff, 0xaf, 0x0, 0x0, 0x23, 0xff, 0xaf,
    0x0, 0x0, 0x23, 0xff, 0xaf, 0x0, 0x0, 0x23,
    0xff, 0xaf, 0x0, 0x0, 0x23, 0xff, 0xaf, 0x0,
    0x0, 0x23, 0xff, 0xaf, 0x0, 0x0, 0x23, 0xff,
    0xaf, 0x0, 0x0, 0x23, 0xff, 0xaf, 0x0, 0x0,
    0x23, 0xff, 0xaf, 0x0, 0x0, 0x23, 0xff, 0xaf,
    0x0, 0x0, 0x23, 0xff, 0xaf, 0x0, 0x0, 0x2c,
    0xff, 0xa9, 0x0, 0x0, 0x55, 0xff, 0x8e, 0x5b,
    0x7d, 0xd8, 0xff, 0x3b, 0x9f, 0xf2, 0xda, 0x69,
    0x0,

    /* U+006B "k" */
    0x27, 0xff, 0xa3, 0x0, 0x0, 0x0, 0x0, 0x0,
    0x0, 0x0, 0x27, 0xff, 0xa3, 0x0, 0x0, 0x0,
    0x0, 0x0, 0x0, 0x0, 0x27, 0xff, 0xa3, 0x0,
    0x0, 0x0, 0x0, 0x0, 0x0, 0x0, 0x27, 0xff,
    0xa3, 0x0, 0x0, 0x0, 0x0, 0x0, 0x0, 0x0,
    0x27, 0xff, 0xa3, 0x0, 0x0, 0x0, 0x0, 0x0,
    0x0, 0x0, 0x27, 0xff, 0xa3, 0x0, 0x0, 0x0,
    0x25, 0xf0, 0xdf, 0x14, 0x27, 0xff, 0xa3, 0x0,
    0x0, 0xb, 0xd4, 0xf4, 0x2e, 0x0, 0x27, 0xff,
    0xa3, 0x0, 0x0, 0xaa, 0xfe, 0x52, 0x0, 0x0,
    0x27, 0xff, 0xa3, 0x0, 0x76, 0xff, 0x7f, 0x0,
    0x0, 0x0, 0x27, 0xff, 0xa3, 0x44, 0xfc, 0xe6,
    0x2, 0x0, 0x0, 0x0, 0x27, 0xff, 0xc3, 0xec,
    0xee, 0xff, 0x65, 0x0, 0x0, 0x0, 0x27, 0xff,
    0xff, 0xe5, 0x1e, 0xd0, 0xee, 0x17, 0x0, 0x0,
    0x27, 0xff, 0xf5, 0x32, 0x0, 0x3c, 0xff, 0xa6,
    0x0, 0x0, 0x27, 0xff, 0xa5, 0x0, 0x0, 0x0,
    0xa2, 0xff, 0x47, 0x0, 0x27, 0xff, 0xa3, 0x0,
    0x0, 0x0, 0x18, 0xf1, 0xdd, 0x9, 0x27, 0xff,
    0xa3, 0x0, 0x0, 0x0, 0x0, 0x70, 0xff, 0x87,

    /* U+006C "l" */
    0x27, 0xff, 0xaf, 0x0, 0x27, 0xff, 0xaf, 0x0,
    0x27, 0xff, 0xaf, 0x0, 0x27, 0xff, 0xaf, 0x0,
    0x27, 0xff, 0xaf, 0x0, 0x27, 0xff, 0xaf, 0x0,
    0x27, 0xff, 0xaf, 0x0, 0x27, 0xff, 0xaf, 0x0,
    0x27, 0xff, 0xaf, 0x0, 0x27, 0xff, 0xaf, 0x0,
    0x27, 0xff, 0xaf, 0x0, 0x27, 0xff, 0xaf, 0x0,
    0x27, 0xff, 0xaf, 0x0, 0x25, 0xff, 0xb2, 0x0,
    0xd, 0xfb, 0xed, 0x53, 0x0, 0x7c, 0xf1, 0xa5,

    /* U+006D "m" */
    0x27, 0xff, 0x63, 0x14, 0xa1, 0xee, 0xec, 0xa2,
    0x8, 0x0, 0x46, 0xc8, 0xf4, 0xd0, 0x52, 0x0,
    0x27, 0xff, 0xa5, 0xde, 0xdc, 0xa3, 0xdf, 0xff,
    0x8e, 0x6d, 0xf7, 0xba, 0xad, 0xfc, 0xff, 0x33,
    0x27, 0xff, 0xff, 0x81, 0x0, 0x0, 0x10, 0xee,
    0xff, 0xe3, 0x2f, 0x0, 0x0, 0x6a, 0xff, 0x98,
    0x27, 0xff, 0xb6, 0x0, 0x0, 0x0, 0x0, 0xac,
    0xff, 0x43, 0x0, 0x0, 0x0, 0x18, 0xff, 0xbb,
    0x27, 0xff, 0xaf, 0x0, 0x0, 0x0, 0x0, 0x96,
    0xff, 0x3b, 0x0, 0x0, 0x0, 0x2, 0xff, 0xcf,
    0x27, 0xff, 0xaf, 0x0, 0x0, 0x0, 0x0, 0x93,
    0xff, 0x3b, 0x0, 0x0, 0x0, 0x0, 0xff, 0xcf,
    0x27, 0xff, 0xaf, 0x0, 0x0, 0x0, 0x0, 0x93,
    0xff, 0x3b, 0x0, 0x0, 0x0, 0x0, 0xff, 0xcf,
    0x27, 0xff, 0xaf, 0x0, 0x0, 0x0, 0x0, 0x93,
    0xff, 0x3b, 0x0, 0x0, 0x0, 0x0, 0xff, 0xcf,
    0x27, 0xff, 0xaf, 0x0, 0x0, 0x0, 0x0, 0x93,
    0xff, 0x3b, 0x0, 0x0, 0x0, 0x0, 0xff, 0xcf,
    0x27, 0xff, 0xaf, 0x0, 0x0, 0x0, 0x0, 0x93,
    0xff, 0x3b, 0x0, 0x0, 0x0, 0x0, 0xff, 0xcf,
    0x27, 0xff, 0xaf, 0x0, 0x0, 0x0, 0x0, 0x93,
    0xff, 0x3b, 0x0, 0x0, 0x0, 0x0, 0xff, 0xcf,

    /* U+006E "n" */
    0x27, 0xff, 0x63, 0xe, 0x93, 0xe6, 0xef, 0xb9,
    0x24, 0x0, 0x27, 0xff, 0xa4, 0xd9, 0xe5, 0xa5,
    0xc8, 0xff, 0xe1, 0x4, 0x27, 0xff, 0xff, 0x89,
    0x2, 0x0, 0x1, 0xb5, 0xff, 0x4c, 0x27, 0xff,
    0xb7, 0x0, 0x0, 0x0, 0x0, 0x63, 0xff, 0x6f,
    0x27, 0xff, 0xaf, 0x0, 0x0, 0x0, 0x0, 0x4e,
    0xff, 0x83, 0x27, 0xff, 0xaf, 0x0, 0x0, 0x0,
    0x0, 0x4b, 0xff, 0x83, 0x27, 0xff, 0xaf, 0x0,
    0x0, 0x0, 0x0, 0x4b, 0xff, 0x83, 0x27, 0xff,
    0xaf, 0x0, 0x0, 0x0, 0x0, 0x4b, 0xff, 0x83,
    0x27, 0xff, 0xaf, 0x0, 0x0, 0x0, 0x0, 0x4b,
    0xff, 0x83, 0x27, 0xff, 0xaf, 0x0, 0x0, 0x0,
    0x0, 0x4b, 0xff, 0x83, 0x27, 0xff, 0xaf, 0x0,
    0x0, 0x0, 0x0, 0x4b, 0xff, 0x83,

    /* U+006F "o" */
    0x0, 0x0, 0x33, 0xaf, 0xe2, 0xe9, 0xb7, 0x44,
    0x0, 0x0, 0x0, 0x0, 0x66, 0xfb, 0xee, 0xa5,
    0x9d, 0xe5, 0xfe, 0x82, 0x0, 0x0, 0x24, 0xf6,
    0xdd, 0x1f, 0x0, 0x0, 0x12, 0xc9, 0xfe, 0x3c,
    0x0, 0x97, 0xff, 0x58, 0x0, 0x0, 0x0, 0x0,
    0x36, 0xff, 0xb6, 0x0, 0xc6, 0xff, 0x10, 0x0,
    0x0, 0x0, 0x0, 0x0, 0xed, 0xe5, 0x0, 0xe8,
    0xf4, 0x0, 0x0, 0x0, 0x0, 0x0, 0x0, 0xd1,
    0xff, 0x8, 0xc8, 0xff, 0xe, 0x0, 0x0, 0x0,
    0x0, 0x0, 0xeb, 0xe7, 0x0, 0x99, 0xff, 0x54,
    0x0, 0x0, 0x0, 0x0, 0x32, 0xff, 0xb8, 0x0,
    0x27, 0xf8, 0xda, 0x1b, 0x0, 0x0, 0xf, 0xc5,
    0xfe, 0x40, 0x0, 0x0, 0x6b, 0xfc, 0xeb, 0x9f,
    0x98, 0xe2, 0xff, 0x87, 0x0, 0x0, 0x0, 0x0,
    0x36, 0xb2, 0xe4, 0xea, 0xba, 0x47, 0x0, 0x0,
    0x0,

    /* U+0070 "p" */
    0x27, 0xff, 0x65, 0x22, 0x9c, 0xdd, 0xe6, 0xb0,
    0x2a, 0x0, 0x0, 0x27, 0xff, 0xcb, 0xf5, 0xcd,
    0x94, 0xb7, 0xfe, 0xf3, 0x36, 0x0, 0x27, 0xff,
    0xf2, 0x5c, 0x0, 0x0, 0x0, 0x5f, 0xff, 0xbc,
    0x0, 0x27, 0xff, 0xaf, 0x0, 0x0, 0x0, 0x0,
    0x0, 0xd8, 0xff, 0x19, 0x27, 0xff, 0xaf, 0x0,
    0x0, 0x0, 0x0, 0x0, 0xa6, 0xff, 0x3b, 0x27,
    0xff, 0xaf, 0x0, 0x0, 0x0, 0x0, 0x0, 0x99,
    0xff, 0x4c, 0x27, 0xff, 0xaf, 0x0, 0x0, 0x0,
    0x0, 0x0, 0xb7, 0xff, 0x27, 0x27, 0xff, 0xaf,
    0x0, 0x0, 0x0, 0x0, 0x10, 0xf0, 0xf6, 0x4,
    0x27, 0xff, 0xd7, 0x22, 0x0, 0x0, 0x3, 0x9e,
    0xff, 0x81, 0x0, 0x27, 0xff, 0xf4, 0xf7, 0xab,
    0x93, 0xd3, 0xff, 0xca, 0xa, 0x0, 0x27, 0xff,
    0xa4, 0x4e, 0xc3, 0xf1, 0xd0, 0x82, 0x6, 0x0,
    0x0, 0x27, 0xff, 0xac, 0x0, 0x0, 0x0, 0x0,
    0x0, 0x0, 0x0, 0x0, 0x27, 0xff, 0xaf, 0x0,
    0x0, 0x0, 0x0, 0x0, 0x0, 0x0, 0x0, 0x27,
    0xff, 0xaf, 0x0, 0x0, 0x0, 0x0, 0x0, 0x0,
    0x0, 0x0, 0x27, 0xff, 0xaf, 0x0, 0x0, 0x0,
    0x0, 0x0, 0x0, 0x0, 0x0, 0x27, 0xff, 0xaf,
    0x0, 0x0, 0x0, 0x0, 0x0, 0x0, 0x0, 0x0,

    /* U+0071 "q" */
    0x0, 0x0, 0x44, 0xb9, 0xee, 0xdb, 0x98, 0x16,
    0xf8, 0x8f, 0x0, 0x71, 0xfd, 0xf2, 0xa7, 0x99,
    0xda, 0xf1, 0xff, 0x8f, 0x25, 0xf9, 0xe6, 0x28,
    0x0, 0x0, 0x4, 0x8e, 0xff, 0x8f, 0x97, 0xff,
    0x63, 0x0, 0x0, 0x0, 0x0, 0x47, 0xff, 0x8f,
    0xc4, 0xff, 0x16, 0x0, 0x0, 0x0, 0x0, 0x47,
    0xff, 0x8f, 0xe6, 0xf8, 0x0, 0x0, 0x0, 0x0,
    0x0, 0x47, 0xff, 0x8f, 0xce, 0xff, 0xe, 0x0,
    0x0, 0x0, 0x0, 0x47, 0xff, 0x8f, 0xab, 0xff,
    0x4a, 0x0, 0x0, 0x0, 0x0, 0x47, 0xff, 0x8f,
    0x49, 0xff, 0xcd, 0x11, 0x0, 0x0, 0x15, 0xc0,
    0xff, 0x8f, 0x0, 0xaf, 0xff, 0xe2, 0x9b, 0xa6,
    0xec, 0xd4, 0xff, 0x8f, 0x0, 0x2, 0x77, 0xcb,
    0xf2, 0xc5, 0x6b, 0x3c, 0xff, 0x8f, 0x0, 0x0,
    0x0, 0x0, 0x0, 0x0, 0x0, 0x45, 0xff, 0x8f,
    0x0, 0x0, 0x0, 0x0, 0x0, 0x0, 0x0, 0x47,
    0xff, 0x8f, 0x0, 0x0, 0x0, 0x0, 0x0, 0x0,
    0x0, 0x47, 0xff, 0x8f, 0x0, 0x0, 0x0, 0x0,
    0x0, 0x0, 0x0, 0x47, 0xff, 0x8f, 0x0, 0x0,
    0x0, 0x0, 0x0, 0x0, 0x0, 0x47, 0xff, 0x8f,

    /* U+0072 "r" */
    0x27, 0xff, 0x60, 0x19, 0xb1, 0xf6, 0xae, 0x27,
    0xff, 0x7e, 0xca, 0xdf, 0xaa, 0x5d, 0x27, 0xff,
    0xf6, 0xaf, 0x6, 0x0, 0x0, 0x27, 0xff, 0xef,
    0x11, 0x0, 0x0, 0x0, 0x27, 0xff, 0xb0, 0x0,
    0x0, 0x0, 0x0, 0x27, 0xff, 0xaf, 0x0, 0x0,
    0x0, 0x0, 0x27, 0xff, 0xaf, 0x0, 0x0, 0x0,
    0x0, 0x27, 0xff, 0xaf, 0x0, 0x0, 0x0, 0x0,
    0x27, 0xff, 0xaf, 0x0, 0x0, 0x0, 0x0, 0x27,
    0xff, 0xaf, 0x0, 0x0, 0x0, 0x0, 0x27, 0xff,
    0xaf, 0x0, 0x0, 0x0, 0x0,

    /* U+0073 "s" */
    0x0, 0x0, 0x48, 0xc0, 0xed, 0xe6, 0xb6, 0x44,
    0x0, 0x0, 0x47, 0xfe, 0xda, 0x7b, 0x7d, 0xbe,
    0xf2, 0x1b, 0x0, 0xaa, 0xff, 0x1c, 0x0, 0x0,
    0x0, 0x15, 0x0, 0x0, 0xa3, 0xff, 0x38, 0x0,
    0x0, 0x0, 0x0, 0x0, 0x0, 0x2f, 0xf1, 0xf7,
    0x9f, 0x31, 0x0, 0x0, 0x0, 0x0, 0x0, 0x16,
    0x8a, 0xf3, 0xff, 0xb5, 0x36, 0x0, 0x0, 0x0,
    0x0, 0x0, 0x12, 0x79, 0xef, 0xf7, 0x30, 0x0,
    0x0, 0x0, 0x0, 0x0, 0x0, 0x4b, 0xff, 0x87,
    0x0, 0x52, 0xc, 0x0, 0x0, 0x0, 0x47, 0xff,
    0x7e, 0x1e, 0xf0, 0xe6, 0x97, 0x70, 0x83, 0xea,
    0xee, 0x20, 0x0, 0x18, 0x94, 0xcb, 0xf3, 0xe2,
    0xa8, 0x27, 0x0,

    /* U+0074 "t" */
    0x0, 0x0, 0x94, 0xfb, 0x0, 0x0, 0x0, 0x0,
    0x0, 0x0, 0xa4, 0xfb, 0x0, 0x0, 0x0, 0x0,
    0x0, 0x0, 0xb4, 0xfb, 0x0, 0x0, 0x0, 0x0,
    0x73, 0xff, 0xff, 0xff, 0xff, 0xff, 0xef, 0x0,
    0x34, 0x73, 0xea, 0xfd, 0x73, 0x73, 0x6c, 0x0,
    0x0, 0x0, 0xd7, 0xfb, 0x0, 0x0, 0x0, 0x0,
    0x0, 0x0, 0xd7, 0xfb, 0x0, 0x0, 0x0, 0x0,
    0x0, 0x0, 0xd7, 0xfb, 0x0, 0x0, 0x0, 0x0,
    0x0, 0x0, 0xd7, 0xfb, 0x0, 0x0, 0x0, 0x0,
    0x0, 0x0, 0xd7, 0xfb, 0x0, 0x0, 0x0, 0x0,
    0x0, 0x0, 0xd2, 0xfe, 0x7, 0x0, 0x0, 0x0,
    0x0, 0x0, 0xb8, 0xff, 0x3d, 0x0, 0x0, 0x0,
    0x0, 0x0, 0x64, 0xff, 0xdb, 0x88, 0xa8, 0x6,
    0x0, 0x0, 0x2, 0x80, 0xde, 0xed, 0xb6, 0x1e,

    /* U+0075 "u" */
    0x4f, 0xff, 0x83, 0x0, 0x0, 0x0, 0x0, 0x7f,
    0xff, 0x4f, 0x4f, 0xff, 0x83, 0x0, 0x0, 0x0,
    0x0, 0x7f, 0xff, 0x4f, 0x4f, 0xff, 0x83, 0x0,
    0x0, 0x0, 0x0, 0x7f, 0xff, 0x4f, 0x4f, 0xff,
    0x83, 0x0, 0x0, 0x0, 0x0, 0x7f, 0xff, 0x4f,
    0x4f, 0xff, 0x83, 0x0, 0x0, 0x0, 0x0, 0x7f,
    0xff, 0x4f, 0x4f, 0xff, 0x83, 0x0, 0x0, 0x0,
    0x0, 0x7f, 0xff, 0x4f, 0x4f, 0xff, 0x85, 0x0,
    0x0, 0x0, 0x0, 0x7f, 0xff, 0x4f, 0x3d, 0xff,
    0x99, 0x0, 0x0, 0x0, 0x0, 0x90, 0xff, 0x4f,
    0x1c, 0xff, 0xe0, 0x8, 0x0, 0x0, 0x5b, 0xfc,
    0xff, 0x4f, 0x0, 0xb6, 0xff, 0xd4, 0x9a, 0xd1,
    0xe6, 0x84, 0xff, 0x4f, 0x0, 0x12, 0xa6, 0xe8,
    0xef, 0xac, 0x1e, 0x3d, 0xff, 0x4f,

    /* U+0076 "v" */
    0x8e, 0xff, 0x50, 0x0, 0x0, 0x0, 0x0, 0x0,
    0xce, 0xf2, 0x8, 0x33, 0xff, 0xa4, 0x0, 0x0,
    0x0, 0x0, 0x22, 0xff, 0xa1, 0x0, 0x0, 0xd8,
    0xf1, 0x7, 0x0, 0x0, 0x0, 0x76, 0xff, 0x47,
    0x0, 0x0, 0x7c, 0xff, 0x4b, 0x0, 0x0, 0x0,
    0xcb, 0xea, 0x4, 0x0, 0x0, 0x22, 0xff, 0x9f,
    0x0, 0x0, 0x20, 0xff, 0x94, 0x0, 0x0, 0x0,
    0x0, 0xc6, 0xee, 0x5, 0x0, 0x73, 0xff, 0x3b,
    0x0, 0x0, 0x0, 0x0, 0x6b, 0xff, 0x46, 0x0,
    0xc6, 0xe0, 0x1, 0x0, 0x0, 0x0, 0x0, 0x14,
    0xfb, 0x95, 0x17, 0xfe, 0x88, 0x0, 0x0, 0x0,
    0x0, 0x0, 0x0, 0xb4, 0xe3, 0x66, 0xff, 0x2e,
    0x0, 0x0, 0x0, 0x0, 0x0, 0x0, 0x59, 0xff,
    0xe0, 0xd6, 0x0, 0x0, 0x0, 0x0, 0x0, 0x0,
    0x0, 0xa, 0xf3, 0xff, 0x7c, 0x0, 0x0, 0x0,
    0x0,

    /* U+0077 "w" */
    0x51, 0xff, 0x87, 0x0, 0x0, 0x0, 0x3, 0xef,
    0xfe, 0x17, 0x0, 0x0, 0x0, 0x5c, 0xff, 0x60,
    0xf, 0xfb, 0xc8, 0x0, 0x0, 0x0, 0x36, 0xfe,
    0xfd, 0x59, 0x0, 0x0, 0x0, 0x9b, 0xff, 0x1d,
    0x0, 0xc4, 0xfb, 0xd, 0x0, 0x0, 0x7b, 0xcf,
    0xcc, 0x9e, 0x0, 0x0, 0x0, 0xda, 0xd8, 0x0,
    0x0, 0x7e, 0xff, 0x49, 0x0, 0x0, 0xbf, 0x95,
    0x91, 0xe2, 0x0, 0x0, 0x1a, 0xff, 0x93, 0x0,
    0x0, 0x38, 0xff, 0x8a, 0x0, 0xa, 0xf9, 0x5a,
    0x56, 0xff, 0x26, 0x0, 0x59, 0xff, 0x4f, 0x0,
    0x0, 0x3, 0xee, 0xca, 0x0, 0x48, 0xff, 0x1e,
    0x18, 0xff, 0x6b, 0x0, 0x98, 0xfc, 0xf, 0x0,
    0x0, 0x0, 0xab, 0xfc, 0xc, 0x8b, 0xda, 0x0,
    0x0, 0xd4, 0xaf, 0x0, 0xd6, 0xc6, 0x0, 0x0,
    0x0, 0x0, 0x65, 0xff, 0x3f, 0xc8, 0x98, 0x0,
    0x0, 0x90, 0xee, 0x13, 0xfe, 0x82, 0x0, 0x0,
    0x0, 0x0, 0x1f, 0xff, 0x7f, 0xfa, 0x55, 0x0,
    0x0, 0x4d, 0xff, 0x78, 0xff, 0x3e, 0x0, 0x0,
    0x0, 0x0, 0x0, 0xd9, 0xea, 0xfe, 0x15, 0x0,
    0x0, 0xe, 0xfb, 0xeb, 0xf4, 0x5, 0x0, 0x0,
    0x0, 0x0, 0x0, 0x93, 0xff, 0xd0, 0x0, 0x0,
    0x0, 0x0, 0xc5, 0xff, 0xb5, 0x0, 0x0, 0x0,

    /* U+0078 "x" */
    0x24, 0xf7, 0xd6, 0x5, 0x0, 0x0, 0x1, 0xca,
    0xf4, 0x1d, 0x0, 0x7b, 0xff, 0x77, 0x0, 0x0,
    0x5a, 0xff, 0x77, 0x0, 0x0, 0x6, 0xd5, 0xf4,
    0x1c, 0x6, 0xe0, 0xd7, 0x5, 0x0, 0x0, 0x0,
    0x3c, 0xfe, 0xa4, 0x6c, 0xff, 0x42, 0x0, 0x0,
    0x0, 0x0, 0x0, 0x9a, 0xff, 0xf1, 0xa6, 0x0,
    0x0, 0x0, 0x0, 0x0, 0x0, 0x51, 0xff, 0xff,
    0x3c, 0x0, 0x0, 0x0, 0x0, 0x0, 0x8, 0xdc,
    0xd1, 0xf7, 0xbf, 0x1, 0x0, 0x0, 0x0, 0x0,
    0x85, 0xfe, 0x35, 0x7f, 0xff, 0x65, 0x0, 0x0,
    0x0, 0x2a, 0xfa, 0xa4, 0x0, 0x8, 0xdb, 0xf0,
    0x1a, 0x0, 0x1, 0xc3, 0xf5, 0x1c, 0x0, 0x0,
    0x46, 0xff, 0xaf, 0x0, 0x64, 0xff, 0x80, 0x0,
    0x0, 0x0, 0x0, 0xa7, 0xff, 0x54,

    /* U+0079 "y" */
    0x8a, 0xff, 0x54, 0x0, 0x0, 0x0, 0x0, 0x0,
    0xc8, 0xf3, 0x9, 0x27, 0xff, 0xaf, 0x0, 0x0,
    0x0, 0x0, 0x1a, 0xfe, 0xa5, 0x0, 0x0, 0xc4,
    0xf9, 0x11, 0x0, 0x0, 0x0, 0x69, 0xff, 0x4f,
    0x0, 0x0, 0x61, 0xff, 0x64, 0x0, 0x0, 0x0,
    0xb9, 0xf2, 0x8, 0x0, 0x0, 0xb, 0xf2, 0xbf,
    0x0, 0x0, 0xf, 0xfa, 0xa3, 0x0, 0x0, 0x0,
    0x0, 0x9a, 0xfe, 0x1c, 0x0, 0x5a, 0xff, 0x4d,
    0x0, 0x0, 0x0, 0x0, 0x37, 0xff, 0x73, 0x0,
    0xa7, 0xf1, 0x7, 0x0, 0x0, 0x0, 0x0, 0x0,
    0xd4, 0xca, 0x2, 0xeb, 0xa1, 0x0, 0x0, 0x0,
    0x0, 0x0, 0x0, 0x71, 0xff, 0x56, 0xff, 0x4b,
    0x0, 0x0, 0x0, 0x0, 0x0, 0x0, 0x14, 0xf9,
    0xe7, 0xef, 0x6, 0x0, 0x0, 0x0, 0x0, 0x0,
    0x0, 0x0, 0xaa, 0xff, 0x9e, 0x0, 0x0, 0x0,
    0x0, 0x0, 0x0, 0x0, 0x0, 0x78, 0xff, 0x48,
    0x0, 0x0, 0x0, 0x0, 0x0, 0x0, 0x0, 0x3,
    0xd5, 0xe5, 0x4, 0x0, 0x0, 0x0, 0x0, 0x0,
    0x0, 0x0, 0x64, 0xff, 0x79, 0x0, 0x0, 0x0,
    0x0, 0x0, 0x1, 0x8c, 0x9e, 0xfb, 0xcf, 0x6,
    0x0, 0x0, 0x0, 0x0, 0x0, 0x21, 0xe8, 0xe6,
    0x9e, 0x10, 0x0, 0x0, 0x0, 0x0, 0x0, 0x0,

    /* U+007A "z" */
    0x0, 0xaf, 0xff, 0xff, 0xff, 0xff, 0xff, 0xff,
    0xbb, 0x0, 0x4f, 0x73, 0x73, 0x73, 0x73, 0xde,
    0xff, 0x60, 0x0, 0x0, 0x0, 0x0, 0x0, 0x47,
    0xff, 0xb4, 0x0, 0x0, 0x0, 0x0, 0x0, 0xe,
    0xe2, 0xef, 0x1a, 0x0, 0x0, 0x0, 0x0, 0x0,
    0x9c, 0xff, 0x5d, 0x0, 0x0, 0x0, 0x0, 0x0,
    0x47, 0xff, 0xb2, 0x0, 0x0, 0x0, 0x0, 0x0,
    0xe, 0xe2, 0xee, 0x19, 0x0, 0x0, 0x0, 0x0,
    0x0, 0x9c, 0xff, 0x5b, 0x0, 0x0, 0x0, 0x0,
    0x0, 0x47, 0xff, 0xb0, 0x0, 0x0, 0x0, 0x0,
    0x0, 0xe, 0xe2, 0xff, 0x90, 0x77, 0x77, 0x77,
    0x77, 0x6e, 0x4b, 0xff, 0xff, 0xff, 0xff, 0xff,
    0xff, 0xff, 0xeb,

    /* U+007B "{" */
    0x0, 0x0, 0x1, 0x96, 0xec, 0xff, 0x13, 0x0,
    0x0, 0x4a, 0xff, 0x70, 0x10, 0x0, 0x0, 0x0,
    0x76, 0xff, 0x7, 0x0, 0x0, 0x0, 0x0, 0x7e,
    0xfe, 0x0, 0x0, 0x0, 0x0, 0x0, 0x72, 0xff,
    0x5, 0x0, 0x0, 0x0, 0x0, 0x66, 0xff, 0xc,
    0x0, 0x0, 0x0, 0x0, 0x5a, 0xff, 0x13, 0x0,
    0x0, 0x0, 0x0, 0x64, 0xfc, 0x9, 0x0, 0x0,
    0x0, 0x1e, 0xca, 0xd0, 0x0, 0x0, 0x0, 0x3b,
    0xff, 0xef, 0x1c, 0x0, 0x0, 0x0, 0xb, 0x4f,
    0xdf, 0xb4, 0x0, 0x0, 0x0, 0x0, 0x0, 0x72,
    0xf8, 0x4, 0x0, 0x0, 0x0, 0x0, 0x57, 0xff,
    0x14, 0x0, 0x0, 0x0, 0x0, 0x64, 0xff, 0xd,
    0x0, 0x0, 0x0, 0x0, 0x70, 0xff, 0x6, 0x0,
    0x0, 0x0, 0x0, 0x7b, 0xfe, 0x0, 0x0, 0x0,
    0x0, 0x0, 0x7a, 0xff, 0x4, 0x0, 0x0, 0x0,
    0x0, 0x56, 0xff, 0x52, 0x0, 0x0, 0x0, 0x0,
    0x5, 0xb6, 0xff, 0xf0, 0x12, 0x0, 0x0, 0x0,
    0x0, 0xb, 0x1b, 0x2,

    /* U+007C "|" */
    0xef, 0x57, 0xef, 0x57, 0xef, 0x57, 0xef, 0x57,
    0xef, 0x57, 0xef, 0x57, 0xef, 0x57, 0xef, 0x57,
    0xef, 0x57, 0xef, 0x57, 0xef, 0x57, 0xef, 0x57,
    0xef, 0x57, 0xef, 0x57, 0xef, 0x57, 0xef, 0x57,
    0xef, 0x57, 0xef, 0x57, 0xef, 0x57, 0xef, 0x57,
    0xef, 0x57, 0xef, 0x57,

    /* U+007D "}" */
    0x4f, 0xfe, 0xe3, 0x66, 0x0, 0x0, 0x3, 0x17,
    0xa5, 0xf9, 0x15, 0x0, 0x0, 0x0, 0x44, 0xff,
    0x3c, 0x0, 0x0, 0x0, 0x3a, 0xff, 0x45, 0x0,
    0x0, 0x0, 0x40, 0xff, 0x39, 0x0, 0x0, 0x0,
    0x46, 0xff, 0x2e, 0x0, 0x0, 0x0, 0x4c, 0xff,
    0x21, 0x0, 0x0, 0x0, 0x3f, 0xff, 0x2c, 0x0,
    0x0, 0x0, 0x13, 0xf9, 0x9f, 0x10, 0x0, 0x0,
    0x0, 0x47, 0xff, 0xff, 0x0, 0x0, 0xb, 0xe4,
    0xbf, 0x41, 0x0, 0x0, 0x37, 0xff, 0x3a, 0x0,
    0x0, 0x0, 0x4d, 0xff, 0x1e, 0x0, 0x0, 0x0,
    0x47, 0xff, 0x2b, 0x0, 0x0, 0x0, 0x41, 0xff,
    0x37, 0x0, 0x0, 0x0, 0x3b, 0xff, 0x42, 0x0,
    0x0, 0x0, 0x40, 0xff, 0x41, 0x0, 0x0, 0x0,
    0x8f, 0xfe, 0x1d, 0x0, 0x49, 0xf5, 0xfc, 0x83,
    0x0, 0x0, 0x8, 0x1a, 0x5, 0x0, 0x0, 0x0,

    /* U+007E "~" */
    0x0, 0x0, 0x0, 0x7, 0x0, 0x0, 0x0, 0x0,
    0x0, 0x0, 0x0, 0x0, 0x19, 0xc0, 0xff, 0xd3,
    0x45, 0x0, 0x0, 0x2, 0x4e, 0x0, 0x5, 0xce,
    0xc8, 0x5c, 0xa8, 0xfe, 0x8b, 0x2e, 0x93, 0xf2,
    0x18, 0x4, 0x79, 0x17, 0x0, 0x0, 0x5e, 0xf1,
    0xff, 0xf0, 0x49, 0x0, 0x0, 0x0, 0x0, 0x0,
    0x0, 0x0, 0x8, 0x36, 0xf, 0x0, 0x0,

    /* U+00B0 "°" */
    0x0, 0x11, 0xa3, 0xec, 0xd0, 0x43, 0x0, 0x0,
    0xab, 0xa5, 0xd, 0x45, 0xf3, 0x1e, 0x5, 0xf9,
    0x2e, 0x0, 0x0, 0xc3, 0x66, 0x6, 0xfb, 0x2d,
    0x0, 0x0, 0xc1, 0x69, 0x0, 0xb1, 0xa4, 0xf,
    0x46, 0xf5, 0x22, 0x0, 0x15, 0xaa, 0xf1, 0xd5,
    0x4a, 0x0,

    /* U+00B7 "·" */
    0x0, 0x0, 0x16, 0x16, 0x0, 0x0, 0x0, 0x7e,
    0xfe, 0xfe, 0x7d, 0x0, 0xc, 0xfd, 0xff, 0xff,
    0xfd, 0xc, 0x7, 0xf5, 0xff, 0xff, 0xf5, 0x6,
    0x0, 0x55, 0xe5, 0xe5, 0x55, 0x0,

    /* U+26A0 "⚠" */
    0x0, 0x0, 0x0, 0x0, 0x0, 0x0, 0x0, 0x0,
    0x67, 0xe6, 0xe8, 0x6d, 0x0, 0x0, 0x0, 0x0,
    0x0, 0x0, 0x0, 0x0, 0x0, 0x0, 0x0, 0x0,
    0x0, 0x0, 0x0, 0x5f, 0xf5, 0x70, 0x69, 0xf4,
    0x61, 0x0, 0x0, 0x0, 0x0, 0x0, 0x0, 0x0,
    0x0, 0x0, 0x0, 0x0, 0x0, 0x0, 0x16, 0xf0,
    0x5c, 0x0, 0x0, 0x54, 0xee, 0x12, 0x0, 0x0,
    0x0, 0x0, 0x0, 0x0, 0x0, 0x0, 0x0, 0x0,
    0x0, 0x0, 0x98, 0xbc, 0x0, 0x0, 0x0, 0x0,
    0xbd, 0x91, 0x0, 0x0, 0x0, 0x0, 0x0, 0x0,
    0x0, 0x0, 0x0, 0x0, 0x0, 0x2b, 0xfa, 0x30,
    0x0, 0x69, 0x3b, 0x0, 0x30, 0xf8, 0x27, 0x0,
    0x0, 0x0, 0x0, 0x0, 0x0, 0x0, 0x0, 0x0,
    0x0, 0xb7, 0x9e, 0x0, 0x0, 0xf5, 0x88, 0x0,
    0x0, 0x9f, 0xb1, 0x0, 0x0, 0x0, 0x0, 0x0,
    0x0, 0x0, 0x0, 0x0, 0x46, 0xf5, 0x1a, 0x0,
    0x0, 0xec, 0x80, 0x0, 0x0, 0x1a, 0xf5, 0x42,
    0x0, 0x0, 0x0, 0x0, 0x0, 0x0, 0x0, 0x2,
    0xd2, 0x80, 0x0, 0x0, 0x0, 0xe0, 0x73, 0x0,
    0x0, 0x0, 0x80, 0xd0, 0x2, 0x0, 0x0, 0x0,
    0x0, 0x0, 0x0, 0x65, 0xe6, 0xb, 0x0, 0x0,
    0x0, 0xd5, 0x68, 0x0, 0x0, 0x0, 0xb, 0xe6,
    0x62, 0x0, 0x0, 0x0, 0x0, 0x0, 0xc, 0xe7,
    0x62, 0x0, 0x0, 0x0, 0x0, 0xc9, 0x5c, 0x0,
    0x0, 0x0, 0x0, 0x62, 0xe7, 0xc, 0x0, 0x0,
    0x0, 0x0, 0x83, 0xd1, 0x2, 0x0, 0x0, 0x0,
    0x0, 0xb5, 0x4d, 0x0, 0x0, 0x0, 0x0, 0x2,
    0xd0, 0x83, 0x0, 0x0, 0x0, 0x1c, 0xf6, 0x44,
    0x0, 0x0, 0x0, 0x0, 0x0, 0x0, 0x0, 0x0,
    0x0, 0x0, 0x0, 0x0, 0x44, 0xf6, 0x1d, 0x0,
    0x0, 0x9c, 0xb5, 0x0, 0x0, 0x0, 0x0, 0x0,
    0x16, 0xb9, 0x76, 0x0, 0x0, 0x0, 0x0, 0x0,
    0x0, 0xb6, 0x93, 0x0, 0xd, 0xf8, 0x47, 0x0,
    0x0, 0x0, 0x0, 0x0, 0x52, 0xff, 0xe4, 0x0,
    0x0, 0x0, 0x0, 0x0, 0x0, 0x59, 0xf1, 0x1,
    0x2b, 0xff, 0x1b, 0x0, 0x0, 0x0, 0x0, 0x0,
    0xa, 0x85, 0x4b, 0x0, 0x0, 0x0, 0x0, 0x0,
    0x0, 0x20, 0xff, 0x18, 0x6, 0xed, 0x9d, 0x14,
    0x0, 0x0, 0x0, 0x0, 0x0, 0x0, 0x0, 0x0,
    0x0, 0x0, 0x0, 0x0, 0x1e, 0x93, 0xeb, 0x2,
    0x0, 0x38, 0xd0, 0xff, 0xf6, 0xf3, 0xf3, 0xf3,
    0xf3, 0xf3, 0xf3, 0xf3, 0xf3, 0xf3, 0xf3, 0xf4,
    0xff, 0xe3, 0x44, 0x0, 0x0, 0x0, 0x0, 0x1a,
    0x36, 0x3b, 0x3b, 0x3b, 0x3b, 0x3b, 0x3b, 0x3b,
    0x3b, 0x3b, 0x3b, 0x3b, 0x24, 0x4, 0x0, 0x0,

    /* U+4E00 "一" */
    0x13, 0x9f, 0x9f, 0x9f, 0x9f, 0x9f, 0x9f, 0x9f,
    0x9f, 0x9f, 0x9f, 0x9f, 0x9f, 0x9f, 0x9f, 0x9f,
    0x9f, 0x9f, 0x9f, 0x20, 0x1f, 0xff, 0xff, 0xff,
    0xff, 0xff, 0xff, 0xff, 0xff, 0xff, 0xff, 0xff,
    0xff, 0xff, 0xff, 0xff, 0xff, 0xff, 0xff, 0x33,
    0x0, 0x3, 0x3, 0x3, 0x3, 0x3, 0x3, 0x3,
    0x3, 0x3, 0x3, 0x3, 0x3, 0x3, 0x3, 0x3,
    0x3, 0x3, 0x3, 0x0,

    /* U+4E09 "三" */
    0x0, 0xba, 0xf3, 0xf3, 0xf3, 0xf3, 0xf3, 0xf3,
    0xf3, 0xf3, 0xf3, 0xf3, 0xf3, 0xf3, 0xf3, 0xf3,
    0x5b, 0x0, 0x0, 0x6e, 0x8f, 0x8f, 0x8f, 0x8f,
    0x8f, 0x8f, 0x8f, 0x8f, 0x8f, 0x8f, 0x8f, 0x8f,
    0x8f, 0x8f, 0x35, 0x0, 0x0, 0x0, 0x0, 0x0,
    0x0, 0x0, 0x0, 0x0, 0x0, 0x0, 0x0, 0x0,
    0x0, 0x0, 0x0, 0x0, 0x0, 0x0, 0x0, 0x0,
    0x0, 0x0, 0x0, 0x0, 0x0, 0x0, 0x0, 0x0,
    0x0, 0x0, 0x0, 0x0, 0x0, 0x0, 0x0, 0x0,
    0x0, 0x0, 0x0, 0x0, 0x0, 0x0, 0x0, 0x0,
    0x0, 0x0, 0x0, 0x0, 0x0, 0x0, 0x0, 0x0,
    0x0, 0x0, 0x0, 0x0, 0x0, 0x0, 0x0, 0x0,
    0x0, 0x0, 0x0, 0x0, 0x0, 0x0, 0x0, 0x0,
    0x0, 0x0, 0x0, 0x0, 0x0, 0x0, 0x38, 0x73,
    0x73, 0x73, 0x73, 0x73, 0x73, 0x73, 0x73, 0x73,
    0x73, 0x73, 0x5e, 0x0, 0x0, 0x0, 0x0, 0x0,
    0x7b, 0xff, 0xff, 0xff, 0xff, 0xff, 0xff, 0xff,
    0xff, 0xff, 0xff, 0xff, 0xcf, 0x0, 0x0, 0x0,
    0x0, 0x0, 0x5, 0xb, 0xb, 0xb, 0xb, 0xb,
    0xb, 0xb, 0xb, 0xb, 0xb, 0xb, 0x9, 0x0,
    0x0, 0x0, 0x0, 0x0, 0x0, 0x0, 0x0, 0x0,
    0x0, 0x0, 0x0, 0x0, 0x0, 0x0, 0x0, 0x0,
    0x0, 0x0, 0x0, 0x0, 0x0, 0x0, 0x0, 0x0,
    0x0, 0x0, 0x0, 0x0, 0x0, 0x0, 0x0, 0x0,
    0x0, 0x0, 0x0, 0x0, 0x0, 0x0, 0x0, 0x0,
    0x0, 0x0, 0x0, 0x0, 0x0, 0x0, 0x0, 0x0,
    0x0, 0x0, 0x0, 0x0, 0x0, 0x0, 0x0, 0x0,
    0x0, 0x0, 0x0, 0x0, 0x0, 0x0, 0x0, 0x0,
    0x0, 0x0, 0x0, 0x0, 0x0, 0x0, 0x0, 0x0,
    0x0, 0x0, 0x6e, 0x77, 0x77, 0x77, 0x77, 0x77,
    0x77, 0x77, 0x77, 0x77, 0x77, 0x77, 0x77, 0x77,
    0x77, 0x77, 0x77, 0x38, 0xeb, 0xff, 0xff, 0xff,
    0xff, 0xff, 0xff, 0xff, 0xff, 0xff, 0xff, 0xff,
    0xff, 0xff, 0xff, 0xff, 0xff, 0x77, 0xb, 0xb,
    0xb, 0xb, 0xb, 0xb, 0xb, 0xb, 0xb, 0xb,
    0xb, 0xb, 0xb, 0xb, 0xb, 0xb, 0xb, 0x5,

    /* U+4E0E "与" */
    0x0, 0x0, 0x0, 0x0, 0x47, 0x26, 0x0, 0x0,
    0x0, 0x0, 0x0, 0x0, 0x0, 0x0, 0x0, 0x0,
    0x0, 0x0, 0x0, 0x0, 0x8, 0xfb, 0x83, 0x0,
    0x0, 0x0, 0x0, 0x0, 0x0, 0x0, 0x0, 0x0,
    0x0, 0x0, 0x0, 0x0, 0x0, 0x37, 0xff, 0x5b,
    0xb, 0xb, 0xb, 0xb, 0xb, 0xb, 0xb, 0xb,
    0xb, 0xb, 0x5, 0x0, 0x0, 0x0, 0x6b, 0xff,
    0xff, 0xff, 0xff, 0xff, 0xff, 0xff, 0xff, 0xff,
    0xff, 0xff, 0xff, 0x73, 0x0, 0x0, 0x0, 0x9e,
    0xec, 0x67, 0x67, 0x67, 0x67, 0x67, 0x67, 0x67,
    0x67, 0x67, 0x67, 0x67, 0x2f, 0x0, 0x0, 0x0,
    0xd4, 0xb2, 0x0, 0x0, 0x0, 0x0, 0x0, 0x0,
    0x0, 0x0, 0x0, 0x0, 0x0, 0x0, 0x0, 0x0,
    0x10, 0xfe, 0x7a, 0x0, 0x0, 0x0, 0x0, 0x0,
    0x0, 0x0, 0x0, 0x0, 0x0, 0x0, 0x0, 0x0,
    0x0, 0x4a, 0xff, 0x43, 0x0, 0x0, 0x0, 0x0,
    0x0, 0x0, 0x0, 0x0, 0x0, 0x0, 0x0, 0x0,
    0x0, 0x0, 0x8c, 0xff, 0xff, 0xff, 0xff, 0xff,
    0xff, 0xff, 0xff, 0xff, 0xff, 0xff, 0xff, 0xff,
    0xb7, 0x0, 0x0, 0x4d, 0x6b, 0x6b, 0x6b, 0x6b,
    0x6b, 0x6b, 0x6b, 0x6b, 0x6b, 0x6b, 0x6b, 0x6b,
    0xf9, 0x9c, 0x0, 0x0, 0x0, 0x0, 0x0, 0x0,
    0x0, 0x0, 0x0, 0x0, 0x0, 0x0, 0x0, 0x0,
    0xe, 0xff, 0x7f, 0x0, 0x0, 0x0, 0x0, 0x0,
    0x0, 0x0, 0x0, 0x0, 0x0, 0x0, 0x0, 0x0,
    0x0, 0x2f, 0xff, 0x5d, 0xe0, 0xf3, 0xf3, 0xf3,
    0xf3, 0xf3, 0xf3, 0xf3, 0xf3, 0xf3, 0xf3, 0xf3,
    0x89, 0x0, 0x53, 0xff, 0x39, 0x75, 0x7f, 0x7f,
    0x7f, 0x7f, 0x7f, 0x7f, 0x7f, 0x7f, 0x7f, 0x7f,
    0x7f, 0x47, 0x0, 0x84, 0xff, 0x10, 0x0, 0x0,
    0x0, 0x0, 0x0, 0x0, 0x0, 0x0, 0x0, 0x0,
    0x0, 0x0, 0x0, 0x0, 0xbf, 0xdc, 0x0, 0x0,
    0x0, 0x0, 0x0, 0x0, 0x0, 0x0, 0x0, 0x0,
    0x0, 0x0, 0x0, 0x0, 0x1c, 0xfc, 0x92, 0x0,
    0x0, 0x0, 0x0, 0x0, 0x0, 0x0, 0x0, 0x0,
    0x25, 0x81, 0x72, 0x6a, 0x74, 0xcd, 0xfd, 0x32,
    0x0, 0x0, 0x0, 0x0, 0x0, 0x0, 0x0, 0x0,
    0x0, 0x9, 0xe7, 0xfd, 0xff, 0xff, 0xe4, 0x63,
    0x0, 0x0, 0x0, 0x0, 0x0, 0x0, 0x0, 0x0,
    0x0, 0x0, 0x0, 0x0, 0x0, 0x5, 0x4, 0x0,
    0x0, 0x0, 0x0,

    /* U+4E25 "严" */
    0x0, 0x0, 0xd5, 0xe7, 0xe7, 0xe7, 0xe7, 0xe7,
    0xe7, 0xe7, 0xe7, 0xe7, 0xe7, 0xe7, 0xe7, 0xe7,
    0xe7, 0xe7, 0x15, 0x0, 0x0, 0x63, 0x6b, 0x6b,
    0x6b, 0x6b, 0xeb, 0xc6, 0x6b, 0x6b, 0xd1, 0xe4,
    0x6b, 0x6b, 0x6b, 0x6b, 0x6b, 0xa, 0x0, 0x0,
    0x1, 0xa2, 0x65, 0x0, 0x0, 0xdb, 0x9b, 0x0,
    0x0, 0xaf, 0xcf, 0x0, 0x0, 0x88, 0xab, 0x8,
    0x0, 0x0, 0x0, 0x0, 0x93, 0xeb, 0xf, 0x0,
    0xdb, 0x9b, 0x0, 0x0, 0xaf, 0xcf, 0x0, 0xe,
    0xf3, 0xa3, 0x0, 0x0, 0x0, 0x0, 0x0, 0x17,
    0xf9, 0x74, 0x0, 0xdb, 0x9b, 0x0, 0x0, 0xaf,
    0xcf, 0x0, 0x7d, 0xf6, 0x1e, 0x0, 0x0, 0x0,
    0x0, 0x0, 0x0, 0xaf, 0xd1, 0x0, 0xdb, 0x9b,
    0x0, 0x0, 0xaf, 0xcf, 0x16, 0xf3, 0x7a, 0x0,
    0x0, 0x0, 0x0, 0x0, 0x17, 0x1f, 0x48, 0x3c,
    0x1f, 0xe0, 0xa8, 0x1f, 0x1f, 0xb9, 0xd5, 0x24,
    0x6b, 0x25, 0x1f, 0x1f, 0x16, 0x0, 0x0, 0xbb,
    0xff, 0xff, 0xff, 0xff, 0xff, 0xff, 0xff, 0xff,
    0xff, 0xff, 0xff, 0xff, 0xff, 0xff, 0xff, 0xb7,
    0x0, 0x0, 0xbb, 0xca, 0x37, 0x37, 0x37, 0x37,
    0x37, 0x37, 0x37, 0x37, 0x37, 0x37, 0x37, 0x37,
    0x37, 0x37, 0x28, 0x0, 0x0, 0xbb, 0xbb, 0x0,
    0x0, 0x0, 0x0, 0x0, 0x0, 0x0, 0x0, 0x0,
    0x0, 0x0, 0x0, 0x0, 0x0, 0x0, 0x0, 0x0,
    0xc4, 0xb7, 0x0, 0x0, 0x0, 0x0, 0x0, 0x0,
    0x0, 0x0, 0x0, 0x0, 0x0, 0x0, 0x0, 0x0,
    0x0, 0x0, 0x0, 0xda, 0xac, 0x0, 0x0, 0x0,
    0x0, 0x0, 0x0, 0x0, 0x0, 0x0, 0x0, 0x0,
    0x0, 0x0, 0x0, 0x0, 0x0, 0x0, 0xf1, 0x93,
    0x0, 0x0, 0x0, 0x0, 0x0, 0x0, 0x0, 0x0,
    0x0, 0x0, 0x0, 0x0, 0x0, 0x0, 0x0, 0x0,
    0x13, 0xff, 0x6c, 0x0, 0x0, 0x0, 0x0, 0x0,
    0x0, 0x0, 0x0, 0x0, 0x0, 0x0, 0x0, 0x0,
    0x0, 0x0, 0x0, 0x5f, 0xff, 0x2d, 0x0, 0x0,
    0x0, 0x0, 0x0, 0x0, 0x0, 0x0, 0x0, 0x0,
    0x0, 0x0, 0x0, 0x0, 0x0, 0x2, 0xcd, 0xdd,
    0x0, 0x0, 0x0, 0x0, 0x0, 0x0, 0x0, 0x0,
    0x0, 0x0, 0x0, 0x0, 0x0, 0x0, 0x0, 0x0,
    0x3d, 0xff, 0x62, 0x0, 0x0, 0x0, 0x0, 0x0,
    0x0, 0x0, 0x0, 0x0, 0x0, 0x0, 0x0, 0x0,
    0x0, 0x0, 0x0, 0x0, 0x52, 0x2, 0x0, 0x0,
    0x0, 0x0, 0x0, 0x0, 0x0, 0x0, 0x0, 0x0,
    0x0, 0x0, 0x0, 0x0, 0x0, 0x0,

    /* U+4E2D "中" */
    0x0, 0x0, 0x0, 0x0, 0x0, 0x0, 0x0, 0x0,
    0x58, 0x3e, 0x0, 0x0, 0x0, 0x0, 0x0, 0x0,
    0x0, 0x0, 0x0, 0x0, 0x0, 0x0, 0x0, 0x0,
    0x0, 0xeb, 0xa7, 0x0, 0x0, 0x0, 0x0, 0x0,
    0x0, 0x0, 0x0, 0x0, 0x0, 0x0, 0x0, 0x0,
    0x0, 0x0, 0xeb, 0xa7, 0x0, 0x0, 0x0, 0x0,
    0x0, 0x0, 0x0, 0x0, 0x0, 0x0, 0x0, 0x0,
    0x0, 0x0, 0x0, 0xeb, 0xa7, 0x0, 0x0, 0x0,
    0x0, 0x0, 0x0, 0x0, 0x4, 0x37, 0x37, 0x37,
    0x37, 0x37, 0x37, 0x37, 0xf0, 0xbb, 0x37, 0x37,
    0x37, 0x37, 0x37, 0x37, 0x2b, 0x13, 0xff, 0xff,
    0xff, 0xff, 0xff, 0xff, 0xff, 0xff, 0xff, 0xff,
    0xff, 0xff, 0xff, 0xff, 0xff, 0xc7, 0x13, 0xff,
    0x8e, 0x3b, 0x3b, 0x3b, 0x3b, 0x3b, 0xf0, 0xbc,
    0x3b, 0x3b, 0x3b, 0x3b, 0x3b, 0xd2, 0xc7, 0x13,
    0xff, 0x6b, 0x0, 0x0, 0x0, 0x0, 0x0, 0xeb,
    0xa7, 0x0, 0x0, 0x0, 0x0, 0x0, 0xc3, 0xc7,
    0x13, 0xff, 0x6b, 0x0, 0x0, 0x0, 0x0, 0x0,
    0xeb, 0xa7, 0x0, 0x0, 0x0, 0x0, 0x0, 0xc3,
    0xc7, 0x13, 0xff, 0x6b, 0x0, 0x0, 0x0, 0x0,
    0x0, 0xeb, 0xa7, 0x0, 0x0, 0x0, 0x0, 0x0,
    0xc3, 0xc7, 0x13, 0xff, 0x6b, 0x0, 0x0, 0x0,
    0x0, 0x0, 0xeb, 0xa7, 0x0, 0x0, 0x0, 0x0,
    0x0, 0xc3, 0xc7, 0x13, 0xff, 0xac, 0x6f, 0x6f,
    0x6f, 0x6f, 0x6f, 0xf4, 0xce, 0x6f, 0x6f, 0x6f,
    0x6f, 0x6f, 0xde, 0xc7, 0x13, 0xff, 0xff, 0xff,
    0xff, 0xff, 0xff, 0xff, 0xff, 0xff, 0xff, 0xff,
    0xff, 0xff, 0xff, 0xff, 0xc7, 0x13, 0xff, 0x72,
    0xb, 0xb, 0xb, 0xb, 0xb, 0xec, 0xac, 0xb,
    0xb, 0xb, 0xb, 0xb, 0xc6, 0xc7, 0x5, 0x47,
    0x1e, 0x0, 0x0, 0x0, 0x0, 0x0, 0xeb, 0xa7,
    0x0, 0x0, 0x0, 0x0, 0x0, 0x24, 0x25, 0x0,
    0x0, 0x0, 0x0, 0x0, 0x0, 0x0, 0x0, 0xeb,
    0xa7, 0x0, 0x0, 0x0, 0x0, 0x0, 0x0, 0x0,
    0x0, 0x0, 0x0, 0x0, 0x0, 0x0, 0x0, 0x0,
    0xeb, 0xa7, 0x0, 0x0, 0x0, 0x0, 0x0, 0x0,
    0x0, 0x0, 0x0, 0x0, 0x0, 0x0, 0x0, 0x0,
    0x0, 0xeb, 0xa7, 0x0, 0x0, 0x0, 0x0, 0x0,
    0x0, 0x0, 0x0, 0x0, 0x0, 0x0, 0x0, 0x0,
    0x0, 0x0, 0xeb, 0xa7, 0x0, 0x0, 0x0, 0x0,
    0x0, 0x0, 0x0,

    /* U+4E3A "为" */
    0x0, 0x0, 0x0, 0x1, 0x17, 0x0, 0x0, 0x0,
    0xae, 0x7a, 0x0, 0x0, 0x0, 0x0, 0x0, 0x0,
    0x0, 0x0, 0x0, 0x0, 0x0, 0x91, 0xea, 0x20,
    0x0, 0x0, 0xe3, 0x9f, 0x0, 0x0, 0x0, 0x0,
    0x0, 0x0, 0x0, 0x0, 0x0, 0x0, 0x0, 0x12,
    0xe1, 0xce, 0x4, 0x0, 0xe4, 0x9f, 0x0, 0x0,
    0x0, 0x0, 0x0, 0x0, 0x0, 0x0, 0x0, 0x0,
    0x0, 0x0, 0x49, 0xff, 0x57, 0x0, 0xeb, 0x9b,
    0x0, 0x0, 0x0, 0x0, 0x0, 0x0, 0x0, 0x0,
    0x0, 0x0, 0x0, 0x0, 0x0, 0x2b, 0x0, 0x0,
    0xf3, 0x96, 0x0, 0x0, 0x0, 0x0, 0x0, 0x0,
    0x0, 0x0, 0x0, 0x76, 0xfb, 0xfb, 0xfb, 0xfb,
    0xfb, 0xfb, 0xff, 0xfe, 0xfb, 0xfb, 0xfb, 0xfb,
    0xfb, 0xfb, 0xfb, 0xe1, 0x0, 0x3d, 0x83, 0x83,
    0x83, 0x83, 0x83, 0x9a, 0xff, 0xb2, 0x83, 0x83,
    0x83, 0x83, 0x83, 0x83, 0xda, 0xda, 0x0, 0x0,
    0x0, 0x0, 0x0, 0x0, 0x0, 0x5a, 0xff, 0x36,
    0x0, 0x0, 0x0, 0x0, 0x0, 0x0, 0xbc, 0xcf,
    0x0, 0x0, 0x0, 0x0, 0x0, 0x0, 0x0, 0x96,
    0xfa, 0x7, 0x1, 0x4, 0x0, 0x0, 0x0, 0x0,
    0xc8, 0xc3, 0x0, 0x0, 0x0, 0x0, 0x0, 0x0,
    0x4, 0xe2, 0xc4, 0x2, 0xc3, 0xa4, 0x0, 0x0,
    0x0, 0x0, 0xd7, 0xb6, 0x0, 0x0, 0x0, 0x0,
    0x0, 0x0, 0x5a, 0xff, 0x5c, 0x0, 0x4c, 0xfe,
    0x79, 0x0, 0x0, 0x0, 0xe6, 0xa9, 0x0, 0x0,
    0x0, 0x0, 0x0, 0x1, 0xce, 0xe8, 0x6, 0x0,
    0x0, 0x88, 0xfc, 0x35, 0x0, 0x0, 0xf9, 0x97,
    0x0, 0x0, 0x0, 0x0, 0x0, 0x7b, 0xff, 0x78,
    0x0, 0x0, 0x0, 0x8, 0xdb, 0xa3, 0x0, 0xf,
    0xff, 0x85, 0x0, 0x0, 0x0, 0x0, 0x45, 0xfd,
    0xd1, 0x5, 0x0, 0x0, 0x0, 0x0, 0x16, 0x0,
    0x0, 0x2a, 0xff, 0x6d, 0x0, 0x0, 0x0, 0x2c,
    0xec, 0xed, 0x25, 0x0, 0x0, 0x0, 0x0, 0x0,
    0x0, 0x0, 0x0, 0x50, 0xff, 0x50, 0x0, 0x0,
    0x44, 0xf0, 0xf0, 0x3b, 0x0, 0x0, 0x0, 0x0,
    0x0, 0x0, 0x0, 0x0, 0x0, 0x91, 0xff, 0x25,
    0x0, 0x87, 0xfe, 0xe3, 0x30, 0x0, 0x0, 0x0,
    0x0, 0x0, 0x0, 0x73, 0x8b, 0x82, 0x96, 0xf5,
    0xd4, 0x0, 0x0, 0x4f, 0xa9, 0x12, 0x0, 0x0,
    0x0, 0x0, 0x0, 0x0, 0x0, 0x75, 0xf7, 0xfe,
    0xf9, 0xd0, 0x35, 0x0, 0x0, 0x0, 0x0, 0x0,
    0x0, 0x0, 0x0, 0x0, 0x0, 0x0, 0x0, 0x0,
    0x0, 0x0, 0x0, 0x0, 0x0, 0x0,

    /* U+4EA4 "交" */
    0x0, 0x0, 0x0, 0x0, 0x0, 0x0, 0x0, 0x0,
    0x7c, 0xc6, 0x6, 0x0, 0x0, 0x0, 0x0, 0x0,
    0x0, 0x0, 0x0, 0x0, 0x0, 0x0, 0x0, 0x0,
    0x0, 0x0, 0x0, 0x51, 0xff, 0x76, 0x0, 0x0,
    0x0, 0x0, 0x0, 0x0, 0x0, 0x0, 0x0, 0x3,
    0x3, 0x3, 0x3, 0x3, 0x3, 0x3, 0x4, 0xc8,
    0xc5, 0x4, 0x3, 0x3, 0x3, 0x3, 0x3, 0x3,
    0x1, 0x0, 0xdf, 0xff, 0xff, 0xff, 0xff, 0xff,
    0xff, 0xff, 0xff, 0xff, 0xff, 0xff, 0xff, 0xff,
    0xff, 0xff, 0xff, 0x67, 0x0, 0x61, 0x6f, 0x6f,
    0x6f, 0x6f, 0x6f, 0x6f, 0x6f, 0x6f, 0x6f, 0x6f,
    0x6f, 0x6f, 0x6f, 0x6f, 0x6f, 0x6f, 0x2d, 0x0,
    0x0, 0x0, 0x0, 0x0, 0x4f, 0xc9, 0x3b, 0x0,
    0x0, 0x0, 0x0, 0x57, 0xbe, 0x21, 0x0, 0x0,
    0x0, 0x0, 0x0, 0x0, 0x0, 0x0, 0x52, 0xfa,
    0xb9, 0x7, 0x0, 0x0, 0x0, 0x0, 0x36, 0xe1,
    0xf0, 0x52, 0x0, 0x0, 0x0, 0x0, 0x0, 0x1,
    0x6e, 0xfb, 0xbd, 0x9, 0x0, 0x0, 0x0, 0x0,
    0x0, 0x0, 0x14, 0xba, 0xff, 0x87, 0x1, 0x0,
    0x0, 0x1d, 0xbc, 0xff, 0xa4, 0x16, 0x4d, 0x0,
    0x0, 0x0, 0x0, 0x0, 0x2a, 0x5a, 0xf, 0x95,
    0xff, 0xa1, 0x2, 0x0, 0x6d, 0xf8, 0x68, 0x0,
    0x3f, 0xff, 0x51, 0x0, 0x0, 0x0, 0x0, 0xb3,
    0xef, 0x11, 0x0, 0x8b, 0xf6, 0x37, 0x0, 0x0,
    0x17, 0x0, 0x0, 0x0, 0xb9, 0xd5, 0x2, 0x0,
    0x0, 0x34, 0xff, 0x7a, 0x0, 0x0, 0x0, 0x22,
    0x0, 0x0, 0x0, 0x0, 0x0, 0x0, 0x0, 0x33,
    0xfc, 0x8a, 0x0, 0xe, 0xd4, 0xe5, 0xb, 0x0,
    0x0, 0x0, 0x0, 0x0, 0x0, 0x0, 0x0, 0x0,
    0x0, 0x0, 0x0, 0x70, 0xff, 0x69, 0xb5, 0xf8,
    0x38, 0x0, 0x0, 0x0, 0x0, 0x0, 0x0, 0x0,
    0x0, 0x0, 0x0, 0x0, 0x0, 0x0, 0x0, 0x9f,
    0xff, 0xff, 0x5e, 0x0, 0x0, 0x0, 0x0, 0x0,
    0x0, 0x0, 0x0, 0x0, 0x0, 0x0, 0x0, 0x0,
    0x1, 0x58, 0xe0, 0xff, 0xff, 0xb9, 0x30, 0x0,
    0x0, 0x0, 0x0, 0x0, 0x0, 0x0, 0x0, 0x0,
    0x0, 0x0, 0x3a, 0xc8, 0xff, 0xbe, 0x2c, 0x59,
    0xe6, 0xfd, 0xa2, 0x20, 0x0, 0x0, 0x0, 0x0,
    0x0, 0x4, 0x3e, 0x8a, 0xd6, 0xff, 0xe2, 0x56,
    0x0, 0x0, 0x0, 0xd, 0x8d, 0xfb, 0xfe, 0xd0,
    0x8c, 0x48, 0xb, 0x11, 0xe7, 0xff, 0xf7, 0xb0,
    0x5b, 0xa, 0x0, 0x0, 0x0, 0x0, 0x0, 0x0,
    0x20, 0x71, 0xbd, 0xfa, 0xff, 0xa3, 0x0, 0x59,
    0x5b, 0xd, 0x0, 0x0, 0x0, 0x0, 0x0, 0x0,
    0x0, 0x0, 0x0, 0x0, 0x0, 0x0, 0xf, 0x57,
    0x12,

    /* U+4EA7 "产" */
    0x0, 0x0, 0x0, 0x0, 0x0, 0x0, 0x0, 0x0,
    0x2e, 0xad, 0x3c, 0x0, 0x0, 0x0, 0x0, 0x0,
    0x0, 0x0, 0x0, 0x0, 0x0, 0x0, 0x0, 0x0,
    0x0, 0x0, 0x0, 0xb, 0xe2, 0xe0, 0x9, 0x0,
    0x0, 0x0, 0x0, 0x0, 0x0, 0x0, 0x0, 0x0,
    0x52, 0x67, 0x67, 0x67, 0x67, 0x67, 0x67, 0xab,
    0xff, 0x9e, 0x67, 0x67, 0x67, 0x67, 0x67, 0x67,
    0x4, 0x0, 0x0, 0xcb, 0xff, 0xff, 0xff, 0xff,
    0xff, 0xff, 0xff, 0xff, 0xff, 0xff, 0xff, 0xff,
    0xff, 0xff, 0xff, 0xb, 0x0, 0x0, 0x9, 0xb,
    0xb, 0x50, 0x9f, 0xe, 0xb, 0xb, 0xb, 0xb,
    0xb, 0x48, 0x77, 0x1d, 0xb, 0xb, 0x0, 0x0,
    0x0, 0x0, 0x0, 0x0, 0x41, 0xfe, 0x72, 0x0,
    0x0, 0x0, 0x0, 0x0, 0xb8, 0xf0, 0x17, 0x0,
    0x0, 0x0, 0x0, 0x0, 0x0, 0x0, 0x0, 0x0,
    0xa1, 0xf1, 0x14, 0x0, 0x0, 0x0, 0x33, 0xfe,
    0x6a, 0x0, 0x0, 0x0, 0x0, 0x0, 0x0, 0x23,
    0x47, 0x47, 0x47, 0x6a, 0xb7, 0x53, 0x47, 0x47,
    0x47, 0xc2, 0xe9, 0x4a, 0x47, 0x47, 0x47, 0x28,
    0x0, 0x0, 0x7f, 0xff, 0xff, 0xff, 0xff, 0xff,
    0xff, 0xff, 0xff, 0xff, 0xff, 0xff, 0xff, 0xff,
    0xff, 0xff, 0x8f, 0x0, 0x0, 0x7f, 0xff, 0x3d,
    0x33, 0x33, 0x33, 0x33, 0x33, 0x33, 0x33, 0x33,
    0x33, 0x33, 0x33, 0x33, 0x33, 0x1d, 0x0, 0x0,
    0x83, 0xff, 0xa, 0x0, 0x0, 0x0, 0x0, 0x0,
    0x0, 0x0, 0x0, 0x0, 0x0, 0x0, 0x0, 0x0,
    0x0, 0x0, 0x0, 0x96, 0xff, 0x1, 0x0, 0x0,
    0x0, 0x0, 0x0, 0x0, 0x0, 0x0, 0x0, 0x0,
    0x0, 0x0, 0x0, 0x0, 0x0, 0x0, 0xab, 0xf2,
    0x0, 0x0, 0x0, 0x0, 0x0, 0x0, 0x0, 0x0,
    0x0, 0x0, 0x0, 0x0, 0x0, 0x0, 0x0, 0x0,
    0x0, 0xc0, 0xcf, 0x0, 0x0, 0x0, 0x0, 0x0,
    0x0, 0x0, 0x0, 0x0, 0x0, 0x0, 0x0, 0x0,
    0x0, 0x0, 0x0, 0x1, 0xe9, 0xa8, 0x0, 0x0,
    0x0, 0x0, 0x0, 0x0, 0x0, 0x0, 0x0, 0x0,
    0x0, 0x0, 0x0, 0x0, 0x0, 0x0, 0x35, 0xff,
    0x63, 0x0, 0x0, 0x0, 0x0, 0x0, 0x0, 0x0,
    0x0, 0x0, 0x0, 0x0, 0x0, 0x0, 0x0, 0x0,
    0x0, 0xa1, 0xfd, 0x19, 0x0, 0x0, 0x0, 0x0,
    0x0, 0x0, 0x0, 0x0, 0x0, 0x0, 0x0, 0x0,
    0x0, 0x0, 0x0, 0x1c, 0xfd, 0x9d, 0x0, 0x0,
    0x0, 0x0, 0x0, 0x0, 0x0, 0x0, 0x0, 0x0,
    0x0, 0x0, 0x0, 0x0, 0x0, 0x0, 0x0, 0x55,
    0x1b, 0x0, 0x0, 0x0, 0x0, 0x0, 0x0, 0x0,
    0x0, 0x0, 0x0, 0x0, 0x0, 0x0, 0x0, 0x0,
    0x0,

    /* U+4EEA "仪" */
    0x0, 0x0, 0x0, 0x0, 0x0, 0x27, 0x0, 0x0,
    0x0, 0x0, 0x0, 0x0, 0x0, 0x0, 0x0, 0x0,
    0x0, 0x0, 0x0, 0x0, 0x0, 0x0, 0x0, 0x0,
    0x3a, 0xff, 0x65, 0x0, 0x0, 0x0, 0x1c, 0xb4,
    0x26, 0x0, 0x0, 0x0, 0x12, 0xc, 0x0, 0x0,
    0x0, 0x0, 0x0, 0x0, 0xb7, 0xea, 0x9, 0x9c,
    0x91, 0x0, 0x6, 0xd8, 0xc2, 0x1, 0x0, 0x0,
    0x90, 0xf9, 0x7, 0x0, 0x0, 0x0, 0x0, 0x34,
    0xff, 0x78, 0x0, 0x9f, 0xd9, 0x0, 0x0, 0x41,
    0xff, 0x5b, 0x0, 0x0, 0xd0, 0xcb, 0x0, 0x0,
    0x0, 0x0, 0x0, 0xb1, 0xef, 0xe, 0x0, 0x69,
    0xfe, 0x10, 0x0, 0x0, 0xba, 0xd8, 0x3, 0x11,
    0xfd, 0x94, 0x0, 0x0, 0x0, 0x0, 0x43, 0xfe,
    0x94, 0x0, 0x0, 0x31, 0xff, 0x4c, 0x0, 0x0,
    0x3b, 0x79, 0x5, 0x4e, 0xff, 0x59, 0x0, 0x0,
    0x0, 0x10, 0xe3, 0xff, 0x87, 0x0, 0x0, 0x1,
    0xe7, 0x98, 0x0, 0x0, 0x0, 0x0, 0x0, 0x8d,
    0xfb, 0x11, 0x0, 0x0, 0x4, 0xb7, 0xfc, 0xfb,
    0x87, 0x0, 0x0, 0x0, 0x9c, 0xe4, 0x1, 0x0,
    0x0, 0x0, 0x0, 0xcd, 0xbb, 0x0, 0x0, 0x0,
    0x8d, 0xff, 0x6e, 0xeb, 0x87, 0x0, 0x0, 0x0,
    0x4e, 0xff, 0x43, 0x0, 0x0, 0x0, 0x2f, 0xff,
    0x68, 0x0, 0x0, 0x0, 0x54, 0x9d, 0x0, 0xeb,
    0x87, 0x0, 0x0, 0x0, 0x5, 0xe5, 0xb0, 0x0,
    0x0, 0x0, 0x9e, 0xee, 0xb, 0x0, 0x0, 0x0,
    0x0, 0x4, 0x0, 0xeb, 0x87, 0x0, 0x0, 0x0,
    0x0, 0x7d, 0xfd, 0x26, 0x0, 0x1f, 0xf8, 0x84,
    0x0, 0x0, 0x0, 0x0, 0x0, 0x0, 0x0, 0xeb,
    0x87, 0x0, 0x0, 0x0, 0x0, 0x16, 0xf4, 0xb8,
    0x0, 0xb7, 0xef, 0x16, 0x0, 0x0, 0x0, 0x0,
    0x0, 0x0, 0x0, 0xeb, 0x87, 0x0, 0x0, 0x0,
    0x0, 0x0, 0x76, 0xff, 0xa6, 0xff, 0x5e, 0x0,
    0x0, 0x0, 0x0, 0x0, 0x0, 0x0, 0x0, 0xeb,
    0x87, 0x0, 0x0, 0x0, 0x0, 0x0, 0x5, 0xd6,
    0xff, 0xb5, 0x0, 0x0, 0x0, 0x0, 0x0, 0x0,
    0x0, 0x0, 0x0, 0xeb, 0x87, 0x0, 0x0, 0x0,
    0x0, 0x0, 0x43, 0xed, 0xff, 0xe4, 0x2d, 0x0,
    0x0, 0x0, 0x0, 0x0, 0x0, 0x0, 0x0, 0xeb,
    0x87, 0x0, 0x0, 0x0, 0x0, 0x6d, 0xfb, 0xc6,
    0x5d, 0xf3, 0xf0, 0x42, 0x0, 0x0, 0x0, 0x0,
    0x0, 0x0, 0x0, 0xeb, 0x87, 0x0, 0x0, 0x35,
    0xb4, 0xff, 0x9b, 0x6, 0x0, 0x33, 0xe8, 0xf9,
    0x8d, 0x17, 0x0, 0x0, 0x0, 0x0, 0x0, 0xeb,
    0x87, 0x35, 0xb6, 0xff, 0xdc, 0x59, 0x0, 0x0,
    0x0, 0x0, 0x21, 0xb6, 0xff, 0xf5, 0x8b, 0x5,
    0x0, 0x0, 0x0, 0xeb, 0x87, 0x47, 0xdc, 0x62,
    0x4, 0x0, 0x0, 0x0, 0x0, 0x0, 0x0, 0x0,
    0x3e, 0xc5, 0x8e, 0x0, 0x0, 0x0, 0x0, 0x0,
    0x0, 0x0, 0x1, 0x0, 0x0, 0x0, 0x0, 0x0,
    0x0, 0x0, 0x0, 0x0, 0x0, 0x0, 0x1, 0x0,

    /* U+4EF6 "件" */
    0x0, 0x0, 0x0, 0x0, 0x0, 0x1e, 0x2, 0x0,
    0x0, 0x0, 0x0, 0x0, 0x24, 0x17, 0x0, 0x0,
    0x0, 0x0, 0x0, 0x0, 0x0, 0x0, 0x0, 0x0,
    0x6, 0xe7, 0x9f, 0x0, 0x14, 0xc, 0x0, 0x0,
    0xe7, 0x97, 0x0, 0x0, 0x0, 0x0, 0x0, 0x0,
    0x0, 0x0, 0x0, 0x0, 0x5e, 0xff, 0x4c, 0x0,
    0x85, 0xf6, 0x5, 0x0, 0xe7, 0x97, 0x0, 0x0,
    0x0, 0x0, 0x0, 0x0, 0x0, 0x0, 0x0, 0x0,
    0xce, 0xea, 0x4, 0x0, 0xc2, 0xd0, 0x0, 0x0,
    0xe7, 0x97, 0x0, 0x0, 0x0, 0x0, 0x0, 0x0,
    0x0, 0x0, 0x0, 0x3f, 0xff, 0x90, 0x0, 0x6,
    0xf7, 0x9d, 0x0, 0x0, 0xe7, 0x97, 0x0, 0x0,
    0x0, 0x0, 0x0, 0x0, 0x0, 0x0, 0x0, 0xba,
    0xff, 0x31, 0x0, 0x3b, 0xff, 0xbe, 0x83, 0x83,
    0xf4, 0xcd, 0x83, 0x83, 0x83, 0x83, 0x1a, 0x0,
    0x0, 0x0, 0x56, 0xff, 0xee, 0x0, 0x0, 0x91,
    0xff, 0xf3, 0xf3, 0xf3, 0xfe, 0xfb, 0xf3, 0xf3,
    0xf3, 0xf3, 0x31, 0x0, 0x0, 0x16, 0xe6, 0xff,
    0xeb, 0x0, 0x9, 0xec, 0xb1, 0x0, 0x0, 0x0,
    0xe7, 0x97, 0x0, 0x0, 0x0, 0x0, 0x0, 0x0,
    0x3, 0xbd, 0xff, 0xe1, 0xeb, 0x0, 0x78, 0xff,
    0x3b, 0x0, 0x0, 0x0, 0xe7, 0x97, 0x0, 0x0,
    0x0, 0x0, 0x0, 0x0, 0xe, 0xe8, 0x9b, 0x84,
    0xeb, 0x0, 0x3a, 0x7e, 0x0, 0x0, 0x0, 0x0,
    0xe7, 0x97, 0x0, 0x0, 0x0, 0x0, 0x0, 0x0,
    0x0, 0x41, 0x5, 0x83, 0xeb, 0x0, 0x0, 0x0,
    0x0, 0x0, 0x0, 0x0, 0xe7, 0x97, 0x0, 0x0,
    0x0, 0x0, 0x0, 0x0, 0x0, 0x0, 0x0, 0x83,
    0xeb, 0x0, 0x9c, 0xf3, 0xf3, 0xf3, 0xf3, 0xf3,
    0xfe, 0xfb, 0xf3, 0xf3, 0xf3, 0xf3, 0xf3, 0x13,
    0x0, 0x0, 0x0, 0x83, 0xeb, 0x0, 0x51, 0x7f,
    0x7f, 0x7f, 0x7f, 0x7f, 0xf3, 0xcb, 0x7f, 0x7f,
    0x7f, 0x7f, 0x7f, 0x9, 0x0, 0x0, 0x0, 0x83,
    0xeb, 0x0, 0x0, 0x0, 0x0, 0x0, 0x0, 0x0,
    0xe7, 0x97, 0x0, 0x0, 0x0, 0x0, 0x0, 0x0,
    0x0, 0x0, 0x0, 0x83, 0xeb, 0x0, 0x0, 0x0,
    0x0, 0x0, 0x0, 0x0, 0xe7, 0x97, 0x0, 0x0,
    0x0, 0x0, 0x0, 0x0, 0x0, 0x0, 0x0, 0x83,
    0xeb, 0x0, 0x0, 0x0, 0x0, 0x0, 0x0, 0x0,
    0xe7, 0x97, 0x0, 0x0, 0x0, 0x0, 0x0, 0x0,
    0x0, 0x0, 0x0, 0x83, 0xeb, 0x0, 0x0, 0x0,
    0x0, 0x0, 0x0, 0x0, 0xe7, 0x97, 0x0, 0x0,
    0x0, 0x0, 0x0, 0x0, 0x0, 0x0, 0x0, 0x83,
    0xeb, 0x0, 0x0, 0x0, 0x0, 0x0, 0x0, 0x0,
    0xe7, 0x97, 0x0, 0x0, 0x0, 0x0, 0x0, 0x0,
    0x0, 0x0, 0x0, 0x7f, 0xe4, 0x0, 0x0, 0x0,
    0x0, 0x0, 0x0, 0x0, 0xe7, 0x97, 0x0, 0x0,
    0x0, 0x0, 0x0, 0x0,

    /* U+4F3A "伺" */
    0x0, 0x0, 0x0, 0x0, 0x1e, 0xc9, 0x22, 0x0,
    0x0, 0x0, 0x0, 0x0, 0x0, 0x0, 0x0, 0x0,
    0x0, 0x0, 0x0, 0x0, 0x0, 0x0, 0x0, 0x92,
    0xe7, 0x31, 0xef, 0xef, 0xef, 0xef, 0xef, 0xef,
    0xef, 0xef, 0xef, 0xef, 0xef, 0x65, 0x0, 0x0,
    0x0, 0x15, 0xf6, 0x84, 0x14, 0x6f, 0x6f, 0x6f,
    0x6f, 0x6f, 0x6f, 0x6f, 0x6f, 0x6f, 0x7b, 0xff,
    0x6b, 0x0, 0x0, 0x0, 0x85, 0xfd, 0x21, 0x0,
    0x0, 0x0, 0x0, 0x0, 0x0, 0x0, 0x0, 0x0,
    0x0, 0x13, 0xff, 0x6b, 0x0, 0x0, 0x13, 0xf0,
    0xb7, 0x0, 0x3d, 0x5b, 0x5b, 0x5b, 0x5b, 0x5b,
    0x5b, 0x5b, 0x5b, 0x14, 0x13, 0xff, 0x6b, 0x0,
    0x0, 0xa6, 0xff, 0x84, 0x0, 0xa9, 0xfb, 0xfb,
    0xfb, 0xfb, 0xfb, 0xfb, 0xfb, 0xfb, 0x37, 0x13,
    0xff, 0x6b, 0x0, 0x55, 0xff, 0xff, 0x83, 0x0,
    0x0, 0x0, 0x0, 0x0, 0x0, 0x0, 0x0, 0x0,
    0x0, 0x0, 0x13, 0xff, 0x6b, 0x31, 0xf4, 0xd9,
    0xf2, 0x83, 0x0, 0x0, 0x2, 0x3, 0x3, 0x3,
    0x3, 0x3, 0x3, 0x0, 0x0, 0x13, 0xff, 0x6b,
    0x89, 0xf0, 0x27, 0xeb, 0x83, 0x0, 0x0, 0xa3,
    0xff, 0xff, 0xff, 0xff, 0xff, 0xff, 0xb, 0x0,
    0x13, 0xff, 0x6b, 0x11, 0x44, 0x0, 0xeb, 0x83,
    0x0, 0x0, 0xa3, 0xcc, 0x47, 0x47, 0x47, 0x81,
    0xff, 0xb, 0x0, 0x13, 0xff, 0x6b, 0x0, 0x0,
    0x0, 0xeb, 0x83, 0x0, 0x0, 0xa3, 0xb7, 0x0,
    0x0, 0x0, 0x4f, 0xff, 0xb, 0x0, 0x13, 0xff,
    0x6b, 0x0, 0x0, 0x0, 0xeb, 0x83, 0x0, 0x0,
    0xa3, 0xb7, 0x0, 0x0, 0x0, 0x4f, 0xff, 0xb,
    0x0, 0x13, 0xff, 0x6b, 0x0, 0x0, 0x0, 0xeb,
    0x83, 0x0, 0x0, 0xa3, 0xb7, 0x0, 0x0, 0x0,
    0x4f, 0xff, 0xb, 0x0, 0x13, 0xff, 0x6b, 0x0,
    0x0, 0x0, 0xeb, 0x83, 0x0, 0x0, 0xa3, 0xfc,
    0xf3, 0xf3, 0xf3, 0xf7, 0xff, 0xb, 0x0, 0x13,
    0xff, 0x6b, 0x0, 0x0, 0x0, 0xeb, 0x83, 0x0,
    0x0, 0xa3, 0xd1, 0x5b, 0x5b, 0x5b, 0x5b, 0x5b,
    0x4, 0x0, 0x13, 0xff, 0x6b, 0x0, 0x0, 0x0,
    0xeb, 0x83, 0x0, 0x0, 0x8f, 0xa0, 0x0, 0x0,
    0x0, 0x0, 0x0, 0x0, 0x0, 0x13, 0xff, 0x6b,
    0x0, 0x0, 0x0, 0xeb, 0x83, 0x0, 0x0, 0x0,
    0x0, 0x0, 0x0, 0x0, 0x0, 0x6c, 0x7e, 0x7b,
    0x9a, 0xff, 0x54, 0x0, 0x0, 0x0, 0xe4, 0x7f,
    0x0, 0x0, 0x0, 0x0, 0x0, 0x0, 0x0, 0x0,
    0x91, 0xff, 0xfa, 0xe0, 0xa0, 0xc,

    /* U+4F5C "作" */
    0x0, 0x0, 0x0, 0x0, 0x0, 0x53, 0x78, 0x5,
    0x0, 0x0, 0x50, 0x49, 0x0, 0x0, 0x0, 0x0,
    0x0, 0x0, 0x0, 0x0, 0x0, 0x0, 0x0, 0x0,
    0x5, 0xe0, 0xc4, 0x0, 0x0, 0x9, 0xec, 0xab,
    0x0, 0x0, 0x0, 0x0, 0x0, 0x0, 0x0, 0x0,
    0x0, 0x0, 0x0, 0x0, 0x63, 0xff, 0x49, 0x0,
    0x0, 0x68, 0xff, 0x43, 0x0, 0x0, 0x0, 0x0,
    0x0, 0x0, 0x0, 0x0, 0x0, 0x0, 0x0, 0x4,
    0xdd, 0xce, 0x0, 0x0, 0x1, 0xd9, 0xf8, 0x75,
    0x73, 0x73, 0x73, 0x73, 0x73, 0x73, 0x73, 0x1b,
    0x0, 0x0, 0x0, 0x62, 0xff, 0x54, 0x0, 0x0,
    0x50, 0xff, 0xfc, 0xfd, 0xff, 0xfc, 0xfb, 0xfb,
    0xfb, 0xfb, 0xfb, 0x3b, 0x0, 0x0, 0x1a, 0xed,
    0xff, 0x14, 0x0, 0xa, 0xdd, 0xcd, 0x2, 0x7f,
    0xff, 0x3, 0x0, 0x0, 0x0, 0x0, 0x0, 0x0,
    0x0, 0x2, 0xb9, 0xff, 0xff, 0x13, 0x0, 0x90,
    0xfe, 0x38, 0x0, 0x7f, 0xff, 0x3, 0x0, 0x0,
    0x0, 0x0, 0x0, 0x0, 0x0, 0x94, 0xff, 0xd6,
    0xff, 0x13, 0x5c, 0xff, 0x91, 0x0, 0x0, 0x7f,
    0xff, 0x23, 0x1f, 0x1f, 0x1f, 0x1f, 0x18, 0x0,
    0x1b, 0xfa, 0xa7, 0x6c, 0xff, 0x13, 0x7e, 0xc6,
    0x5, 0x0, 0x0, 0x7f, 0xff, 0xff, 0xff, 0xff,
    0xff, 0xff, 0xc7, 0x0, 0x0, 0x63, 0x9, 0x6b,
    0xff, 0x13, 0x0, 0x8, 0x0, 0x0, 0x0, 0x7f,
    0xff, 0x46, 0x43, 0x43, 0x43, 0x43, 0x35, 0x0,
    0x0, 0x0, 0x0, 0x6b, 0xff, 0x13, 0x0, 0x0,
    0x0, 0x0, 0x0, 0x7f, 0xff, 0x3, 0x0, 0x0,
    0x0, 0x0, 0x0, 0x0, 0x0, 0x0, 0x0, 0x6b,
    0xff, 0x13, 0x0, 0x0, 0x0, 0x0, 0x0, 0x7f,
    0xff, 0x3, 0x0, 0x0, 0x0, 0x0, 0x0, 0x0,
    0x0, 0x0, 0x0, 0x6b, 0xff, 0x13, 0x0, 0x0,
    0x0, 0x0, 0x0, 0x7f, 0xff, 0x7e, 0x7b, 0x7b,
    0x7b, 0x7b, 0x7b, 0x5, 0x0, 0x0, 0x0, 0x6b,
    0xff, 0x13, 0x0, 0x0, 0x0, 0x0, 0x0, 0x7f,
    0xff, 0xf0, 0xef, 0xef, 0xef, 0xef, 0xef, 0xb,
    0x0, 0x0, 0x0, 0x6b, 0xff, 0x13, 0x0, 0x0,
    0x0, 0x0, 0x0, 0x7f, 0xff, 0x3, 0x0, 0x0,
    0x0, 0x0, 0x0, 0x0, 0x0, 0x0, 0x0, 0x6b,
    0xff, 0x13, 0x0, 0x0, 0x0, 0x0, 0x0, 0x7f,
    0xff, 0x3, 0x0, 0x0, 0x0, 0x0, 0x0, 0x0,
    0x0, 0x0, 0x0, 0x6b, 0xff, 0x13, 0x0, 0x0,
    0x0, 0x0, 0x0, 0x7f, 0xff, 0x3, 0x0, 0x0,
    0x0, 0x0, 0x0, 0x0, 0x0, 0x0, 0x0, 0x6a,
    0xfb, 0x13, 0x0, 0x0, 0x0, 0x0, 0x0, 0x7f,
    0xff, 0x3, 0x0, 0x0, 0x0, 0x0, 0x0, 0x0,

    /* U+4F8B "例" */
    0x0, 0x0, 0x0, 0x0, 0x67, 0x27, 0x0, 0x0,
    0x0, 0x0, 0x0, 0x0, 0x0, 0x0, 0x0, 0x0,
    0x0, 0x74, 0x3c, 0x0, 0x0, 0x0, 0x24, 0xff,
    0x61, 0x7b, 0x7b, 0x7b, 0x7b, 0x7b, 0x7b, 0x70,
    0x0, 0x0, 0x0, 0x0, 0xef, 0x7b, 0x0, 0x0,
    0x0, 0x7f, 0xf4, 0x1a, 0xef, 0xef, 0xff, 0xf8,
    0xef, 0xef, 0xd9, 0xc, 0x43, 0x8, 0x0, 0xef,
    0x7b, 0x0, 0x0, 0x0, 0xd9, 0xa5, 0x0, 0x0,
    0x17, 0xff, 0x61, 0x0, 0x0, 0x0, 0x2f, 0xff,
    0x1f, 0x0, 0xef, 0x7b, 0x0, 0x0, 0x37, 0xff,
    0x50, 0x0, 0x0, 0x5a, 0xff, 0x24, 0x0, 0x0,
    0x0, 0x2f, 0xff, 0x1f, 0x0, 0xef, 0x7b, 0x0,
    0x0, 0xb2, 0xff, 0x3b, 0x0, 0x0, 0x9f, 0xe9,
    0xc, 0xb, 0xb, 0x0, 0x2f, 0xff, 0x1f, 0x0,
    0xef, 0x7b, 0x0, 0x3b, 0xff, 0xff, 0x3b, 0x0,
    0x0, 0xe3, 0xff, 0xff, 0xff, 0xff, 0x63, 0x2f,
    0xff, 0x1f, 0x0, 0xef, 0x7b, 0xa, 0xda, 0xef,
    0xff, 0x3b, 0x0, 0x2d, 0xff, 0x81, 0x57, 0x6a,
    0xff, 0x3d, 0x2f, 0xff, 0x1f, 0x0, 0xef, 0x7b,
    0x27, 0xfa, 0x62, 0xff, 0x3b, 0x0, 0x96, 0xe7,
    0x4, 0x0, 0x4f, 0xfe, 0xf, 0x2f, 0xff, 0x1f,
    0x0, 0xef, 0x7b, 0x0, 0x45, 0x27, 0xff, 0x3b,
    0x16, 0xf4, 0x87, 0x0, 0x0, 0x8d, 0xdd, 0x0,
    0x2f, 0xff, 0x1f, 0x0, 0xef, 0x7b, 0x0, 0x0,
    0x27, 0xff, 0x3b, 0xa1, 0xf0, 0x3d, 0x37, 0x0,
    0xcb, 0x9f, 0x0, 0x2f, 0xff, 0x1f, 0x0, 0xef,
    0x7b, 0x0, 0x0, 0x27, 0xff, 0x3b, 0x7f, 0x71,
    0x93, 0xfa, 0x77, 0xfc, 0x40, 0x0, 0x2f, 0xff,
    0x1f, 0x0, 0xef, 0x7b, 0x0, 0x0, 0x27, 0xff,
    0x3b, 0x0, 0x0, 0x2, 0x8f, 0xff, 0xdf, 0x1,
    0x0, 0x2f, 0xff, 0x1f, 0x0, 0xef, 0x7b, 0x0,
    0x0, 0x27, 0xff, 0x3b, 0x0, 0x0, 0x0, 0xb,
    0xe6, 0x7b, 0x0, 0x0, 0x2c, 0xeb, 0x1d, 0x0,
    0xef, 0x7b, 0x0, 0x0, 0x27, 0xff, 0x3b, 0x0,
    0x0, 0x0, 0x9b, 0xd8, 0x8, 0x0, 0x0, 0x0,
    0x0, 0x0, 0x0, 0xef, 0x7b, 0x0, 0x0, 0x27,
    0xff, 0x3b, 0x0, 0x0, 0x66, 0xfd, 0x3a, 0x0,
    0x0, 0x0, 0x0, 0x0, 0x0, 0x0, 0xef, 0x7b,
    0x0, 0x0, 0x27, 0xff, 0x3b, 0x7, 0x98, 0xfd,
    0x6c, 0x0, 0x0, 0x0, 0x0, 0x0, 0x69, 0x71,
    0x81, 0xfd, 0x6b, 0x0, 0x0, 0x27, 0xff, 0x3b,
    0xd, 0xc5, 0x53, 0x0, 0x0, 0x0, 0x0, 0x0,
    0x0, 0xa0, 0xfc, 0xf1, 0xba, 0x19, 0x0, 0x0,
    0x0, 0x0, 0x0, 0x0, 0x1, 0x0, 0x0, 0x0,
    0x0, 0x0, 0x0, 0x0, 0x0, 0x0, 0x0, 0x0,
    0x0,

    /* U+4F9D "依" */
    0x0, 0x0, 0x0, 0x0, 0x3, 0xa0, 0x4f, 0x0,
    0x0, 0x0, 0x3, 0x7a, 0x4b, 0x0, 0x0, 0x0,
    0x0, 0x0, 0x0, 0x0, 0x0, 0x0, 0x0, 0x0,
    0x59, 0xff, 0x56, 0x0, 0x0, 0x0, 0x0, 0xb9,
    0xdd, 0x5, 0x0, 0x0, 0x0, 0x0, 0x0, 0x0,
    0x0, 0x0, 0x0, 0x1, 0xd3, 0xd7, 0x2, 0x0,
    0x0, 0x0, 0x0, 0x40, 0xff, 0x5a, 0x0, 0x0,
    0x0, 0x0, 0x0, 0x0, 0x0, 0x0, 0x0, 0x4f,
    0xff, 0x5e, 0xf, 0xf, 0xf, 0xf, 0xf, 0x10,
    0xc2, 0x64, 0xf, 0xf, 0xf, 0xf, 0xd, 0x0,
    0x0, 0x0, 0x3, 0xcd, 0xdd, 0x17, 0xff, 0xff,
    0xff, 0xff, 0xff, 0xff, 0xff, 0xff, 0xff, 0xff,
    0xff, 0xff, 0xdb, 0x0, 0x0, 0x0, 0x78, 0xff,
    0x87, 0x7, 0x5b, 0x5b, 0x5b, 0x5b, 0x9e, 0xff,
    0xc2, 0x5b, 0x5b, 0x5b, 0x5b, 0x5b, 0x4f, 0x0,
    0x0, 0x35, 0xf9, 0xff, 0x83, 0x0, 0x0, 0x0,
    0x0, 0x2f, 0xf2, 0xfc, 0xe6, 0x2, 0x0, 0x0,
    0x0, 0x0, 0x0, 0x0, 0x1f, 0xe7, 0xe8, 0xf5,
    0x83, 0x0, 0x0, 0x0, 0x1e, 0xe5, 0xe2, 0x53,
    0xff, 0x44, 0x0, 0x0, 0x0, 0x64, 0x49, 0x0,
    0x36, 0xf6, 0x39, 0xeb, 0x83, 0x0, 0x0, 0x1c,
    0xd5, 0xef, 0x2a, 0x0, 0xdf, 0x9f, 0x0, 0x0,
    0x7c, 0xff, 0x9d, 0x0, 0x0, 0x2a, 0x0, 0xeb,
    0x83, 0x0, 0x50, 0xed, 0xff, 0xa7, 0x0, 0x0,
    0x87, 0xf2, 0x17, 0xab, 0xf9, 0x69, 0x0, 0x0,
    0x0, 0x0, 0x0, 0xeb, 0x8c, 0x95, 0xff, 0xda,
    0xe3, 0xa7, 0x0, 0x0, 0x24, 0xfc, 0xef, 0xd1,
    0x2d, 0x0, 0x0, 0x0, 0x0, 0x0, 0x0, 0xeb,
    0x9a, 0xd6, 0xa7, 0xd, 0xcb, 0xa7, 0x0, 0x0,
    0x0, 0x9f, 0xf5, 0x14, 0x0, 0x0, 0x0, 0x0,
    0x0, 0x0, 0x0, 0xeb, 0x83, 0xc, 0x0, 0x0,
    0xcb, 0xa7, 0x0, 0x0, 0x0, 0x22, 0xfb, 0xa1,
    0x0, 0x0, 0x0, 0x0, 0x0, 0x0, 0x0, 0xeb,
    0x83, 0x0, 0x0, 0x0, 0xcb, 0xa7, 0x0, 0x0,
    0x0, 0x0, 0x83, 0xff, 0x58, 0x0, 0x0, 0x0,
    0x0, 0x0, 0x0, 0xeb, 0x83, 0x0, 0x0, 0x0,
    0xcb, 0xa7, 0x0, 0x0, 0x18, 0x14, 0x3, 0xc0,
    0xf1, 0x38, 0x0, 0x0, 0x0, 0x0, 0x0, 0xeb,
    0x83, 0x0, 0x0, 0x0, 0xe0, 0xb9, 0x6b, 0xc0,
    0xfd, 0x63, 0x0, 0x19, 0xdf, 0xf3, 0x58, 0x0,
    0x0, 0x0, 0x0, 0xeb, 0x83, 0x0, 0x0, 0x58,
    0xff, 0xff, 0xf2, 0x9e, 0x42, 0x2, 0x0, 0x0,
    0x15, 0xc4, 0xf5, 0x24, 0x0, 0x0, 0x0, 0xeb,
    0x83, 0x0, 0x0, 0x6a, 0xcf, 0x60, 0xb, 0x0,
    0x0, 0x0, 0x0, 0x0, 0x0, 0x6, 0x31, 0x0,
    0x0, 0x0, 0x0, 0x0, 0x0, 0x0, 0x0, 0x0,
    0x1, 0x0, 0x0, 0x0, 0x0, 0x0, 0x0, 0x0,
    0x0, 0x0, 0x0, 0x0,

    /* U+4FDD "保" */
    0x0, 0x0, 0x0, 0x0, 0x0, 0x81, 0x79, 0x0,
    0x0, 0x0, 0x0, 0x0, 0x0, 0x0, 0x0, 0x0,
    0x0, 0x0, 0x0, 0x0, 0x0, 0x0, 0x0, 0x0,
    0x21, 0xfa, 0x83, 0x5f, 0xf3, 0xf3, 0xf3, 0xf3,
    0xf3, 0xf3, 0xf3, 0xf3, 0xf3, 0xf0, 0x0, 0x0,
    0x0, 0x0, 0x0, 0x0, 0x9f, 0xf3, 0x13, 0x63,
    0xff, 0x6b, 0x63, 0x63, 0x63, 0x63, 0x63, 0x63,
    0xb4, 0xfb, 0x0, 0x0, 0x0, 0x0, 0x0, 0x25,
    0xfc, 0x88, 0x0, 0x63, 0xff, 0xb, 0x0, 0x0,
    0x0, 0x0, 0x0, 0x0, 0x83, 0xfb, 0x0, 0x0,
    0x0, 0x0, 0x0, 0xa8, 0xf9, 0x15, 0x0, 0x63,
    0xff, 0xb, 0x0, 0x0, 0x0, 0x0, 0x0, 0x0,
    0x83, 0xfb, 0x0, 0x0, 0x0, 0x0, 0x55, 0xff,
    0xeb, 0x0, 0x0, 0x63, 0xff, 0xb, 0x0, 0x0,
    0x0, 0x0, 0x0, 0x0, 0x83, 0xfb, 0x0, 0x0,
    0x0, 0x22, 0xee, 0xff, 0xeb, 0x0, 0x0, 0x63,
    0xff, 0xf4, 0xf3, 0xf3, 0xf3, 0xf3, 0xf3, 0xf3,
    0xfa, 0xfb, 0x0, 0x0, 0x15, 0xdb, 0xea, 0xa7,
    0xeb, 0x0, 0x0, 0x28, 0x67, 0x67, 0x67, 0x6c,
    0xff, 0xaf, 0x67, 0x67, 0x67, 0x66, 0x0, 0x0,
    0x51, 0xfb, 0x3f, 0x87, 0xeb, 0x0, 0x0, 0x0,
    0x0, 0x0, 0x0, 0x7, 0xff, 0x77, 0x0, 0x0,
    0x0, 0x0, 0x0, 0x0, 0x0, 0x47, 0x0, 0x87,
    0xeb, 0x0, 0x0, 0x0, 0x0, 0x0, 0x0, 0x7,
    0xff, 0x77, 0x0, 0x0, 0x0, 0x0, 0x0, 0x0,
    0x0, 0x0, 0x0, 0x87, 0xeb, 0x0, 0xdf, 0xff,
    0xff, 0xff, 0xff, 0xff, 0xff, 0xff, 0xff, 0xff,
    0xff, 0xff, 0xff, 0x13, 0x0, 0x0, 0x0, 0x87,
    0xeb, 0x0, 0x53, 0x5f, 0x5f, 0x5f, 0x7f, 0xfe,
    0xff, 0xff, 0xc7, 0x5f, 0x5f, 0x5f, 0x5f, 0x7,
    0x0, 0x0, 0x0, 0x87, 0xeb, 0x0, 0x0, 0x0,
    0x0, 0x15, 0xda, 0xc5, 0xff, 0xc1, 0xfc, 0x59,
    0x0, 0x0, 0x0, 0x0, 0x0, 0x0, 0x0, 0x87,
    0xeb, 0x0, 0x0, 0x0, 0xd, 0xcd, 0xd5, 0x18,
    0xff, 0x77, 0x79, 0xf8, 0x3d, 0x0, 0x0, 0x0,
    0x0, 0x0, 0x0, 0x87, 0xeb, 0x0, 0x0, 0x21,
    0xcc, 0xe7, 0x1f, 0x7, 0xff, 0x77, 0x0, 0xa6,
    0xf0, 0x48, 0x0, 0x0, 0x0, 0x0, 0x0, 0x87,
    0xeb, 0x4, 0x6b, 0xef, 0xd9, 0x28, 0x0, 0x7,
    0xff, 0x77, 0x0, 0x7, 0xab, 0xfd, 0x8b, 0xc,
    0x0, 0x0, 0x0, 0x87, 0xeb, 0x25, 0xe8, 0x9e,
    0xf, 0x0, 0x0, 0x7, 0xff, 0x77, 0x0, 0x0,
    0x2, 0x80, 0xf5, 0x45, 0x0, 0x0, 0x0, 0x81,
    0xe0, 0x0, 0xb, 0x0, 0x0, 0x0, 0x0, 0x7,
    0xff, 0x77, 0x0, 0x0, 0x0, 0x0, 0x10, 0x0,

    /* U+4FE1 "信" */
    0x0, 0x0, 0x0, 0x0, 0x0, 0x61, 0x23, 0x0,
    0x0, 0x0, 0x0, 0x54, 0x45, 0x0, 0x0, 0x0,
    0x0, 0x0, 0x0, 0x0, 0x0, 0x0, 0x0, 0x0,
    0x34, 0xff, 0x55, 0x0, 0x0, 0x0, 0x0, 0xaf,
    0xe7, 0xe, 0x0, 0x0, 0x0, 0x0, 0x0, 0x0,
    0x0, 0x0, 0x0, 0x0, 0xaa, 0xe5, 0x4, 0x0,
    0x0, 0x0, 0x0, 0x24, 0xfc, 0x7c, 0x0, 0x0,
    0x0, 0x0, 0x0, 0x0, 0x0, 0x0, 0x0, 0x23,
    0xfd, 0x7d, 0x37, 0x53, 0x53, 0x53, 0x53, 0x53,
    0xad, 0x6c, 0x53, 0x53, 0x53, 0x53, 0x53, 0x6,
    0x0, 0x0, 0x0, 0x9a, 0xfb, 0x18, 0xa0, 0xf3,
    0xf3, 0xf3, 0xf3, 0xf3, 0xf3, 0xf3, 0xf3, 0xf3,
    0xf3, 0xf3, 0xf3, 0x13, 0x0, 0x0, 0x37, 0xfd,
    0xeb, 0x0, 0x0, 0x0, 0x0, 0x0, 0x0, 0x0,
    0x0, 0x0, 0x0, 0x0, 0x0, 0x0, 0x0, 0x0,
    0x0, 0xa, 0xd5, 0xff, 0xeb, 0x0, 0x0, 0x16,
    0x67, 0x67, 0x67, 0x67, 0x67, 0x67, 0x67, 0x67,
    0x67, 0x35, 0x0, 0x0, 0x1, 0xab, 0xff, 0xcc,
    0xeb, 0x0, 0x0, 0x2f, 0xd7, 0xd7, 0xd7, 0xd7,
    0xd7, 0xd7, 0xd7, 0xd7, 0xd7, 0x6f, 0x0, 0x0,
    0xd, 0xe8, 0x7e, 0x77, 0xeb, 0x0, 0x0, 0x0,
    0x0, 0x0, 0x0, 0x0, 0x0, 0x0, 0x0, 0x0,
    0x0, 0x0, 0x0, 0x0, 0x0, 0x2c, 0x0, 0x77,
    0xeb, 0x0, 0x0, 0x35, 0xf3, 0xf3, 0xf3, 0xf3,
    0xf3, 0xf3, 0xf3, 0xf3, 0xf3, 0x7d, 0x0, 0x0,
    0x0, 0x0, 0x0, 0x77, 0xeb, 0x0, 0x0, 0xe,
    0x43, 0x43, 0x43, 0x43, 0x43, 0x43, 0x43, 0x43,
    0x43, 0x23, 0x0, 0x0, 0x0, 0x0, 0x0, 0x77,
    0xeb, 0x0, 0x0, 0x0, 0x0, 0x0, 0x0, 0x0,
    0x0, 0x0, 0x0, 0x0, 0x0, 0x0, 0x0, 0x0,
    0x0, 0x0, 0x0, 0x77, 0xeb, 0x0, 0x0, 0x76,
    0xf3, 0xf3, 0xf3, 0xf3, 0xf3, 0xf3, 0xf3, 0xf3,
    0xf3, 0xaf, 0x0, 0x0, 0x0, 0x0, 0x0, 0x77,
    0xeb, 0x0, 0x0, 0x7b, 0xe0, 0x47, 0x47, 0x47,
    0x47, 0x47, 0x47, 0x47, 0xbd, 0xb7, 0x0, 0x0,
    0x0, 0x0, 0x0, 0x77, 0xeb, 0x0, 0x0, 0x7b,
    0xd3, 0x0, 0x0, 0x0, 0x0, 0x0, 0x0, 0x0,
    0xa3, 0xb7, 0x0, 0x0, 0x0, 0x0, 0x0, 0x77,
    0xeb, 0x0, 0x0, 0x7b, 0xd3, 0x0, 0x0, 0x0,
    0x0, 0x0, 0x0, 0x0, 0xa3, 0xb7, 0x0, 0x0,
    0x0, 0x0, 0x0, 0x77, 0xeb, 0x0, 0x0, 0x7b,
    0xe0, 0x47, 0x47, 0x47, 0x47, 0x47, 0x47, 0x47,
    0xbd, 0xb7, 0x0, 0x0, 0x0, 0x0, 0x0, 0x77,
    0xeb, 0x0, 0x0, 0x7b, 0xfd, 0xf3, 0xf3, 0xf3,
    0xf3, 0xf3, 0xf3, 0xf3, 0xf3, 0xaf, 0x0, 0x0,
    0x0, 0x0, 0x0, 0x7, 0xe, 0x0, 0x0, 0x0,
    0x0, 0x0, 0x0, 0x0, 0x0, 0x0, 0x0, 0x0,
    0x0, 0x0, 0x0, 0x0,

    /* U+503C "值" */
    0x0, 0x0, 0x0, 0x0, 0x15, 0xd3, 0x46, 0x0,
    0x0, 0x0, 0x0, 0x2f, 0xf2, 0x59, 0x0, 0x0,
    0x0, 0x0, 0x0, 0x0, 0x0, 0x0, 0x0, 0x0,
    0x81, 0xfc, 0x1f, 0x0, 0x0, 0x0, 0x0, 0x51,
    0xff, 0x35, 0x0, 0x0, 0x0, 0x0, 0x0, 0x0,
    0x0, 0x0, 0x0, 0xa, 0xec, 0xaf, 0x81, 0xf3,
    0xf3, 0xf3, 0xf3, 0xf8, 0xff, 0xf5, 0xf3, 0xf3,
    0xf3, 0xf3, 0x6e, 0x0, 0x0, 0x0, 0x0, 0x6e,
    0xff, 0x43, 0x35, 0x63, 0x63, 0x63, 0x63, 0xcd,
    0xd8, 0x63, 0x63, 0x63, 0x63, 0x63, 0x2d, 0x0,
    0x0, 0x0, 0xa, 0xe1, 0xd7, 0x0, 0x0, 0x0,
    0x0, 0x0, 0x0, 0xd1, 0x96, 0x0, 0x0, 0x0,
    0x0, 0x0, 0x0, 0x0, 0x0, 0x0, 0x8f, 0xff,
    0x80, 0x0, 0x0, 0x29, 0x57, 0x57, 0x58, 0xf9,
    0x9f, 0x57, 0x57, 0x57, 0x57, 0x17, 0x0, 0x0,
    0x0, 0x41, 0xfd, 0xff, 0x77, 0x0, 0x0, 0x77,
    0xfb, 0xd7, 0xd7, 0xd7, 0xd7, 0xd7, 0xd7, 0xdc,
    0xff, 0x43, 0x0, 0x0, 0x22, 0xec, 0xec, 0xf6,
    0x77, 0x0, 0x0, 0x77, 0xe3, 0x0, 0x0, 0x0,
    0x0, 0x0, 0x0, 0x1f, 0xff, 0x43, 0x0, 0x0,
    0x32, 0xf7, 0x3d, 0xeb, 0x77, 0x0, 0x0, 0x77,
    0xfd, 0xeb, 0xeb, 0xeb, 0xeb, 0xeb, 0xeb, 0xee,
    0xff, 0x43, 0x0, 0x0, 0x0, 0x2a, 0x0, 0xeb,
    0x77, 0x0, 0x0, 0x77, 0xe9, 0x33, 0x33, 0x33,
    0x33, 0x33, 0x33, 0x4d, 0xff, 0x43, 0x0, 0x0,
    0x0, 0x0, 0x0, 0xeb, 0x77, 0x0, 0x0, 0x77,
    0xe3, 0x0, 0x0, 0x0, 0x0, 0x0, 0x0, 0x1f,
    0xff, 0x43, 0x0, 0x0, 0x0, 0x0, 0x0, 0xeb,
    0x77, 0x0, 0x0, 0x77, 0xfe, 0xf3, 0xf3, 0xf3,
    0xf3, 0xf3, 0xf3, 0xf5, 0xff, 0x43, 0x0, 0x0,
    0x0, 0x0, 0x0, 0xeb, 0x77, 0x0, 0x0, 0x77,
    0xe7, 0x1f, 0x1f, 0x1f, 0x1f, 0x1f, 0x1f, 0x3b,
    0xff, 0x43, 0x0, 0x0, 0x0, 0x0, 0x0, 0xeb,
    0x77, 0x0, 0x0, 0x77, 0xe5, 0xb, 0xb, 0xb,
    0xb, 0xb, 0xb, 0x2a, 0xff, 0x43, 0x0, 0x0,
    0x0, 0x0, 0x0, 0xeb, 0x77, 0x0, 0x0, 0x77,
    0xff, 0xff, 0xff, 0xff, 0xff, 0xff, 0xff, 0xff,
    0xff, 0x43, 0x0, 0x0, 0x0, 0x0, 0x0, 0xeb,
    0x77, 0x0, 0x0, 0x77, 0xe5, 0xf, 0xf, 0xf,
    0xf, 0xf, 0xf, 0x2d, 0xff, 0x43, 0x0, 0x0,
    0x0, 0x0, 0x0, 0xeb, 0x77, 0x1d, 0x4b, 0xa0,
    0xec, 0x4b, 0x4b, 0x4b, 0x4b, 0x4b, 0x4b, 0x62,
    0xff, 0x7b, 0x4b, 0x3, 0x0, 0x0, 0x0, 0xeb,
    0x77, 0x63, 0xff, 0xff, 0xff, 0xff, 0xff, 0xff,
    0xff, 0xff, 0xff, 0xff, 0xff, 0xff, 0xff, 0xb,

    /* U+504F "偏" */
    0x0, 0x0, 0x0, 0x0, 0x0, 0x3d, 0x38, 0x0,
    0x0, 0x0, 0x0, 0x26, 0x87, 0xc, 0x0, 0x0,
    0x0, 0x0, 0x0, 0x0, 0x0, 0x0, 0x0, 0x5,
    0xe1, 0xb3, 0x0, 0x0, 0x0, 0x0, 0x1f, 0xfb,
    0x75, 0x0, 0x0, 0x0, 0x0, 0x0, 0x0, 0x0,
    0x0, 0x0, 0x65, 0xff, 0x37, 0x5c, 0x6b, 0x6b,
    0x6b, 0x6b, 0xd8, 0xe8, 0x6b, 0x6b, 0x6b, 0x6b,
    0x20, 0x0, 0x0, 0x0, 0x4, 0xdf, 0xb9, 0x0,
    0xdb, 0xef, 0xdb, 0xdb, 0xdb, 0xdb, 0xdb, 0xdb,
    0xdb, 0xe2, 0xff, 0x4b, 0x0, 0x0, 0x0, 0x63,
    0xff, 0x3d, 0x0, 0xdb, 0x87, 0x0, 0x0, 0x0,
    0x0, 0x0, 0x0, 0x0, 0x2f, 0xff, 0x4b, 0x0,
    0x0, 0x18, 0xea, 0xed, 0x0, 0x0, 0xdb, 0x8d,
    0xb, 0xb, 0xb, 0xb, 0xb, 0xb, 0xb, 0x39,
    0xff, 0x4b, 0x0, 0x1, 0xb7, 0xff, 0xeb, 0x0,
    0x0, 0xdc, 0xff, 0xff, 0xff, 0xff, 0xff, 0xff,
    0xff, 0xff, 0xff, 0xff, 0x4b, 0x0, 0x8d, 0xfe,
    0xc9, 0xeb, 0x0, 0x0, 0xdf, 0xa1, 0x3b, 0x3b,
    0x3b, 0x3b, 0x3b, 0x3b, 0x3b, 0x3b, 0x3b, 0x11,
    0x36, 0xff, 0x87, 0x7f, 0xeb, 0x0, 0x0, 0xe3,
    0x86, 0x3f, 0x3f, 0x3f, 0x3f, 0x3f, 0x3f, 0x3f,
    0x3f, 0x3f, 0x25, 0x0, 0x85, 0x3, 0x7f, 0xeb,
    0x0, 0x0, 0xee, 0xa1, 0xff, 0xf5, 0xf5, 0xff,
    0xf3, 0xf7, 0xfd, 0xf3, 0xfb, 0x97, 0x0, 0x0,
    0x0, 0x7f, 0xeb, 0x0, 0x2, 0xfd, 0x8d, 0xff,
    0x17, 0x17, 0xeb, 0x0, 0x43, 0xc7, 0x0, 0x9b,
    0x97, 0x0, 0x0, 0x0, 0x7f, 0xeb, 0x0, 0x12,
    0xff, 0x75, 0xff, 0x17, 0x17, 0xeb, 0x0, 0x43,
    0xc7, 0x0, 0x9b, 0x97, 0x0, 0x0, 0x0, 0x7f,
    0xeb, 0x0, 0x33, 0xff, 0x5b, 0xff, 0x47, 0x47,
    0xf0, 0x33, 0x6a, 0xd3, 0x33, 0xb0, 0x97, 0x0,
    0x0, 0x0, 0x7f, 0xeb, 0x0, 0x5c, 0xfa, 0x36,
    0xff, 0xff, 0xff, 0xff, 0xff, 0xff, 0xff, 0xff,
    0xff, 0x97, 0x0, 0x0, 0x0, 0x7f, 0xeb, 0x0,
    0x88, 0xd0, 0x2f, 0xff, 0x17, 0x17, 0xeb, 0x0,
    0x43, 0xc7, 0x0, 0x9b, 0x97, 0x0, 0x0, 0x0,
    0x7f, 0xeb, 0x0, 0xd1, 0x9b, 0x2f, 0xff, 0x17,
    0x17, 0xeb, 0x0, 0x43, 0xc7, 0x0, 0x9b, 0x97,
    0x0, 0x0, 0x0, 0x7f, 0xeb, 0x22, 0xff, 0x49,
    0x2f, 0xff, 0x17, 0x17, 0xeb, 0x0, 0x43, 0xc7,
    0x27, 0xb1, 0x96, 0x0, 0x0, 0x0, 0x7f, 0xeb,
    0x1d, 0xb9, 0x6, 0x2d, 0xf3, 0x16, 0x17, 0xeb,
    0x0, 0x3f, 0xbb, 0xc4, 0xee, 0x54,

    /* U+505C "停" */
    0x0, 0x0, 0x0, 0x0, 0x0, 0x0, 0x0, 0x0,
    0x0, 0x0, 0x0, 0x0, 0x7, 0x0, 0x0, 0x0,
    0x0, 0x0, 0x0, 0x0, 0x0, 0x0, 0x0, 0x16,
    0xd8, 0x44, 0x0, 0x0, 0x0, 0x0, 0x6a, 0xee,
    0x13, 0x0, 0x0, 0x0, 0x0, 0x0, 0x0, 0x0,
    0x0, 0x0, 0x7f, 0xf7, 0x37, 0x37, 0x37, 0x37,
    0x37, 0x4e, 0xfd, 0x9a, 0x37, 0x37, 0x37, 0x37,
    0x32, 0x0, 0x0, 0x0, 0x6, 0xe8, 0x97, 0x9b,
    0xff, 0xff, 0xff, 0xff, 0xff, 0xff, 0xff, 0xff,
    0xff, 0xff, 0xff, 0xe7, 0x0, 0x0, 0x0, 0x5f,
    0xfd, 0x26, 0x9, 0xf, 0xf, 0xf, 0xf, 0xf,
    0xf, 0xf, 0xf, 0xf, 0xf, 0xf, 0xe, 0x0,
    0x0, 0x2, 0xd1, 0xaf, 0x0, 0x0, 0x1e, 0xdb,
    0xdb, 0xdb, 0xdb, 0xdb, 0xdb, 0xdb, 0xdb, 0xdb,
    0x33, 0x0, 0x0, 0x0, 0x6a, 0xff, 0x74, 0x0,
    0x0, 0x23, 0xff, 0x73, 0x37, 0x37, 0x37, 0x37,
    0x37, 0x60, 0xff, 0x3b, 0x0, 0x0, 0x1a, 0xf0,
    0xff, 0x73, 0x0, 0x0, 0x23, 0xff, 0x4b, 0x0,
    0x0, 0x0, 0x0, 0x0, 0x33, 0xff, 0x3b, 0x0,
    0x5, 0xc5, 0xed, 0xf5, 0x73, 0x0, 0x0, 0x23,
    0xff, 0xf7, 0xf3, 0xf3, 0xf3, 0xf3, 0xf3, 0xf6,
    0xff, 0x3b, 0x0, 0x4e, 0xff, 0x56, 0xeb, 0x73,
    0x0, 0x0, 0x4, 0x1f, 0x1f, 0x1f, 0x1f, 0x1f,
    0x1f, 0x1f, 0x1f, 0x1f, 0x7, 0x0, 0x3, 0x7e,
    0x0, 0xeb, 0x73, 0x0, 0x4d, 0x53, 0x53, 0x53,
    0x53, 0x53, 0x53, 0x53, 0x53, 0x53, 0x53, 0x53,
    0x4c, 0x0, 0x0, 0x0, 0xeb, 0x73, 0x0, 0xeb,
    0xf3, 0xeb, 0xeb, 0xeb, 0xeb, 0xeb, 0xeb, 0xeb,
    0xeb, 0xeb, 0xf5, 0xe7, 0x0, 0x0, 0x0, 0xeb,
    0x73, 0x0, 0xeb, 0x63, 0x0, 0x0, 0x0, 0x0,
    0x0, 0x0, 0x0, 0x0, 0x0, 0x73, 0xe7, 0x0,
    0x0, 0x0, 0xeb, 0x73, 0x0, 0xdd, 0x80, 0xf3,
    0xf3, 0xf3, 0xf3, 0xf3, 0xf3, 0xf3, 0xf3, 0xf3,
    0x83, 0xd9, 0x0, 0x0, 0x0, 0xeb, 0x73, 0x0,
    0x0, 0x9, 0x43, 0x43, 0x43, 0x52, 0xff, 0x93,
    0x43, 0x43, 0x43, 0x6, 0x0, 0x0, 0x0, 0x0,
    0xeb, 0x73, 0x0, 0x0, 0x0, 0x0, 0x0, 0x0,
    0x13, 0xff, 0x6b, 0x0, 0x0, 0x0, 0x0, 0x0,
    0x0, 0x0, 0x0, 0xeb, 0x73, 0x0, 0x0, 0x0,
    0x0, 0x0, 0x0, 0x13, 0xff, 0x6b, 0x0, 0x0,
    0x0, 0x0, 0x0, 0x0, 0x0, 0x0, 0xeb, 0x73,
    0x0, 0x0, 0x0, 0xb, 0x49, 0x48, 0x5d, 0xff,
    0x66, 0x0, 0x0, 0x0, 0x0, 0x0, 0x0, 0x0,
    0x0, 0xeb, 0x73, 0x0, 0x0, 0x0, 0x2, 0xe2,
    0xfd, 0xf4, 0xcf, 0x23, 0x0, 0x0, 0x0, 0x0,
    0x0, 0x0, 0x0, 0x0, 0xe, 0x7, 0x0, 0x0,
    0x0, 0x0, 0x0, 0x0, 0x0, 0x0, 0x0, 0x0,
    0x0, 0x0, 0x0, 0x0,

    /* U+5165 "入" */
    0x0, 0x0, 0x0, 0x0, 0x0, 0x0, 0x1a, 0x6,
    0x0, 0x0, 0x0, 0x0, 0x0, 0x0, 0x0, 0x0,
    0x0, 0x0, 0x0, 0x0, 0x0, 0x0, 0x0, 0x0,
    0x0, 0x2, 0xc9, 0xbe, 0x10, 0x0, 0x0, 0x0,
    0x0, 0x0, 0x0, 0x0, 0x0, 0x0, 0x0, 0x0,
    0x0, 0x0, 0x0, 0x0, 0x0, 0x0, 0x6a, 0xfc,
    0xd4, 0x11, 0x0, 0x0, 0x0, 0x0, 0x0, 0x0,
    0x0, 0x0, 0x0, 0x0, 0x0, 0x0, 0x0, 0x0,
    0x0, 0x0, 0x0, 0x4e, 0xfc, 0xb7, 0x2, 0x0,
    0x0, 0x0, 0x0, 0x0, 0x0, 0x0, 0x0, 0x0,
    0x0, 0x0, 0x0, 0x0, 0x0, 0x0, 0x0, 0x0,
    0x70, 0xff, 0x7d, 0x0, 0x0, 0x0, 0x0, 0x0,
    0x0, 0x0, 0x0, 0x0, 0x0, 0x0, 0x0, 0x0,
    0x0, 0x0, 0x0, 0x0, 0x6, 0xf7, 0xf6, 0x1c,
    0x0, 0x0, 0x0, 0x0, 0x0, 0x0, 0x0, 0x0,
    0x0, 0x0, 0x0, 0x0, 0x0, 0x0, 0x0, 0x0,
    0x48, 0xff, 0xff, 0xa0, 0x0, 0x0, 0x0, 0x0,
    0x0, 0x0, 0x0, 0x0, 0x0, 0x0, 0x0, 0x0,
    0x0, 0x0, 0x0, 0x0, 0x97, 0xff, 0xb4, 0xfd,
    0x31, 0x0, 0x0, 0x0, 0x0, 0x0, 0x0, 0x0,
    0x0, 0x0, 0x0, 0x0, 0x0, 0x0, 0x0, 0x1,
    0xe4, 0xda, 0xe, 0xec, 0xbd, 0x0, 0x0, 0x0,
    0x0, 0x0, 0x0, 0x0, 0x0, 0x0, 0x0, 0x0,
    0x0, 0x0, 0x0, 0x48, 0xff, 0x7c, 0x0, 0x74,
    0xff, 0x4e, 0x0, 0x0, 0x0, 0x0, 0x0, 0x0,
    0x0, 0x0, 0x0, 0x0, 0x0, 0x0, 0x0, 0xcc,
    0xfd, 0x1f, 0x0, 0x9, 0xe6, 0xdc, 0x6, 0x0,
    0x0, 0x0, 0x0, 0x0, 0x0, 0x0, 0x0, 0x0,
    0x0, 0x0, 0x52, 0xff, 0x9a, 0x0, 0x0, 0x0,
    0x6a, 0xff, 0x76, 0x0, 0x0, 0x0, 0x0, 0x0,
    0x0, 0x0, 0x0, 0x0, 0x0, 0xb, 0xd7, 0xf1,
    0x16, 0x0, 0x0, 0x0, 0x5, 0xdf, 0xf2, 0x18,
    0x0, 0x0, 0x0, 0x0, 0x0, 0x0, 0x0, 0x0,
    0x2, 0xb2, 0xff, 0x73, 0x0, 0x0, 0x0, 0x0,
    0x0, 0x53, 0xff, 0xb6, 0x3, 0x0, 0x0, 0x0,
    0x0, 0x0, 0x0, 0x0, 0x92, 0xff, 0xad, 0x2,
    0x0, 0x0, 0x0, 0x0, 0x0, 0x0, 0x97, 0xff,
    0x9a, 0x0, 0x0, 0x0, 0x0, 0x0, 0xa, 0x95,
    0xff, 0xc4, 0x8, 0x0, 0x0, 0x0, 0x0, 0x0,
    0x0, 0x0, 0x8, 0xcf, 0xff, 0xa2, 0xb, 0x0,
    0x0, 0x38, 0xd9, 0xff, 0xc3, 0x12, 0x0, 0x0,
    0x0, 0x0, 0x0, 0x0, 0x0, 0x0, 0x0, 0x1e,
    0xd9, 0xff, 0xd6, 0x18, 0x6, 0xc5, 0xfd, 0x82,
    0x3, 0x0, 0x0, 0x0, 0x0, 0x0, 0x0, 0x0,
    0x0, 0x0, 0x0, 0x0, 0x15, 0xb5, 0xe8, 0x6,
    0x0, 0x9, 0x36, 0x0, 0x0, 0x0, 0x0, 0x0,
    0x0, 0x0, 0x0, 0x0, 0x0, 0x0, 0x0, 0x0,
    0x0, 0x0, 0x28, 0x0,

    /* U+5173 "关" */
    0x0, 0x0, 0x0, 0x4, 0x63, 0x1c, 0x0, 0x0,
    0x0, 0x0, 0x0, 0x0, 0x0, 0x79, 0x5d, 0x0,
    0x0, 0x0, 0x0, 0x0, 0x0, 0x0, 0x12, 0xe7,
    0xbf, 0x2, 0x0, 0x0, 0x0, 0x0, 0x0, 0x26,
    0xfd, 0xa6, 0x0, 0x0, 0x0, 0x0, 0x0, 0x0,
    0x0, 0x0, 0x4f, 0xff, 0x66, 0x0, 0x0, 0x0,
    0x0, 0x0, 0xa3, 0xf3, 0x1a, 0x0, 0x0, 0x0,
    0x0, 0x0, 0x0, 0x0, 0x0, 0x0, 0xc4, 0xd8,
    0x1, 0x0, 0x0, 0x0, 0x39, 0xfe, 0x74, 0x0,
    0x0, 0x0, 0x0, 0x0, 0x0, 0x1c, 0x8b, 0x8b,
    0x8b, 0xb6, 0xa2, 0x8b, 0x8b, 0x8b, 0x8b, 0xd7,
    0xfd, 0x91, 0x8b, 0x8b, 0x76, 0x0, 0x0, 0x0,
    0x31, 0xf3, 0xf3, 0xf3, 0xf3, 0xf3, 0xf3, 0xfa,
    0xff, 0xf5, 0xf3, 0xf3, 0xf3, 0xf3, 0xf3, 0xcd,
    0x0, 0x0, 0x0, 0x0, 0x0, 0x0, 0x0, 0x0,
    0x0, 0x0, 0x8f, 0xff, 0x23, 0x0, 0x0, 0x0,
    0x0, 0x0, 0x0, 0x0, 0x0, 0x0, 0x0, 0x0,
    0x0, 0x0, 0x0, 0x0, 0x0, 0x8f, 0xff, 0x23,
    0x0, 0x0, 0x0, 0x0, 0x0, 0x0, 0x0, 0x0,
    0x0, 0x0, 0x0, 0x0, 0x0, 0x0, 0x0, 0x0,
    0x91, 0xff, 0x21, 0x0, 0x0, 0x0, 0x0, 0x0,
    0x0, 0x0, 0x0, 0x34, 0x7b, 0x7b, 0x7b, 0x7b,
    0x7b, 0x7b, 0x7b, 0xc9, 0xff, 0x89, 0x7b, 0x7b,
    0x7b, 0x7b, 0x7b, 0x7b, 0x72, 0x0, 0x6b, 0xff,
    0xff, 0xff, 0xff, 0xff, 0xff, 0xff, 0xff, 0xff,
    0xff, 0xff, 0xff, 0xff, 0xff, 0xff, 0xff, 0xeb,
    0x0, 0x0, 0x0, 0x0, 0x0, 0x0, 0x0, 0x0,
    0x22, 0xfc, 0xff, 0xd4, 0x6, 0x0, 0x0, 0x0,
    0x0, 0x0, 0x0, 0x0, 0x0, 0x0, 0x0, 0x0,
    0x0, 0x0, 0x0, 0x9c, 0xff, 0x8f, 0xfd, 0x82,
    0x0, 0x0, 0x0, 0x0, 0x0, 0x0, 0x0, 0x0,
    0x0, 0x0, 0x0, 0x0, 0x0, 0x67, 0xff, 0xc8,
    0x0, 0x90, 0xfc, 0x5a, 0x0, 0x0, 0x0, 0x0,
    0x0, 0x0, 0x0, 0x0, 0x0, 0x0, 0x0, 0x69,
    0xfc, 0xe0, 0x1d, 0x0, 0xa, 0xc6, 0xfd, 0x66,
    0x0, 0x0, 0x0, 0x0, 0x0, 0x0, 0x0, 0x0,
    0x25, 0xb5, 0xff, 0xd9, 0x24, 0x0, 0x0, 0x0,
    0xd, 0xc6, 0xff, 0xb5, 0x21, 0x0, 0x0, 0x0,
    0x0, 0x3a, 0xa6, 0xfc, 0xfc, 0x8b, 0x8, 0x0,
    0x0, 0x0, 0x0, 0x0, 0xb, 0x93, 0xfe, 0xf7,
    0xa7, 0x4d, 0x6, 0x7a, 0xff, 0xfc, 0xab, 0x2f,
    0x0, 0x0, 0x0, 0x0, 0x0, 0x0, 0x0, 0x0,
    0x0, 0x3d, 0xbc, 0xfe, 0xf1, 0x21, 0x4, 0x6c,
    0x1b, 0x0, 0x0, 0x0, 0x0, 0x0, 0x0, 0x0,
    0x0, 0x0, 0x0, 0x0, 0x0, 0x0, 0x24, 0x3b,
    0x0,

    /* U+51FA "出" */
    0x0, 0x0, 0x0, 0x0, 0x0, 0x0, 0x0, 0xb0,
    0x89, 0x0, 0x0, 0x0, 0x0, 0x0, 0x0, 0x0,
    0x0, 0x0, 0x0, 0x0, 0x0, 0x0, 0x0, 0xeb,
    0xb7, 0x0, 0x0, 0x0, 0x0, 0x0, 0x0, 0x0,
    0x0, 0xf3, 0x85, 0x0, 0x0, 0x0, 0x0, 0xeb,
    0xb7, 0x0, 0x0, 0x0, 0x0, 0x83, 0xf7, 0x13,
    0x0, 0xff, 0x8b, 0x0, 0x0, 0x0, 0x0, 0xeb,
    0xb7, 0x0, 0x0, 0x0, 0x0, 0x87, 0xff, 0x13,
    0x0, 0xff, 0x8b, 0x0, 0x0, 0x0, 0x0, 0xeb,
    0xb7, 0x0, 0x0, 0x0, 0x0, 0x87, 0xff, 0x13,
    0x0, 0xff, 0x8b, 0x0, 0x0, 0x0, 0x0, 0xeb,
    0xb7, 0x0, 0x0, 0x0, 0x0, 0x87, 0xff, 0x13,
    0x0, 0xff, 0x8b, 0x0, 0x0, 0x0, 0x0, 0xeb,
    0xb7, 0x0, 0x0, 0x0, 0x0, 0x87, 0xff, 0x13,
    0x0, 0xff, 0xc7, 0x83, 0x83, 0x83, 0x83, 0xf6,
    0xdd, 0x83, 0x83, 0x83, 0x83, 0xc5, 0xff, 0x13,
    0x0, 0xf3, 0xf3, 0xf3, 0xf3, 0xf3, 0xf3, 0xff,
    0xfc, 0xf3, 0xf3, 0xf3, 0xf3, 0xf3, 0xf3, 0x13,
    0x58, 0x46, 0x0, 0x0, 0x0, 0x0, 0x0, 0xeb,
    0xb7, 0x0, 0x0, 0x0, 0x0, 0x0, 0x46, 0x55,
    0xeb, 0xbb, 0x0, 0x0, 0x0, 0x0, 0x0, 0xeb,
    0xb7, 0x0, 0x0, 0x0, 0x0, 0x0, 0xbb, 0xe3,
    0xeb, 0xbb, 0x0, 0x0, 0x0, 0x0, 0x0, 0xeb,
    0xb7, 0x0, 0x0, 0x0, 0x0, 0x0, 0xbb, 0xe3,
    0xeb, 0xbb, 0x0, 0x0, 0x0, 0x0, 0x0, 0xeb,
    0xb7, 0x0, 0x0, 0x0, 0x0, 0x0, 0xbb, 0xe3,
    0xeb, 0xbb, 0x0, 0x0, 0x0, 0x0, 0x0, 0xeb,
    0xb7, 0x0, 0x0, 0x0, 0x0, 0x0, 0xbb, 0xe3,
    0xeb, 0xbb, 0x0, 0x0, 0x0, 0x0, 0x0, 0xeb,
    0xb7, 0x0, 0x0, 0x0, 0x0, 0x0, 0xbb, 0xe3,
    0xeb, 0xbf, 0xb, 0xb, 0xb, 0xb, 0xb, 0xec,
    0xbb, 0xb, 0xb, 0xb, 0xb, 0xb, 0xbf, 0xe3,
    0xeb, 0xff, 0xff, 0xff, 0xff, 0xff, 0xff, 0xff,
    0xff, 0xff, 0xff, 0xff, 0xff, 0xff, 0xff, 0xe3,
    0x6a, 0x73, 0x73, 0x73, 0x73, 0x73, 0x73, 0x73,
    0x73, 0x73, 0x73, 0x73, 0x73, 0x73, 0xda, 0xe3,

    /* U+5206 "分" */
    0x0, 0x0, 0x0, 0x0, 0x0, 0x0, 0x35, 0x1e,
    0x0, 0x0, 0x0, 0x0, 0x13, 0x35, 0x0, 0x0,
    0x0, 0x0, 0x0, 0x0, 0x0, 0x0, 0x0, 0x0,
    0x0, 0x7, 0xe7, 0xd4, 0x1, 0x0, 0x0, 0x0,
    0xb1, 0xe9, 0xd, 0x0, 0x0, 0x0, 0x0, 0x0,
    0x0, 0x0, 0x0, 0x0, 0x0, 0x66, 0xff, 0x52,
    0x0, 0x0, 0x0, 0x0, 0x2e, 0xfd, 0x86, 0x0,
    0x0, 0x0, 0x0, 0x0, 0x0, 0x0, 0x0, 0x0,
    0x11, 0xe8, 0xce, 0x1, 0x0, 0x0, 0x0, 0x0,
    0x0, 0x98, 0xfb, 0x37, 0x0, 0x0, 0x0, 0x0,
    0x0, 0x0, 0x0, 0x0, 0x9e, 0xff, 0x48, 0x0,
    0x0, 0x0, 0x0, 0x0, 0x0, 0xd, 0xe1, 0xdc,
    0xf, 0x0, 0x0, 0x0, 0x0, 0x0, 0x0, 0x63,
    0xff, 0x91, 0x0, 0x0, 0x0, 0x0, 0x0, 0x0,
    0x0, 0x0, 0x42, 0xfd, 0xbd, 0x5, 0x0, 0x0,
    0x0, 0x0, 0x47, 0xfa, 0xc7, 0x5, 0x0, 0x0,
    0x0, 0x0, 0x0, 0x0, 0x0, 0x0, 0x0, 0x75,
    0xff, 0xa7, 0x5, 0x0, 0x0, 0x60, 0xfa, 0xf8,
    0x58, 0x3b, 0x3b, 0x3b, 0x3b, 0x3b, 0x3b, 0x3b,
    0x3b, 0x3b, 0x3b, 0x3c, 0xae, 0xff, 0xb9, 0x9,
    0x3, 0xae, 0xe2, 0x6b, 0xff, 0xff, 0xff, 0xff,
    0xff, 0xff, 0xff, 0xff, 0xff, 0xff, 0xff, 0xff,
    0x39, 0xa3, 0x9e, 0x1, 0x0, 0x3, 0x16, 0xf,
    0x3b, 0x3b, 0x3b, 0x9c, 0xff, 0x4d, 0x3b, 0x3b,
    0x3b, 0x3b, 0x89, 0xff, 0x28, 0x2, 0x2, 0x0,
    0x0, 0x0, 0x0, 0x0, 0x0, 0x0, 0x0, 0xad,
    0xe5, 0x0, 0x0, 0x0, 0x0, 0x0, 0x71, 0xff,
    0x1a, 0x0, 0x0, 0x0, 0x0, 0x0, 0x0, 0x0,
    0x0, 0x0, 0x2, 0xe6, 0xac, 0x0, 0x0, 0x0,
    0x0, 0x0, 0x82, 0xff, 0xa, 0x0, 0x0, 0x0,
    0x0, 0x0, 0x0, 0x0, 0x0, 0x0, 0x58, 0xff,
    0x54, 0x0, 0x0, 0x0, 0x0, 0x0, 0x96, 0xf7,
    0x0, 0x0, 0x0, 0x0, 0x0, 0x0, 0x0, 0x0,
    0x0, 0x4, 0xd2, 0xda, 0x2, 0x0, 0x0, 0x0,
    0x0, 0x0, 0xb1, 0xe2, 0x0, 0x0, 0x0, 0x0,
    0x0, 0x0, 0x0, 0x0, 0x4, 0xab, 0xff, 0x5b,
    0x0, 0x0, 0x0, 0x0, 0x0, 0x0, 0xd2, 0xc6,
    0x0, 0x0, 0x0, 0x0, 0x0, 0x0, 0x0, 0x11,
    0xae, 0xff, 0x94, 0x0, 0x0, 0x0, 0x0, 0x0,
    0x0, 0xe, 0xfc, 0x98, 0x0, 0x0, 0x0, 0x0,
    0x0, 0x1d, 0x7f, 0xed, 0xfc, 0x7f, 0x0, 0x0,
    0x0, 0x18, 0x84, 0x78, 0x76, 0xbb, 0xff, 0x57,
    0x0, 0x0, 0x0, 0x0, 0x0, 0x53, 0xfd, 0xb4,
    0x2f, 0x0, 0x0, 0x0, 0x0, 0x2, 0xde, 0xfc,
    0xfe, 0xef, 0x9e, 0x3, 0x0, 0x0, 0x0, 0x0,
    0x0, 0x0, 0x18, 0x0, 0x0, 0x0, 0x0, 0x0,
    0x0, 0x0, 0x0, 0x0, 0x0, 0x0, 0x0, 0x0,
    0x0, 0x0, 0x0, 0x0,

    /* U+5207 "切" */
    0x0, 0x0, 0x0, 0x3, 0x2, 0x0, 0x0, 0x0,
    0x0, 0x0, 0x0, 0x0, 0x0, 0x0, 0x0, 0x0,
    0x0, 0x0, 0x0, 0x0, 0x0, 0x0, 0xeb, 0x83,
    0x0, 0x0, 0x0, 0x8, 0xb, 0xb, 0xb, 0xb,
    0xb, 0xb, 0xb, 0xb, 0xb, 0x8, 0x0, 0x0,
    0x0, 0xeb, 0x83, 0x0, 0x0, 0x0, 0xb3, 0xff,
    0xff, 0xff, 0xff, 0xff, 0xff, 0xff, 0xff, 0xff,
    0xac, 0x0, 0x0, 0x0, 0xeb, 0x83, 0x0, 0x0,
    0x0, 0x49, 0x67, 0x67, 0xb3, 0xff, 0x68, 0x67,
    0x67, 0x67, 0xea, 0xa5, 0x0, 0x0, 0x0, 0xeb,
    0x83, 0x0, 0x0, 0x9, 0xd, 0x0, 0x0, 0x89,
    0xf5, 0x0, 0x0, 0x0, 0x0, 0xe2, 0x9d, 0x0,
    0x0, 0x7, 0xee, 0xbc, 0x9b, 0xcf, 0xfb, 0x71,
    0x0, 0x0, 0x95, 0xe8, 0x0, 0x0, 0x0, 0x0,
    0xea, 0x94, 0x51, 0xcb, 0xf9, 0xff, 0xf5, 0xc2,
    0x8c, 0x55, 0x18, 0x0, 0x0, 0xa1, 0xdb, 0x0,
    0x0, 0x0, 0x0, 0xf3, 0x8d, 0x48, 0x98, 0x63,
    0xf1, 0x83, 0x0, 0x0, 0x0, 0x0, 0x0, 0x0,
    0xb1, 0xce, 0x0, 0x0, 0x0, 0x0, 0xfd, 0x83,
    0x0, 0x0, 0x0, 0xeb, 0x83, 0x0, 0x0, 0x0,
    0x0, 0x0, 0x0, 0xda, 0xab, 0x0, 0x0, 0x0,
    0x8, 0xff, 0x79, 0x0, 0x0, 0x0, 0xeb, 0x83,
    0x0, 0x0, 0x0, 0x0, 0x0, 0xb, 0xfd, 0x7c,
    0x0, 0x0, 0x0, 0x14, 0xff, 0x6f, 0x0, 0x0,
    0x0, 0xeb, 0x83, 0x0, 0x0, 0x0, 0x0, 0x0,
    0x37, 0xff, 0x4c, 0x0, 0x0, 0x0, 0x23, 0xff,
    0x62, 0x0, 0x0, 0x0, 0xeb, 0x83, 0x0, 0x7,
    0x5b, 0x59, 0x0, 0x71, 0xff, 0x1d, 0x0, 0x0,
    0x0, 0x33, 0xff, 0x55, 0x0, 0x0, 0x1, 0xf1,
    0x9f, 0x87, 0xeb, 0xf9, 0x77, 0x0, 0xd1, 0xd3,
    0x0, 0x0, 0x0, 0x0, 0x46, 0xff, 0x42, 0x0,
    0x0, 0x51, 0xff, 0xff, 0xee, 0x86, 0x19, 0x0,
    0x4e, 0xff, 0x6f, 0x0, 0x0, 0x0, 0x0, 0x61,
    0xff, 0x2f, 0x0, 0x0, 0x8f, 0xea, 0x73, 0xc,
    0x0, 0x0, 0x11, 0xe0, 0xdf, 0x9, 0x0, 0x0,
    0x0, 0x0, 0x83, 0xff, 0x12, 0x0, 0x0, 0x12,
    0xf, 0x0, 0x0, 0x0, 0xd, 0xc9, 0xfd, 0x48,
    0x0, 0x0, 0x0, 0x0, 0x0, 0xbc, 0xe9, 0x0,
    0x0, 0x0, 0x0, 0x0, 0x0, 0x0, 0x3a, 0xdb,
    0xff, 0x65, 0x0, 0x0, 0x3a, 0x81, 0x77, 0x9a,
    0xfe, 0xa1, 0x0, 0x0, 0x0, 0x0, 0x0, 0x0,
    0x0, 0x75, 0xeb, 0x4e, 0x0, 0x0, 0x0, 0x2e,
    0xf9, 0xff, 0xfc, 0xbe, 0x17, 0x0, 0x0, 0x0,
    0x0, 0x0, 0x0, 0x0, 0x0, 0xe, 0x0, 0x0,
    0x0, 0x0, 0x0, 0x0, 0x2, 0x0, 0x0, 0x0,
    0x0,

    /* U+5236 "制" */
    0x0, 0x0, 0x0, 0x0, 0x0, 0x10, 0x4b, 0x10,
    0x0, 0x0, 0x0, 0x0, 0x0, 0x0, 0x0, 0x0,
    0x0, 0x21, 0x14, 0x0, 0x0, 0x26, 0x88, 0x15,
    0x37, 0xff, 0x37, 0x0, 0x0, 0x0, 0x0, 0x0,
    0x0, 0x0, 0x0, 0x0, 0xeb, 0x8f, 0x0, 0x0,
    0x76, 0xfd, 0xd, 0x37, 0xff, 0x37, 0x0, 0x0,
    0x0, 0x0, 0x0, 0x0, 0x0, 0x0, 0x0, 0xeb,
    0x8f, 0x0, 0x0, 0xbc, 0xce, 0x0, 0x37, 0xff,
    0x37, 0x0, 0x0, 0x0, 0x0, 0x0, 0x76, 0xe4,
    0x0, 0x0, 0xeb, 0x8f, 0x0, 0x13, 0xf8, 0xf8,
    0xe7, 0xed, 0xff, 0xed, 0xe7, 0xe7, 0xe7, 0x44,
    0x0, 0x7b, 0xef, 0x0, 0x0, 0xeb, 0x8f, 0x0,
    0x80, 0xfd, 0x7f, 0x77, 0x95, 0xff, 0x95, 0x77,
    0x77, 0x77, 0x23, 0x0, 0x7b, 0xef, 0x0, 0x0,
    0xeb, 0x8f, 0xa, 0xec, 0xaa, 0x0, 0x0, 0x37,
    0xff, 0x37, 0x0, 0x0, 0x0, 0x0, 0x0, 0x7b,
    0xef, 0x0, 0x0, 0xeb, 0x8f, 0xb, 0xaf, 0x95,
    0x6f, 0x6f, 0x8f, 0xff, 0x8f, 0x6f, 0x6f, 0x6f,
    0x6f, 0x8, 0x7b, 0xef, 0x0, 0x0, 0xeb, 0x8f,
    0x16, 0xf3, 0xf3, 0xf3, 0xf3, 0xf6, 0xff, 0xf6,
    0xf3, 0xf3, 0xf3, 0xf3, 0x13, 0x7b, 0xef, 0x0,
    0x0, 0xeb, 0x8f, 0x0, 0x0, 0x0, 0x0, 0x0,
    0x37, 0xff, 0x37, 0x0, 0x0, 0x0, 0x0, 0x0,
    0x7b, 0xef, 0x0, 0x0, 0xeb, 0x8f, 0x0, 0x0,
    0x3, 0x3, 0x3, 0x3b, 0xff, 0x3b, 0x3, 0x3,
    0x3, 0x1, 0x0, 0x7b, 0xef, 0x0, 0x0, 0xeb,
    0x8f, 0x0, 0x2b, 0xff, 0xff, 0xff, 0xff, 0xff,
    0xff, 0xff, 0xff, 0xff, 0x5f, 0x0, 0x7b, 0xef,
    0x0, 0x0, 0xeb, 0x8f, 0x0, 0x2b, 0xff, 0x77,
    0x57, 0x7c, 0xff, 0x7c, 0x57, 0x57, 0xff, 0x5f,
    0x0, 0x7b, 0xef, 0x0, 0x0, 0xeb, 0x8f, 0x0,
    0x2b, 0xff, 0x2f, 0x0, 0x37, 0xff, 0x37, 0x0,
    0x0, 0xff, 0x5f, 0x0, 0x7b, 0xef, 0x0, 0x0,
    0xeb, 0x8f, 0x0, 0x2b, 0xff, 0x2f, 0x0, 0x37,
    0xff, 0x37, 0x0, 0x0, 0xff, 0x5f, 0x0, 0xf,
    0x1d, 0x0, 0x0, 0xeb, 0x8f, 0x0, 0x2b, 0xff,
    0x2f, 0x0, 0x37, 0xff, 0x37, 0x0, 0x0, 0xff,
    0x5f, 0x0, 0x0, 0x0, 0x0, 0x0, 0xeb, 0x8f,
    0x0, 0x2b, 0xff, 0x2f, 0x0, 0x37, 0xff, 0x37,
    0x44, 0x50, 0xff, 0x5a, 0x0, 0x0, 0x0, 0x0,
    0x0, 0xeb, 0x8f, 0x0, 0x29, 0xf3, 0x2d, 0x0,
    0x37, 0xff, 0x37, 0xbe, 0xfc, 0xd1, 0x1d, 0x0,
    0x0, 0x7f, 0x87, 0x8e, 0xfc, 0x79, 0x0, 0x0,
    0x0, 0x0, 0x0, 0x37, 0xff, 0x37, 0x1, 0x0,
    0x0, 0x0, 0x0, 0x0, 0xaa, 0xfd, 0xf1, 0xbd,
    0x1c, 0x0, 0x0, 0x0, 0x0, 0x0, 0x0, 0x0,
    0x0, 0x0, 0x0, 0x0, 0x0, 0x0, 0x0, 0x1,
    0x0, 0x0, 0x0, 0x0,

    /* U+529F "功" */
    0x0, 0x0, 0x0, 0x0, 0x0, 0x0, 0x0, 0x0,
    0x0, 0x0, 0x0, 0xa, 0x7b, 0x35, 0x0, 0x0,
    0x0, 0x0, 0x0, 0x0, 0x0, 0x0, 0x0, 0x0,
    0x0, 0x0, 0x0, 0x0, 0x0, 0x0, 0x17, 0xff,
    0x6b, 0x0, 0x0, 0x0, 0x0, 0x0, 0x0, 0x6e,
    0x6f, 0x6f, 0x6f, 0x6f, 0x6f, 0x6f, 0x29, 0x0,
    0x0, 0x1b, 0xff, 0x67, 0x0, 0x0, 0x0, 0x0,
    0x0, 0x0, 0xfb, 0xff, 0xff, 0xff, 0xff, 0xff,
    0xff, 0x5f, 0x0, 0x0, 0x1f, 0xff, 0x63, 0x0,
    0x0, 0x0, 0x0, 0x0, 0x0, 0x0, 0x0, 0x7,
    0xff, 0x73, 0x0, 0x0, 0x1b, 0x37, 0x37, 0x53,
    0xff, 0x83, 0x37, 0x37, 0x37, 0x37, 0x2c, 0x0,
    0x0, 0x0, 0x7, 0xff, 0x73, 0x0, 0x0, 0x7b,
    0xff, 0xff, 0xff, 0xff, 0xff, 0xff, 0xff, 0xff,
    0xff, 0xca, 0x0, 0x0, 0x0, 0x7, 0xff, 0x73,
    0x0, 0x0, 0x1b, 0x37, 0x37, 0x67, 0xff, 0x69,
    0x37, 0x37, 0x37, 0xc8, 0xc0, 0x0, 0x0, 0x0,
    0x7, 0xff, 0x73, 0x0, 0x0, 0x0, 0x0, 0x0,
    0x58, 0xff, 0x24, 0x0, 0x0, 0x0, 0xc3, 0xb5,
    0x0, 0x0, 0x0, 0x7, 0xff, 0x73, 0x0, 0x0,
    0x0, 0x0, 0x0, 0x77, 0xfe, 0x7, 0x0, 0x0,
    0x0, 0xcf, 0xa9, 0x0, 0x0, 0x0, 0x7, 0xff,
    0x73, 0x0, 0x0, 0x0, 0x0, 0x0, 0x9a, 0xe7,
    0x0, 0x0, 0x0, 0x0, 0xdd, 0x9c, 0x0, 0x0,
    0x0, 0x7, 0xff, 0x73, 0x0, 0x0, 0x0, 0x0,
    0x0, 0xe2, 0xad, 0x0, 0x0, 0x0, 0x0, 0xec,
    0x8f, 0x0, 0x0, 0x0, 0x7, 0xff, 0x86, 0x54,
    0x95, 0x97, 0x0, 0x33, 0xff, 0x5f, 0x0, 0x0,
    0x0, 0x2, 0xfd, 0x7e, 0x0, 0x15, 0x51, 0x91,
    0xff, 0xff, 0xff, 0xd7, 0x7d, 0x0, 0x8c, 0xfd,
    0x15, 0x0, 0x0, 0x0, 0x14, 0xff, 0x6c, 0x22,
    0xff, 0xff, 0xec, 0xa9, 0x63, 0x1d, 0x0, 0x0,
    0x2e, 0xfa, 0xab, 0x0, 0x0, 0x0, 0x0, 0x2e,
    0xff, 0x54, 0x0, 0x72, 0x34, 0x2, 0x0, 0x0,
    0x0, 0x0, 0x5, 0xcf, 0xef, 0x19, 0x0, 0x0,
    0x0, 0x0, 0x53, 0xff, 0x38, 0x0, 0x0, 0x0,
    0x0, 0x0, 0x0, 0x0, 0x7, 0xaa, 0xff, 0x63,
    0x0, 0x0, 0x0, 0x0, 0x0, 0x90, 0xfe, 0x10,
    0x0, 0x0, 0x0, 0x0, 0x0, 0x0, 0x33, 0xcd,
    0xff, 0x89, 0x0, 0x0, 0x3a, 0x75, 0x6b, 0x80,
    0xf3, 0xc2, 0x0, 0x0, 0x0, 0x0, 0x0, 0x0,
    0x0, 0x6f, 0xef, 0x60, 0x0, 0x0, 0x0, 0x35,
    0xf8, 0xff, 0xfa, 0xd0, 0x2f, 0x0, 0x0, 0x0,
    0x0, 0x0, 0x0, 0x0, 0x0, 0xe, 0x0, 0x0,
    0x0, 0x0, 0x0, 0x0, 0x0, 0x0, 0x0, 0x0,
    0x0,

    /* U+52A0 "加" */
    0x0, 0x0, 0x0, 0xb, 0x8b, 0x33, 0x0, 0x0,
    0x0, 0x0, 0x0, 0x0, 0x0, 0x0, 0x0, 0x0,
    0x0, 0x0, 0x0, 0x0, 0x0, 0x0, 0x16, 0xff,
    0x5c, 0x0, 0x0, 0x0, 0x0, 0x0, 0x0, 0x0,
    0x0, 0x0, 0x0, 0x0, 0x0, 0x0, 0x0, 0x0,
    0x0, 0x18, 0xff, 0x5a, 0x0, 0x0, 0x0, 0x0,
    0x0, 0x2b, 0x53, 0x53, 0x53, 0x53, 0x53, 0x53,
    0x23, 0x0, 0x0, 0x0, 0x1a, 0xff, 0x58, 0x0,
    0x0, 0x0, 0x0, 0x0, 0x83, 0xff, 0xff, 0xff,
    0xff, 0xff, 0xff, 0x6b, 0x0, 0xef, 0xff, 0xff,
    0xff, 0xff, 0xff, 0xff, 0xff, 0xcb, 0x0, 0x83,
    0xee, 0x23, 0x23, 0x23, 0x35, 0xff, 0x6b, 0x0,
    0x6c, 0x73, 0x8c, 0xff, 0x9a, 0x73, 0x73, 0xd0,
    0xc7, 0x0, 0x83, 0xeb, 0x0, 0x0, 0x0, 0x13,
    0xff, 0x6b, 0x0, 0x0, 0x0, 0x38, 0xff, 0x39,
    0x0, 0x0, 0xae, 0xc1, 0x0, 0x83, 0xeb, 0x0,
    0x0, 0x0, 0x13, 0xff, 0x6b, 0x0, 0x0, 0x0,
    0x48, 0xff, 0x28, 0x0, 0x0, 0xb4, 0xbc, 0x0,
    0x83, 0xeb, 0x0, 0x0, 0x0, 0x13, 0xff, 0x6b,
    0x0, 0x0, 0x0, 0x57, 0xff, 0x17, 0x0, 0x0,
    0xbb, 0xb6, 0x0, 0x83, 0xeb, 0x0, 0x0, 0x0,
    0x13, 0xff, 0x6b, 0x0, 0x0, 0x0, 0x72, 0xfb,
    0x5, 0x0, 0x0, 0xc3, 0xaf, 0x0, 0x83, 0xeb,
    0x0, 0x0, 0x0, 0x13, 0xff, 0x6b, 0x0, 0x0,
    0x0, 0x9c, 0xd6, 0x0, 0x0, 0x0, 0xcc, 0xa9,
    0x0, 0x83, 0xeb, 0x0, 0x0, 0x0, 0x13, 0xff,
    0x6b, 0x0, 0x0, 0x0, 0xc6, 0xac, 0x0, 0x0,
    0x0, 0xd6, 0x9f, 0x0, 0x83, 0xeb, 0x0, 0x0,
    0x0, 0x13, 0xff, 0x6b, 0x0, 0x0, 0x8, 0xf3,
    0x80, 0x0, 0x0, 0x0, 0xe3, 0x95, 0x0, 0x83,
    0xeb, 0x0, 0x0, 0x0, 0x13, 0xff, 0x6b, 0x0,
    0x0, 0x53, 0xff, 0x35, 0x0, 0x0, 0x0, 0xf3,
    0x88, 0x0, 0x83, 0xeb, 0x0, 0x0, 0x0, 0x13,
    0xff, 0x6b, 0x0, 0x0, 0xac, 0xdc, 0x0, 0x0,
    0x0, 0xa, 0xff, 0x74, 0x0, 0x83, 0xeb, 0x0,
    0x0, 0x0, 0x13, 0xff, 0x6b, 0x0, 0x2d, 0xf9,
    0x82, 0x0, 0x0, 0x0, 0x35, 0xff, 0x58, 0x0,
    0x83, 0xf5, 0x7b, 0x7b, 0x7b, 0x86, 0xff, 0x6b,
    0x6, 0xd0, 0xe3, 0x10, 0x9, 0x51, 0x7a, 0xcd,
    0xfe, 0x1d, 0x0, 0x83, 0xff, 0xf3, 0xf3, 0xf3,
    0xf4, 0xff, 0x6b, 0x32, 0xf4, 0x47, 0x0, 0xb,
    0xe4, 0xf7, 0xe7, 0x79, 0x0, 0x0, 0x83, 0xeb,
    0x0, 0x0, 0x0, 0x13, 0xff, 0x6b, 0x0, 0x19,
    0x0, 0x0, 0x0, 0x0, 0x0, 0x0, 0x0, 0x0,
    0x0, 0x0, 0x0, 0x0, 0x0, 0x0, 0x0, 0x0,
    0x0,

    /* U+52A8 "动" */
    0x0, 0x0, 0x0, 0x0, 0x0, 0x0, 0x0, 0x0,
    0x0, 0x0, 0x0, 0x0, 0x6d, 0x3e, 0x0, 0x0,
    0x0, 0x0, 0x8, 0x27, 0x27, 0x27, 0x27, 0x27,
    0x27, 0x27, 0x14, 0x0, 0x0, 0x0, 0xf3, 0x87,
    0x0, 0x0, 0x0, 0x0, 0x37, 0xff, 0xff, 0xff,
    0xff, 0xff, 0xff, 0xff, 0x83, 0x0, 0x0, 0x0,
    0xf7, 0x83, 0x0, 0x0, 0x0, 0x0, 0xa, 0x2f,
    0x2f, 0x2f, 0x2f, 0x2f, 0x2f, 0x2f, 0x18, 0x0,
    0x0, 0x0, 0xfb, 0x80, 0x0, 0x0, 0x0, 0x0,
    0x0, 0x0, 0x0, 0x0, 0x0, 0x0, 0x0, 0x0,
    0x0, 0x25, 0x2b, 0x2b, 0xfe, 0x93, 0x2b, 0x2b,
    0x2b, 0x27, 0x0, 0x0, 0x0, 0x0, 0x0, 0x0,
    0x0, 0x0, 0x0, 0xdb, 0xff, 0xff, 0xff, 0xff,
    0xff, 0xff, 0xff, 0xe6, 0x5f, 0x67, 0x67, 0x67,
    0x67, 0x67, 0x67, 0x67, 0x5a, 0x36, 0x3f, 0x53,
    0xff, 0x89, 0x3f, 0x3f, 0xb4, 0xdd, 0xe8, 0xfb,
    0xfc, 0xff, 0xfd, 0xfb, 0xfb, 0xfb, 0xdc, 0x0,
    0x0, 0x2e, 0xff, 0x4c, 0x0, 0x0, 0xa3, 0xd3,
    0x0, 0x0, 0x4a, 0xff, 0x3f, 0x0, 0x0, 0x0,
    0x0, 0x0, 0x0, 0x46, 0xff, 0x33, 0x0, 0x0,
    0xad, 0xc9, 0x0, 0x0, 0x93, 0xee, 0x4, 0x0,
    0x2c, 0x17, 0x0, 0x0, 0x0, 0x63, 0xff, 0x19,
    0x0, 0x0, 0xb8, 0xbd, 0x0, 0x0, 0xdc, 0xa5,
    0x0, 0x0, 0xd6, 0x8d, 0x0, 0x0, 0x0, 0x97,
    0xeb, 0x0, 0x0, 0x0, 0xc4, 0xb2, 0x0, 0x2c,
    0xff, 0x4d, 0x0, 0x0, 0x72, 0xee, 0x9, 0x0,
    0x0, 0xce, 0xb4, 0x0, 0x0, 0x0, 0xd3, 0xa2,
    0x0, 0x88, 0xe4, 0x3, 0x0, 0x0, 0x16, 0xfb,
    0x5f, 0x0, 0x13, 0xfb, 0x7d, 0x0, 0x0, 0x0,
    0xe5, 0x92, 0xc, 0xeb, 0xa1, 0x59, 0x8d, 0xc0,
    0xf2, 0xff, 0xbe, 0x0, 0x77, 0xff, 0x2d, 0x0,
    0x0, 0x1, 0xf9, 0x7e, 0x89, 0xff, 0xff, 0xfe,
    0xd4, 0x98, 0x5d, 0x73, 0xfd, 0x1a, 0xe1, 0xc1,
    0x0, 0x0, 0x0, 0x1a, 0xff, 0x64, 0x51, 0x9c,
    0x51, 0x12, 0x0, 0x0, 0x0, 0xe, 0x38, 0x82,
    0xff, 0x55, 0x0, 0x0, 0x0, 0x51, 0xff, 0x3f,
    0x0, 0x0, 0x0, 0x0, 0x0, 0x0, 0x0, 0x0,
    0x53, 0xfe, 0xaf, 0x1, 0x78, 0x75, 0x77, 0xda,
    0xef, 0xa, 0x0, 0x0, 0x0, 0x0, 0x0, 0x0,
    0x0, 0x0, 0x6f, 0xd8, 0xe, 0x0, 0xa4, 0xf6,
    0xf7, 0xde, 0x58, 0x0, 0x0, 0x0, 0x0, 0x0,
    0x0, 0x0, 0x0, 0x0, 0x0, 0xb, 0x0, 0x0,
    0x0, 0x0, 0x0, 0x0, 0x0, 0x0,

    /* U+534A "半" */
    0x0, 0x0, 0x0, 0x0, 0x0, 0x0, 0x0, 0x0,
    0x50, 0x44, 0x0, 0x0, 0x0, 0x0, 0x0, 0x0,
    0x0, 0x0, 0x0, 0x1, 0x6d, 0x62, 0x0, 0x0,
    0x0, 0x0, 0xd7, 0xb7, 0x0, 0x0, 0x0, 0x0,
    0x75, 0x7b, 0x6, 0x0, 0x0, 0x0, 0xb2, 0xf0,
    0x14, 0x0, 0x0, 0x0, 0xd7, 0xb7, 0x0, 0x0,
    0x0, 0xf, 0xf2, 0xc5, 0x0, 0x0, 0x0, 0x0,
    0x2c, 0xfd, 0x94, 0x0, 0x0, 0x0, 0xd7, 0xb7,
    0x0, 0x0, 0x0, 0x74, 0xff, 0x41, 0x0, 0x0,
    0x0, 0x0, 0x0, 0xa8, 0xf6, 0x11, 0x0, 0x0,
    0xd7, 0xb7, 0x0, 0x0, 0xe, 0xeb, 0xbb, 0x0,
    0x0, 0x0, 0x0, 0x0, 0x0, 0x3f, 0xff, 0x72,
    0x0, 0x0, 0xd7, 0xb7, 0x0, 0x0, 0x86, 0xfb,
    0x2a, 0x0, 0x0, 0x0, 0x0, 0x0, 0x0, 0x0,
    0x7f, 0x20, 0x0, 0x0, 0xd7, 0xb7, 0x0, 0x0,
    0x48, 0x69, 0x0, 0x0, 0x0, 0x0, 0x0, 0x33,
    0x4f, 0x4f, 0x4f, 0x4f, 0x4f, 0x4f, 0xe4, 0xce,
    0x4f, 0x4f, 0x4f, 0x4f, 0x4f, 0x4f, 0x3f, 0x0,
    0x0, 0xa3, 0xff, 0xff, 0xff, 0xff, 0xff, 0xff,
    0xff, 0xff, 0xff, 0xff, 0xff, 0xff, 0xff, 0xff,
    0xcb, 0x0, 0x0, 0x19, 0x27, 0x27, 0x27, 0x27,
    0x27, 0x27, 0xde, 0xc3, 0x27, 0x27, 0x27, 0x27,
    0x27, 0x27, 0x1f, 0x0, 0x0, 0x0, 0x0, 0x0,
    0x0, 0x0, 0x0, 0x0, 0xd7, 0xb7, 0x0, 0x0,
    0x0, 0x0, 0x0, 0x0, 0x0, 0x0, 0x0, 0x0,
    0x0, 0x0, 0x0, 0x0, 0x0, 0x0, 0xd7, 0xb7,
    0x0, 0x0, 0x0, 0x0, 0x0, 0x0, 0x0, 0x0,
    0x83, 0x8b, 0x8b, 0x8b, 0x8b, 0x8b, 0x8b, 0x8b,
    0xed, 0xdf, 0x8b, 0x8b, 0x8b, 0x8b, 0x8b, 0x8b,
    0x8b, 0x85, 0xe4, 0xf3, 0xf3, 0xf3, 0xf3, 0xf3,
    0xf3, 0xf3, 0xfe, 0xfc, 0xf3, 0xf3, 0xf3, 0xf3,
    0xf3, 0xf3, 0xf3, 0xe8, 0x0, 0x0, 0x0, 0x0,
    0x0, 0x0, 0x0, 0x0, 0xd7, 0xb7, 0x0, 0x0,
    0x0, 0x0, 0x0, 0x0, 0x0, 0x0, 0x0, 0x0,
    0x0, 0x0, 0x0, 0x0, 0x0, 0x0, 0xd7, 0xb7,
    0x0, 0x0, 0x0, 0x0, 0x0, 0x0, 0x0, 0x0,
    0x0, 0x0, 0x0, 0x0, 0x0, 0x0, 0x0, 0x0,
    0xd7, 0xb7, 0x0, 0x0, 0x0, 0x0, 0x0, 0x0,
    0x0, 0x0, 0x0, 0x0, 0x0, 0x0, 0x0, 0x0,
    0x0, 0x0, 0xd7, 0xb7, 0x0, 0x0, 0x0, 0x0,
    0x0, 0x0, 0x0, 0x0, 0x0, 0x0, 0x0, 0x0,
    0x0, 0x0, 0x0, 0x0, 0xd7, 0xb7, 0x0, 0x0,
    0x0, 0x0, 0x0, 0x0, 0x0, 0x0,

    /* U+5355 "单" */
    0x0, 0x0, 0x0, 0xb, 0x79, 0x30, 0x0, 0x0,
    0x0, 0x0, 0x0, 0x0, 0x8, 0x8f, 0x3b, 0x0,
    0x0, 0x0, 0x0, 0x0, 0x0, 0x6, 0xca, 0xe0,
    0x14, 0x0, 0x0, 0x0, 0x0, 0x0, 0x73, 0xff,
    0x56, 0x0, 0x0, 0x0, 0x0, 0x0, 0x0, 0x0,
    0x20, 0xf4, 0xa5, 0x0, 0x0, 0x0, 0x0, 0x1a,
    0xef, 0xa7, 0x0, 0x0, 0x0, 0x0, 0x0, 0x3,
    0x53, 0x53, 0x53, 0xb1, 0xe4, 0x59, 0x53, 0x53,
    0x53, 0xb9, 0xfc, 0x66, 0x53, 0x53, 0x12, 0x0,
    0x0, 0xb, 0xff, 0xf9, 0xf3, 0xf3, 0xf3, 0xf3,
    0xfd, 0xfc, 0xf3, 0xf3, 0xf3, 0xf3, 0xf7, 0xff,
    0x37, 0x0, 0x0, 0xb, 0xff, 0x6b, 0x0, 0x0,
    0x0, 0x0, 0xcf, 0xb7, 0x0, 0x0, 0x0, 0x0,
    0x4b, 0xff, 0x37, 0x0, 0x0, 0xb, 0xff, 0x6b,
    0x0, 0x0, 0x0, 0x0, 0xcf, 0xb7, 0x0, 0x0,
    0x0, 0x0, 0x4b, 0xff, 0x37, 0x0, 0x0, 0xb,
    0xff, 0xf9, 0xf3, 0xf3, 0xf3, 0xf3, 0xfd, 0xfc,
    0xf3, 0xf3, 0xf3, 0xf3, 0xf7, 0xff, 0x37, 0x0,
    0x0, 0xb, 0xff, 0x90, 0x3f, 0x3f, 0x3f, 0x3f,
    0xdb, 0xc9, 0x3f, 0x3f, 0x3f, 0x3f, 0x78, 0xff,
    0x37, 0x0, 0x0, 0xb, 0xff, 0x6b, 0x0, 0x0,
    0x0, 0x0, 0xcf, 0xb7, 0x0, 0x0, 0x0, 0x0,
    0x4b, 0xff, 0x37, 0x0, 0x0, 0xb, 0xff, 0xa1,
    0x5b, 0x5b, 0x5b, 0x5b, 0xe1, 0xd1, 0x5b, 0x5b,
    0x5b, 0x5b, 0x8c, 0xff, 0x37, 0x0, 0x0, 0xb,
    0xeb, 0xeb, 0xeb, 0xeb, 0xeb, 0xeb, 0xfc, 0xfa,
    0xeb, 0xeb, 0xeb, 0xeb, 0xeb, 0xeb, 0x33, 0x0,
    0x0, 0x0, 0x0, 0x0, 0x0, 0x0, 0x0, 0x0,
    0xcf, 0xb7, 0x0, 0x0, 0x0, 0x0, 0x0, 0x0,
    0x0, 0x0, 0x5f, 0x67, 0x67, 0x67, 0x67, 0x67,
    0x67, 0x67, 0xe3, 0xd5, 0x67, 0x67, 0x67, 0x67,
    0x67, 0x67, 0x67, 0x66, 0xeb, 0xff, 0xff, 0xff,
    0xff, 0xff, 0xff, 0xff, 0xff, 0xff, 0xff, 0xff,
    0xff, 0xff, 0xff, 0xff, 0xff, 0xfb, 0x0, 0x0,
    0x0, 0x0, 0x0, 0x0, 0x0, 0x0, 0xcf, 0xb7,
    0x0, 0x0, 0x0, 0x0, 0x0, 0x0, 0x0, 0x0,
    0x0, 0x0, 0x0, 0x0, 0x0, 0x0, 0x0, 0x0,
    0xcf, 0xb7, 0x0, 0x0, 0x0, 0x0, 0x0, 0x0,
    0x0, 0x0, 0x0, 0x0, 0x0, 0x0, 0x0, 0x0,
    0x0, 0x0, 0xcf, 0xb7, 0x0, 0x0, 0x0, 0x0,
    0x0, 0x0, 0x0, 0x0,

    /* U+5361 "卡" */
    0x0, 0x0, 0x0, 0x0, 0x0, 0x0, 0x0, 0x2c,
    0xcb, 0x46, 0x0, 0x0, 0x0, 0x0, 0x0, 0x0,
    0x0, 0x0, 0x0, 0x0, 0x0, 0x0, 0x0, 0x0,
    0x0, 0x37, 0xff, 0x57, 0x0, 0x0, 0x0, 0x0,
    0x0, 0x0, 0x0, 0x0, 0x0, 0x0, 0x0, 0x0,
    0x0, 0x0, 0x0, 0x37, 0xff, 0x57, 0x0, 0x0,
    0x0, 0x0, 0x0, 0x0, 0x0, 0x0, 0x0, 0x0,
    0x0, 0x0, 0x0, 0x0, 0x0, 0x37, 0xff, 0xf8,
    0xf3, 0xf3, 0xf3, 0xf3, 0xf3, 0xe8, 0x0, 0x0,
    0x0, 0x0, 0x0, 0x0, 0x0, 0x0, 0x0, 0x37,
    0xff, 0xa9, 0x7b, 0x7b, 0x7b, 0x7b, 0x7b, 0x76,
    0x0, 0x0, 0x0, 0x0, 0x0, 0x0, 0x0, 0x0,
    0x0, 0x37, 0xff, 0x57, 0x0, 0x0, 0x0, 0x0,
    0x0, 0x0, 0x0, 0x0, 0x0, 0x0, 0x0, 0x0,
    0x0, 0x0, 0x0, 0x37, 0xff, 0x57, 0x0, 0x0,
    0x0, 0x0, 0x0, 0x0, 0x0, 0x0, 0x6a, 0x6f,
    0x6f, 0x6f, 0x6f, 0x6f, 0x6f, 0x8f, 0xff, 0xa1,
    0x6f, 0x6f, 0x6f, 0x6f, 0x6f, 0x6f, 0x6f, 0x6e,
    0xf3, 0xff, 0xff, 0xff, 0xff, 0xff, 0xff, 0xff,
    0xff, 0xff, 0xff, 0xff, 0xff, 0xff, 0xff, 0xff,
    0xff, 0xfb, 0xb, 0xb, 0xb, 0xb, 0xb, 0xb,
    0xb, 0x32, 0xff, 0x6f, 0xb, 0xb, 0xb, 0xb,
    0xb, 0xb, 0xb, 0xb, 0x0, 0x0, 0x0, 0x0,
    0x0, 0x0, 0x0, 0x27, 0xff, 0x67, 0x0, 0x0,
    0x0, 0x0, 0x0, 0x0, 0x0, 0x0, 0x0, 0x0,
    0x0, 0x0, 0x0, 0x0, 0x0, 0x27, 0xff, 0x6f,
    0xba, 0x8b, 0x2c, 0x0, 0x0, 0x0, 0x0, 0x0,
    0x0, 0x0, 0x0, 0x0, 0x0, 0x0, 0x0, 0x27,
    0xff, 0x75, 0x76, 0xdd, 0xff, 0xcc, 0x67, 0xd,
    0x0, 0x0, 0x0, 0x0, 0x0, 0x0, 0x0, 0x0,
    0x0, 0x27, 0xff, 0x67, 0x0, 0x1, 0x46, 0xb1,
    0xfd, 0xf2, 0x8d, 0x1, 0x0, 0x0, 0x0, 0x0,
    0x0, 0x0, 0x0, 0x27, 0xff, 0x67, 0x0, 0x0,
    0x0, 0x0, 0x23, 0x93, 0x80, 0x0, 0x0, 0x0,
    0x0, 0x0, 0x0, 0x0, 0x0, 0x27, 0xff, 0x67,
    0x0, 0x0, 0x0, 0x0, 0x0, 0x0, 0x0, 0x0,
    0x0, 0x0, 0x0, 0x0, 0x0, 0x0, 0x0, 0x27,
    0xff, 0x67, 0x0, 0x0, 0x0, 0x0, 0x0, 0x0,
    0x0, 0x0, 0x0, 0x0, 0x0, 0x0, 0x0, 0x0,
    0x0, 0x27, 0xff, 0x67, 0x0, 0x0, 0x0, 0x0,
    0x0, 0x0, 0x0, 0x0,

    /* U+5373 "即" */
    0x0, 0x84, 0x8f, 0x8f, 0x8f, 0x8f, 0x8f, 0x8f,
    0x84, 0x0, 0x2d, 0x73, 0x73, 0x73, 0x73, 0x73,
    0x73, 0x17, 0x0, 0xeb, 0xe6, 0xc3, 0xc3, 0xc3,
    0xc3, 0xe6, 0xeb, 0x0, 0x63, 0xff, 0xf4, 0xf3,
    0xf3, 0xf7, 0xff, 0x33, 0x0, 0xeb, 0x93, 0x0,
    0x0, 0x0, 0x0, 0x93, 0xeb, 0x0, 0x63, 0xff,
    0x13, 0x0, 0x0, 0x47, 0xff, 0x33, 0x0, 0xeb,
    0x93, 0x0, 0x0, 0x0, 0x0, 0x93, 0xeb, 0x0,
    0x63, 0xff, 0x13, 0x0, 0x0, 0x47, 0xff, 0x33,
    0x0, 0xeb, 0xfa, 0xf3, 0xf3, 0xf3, 0xf3, 0xfa,
    0xeb, 0x0, 0x63, 0xff, 0x13, 0x0, 0x0, 0x47,
    0xff, 0x33, 0x0, 0xeb, 0xc1, 0x6b, 0x6b, 0x6b,
    0x6b, 0xc1, 0xeb, 0x0, 0x63, 0xff, 0x13, 0x0,
    0x0, 0x47, 0xff, 0x33, 0x0, 0xeb, 0x93, 0x0,
    0x0, 0x0, 0x0, 0x93, 0xeb, 0x0, 0x63, 0xff,
    0x13, 0x0, 0x0, 0x47, 0xff, 0x33, 0x0, 0xeb,
    0x93, 0x0, 0x0, 0x0, 0x0, 0x93, 0xeb, 0x0,
    0x63, 0xff, 0x13, 0x0, 0x0, 0x47, 0xff, 0x33,
    0x0, 0xeb, 0xc3, 0x6f, 0x6f, 0x6f, 0x6f, 0xc3,
    0xeb, 0x0, 0x63, 0xff, 0x13, 0x0, 0x0, 0x47,
    0xff, 0x33, 0x0, 0xeb, 0xf7, 0xeb, 0xeb, 0xeb,
    0xeb, 0xeb, 0xd9, 0x0, 0x63, 0xff, 0x13, 0x0,
    0x0, 0x47, 0xff, 0x33, 0x0, 0xeb, 0x93, 0x0,
    0x0, 0x0, 0xc, 0x0, 0x0, 0x0, 0x63, 0xff,
    0x13, 0x0, 0x0, 0x47, 0xff, 0x33, 0x0, 0xeb,
    0x93, 0x0, 0x0, 0x65, 0xee, 0x1a, 0x0, 0x0,
    0x63, 0xff, 0x13, 0x0, 0x0, 0x49, 0xff, 0x33,
    0x0, 0xeb, 0x93, 0x0, 0x0, 0x11, 0xe8, 0xb1,
    0x0, 0x0, 0x63, 0xff, 0x13, 0xa6, 0xdb, 0xeb,
    0xfb, 0x17, 0x0, 0xec, 0x93, 0x0, 0x24, 0x6d,
    0xd7, 0xff, 0x51, 0x0, 0x63, 0xff, 0x13, 0x4b,
    0x8c, 0x7e, 0x37, 0x0, 0x2f, 0xff, 0xda, 0xdb,
    0xff, 0xe1, 0x93, 0xcd, 0xda, 0x4, 0x63, 0xff,
    0x13, 0x0, 0x0, 0x0, 0x0, 0x0, 0x97, 0xff,
    0xd0, 0x7f, 0x30, 0x0, 0x0, 0x40, 0xe3, 0x2b,
    0x63, 0xff, 0x13, 0x0, 0x0, 0x0, 0x0, 0x0,
    0x1d, 0x2c, 0x0, 0x0, 0x0, 0x0, 0x0, 0x0,
    0x5, 0x0, 0x63, 0xff, 0x13, 0x0, 0x0, 0x0,
    0x0, 0x0,

    /* U+538B "压" */
    0x0, 0x0, 0xd1, 0xf3, 0xf3, 0xf3, 0xf3, 0xf3,
    0xf3, 0xf3, 0xf3, 0xf3, 0xf3, 0xf3, 0xf3, 0xf3,
    0xf3, 0xf3, 0xec, 0x0, 0x0, 0xdb, 0xc8, 0x7b,
    0x7b, 0x7b, 0x7b, 0x7b, 0x7b, 0x7b, 0x7b, 0x7b,
    0x7b, 0x7b, 0x7b, 0x7b, 0x7b, 0x78, 0x0, 0x0,
    0xdb, 0x93, 0x0, 0x0, 0x0, 0x0, 0x0, 0x0,
    0xd, 0x17, 0x0, 0x0, 0x0, 0x0, 0x0, 0x0,
    0x0, 0x0, 0x0, 0xdb, 0x93, 0x0, 0x0, 0x0,
    0x0, 0x0, 0x0, 0x8b, 0xfb, 0x0, 0x0, 0x0,
    0x0, 0x0, 0x0, 0x0, 0x0, 0x0, 0xdb, 0x93,
    0x0, 0x0, 0x0, 0x0, 0x0, 0x0, 0x8b, 0xfb,
    0x0, 0x0, 0x0, 0x0, 0x0, 0x0, 0x0, 0x0,
    0x0, 0xdb, 0x93, 0x0, 0x0, 0x0, 0x0, 0x0,
    0x0, 0x8b, 0xfb, 0x0, 0x0, 0x0, 0x0, 0x0,
    0x0, 0x0, 0x0, 0x0, 0xdc, 0x93, 0x0, 0x0,
    0x0, 0x0, 0x0, 0x0, 0x8b, 0xfb, 0x0, 0x0,
    0x0, 0x0, 0x0, 0x0, 0x0, 0x0, 0x0, 0xe0,
    0x8d, 0x0, 0xff, 0xff, 0xff, 0xff, 0xff, 0xff,
    0xff, 0xff, 0xff, 0xff, 0xff, 0xff, 0xeb, 0x0,
    0x0, 0x0, 0xe4, 0x87, 0x0, 0x6b, 0x6b, 0x6b,
    0x6b, 0x6b, 0xbc, 0xfd, 0x6b, 0x6b, 0x6b, 0x6b,
    0x6b, 0x63, 0x0, 0x0, 0x0, 0xee, 0x7e, 0x0,
    0x0, 0x0, 0x0, 0x0, 0x0, 0x8b, 0xfb, 0x0,
    0x0, 0x2, 0x0, 0x0, 0x0, 0x0, 0x0, 0x3,
    0xfe, 0x68, 0x0, 0x0, 0x0, 0x0, 0x0, 0x0,
    0x8b, 0xfb, 0x0, 0x2d, 0xe1, 0x46, 0x0, 0x0,
    0x0, 0x0, 0x16, 0xff, 0x51, 0x0, 0x0, 0x0,
    0x0, 0x0, 0x0, 0x8b, 0xfb, 0x0, 0x1, 0xa0,
    0xf8, 0x45, 0x0, 0x0, 0x0, 0x3b, 0xff, 0x34,
    0x0, 0x0, 0x0, 0x0, 0x0, 0x0, 0x8b, 0xfb,
    0x0, 0x0, 0x2, 0xb4, 0xef, 0x26, 0x0, 0x0,
    0x6b, 0xfb, 0x8, 0x0, 0x0, 0x0, 0x0, 0x0,
    0x0, 0x8b, 0xfb, 0x0, 0x0, 0x0, 0x12, 0xa5,
    0x18, 0x0, 0x0, 0x9f, 0xd1, 0x0, 0x0, 0x0,
    0x0, 0x0, 0x0, 0x0, 0x8b, 0xfb, 0x0, 0x0,
    0x0, 0x0, 0x0, 0x0, 0x0, 0x7, 0xef, 0x91,
    0x26, 0x7b, 0x7b, 0x7b, 0x7b, 0x7b, 0x7b, 0xc4,
    0xfd, 0x7b, 0x7b, 0x7b, 0x7b, 0x7b, 0x7b, 0x6e,
    0x56, 0xff, 0x32, 0x4a, 0xef, 0xef, 0xef, 0xef,
    0xef, 0xef, 0xef, 0xef, 0xef, 0xef, 0xef, 0xef,
    0xef, 0xef, 0xd5, 0x14, 0x85, 0x0, 0x0, 0x0,
    0x0, 0x0, 0x0, 0x0, 0x0, 0x0, 0x0, 0x0,
    0x0, 0x0, 0x0, 0x0, 0x0, 0x0,

    /* U+53C2 "参" */
    0x0, 0x0, 0x0, 0x0, 0x0, 0x0, 0x0, 0x4,
    0x7c, 0x35, 0x0, 0x0, 0x0, 0x0, 0x0, 0x0,
    0x0, 0x0, 0x0, 0x0, 0x0, 0x0, 0x0, 0x0,
    0x0, 0x0, 0x12, 0xbe, 0xf7, 0x68, 0x0, 0x1d,
    0xc6, 0x74, 0x2, 0x0, 0x0, 0x0, 0x0, 0x0,
    0x0, 0x0, 0x0, 0x0, 0x0, 0x3b, 0xde, 0xd4,
    0x2c, 0x0, 0x0, 0x1, 0x73, 0xf9, 0xc1, 0x20,
    0x0, 0x0, 0x0, 0x0, 0x0, 0x0, 0x0, 0x31,
    0xa1, 0xfe, 0xcc, 0x4c, 0x4c, 0x55, 0x5e, 0x68,
    0x71, 0xaa, 0xff, 0xef, 0x46, 0x0, 0x0, 0x0,
    0x0, 0x0, 0x0, 0xb2, 0xff, 0xff, 0xff, 0xff,
    0xff, 0xfa, 0xe3, 0xd7, 0xcb, 0xbe, 0xb2, 0xcf,
    0xfc, 0x5d, 0x0, 0x0, 0x0, 0x0, 0x0, 0x2c,
    0x3b, 0x25, 0x16, 0x40, 0xfe, 0x78, 0x0, 0x0,
    0x0, 0x0, 0x0, 0x7, 0x98, 0x4a, 0x0, 0x0,
    0x0, 0x52, 0x57, 0x57, 0x57, 0x57, 0x57, 0xcb,
    0xfb, 0x62, 0x57, 0x57, 0x57, 0x57, 0x57, 0x57,
    0x57, 0x57, 0x57, 0x0, 0x0, 0xef, 0xff, 0xff,
    0xff, 0xff, 0xff, 0xff, 0xff, 0xff, 0xff, 0xff,
    0xff, 0xff, 0xff, 0xff, 0xff, 0xff, 0xff, 0x0,
    0x0, 0x0, 0x0, 0x0, 0x0, 0x66, 0xfd, 0x8c,
    0x0, 0x0, 0x0, 0x0, 0x75, 0xfc, 0x69, 0x0,
    0x0, 0x0, 0x0, 0x0, 0x0, 0x0, 0x0, 0x0,
    0x75, 0xff, 0x9d, 0x0, 0x0, 0x36, 0xc0, 0xae,
    0x6, 0x98, 0xff, 0x88, 0x1, 0x0, 0x0, 0x0,
    0x0, 0x0, 0x17, 0x9e, 0xff, 0xad, 0x24, 0x6f,
    0xc7, 0xfc, 0xa4, 0x1e, 0x0, 0x0, 0x88, 0xff,
    0xba, 0x2f, 0x0, 0x0, 0x6, 0x77, 0xf2, 0xf6,
    0x73, 0x8f, 0xff, 0xdb, 0x81, 0x21, 0x0, 0x10,
    0x84, 0x48, 0x0, 0x55, 0xee, 0xfe, 0xa5, 0x12,
    0x3, 0xaa, 0xbe, 0x23, 0x0, 0xc, 0x36, 0x0,
    0x0, 0x1a, 0x7f, 0xea, 0xd8, 0x3c, 0x0, 0x0,
    0x19, 0x97, 0xb1, 0x2, 0x0, 0x3, 0x1, 0x0,
    0x0, 0x6, 0x3e, 0x81, 0xc5, 0xfc, 0xd7, 0x62,
    0x6, 0x0, 0x1c, 0x60, 0x6, 0x0, 0x0, 0x0,
    0x0, 0x0, 0x0, 0x0, 0x9, 0xdd, 0xff, 0xcd,
    0x80, 0x33, 0x1, 0x0, 0x0, 0x58, 0xee, 0xdd,
    0x2e, 0x0, 0x0, 0x0, 0x0, 0x0, 0x0, 0x0,
    0x0, 0x28, 0x1b, 0x0, 0x0, 0x0, 0xf, 0x6c,
    0xd4, 0xff, 0xa6, 0xe, 0x0, 0x0, 0x0, 0x0,
    0x0, 0x0, 0x0, 0x0, 0x0, 0x0, 0x14, 0x43,
    0x82, 0xc1, 0xf8, 0xf6, 0x9a, 0x2a, 0x0, 0x0,
    0x0, 0x0, 0x0, 0x0, 0x0, 0x0, 0x0, 0x35,
    0xcb, 0xf0, 0xff, 0xff, 0xe2, 0x9c, 0x55, 0x10,
    0x0, 0x0, 0x0, 0x0, 0x0, 0x0, 0x0, 0x0,
    0x0, 0x0, 0x0, 0x2, 0x89, 0x6f, 0x45, 0x1a,
    0x0, 0x0, 0x0, 0x0, 0x0, 0x0, 0x0, 0x0,
    0x0, 0x0, 0x0, 0x0,

    /* U+53D8 "变" */
    0x0, 0x0, 0x0, 0x0, 0x0, 0x0, 0x0, 0x0,
    0x0, 0x11, 0x0, 0x0, 0x0, 0x0, 0x0, 0x0,
    0x0, 0x0, 0x0, 0x0, 0x0, 0x0, 0x0, 0x0,
    0x0, 0x0, 0x0, 0x54, 0xfe, 0x3d, 0x0, 0x0,
    0x0, 0x0, 0x0, 0x0, 0x0, 0x0, 0x0, 0x0,
    0x0, 0x0, 0x0, 0x0, 0x0, 0x0, 0x4, 0xd8,
    0xcb, 0x1, 0x0, 0x0, 0x0, 0x0, 0x0, 0x0,
    0x0, 0x0, 0xc6, 0xf3, 0xf3, 0xf3, 0xf3, 0xf3,
    0xf3, 0xf3, 0xfa, 0xff, 0xf5, 0xf3, 0xf3, 0xf3,
    0xf3, 0xf3, 0xf3, 0x5b, 0x0, 0x51, 0x63, 0x63,
    0x63, 0x63, 0x8f, 0xff, 0x86, 0x63, 0x63, 0xd1,
    0xe0, 0x63, 0x63, 0x63, 0x63, 0x63, 0x25, 0x0,
    0x0, 0x0, 0x8, 0xa2, 0x3b, 0x47, 0xff, 0x37,
    0x0, 0x0, 0xb3, 0xcb, 0xd, 0x78, 0x12, 0x0,
    0x0, 0x0, 0x0, 0x0, 0x0, 0x78, 0xf8, 0x1e,
    0x47, 0xff, 0x37, 0x0, 0x0, 0xb3, 0xcb, 0x14,
    0xd5, 0xd0, 0x14, 0x0, 0x0, 0x0, 0x0, 0x28,
    0xf1, 0x8c, 0x0, 0x47, 0xff, 0x37, 0x0, 0x0,
    0xb3, 0xcb, 0x0, 0x18, 0xda, 0xcf, 0xb, 0x0,
    0x0, 0x18, 0xdf, 0xd0, 0xa, 0x0, 0x47, 0xff,
    0x37, 0x0, 0x0, 0xb3, 0xcb, 0x0, 0x0, 0x25,
    0xf1, 0xab, 0x1, 0x0, 0x17, 0xa4, 0x1f, 0x0,
    0x0, 0x47, 0xff, 0x37, 0x0, 0x0, 0xb3, 0xcb,
    0x0, 0x0, 0x0, 0x50, 0x8e, 0x6, 0x0, 0x0,
    0x0, 0x0, 0x0, 0x0, 0x21, 0x77, 0x1a, 0x0,
    0x0, 0x51, 0x5c, 0x0, 0x0, 0x0, 0x0, 0x0,
    0x0, 0x0, 0x0, 0x85, 0xf3, 0xf3, 0xf3, 0xf3,
    0xf3, 0xf3, 0xf3, 0xf3, 0xf3, 0xf3, 0xf3, 0xf3,
    0xd2, 0xd, 0x0, 0x0, 0x0, 0x0, 0x36, 0x63,
    0xd0, 0xf4, 0x70, 0x63, 0x63, 0x63, 0x63, 0x63,
    0x63, 0x9c, 0xff, 0x8e, 0x0, 0x0, 0x0, 0x0,
    0x0, 0x0, 0x0, 0x1b, 0xe4, 0xc2, 0xc, 0x0,
    0x0, 0x0, 0x0, 0x3b, 0xf2, 0xbe, 0x4, 0x0,
    0x0, 0x0, 0x0, 0x0, 0x0, 0x0, 0x0, 0x30,
    0xe8, 0xcf, 0x31, 0x0, 0x2, 0x6d, 0xf4, 0xbd,
    0x13, 0x0, 0x0, 0x0, 0x0, 0x0, 0x0, 0x0,
    0x0, 0x0, 0x0, 0x18, 0xbe, 0xfb, 0x91, 0xcb,
    0xfb, 0x79, 0x2, 0x0, 0x0, 0x0, 0x0, 0x0,
    0x0, 0x0, 0x0, 0x0, 0x0, 0x0, 0x1e, 0x70,
    0xf6, 0xff, 0xff, 0xc2, 0x46, 0x5, 0x0, 0x0,
    0x0, 0x0, 0x0, 0x0, 0x3, 0x27, 0x55, 0x85,
    0xcd, 0xff, 0xec, 0x96, 0x40, 0x6c, 0xcc, 0xff,
    0xef, 0xa4, 0x6b, 0x41, 0x16, 0x0, 0x7, 0xe2,
    0xff, 0xfe, 0xd6, 0x9f, 0x4e, 0x5, 0x0, 0x0,
    0x0, 0x0, 0x2d, 0x8a, 0xc5, 0xf5, 0xff, 0xff,
    0x9a, 0x0, 0x3e, 0x44, 0xf, 0x0, 0x0, 0x0,
    0x0, 0x0, 0x0, 0x0, 0x0, 0x0, 0x0, 0x0,
    0x3, 0x2a, 0x5d, 0x16,

    /* U+53E6 "另" */
    0x0, 0x0, 0xe0, 0xf3, 0xf3, 0xf3, 0xf3, 0xf3,
    0xf3, 0xf3, 0xf3, 0xf3, 0xf3, 0xf3, 0xf3, 0x9c,
    0x0, 0x0, 0x0, 0xeb, 0xc2, 0x77, 0x77, 0x77,
    0x77, 0x77, 0x77, 0x77, 0x77, 0x77, 0x77, 0xf5,
    0xa3, 0x0, 0x0, 0x0, 0xeb, 0x8b, 0x0, 0x0,
    0x0, 0x0, 0x0, 0x0, 0x0, 0x0, 0x0, 0x0,
    0xeb, 0xa3, 0x0, 0x0, 0x0, 0xeb, 0x8b, 0x0,
    0x0, 0x0, 0x0, 0x0, 0x0, 0x0, 0x0, 0x0,
    0x0, 0xeb, 0xa3, 0x0, 0x0, 0x0, 0xeb, 0x8b,
    0x0, 0x0, 0x0, 0x0, 0x0, 0x0, 0x0, 0x0,
    0x0, 0x0, 0xeb, 0xa3, 0x0, 0x0, 0x0, 0xeb,
    0x95, 0x13, 0x13, 0x13, 0x13, 0x13, 0x13, 0x13,
    0x13, 0x13, 0x13, 0xed, 0xa3, 0x0, 0x0, 0x0,
    0xeb, 0xff, 0xff, 0xff, 0xff, 0xff, 0xff, 0xff,
    0xff, 0xff, 0xff, 0xff, 0xff, 0xa3, 0x0, 0x0,
    0x0, 0x54, 0x5b, 0x5b, 0x5b, 0x5b, 0x98, 0xff,
    0x7e, 0x5b, 0x5b, 0x5b, 0x5b, 0x5b, 0x3a, 0x0,
    0x0, 0x0, 0x0, 0x0, 0x0, 0x0, 0x0, 0x79,
    0xff, 0x1a, 0x0, 0x0, 0x0, 0x0, 0x0, 0x0,
    0x0, 0x3e, 0x6f, 0x6f, 0x6f, 0x6f, 0x6f, 0x6f,
    0xc2, 0xff, 0x71, 0x6f, 0x6f, 0x6f, 0x6f, 0x6f,
    0x6f, 0x32, 0x89, 0xf3, 0xf3, 0xf3, 0xf3, 0xf3,
    0xf3, 0xff, 0xfb, 0xf3, 0xf3, 0xf3, 0xf3, 0xf3,
    0xf6, 0xff, 0x62, 0x0, 0x0, 0x0, 0x0, 0x0,
    0x0, 0x41, 0xff, 0x6c, 0x0, 0x0, 0x0, 0x0,
    0x0, 0x46, 0xff, 0x49, 0x0, 0x0, 0x0, 0x0,
    0x0, 0xa, 0xce, 0xee, 0xb, 0x0, 0x0, 0x0,
    0x0, 0x0, 0x5f, 0xff, 0x32, 0x0, 0x0, 0x0,
    0x0, 0xf, 0xc1, 0xfc, 0x4d, 0x0, 0x0, 0x0,
    0x0, 0x0, 0x0, 0x82, 0xff, 0x11, 0x0, 0x0,
    0x9, 0x70, 0xec, 0xf9, 0x64, 0x0, 0x0, 0x0,
    0x0, 0x0, 0x0, 0x0, 0xb7, 0xea, 0x0, 0x66,
    0xb5, 0xf6, 0xff, 0xbb, 0x26, 0x0, 0x0, 0x0,
    0x0, 0x69, 0x69, 0x61, 0x82, 0xfc, 0xa9, 0x0,
    0x84, 0xd9, 0x93, 0x37, 0x0, 0x0, 0x0, 0x0,
    0x0, 0x0, 0x9d, 0xfd, 0xff, 0xfc, 0xcd, 0x28,
    0x0, 0x0, 0x0, 0x0, 0x0, 0x0, 0x0, 0x0,
    0x0, 0x0, 0x0, 0x0, 0x0, 0x3, 0x0, 0x0,
    0x0, 0x0,

    /* U+53EF "可" */
    0x65, 0x73, 0x73, 0x73, 0x73, 0x73, 0x73, 0x73,
    0x73, 0x73, 0x73, 0x73, 0x73, 0x73, 0x73, 0x73,
    0x73, 0x6e, 0xdf, 0xff, 0xff, 0xff, 0xff, 0xff,
    0xff, 0xff, 0xff, 0xff, 0xff, 0xff, 0xff, 0xff,
    0xff, 0xff, 0xff, 0xf3, 0xa, 0xb, 0xb, 0xb,
    0xb, 0xb, 0xb, 0xb, 0xb, 0xb, 0xb, 0xb,
    0xb, 0x1b, 0xff, 0x85, 0xb, 0xb, 0x0, 0x0,
    0x0, 0x0, 0x0, 0x0, 0x0, 0x0, 0x0, 0x0,
    0x0, 0x0, 0x0, 0xf, 0xff, 0x7f, 0x0, 0x0,
    0x0, 0x0, 0x0, 0x0, 0x0, 0x0, 0x0, 0x0,
    0x0, 0x0, 0x0, 0x0, 0x0, 0xf, 0xff, 0x7f,
    0x0, 0x0, 0x0, 0x0, 0xcd, 0xf3, 0xf3, 0xf3,
    0xf3, 0xf3, 0xf3, 0xf3, 0x57, 0x0, 0x0, 0xf,
    0xff, 0x7f, 0x0, 0x0, 0x0, 0x0, 0xd7, 0xce,
    0x7b, 0x7b, 0x7b, 0x7b, 0x8c, 0xff, 0x5b, 0x0,
    0x0, 0xf, 0xff, 0x7f, 0x0, 0x0, 0x0, 0x0,
    0xd7, 0x9f, 0x0, 0x0, 0x0, 0x0, 0x1f, 0xff,
    0x5b, 0x0, 0x0, 0xf, 0xff, 0x7f, 0x0, 0x0,
    0x0, 0x0, 0xd7, 0x9f, 0x0, 0x0, 0x0, 0x0,
    0x1f, 0xff, 0x5b, 0x0, 0x0, 0xf, 0xff, 0x7f,
    0x0, 0x0, 0x0, 0x0, 0xd7, 0x9f, 0x0, 0x0,
    0x0, 0x0, 0x1f, 0xff, 0x5b, 0x0, 0x0, 0xf,
    0xff, 0x7f, 0x0, 0x0, 0x0, 0x0, 0xd7, 0x9f,
    0x0, 0x0, 0x0, 0x0, 0x1f, 0xff, 0x5b, 0x0,
    0x0, 0xf, 0xff, 0x7f, 0x0, 0x0, 0x0, 0x0,
    0xd7, 0xfb, 0xf3, 0xf3, 0xf3, 0xf3, 0xf5, 0xff,
    0x5b, 0x0, 0x0, 0xf, 0xff, 0x7f, 0x0, 0x0,
    0x0, 0x0, 0xd7, 0xcf, 0x7f, 0x7f, 0x7f, 0x7f,
    0x7f, 0x7f, 0x2d, 0x0, 0x0, 0xf, 0xff, 0x7f,
    0x0, 0x0, 0x0, 0x0, 0xd7, 0x9f, 0x0, 0x0,
    0x0, 0x0, 0x0, 0x0, 0x0, 0x0, 0x0, 0xf,
    0xff, 0x7f, 0x0, 0x0, 0x0, 0x0, 0x1a, 0x13,
    0x0, 0x0, 0x0, 0x0, 0x0, 0x0, 0x0, 0x0,
    0x0, 0x10, 0xff, 0x7f, 0x0, 0x0, 0x0, 0x0,
    0x0, 0x0, 0x0, 0x0, 0x0, 0x0, 0x0, 0x25,
    0x99, 0x92, 0x8e, 0xa9, 0xff, 0x62, 0x0, 0x0,
    0x0, 0x0, 0x0, 0x0, 0x0, 0x0, 0x0, 0x0,
    0x0, 0x4, 0xe7, 0xfc, 0xf8, 0xdf, 0xa5, 0x10,
    0x0, 0x0,

    /* U+5404 "各" */
    0x0, 0x0, 0x0, 0x0, 0x0, 0x0, 0x0, 0xd,
    0x0, 0x0, 0x0, 0x0, 0x0, 0x0, 0x0, 0x0,
    0x0, 0x0, 0x0, 0x0, 0x0, 0x0, 0x0, 0x0,
    0x0, 0x0, 0x12, 0xe6, 0x9c, 0x0, 0x0, 0x0,
    0x0, 0x0, 0x0, 0x0, 0x0, 0x0, 0x0, 0x0,
    0x0, 0x0, 0x0, 0x0, 0x0, 0x0, 0xaa, 0xf5,
    0x25, 0x0, 0x0, 0x0, 0x0, 0x0, 0x0, 0x0,
    0x0, 0x0, 0x0, 0x0, 0x0, 0x0, 0x0, 0x0,
    0x0, 0x86, 0xff, 0xfa, 0xeb, 0xeb, 0xeb, 0xeb,
    0xeb, 0xeb, 0xeb, 0xd9, 0x26, 0x0, 0x0, 0x0,
    0x0, 0x0, 0x0, 0x0, 0x7d, 0xff, 0xc0, 0x67,
    0x67, 0x67, 0x67, 0x67, 0x67, 0x93, 0xff, 0xc1,
    0x4, 0x0, 0x0, 0x0, 0x0, 0x0, 0x7, 0xa0,
    0xff, 0xcc, 0xfb, 0x55, 0x0, 0x0, 0x0, 0x0,
    0x26, 0xe7, 0xe3, 0x16, 0x0, 0x0, 0x0, 0x0,
    0x0, 0x36, 0xd5, 0xf8, 0x5e, 0x0, 0x8b, 0xfb,
    0x68, 0x0, 0x0, 0x3c, 0xe5, 0xe9, 0x32, 0x0,
    0x0, 0x0, 0x0, 0x0, 0x0, 0x6c, 0xe4, 0x36,
    0x0, 0x0, 0x0, 0x7b, 0xff, 0xa6, 0x7c, 0xfc,
    0xd0, 0x1e, 0x0, 0x0, 0x0, 0x0, 0x0, 0x0,
    0x0, 0x0, 0xa, 0x0, 0x0, 0x0, 0x0, 0x0,
    0x9c, 0xff, 0xff, 0xd6, 0xd, 0x0, 0x0, 0x0,
    0x0, 0x0, 0x0, 0x0, 0x0, 0x0, 0x0, 0x0,
    0x0, 0x1, 0x4e, 0xc4, 0xff, 0xe0, 0xcb, 0xff,
    0xd7, 0x61, 0x6, 0x0, 0x0, 0x0, 0x0, 0x0,
    0x0, 0x0, 0x0, 0x22, 0x6e, 0xd7, 0xff, 0xda,
    0x61, 0x5, 0x0, 0x4e, 0xd1, 0xff, 0xe4, 0x80,
    0x35, 0x1, 0x0, 0x0, 0x1f, 0x8c, 0xd6, 0xff,
    0xfe, 0xc8, 0x59, 0x3, 0x0, 0x0, 0x0, 0x0,
    0x1, 0x57, 0xc6, 0xfe, 0xff, 0xea, 0xa3, 0x1d,
    0x11, 0xe9, 0xb9, 0x69, 0x80, 0x6b, 0x6b, 0x6b,
    0x6b, 0x6b, 0x6b, 0x6b, 0x6b, 0x6b, 0x6b, 0x7d,
    0x69, 0xba, 0xbb, 0x2, 0x0, 0x4, 0x0, 0x0,
    0xef, 0xfa, 0xf3, 0xf3, 0xf3, 0xf3, 0xf3, 0xf3,
    0xf3, 0xf3, 0xfb, 0xeb, 0x0, 0x0, 0x0, 0x0,
    0x0, 0x0, 0x0, 0x0, 0xef, 0x8f, 0x0, 0x0,
    0x0, 0x0, 0x0, 0x0, 0x0, 0x0, 0xa7, 0xeb,
    0x0, 0x0, 0x0, 0x0, 0x0, 0x0, 0x0, 0x0,
    0xef, 0x8f, 0x0, 0x0, 0x0, 0x0, 0x0, 0x0,
    0x0, 0x0, 0xa7, 0xeb, 0x0, 0x0, 0x0, 0x0,
    0x0, 0x0, 0x0, 0x0, 0xef, 0x8f, 0x0, 0x0,
    0x0, 0x0, 0x0, 0x0, 0x0, 0x0, 0xa7, 0xeb,
    0x0, 0x0, 0x0, 0x0, 0x0, 0x0, 0x0, 0x0,
    0xef, 0xbb, 0x63, 0x63, 0x63, 0x63, 0x63, 0x63,
    0x63, 0x63, 0xca, 0xeb, 0x0, 0x0, 0x0, 0x0,
    0x0, 0x0, 0x0, 0x0, 0xef, 0xf8, 0xef, 0xef,
    0xef, 0xef, 0xef, 0xef, 0xef, 0xef, 0xef, 0xdd,
    0x0, 0x0, 0x0, 0x0,

    /* U+5408 "合" */
    0x0, 0x0, 0x0, 0x0, 0x0, 0x0, 0x0, 0x0,
    0x0, 0xb, 0xa9, 0x47, 0x0, 0x0, 0x0, 0x0,
    0x0, 0x0, 0x0, 0x0, 0x0, 0x0, 0x0, 0x0,
    0x0, 0x0, 0x0, 0x0, 0x1, 0xad, 0xff, 0x56,
    0x0, 0x0, 0x0, 0x0, 0x0, 0x0, 0x0, 0x0,
    0x0, 0x0, 0x0, 0x0, 0x0, 0x0, 0x0, 0x1,
    0x90, 0xff, 0xf4, 0xd7, 0x1c, 0x0, 0x0, 0x0,
    0x0, 0x0, 0x0, 0x0, 0x0, 0x0, 0x0, 0x0,
    0x0, 0x0, 0x8, 0xab, 0xff, 0x7a, 0x26, 0xe0,
    0xe1, 0x34, 0x0, 0x0, 0x0, 0x0, 0x0, 0x0,
    0x0, 0x0, 0x0, 0x0, 0x0, 0x26, 0xc9, 0xfe,
    0x71, 0x0, 0x0, 0x1a, 0xd3, 0xfa, 0x77, 0x3,
    0x0, 0x0, 0x0, 0x0, 0x0, 0x0, 0x0, 0x4,
    0x78, 0xf7, 0xeb, 0x4b, 0x0, 0x0, 0x0, 0x0,
    0xc, 0x9a, 0xff, 0xd7, 0x57, 0x1, 0x0, 0x0,
    0x0, 0x5, 0x60, 0xd8, 0xff, 0xec, 0x5f, 0x43,
    0x43, 0x43, 0x43, 0x43, 0x43, 0x43, 0x8f, 0xf3,
    0xff, 0xd3, 0x52, 0x1, 0x9, 0xd8, 0xff, 0xdf,
    0x68, 0xff, 0xff, 0xff, 0xff, 0xff, 0xff, 0xff,
    0xff, 0xff, 0xff, 0x42, 0x7d, 0xf3, 0xfe, 0x40,
    0x0, 0x53, 0x6e, 0x6, 0x1, 0x1f, 0x1f, 0x1f,
    0x1f, 0x1f, 0x1f, 0x1f, 0x1f, 0x1f, 0x1f, 0x6,
    0x0, 0x17, 0x56, 0x0, 0x0, 0x0, 0x0, 0x0,
    0x0, 0x0, 0x0, 0x0, 0x0, 0x0, 0x0, 0x0,
    0x0, 0x0, 0x0, 0x0, 0x0, 0x0, 0x0, 0x0,
    0x0, 0x0, 0x0, 0x8, 0x67, 0x67, 0x67, 0x67,
    0x67, 0x67, 0x67, 0x67, 0x67, 0x67, 0x67, 0x67,
    0x33, 0x0, 0x0, 0x0, 0x0, 0x0, 0x0, 0x13,
    0xff, 0xf9, 0xf3, 0xf3, 0xf3, 0xf3, 0xf3, 0xf3,
    0xf3, 0xf3, 0xf4, 0xff, 0x7f, 0x0, 0x0, 0x0,
    0x0, 0x0, 0x0, 0x13, 0xff, 0x6f, 0x0, 0x0,
    0x0, 0x0, 0x0, 0x0, 0x0, 0x0, 0x13, 0xff,
    0x7f, 0x0, 0x0, 0x0, 0x0, 0x0, 0x0, 0x13,
    0xff, 0x6f, 0x0, 0x0, 0x0, 0x0, 0x0, 0x0,
    0x0, 0x0, 0x13, 0xff, 0x7f, 0x0, 0x0, 0x0,
    0x0, 0x0, 0x0, 0x13, 0xff, 0x6f, 0x0, 0x0,
    0x0, 0x0, 0x0, 0x0, 0x0, 0x0, 0x13, 0xff,
    0x7f, 0x0, 0x0, 0x0, 0x0, 0x0, 0x0, 0x13,
    0xff, 0x6f, 0x0, 0x0, 0x0, 0x0, 0x0, 0x0,
    0x0, 0x0, 0x13, 0xff, 0x7f, 0x0, 0x0, 0x0,
    0x0, 0x0, 0x0, 0x13, 0xff, 0xf9, 0xf3, 0xf3,
    0xf3, 0xf3, 0xf3, 0xf3, 0xf3, 0xf3, 0xf4, 0xff,
    0x7f, 0x0, 0x0, 0x0, 0x0, 0x0, 0x0, 0x13,
    0xff, 0xae, 0x6f, 0x6f, 0x6f, 0x6f, 0x6f, 0x6f,
    0x6f, 0x6f, 0x7b, 0xff, 0x7f, 0x0, 0x0, 0x0,

    /* U+542F "启" */
    0x0, 0x0, 0x0, 0x0, 0x0, 0x0, 0x0, 0x0,
    0x12, 0xa3, 0x56, 0x0, 0x0, 0x0, 0x0, 0x0,
    0x0, 0x0, 0x0, 0x0, 0x0, 0x0, 0x0, 0x0,
    0x0, 0x0, 0x0, 0xcd, 0xe5, 0x8, 0x0, 0x0,
    0x0, 0x0, 0x0, 0x0, 0x0, 0x0, 0x0, 0x0,
    0x0, 0x0, 0x0, 0x0, 0x0, 0x53, 0xff, 0x58,
    0x0, 0x0, 0x0, 0x0, 0x0, 0x0, 0x0, 0x0,
    0x0, 0xe0, 0xf3, 0xf3, 0xf3, 0xf3, 0xf3, 0xf4,
    0xff, 0xf4, 0xf3, 0xf3, 0xf3, 0xf3, 0xf3, 0x6a,
    0x0, 0x0, 0x0, 0xeb, 0xc5, 0x6f, 0x6f, 0x6f,
    0x6f, 0x6f, 0x6f, 0x6f, 0x6f, 0x6f, 0x6f, 0x7b,
    0xff, 0x6f, 0x0, 0x0, 0x0, 0xeb, 0x97, 0x0,
    0x0, 0x0, 0x0, 0x0, 0x0, 0x0, 0x0, 0x0,
    0x0, 0x13, 0xff, 0x6f, 0x0, 0x0, 0x0, 0xeb,
    0x97, 0x0, 0x0, 0x0, 0x0, 0x0, 0x0, 0x0,
    0x0, 0x0, 0x0, 0x13, 0xff, 0x6f, 0x0, 0x0,
    0x0, 0xec, 0xfb, 0xf3, 0xf3, 0xf3, 0xf3, 0xf3,
    0xf3, 0xf3, 0xf3, 0xf3, 0xf3, 0xf4, 0xff, 0x6f,
    0x0, 0x0, 0x0, 0xf1, 0xc4, 0x73, 0x73, 0x73,
    0x73, 0x73, 0x73, 0x73, 0x73, 0x73, 0x73, 0x73,
    0x73, 0x32, 0x0, 0x0, 0x0, 0xf9, 0x88, 0x0,
    0x0, 0x0, 0x0, 0x0, 0x0, 0x0, 0x0, 0x0,
    0x0, 0x0, 0x0, 0x0, 0x0, 0x0, 0x9, 0xff,
    0x79, 0x1a, 0x37, 0x37, 0x37, 0x37, 0x37, 0x37,
    0x37, 0x37, 0x37, 0x37, 0x37, 0x2c, 0x0, 0x0,
    0x28, 0xff, 0x59, 0x77, 0xff, 0xff, 0xff, 0xff,
    0xff, 0xff, 0xff, 0xff, 0xff, 0xff, 0xff, 0xcb,
    0x0, 0x0, 0x49, 0xff, 0x2f, 0x77, 0xff, 0x2f,
    0x2f, 0x2f, 0x2f, 0x2f, 0x2f, 0x2f, 0x2f, 0x2f,
    0xc8, 0xcb, 0x0, 0x0, 0x89, 0xf7, 0x8, 0x77,
    0xff, 0x0, 0x0, 0x0, 0x0, 0x0, 0x0, 0x0,
    0x0, 0x0, 0xbb, 0xcb, 0x0, 0x0, 0xd1, 0xb0,
    0x0, 0x77, 0xff, 0x0, 0x0, 0x0, 0x0, 0x0,
    0x0, 0x0, 0x0, 0x0, 0xbb, 0xcb, 0x0, 0x32,
    0xff, 0x5e, 0x0, 0x77, 0xff, 0x23, 0x23, 0x23,
    0x23, 0x23, 0x23, 0x23, 0x23, 0x23, 0xc5, 0xcb,
    0x0, 0xbe, 0xdd, 0x7, 0x0, 0x77, 0xff, 0xff,
    0xff, 0xff, 0xff, 0xff, 0xff, 0xff, 0xff, 0xff,
    0xff, 0xcb, 0x17, 0xd8, 0x4f, 0x0, 0x0, 0x77,
    0xff, 0x37, 0x37, 0x37, 0x37, 0x37, 0x37, 0x37,
    0x37, 0x37, 0xc2, 0xc2, 0x0, 0x5, 0x0, 0x0,
    0x0, 0x0, 0x0, 0x0, 0x0, 0x0, 0x0, 0x0,
    0x0, 0x0, 0x0, 0x0, 0x0, 0x0,

    /* U+544A "告" */
    0x0, 0x0, 0x0, 0x10, 0x85, 0x2a, 0x0, 0x0,
    0x36, 0xcb, 0x3c, 0x0, 0x0, 0x0, 0x0, 0x0,
    0x0, 0x0, 0x0, 0x0, 0x0, 0x77, 0xff, 0x36,
    0x0, 0x0, 0x43, 0xff, 0x4b, 0x0, 0x0, 0x0,
    0x0, 0x0, 0x0, 0x0, 0x0, 0x0, 0x5, 0xe4,
    0xc7, 0x0, 0x0, 0x0, 0x43, 0xff, 0x4b, 0x0,
    0x0, 0x0, 0x0, 0x0, 0x0, 0x0, 0x0, 0x0,
    0x61, 0xff, 0xfa, 0xf3, 0xf3, 0xf3, 0xf7, 0xff,
    0xf7, 0xf3, 0xf3, 0xf3, 0xf3, 0xf3, 0x6a, 0x0,
    0x0, 0x14, 0xe9, 0xc4, 0x6b, 0x6b, 0x6b, 0x6b,
    0x93, 0xff, 0x97, 0x6b, 0x6b, 0x6b, 0x6b, 0x6b,
    0x2f, 0x0, 0x4, 0xb7, 0xf0, 0x1d, 0x0, 0x0,
    0x0, 0x0, 0x43, 0xff, 0x4b, 0x0, 0x0, 0x0,
    0x0, 0x0, 0x0, 0x0, 0x2d, 0xe2, 0x5d, 0x0,
    0x0, 0x0, 0x0, 0x0, 0x43, 0xff, 0x4b, 0x0,
    0x0, 0x0, 0x0, 0x0, 0x0, 0x0, 0x43, 0x68,
    0x60, 0x5f, 0x5f, 0x5f, 0x5f, 0x5f, 0x8a, 0xff,
    0x8f, 0x5f, 0x5f, 0x5f, 0x5f, 0x5f, 0x5f, 0x58,
    0xb3, 0xff, 0xff, 0xff, 0xff, 0xff, 0xff, 0xff,
    0xff, 0xff, 0xff, 0xff, 0xff, 0xff, 0xff, 0xff,
    0xff, 0xeb, 0x2, 0x3, 0x3, 0x3, 0x3, 0x3,
    0x3, 0x3, 0x3, 0x3, 0x3, 0x3, 0x3, 0x3,
    0x3, 0x3, 0x3, 0x3, 0x0, 0x0, 0x0, 0x0,
    0x0, 0x0, 0x0, 0x0, 0x0, 0x0, 0x0, 0x0,
    0x0, 0x0, 0x0, 0x0, 0x0, 0x0, 0x0, 0x0,
    0x37, 0xfb, 0xfb, 0xfb, 0xfb, 0xfb, 0xfb, 0xfb,
    0xfb, 0xfb, 0xfb, 0xfb, 0xfb, 0x95, 0x0, 0x0,
    0x0, 0x0, 0x37, 0xff, 0x92, 0x67, 0x67, 0x67,
    0x67, 0x67, 0x67, 0x67, 0x67, 0x67, 0xf8, 0x97,
    0x0, 0x0, 0x0, 0x0, 0x37, 0xff, 0x47, 0x0,
    0x0, 0x0, 0x0, 0x0, 0x0, 0x0, 0x0, 0x0,
    0xf3, 0x97, 0x0, 0x0, 0x0, 0x0, 0x37, 0xff,
    0x47, 0x0, 0x0, 0x0, 0x0, 0x0, 0x0, 0x0,
    0x0, 0x0, 0xf3, 0x97, 0x0, 0x0, 0x0, 0x0,
    0x37, 0xff, 0x47, 0x0, 0x0, 0x0, 0x0, 0x0,
    0x0, 0x0, 0x0, 0x0, 0xf3, 0x97, 0x0, 0x0,
    0x0, 0x0, 0x37, 0xff, 0xf7, 0xf3, 0xf3, 0xf3,
    0xf3, 0xf3, 0xf3, 0xf3, 0xf3, 0xf3, 0xff, 0x97,
    0x0, 0x0, 0x0, 0x0, 0x37, 0xff, 0x9b, 0x73,
    0x73, 0x73, 0x73, 0x73, 0x73, 0x73, 0x73, 0x73,
    0xed, 0x90, 0x0, 0x0,

    /* U+5668 "器" */
    0x0, 0x0, 0x6a, 0xf3, 0xf3, 0xf3, 0xf3, 0xf3,
    0xb6, 0x0, 0x0, 0xe0, 0xf3, 0xf3, 0xf3, 0xf3,
    0xf3, 0x79, 0x0, 0x0, 0x0, 0x0, 0x6f, 0xf3,
    0x5b, 0x5b, 0x5b, 0xca, 0xbf, 0x0, 0x0, 0xeb,
    0xa3, 0x5b, 0x5b, 0x5b, 0xf8, 0x7f, 0x0, 0x0,
    0x0, 0x0, 0x6f, 0xeb, 0x0, 0x0, 0x0, 0xab,
    0xbf, 0x0, 0x0, 0xeb, 0x6f, 0x0, 0x0, 0x0,
    0xf3, 0x7f, 0x0, 0x0, 0x0, 0x0, 0x6f, 0xeb,
    0x0, 0x0, 0x0, 0xab, 0xbf, 0x0, 0x0, 0xeb,
    0x6f, 0x0, 0x0, 0x0, 0xf3, 0x7f, 0x0, 0x0,
    0x0, 0x0, 0x6f, 0xff, 0xf3, 0xf3, 0xf3, 0xfc,
    0xbf, 0x0, 0x0, 0xeb, 0xf9, 0xf3, 0xf3, 0xf3,
    0xff, 0x7f, 0x0, 0x0, 0x0, 0x0, 0x26, 0x57,
    0x57, 0x57, 0x57, 0x57, 0xaa, 0xaa, 0xe, 0x51,
    0x7f, 0xca, 0x64, 0x57, 0x57, 0x2b, 0x0, 0x0,
    0x0, 0x0, 0x0, 0x0, 0x0, 0x0, 0x0, 0x1b,
    0xf4, 0xa8, 0x0, 0x0, 0x47, 0xde, 0xec, 0x5c,
    0x0, 0x0, 0x0, 0x0, 0x0, 0x5f, 0x63, 0x63,
    0x63, 0x63, 0x63, 0xb8, 0xff, 0x85, 0x63, 0x63,
    0x63, 0x6a, 0xd3, 0xd9, 0x64, 0x63, 0x62, 0x0,
    0x0, 0xe8, 0xf3, 0xf3, 0xf3, 0xf4, 0xff, 0xfe,
    0xf3, 0xf3, 0xf3, 0xf8, 0xff, 0xfa, 0xf3, 0xf3,
    0xf3, 0xf3, 0xf0, 0x0, 0x0, 0x0, 0x0, 0x0,
    0x10, 0xaf, 0xfe, 0x63, 0x0, 0x0, 0x0, 0xc,
    0xc4, 0xef, 0x5b, 0x0, 0x0, 0x0, 0x0, 0x0,
    0x0, 0x0, 0x0, 0x38, 0xdd, 0xf8, 0x5e, 0x0,
    0x0, 0x0, 0x0, 0x0, 0xc, 0xb2, 0xff, 0xac,
    0x19, 0x0, 0x0, 0x0, 0x0, 0x34, 0xb2, 0xff,
    0xff, 0x91, 0x5b, 0x5b, 0x44, 0x0, 0x0, 0x51,
    0x5b, 0x5c, 0xc6, 0xff, 0xfb, 0xaf, 0x4c, 0x3,
    0x25, 0xfa, 0xfd, 0xff, 0xf3, 0xf3, 0xf3, 0xfc,
    0xbf, 0x0, 0x0, 0xe3, 0xf9, 0xf3, 0xf3, 0xf3,
    0xff, 0xfe, 0xef, 0x23, 0x0, 0x2f, 0x75, 0xf3,
    0x0, 0x0, 0x0, 0xaf, 0xbf, 0x0, 0x0, 0xe3,
    0x7b, 0x0, 0x0, 0x0, 0xf3, 0x83, 0x19, 0x0,
    0x0, 0x0, 0x6f, 0xf3, 0x0, 0x0, 0x0, 0xaf,
    0xbf, 0x0, 0x0, 0xe3, 0x7b, 0x0, 0x0, 0x0,
    0xf3, 0x7f, 0x0, 0x0, 0x0, 0x0, 0x6f, 0xf7,
    0x4f, 0x4f, 0x4f, 0xc8, 0xbf, 0x0, 0x0, 0xe3,
    0xa5, 0x4f, 0x4f, 0x4f, 0xf7, 0x7f, 0x0, 0x0,
    0x0, 0x0, 0x6f, 0xff, 0xff, 0xff, 0xff, 0xff,
    0xbf, 0x0, 0x0, 0xe3, 0xff, 0xff, 0xff, 0xff,
    0xff, 0x7f, 0x0, 0x0,

    /* U+56FE "图" */
    0x4c, 0xf3, 0xf3, 0xf3, 0xf3, 0xf3, 0xf3, 0xf3,
    0xf3, 0xf3, 0xf3, 0xf3, 0xf3, 0xf3, 0xf3, 0xf3,
    0xf3, 0x66, 0x4f, 0xff, 0x7a, 0x67, 0x67, 0x67,
    0x67, 0x6c, 0x67, 0x67, 0x67, 0x67, 0x67, 0x67,
    0x67, 0x73, 0xff, 0x6b, 0x4f, 0xff, 0x1f, 0x0,
    0x0, 0x0, 0x34, 0xef, 0x4c, 0x0, 0x0, 0x0,
    0x0, 0x0, 0x0, 0x13, 0xff, 0x6b, 0x4f, 0xff,
    0x1f, 0x0, 0x0, 0x17, 0xe3, 0xf3, 0x5d, 0x57,
    0x57, 0x57, 0x58, 0x36, 0x0, 0x13, 0xff, 0x6b,
    0x4f, 0xff, 0x1f, 0x0, 0x1a, 0xcb, 0xef, 0xcf,
    0xcf, 0xcf, 0xcf, 0xd8, 0xff, 0xb2, 0x0, 0x13,
    0xff, 0x6b, 0x4f, 0xff, 0x1f, 0x41, 0xe9, 0xec,
    0xf0, 0x42, 0x0, 0x0, 0x12, 0xc4, 0xd3, 0xd,
    0x0, 0x13, 0xff, 0x6b, 0x4f, 0xff, 0x24, 0xc5,
    0xb8, 0x13, 0x5c, 0xf3, 0x86, 0x53, 0xe5, 0xba,
    0x14, 0x0, 0x0, 0x13, 0xff, 0x6b, 0x4f, 0xff,
    0x1f, 0x7, 0x2, 0x0, 0x3, 0x83, 0xff, 0xff,
    0xd1, 0x13, 0x0, 0x0, 0x0, 0x13, 0xff, 0x6b,
    0x4f, 0xff, 0x1f, 0x5, 0x3b, 0x87, 0xe6, 0xf6,
    0x98, 0x6f, 0xda, 0xf7, 0xa7, 0x5a, 0x1c, 0x13,
    0xff, 0x6b, 0x4f, 0xff, 0x5f, 0xf4, 0xff, 0xd2,
    0x7b, 0x42, 0x3, 0x0, 0x2, 0x4e, 0xa6, 0xed,
    0xfe, 0x4f, 0xff, 0x6b, 0x4f, 0xff, 0x21, 0x5e,
    0x1e, 0x0, 0x30, 0xe4, 0xef, 0xae, 0x5b, 0xa,
    0x0, 0x3, 0x27, 0x13, 0xff, 0x6b, 0x4f, 0xff,
    0x1f, 0x0, 0x0, 0x0, 0x0, 0x0, 0x2c, 0x7c,
    0xdc, 0xb0, 0x0, 0x0, 0x0, 0x13, 0xff, 0x6b,
    0x4f, 0xff, 0x1f, 0x0, 0x1a, 0xc5, 0xa4, 0x79,
    0x4e, 0x22, 0x2, 0xf, 0x0, 0x0, 0x0, 0x13,
    0xff, 0x6b, 0x4f, 0xff, 0x1f, 0x0, 0x16, 0x54,
    0x81, 0xaf, 0xdc, 0xfe, 0xe8, 0xab, 0x63, 0x11,
    0x0, 0x13, 0xff, 0x6b, 0x4f, 0xff, 0x1f, 0x0,
    0x0, 0x0, 0x0, 0x0, 0x0, 0x14, 0x52, 0x99,
    0xd2, 0x11, 0x0, 0x13, 0xff, 0x6b, 0x4f, 0xff,
    0x77, 0x63, 0x63, 0x63, 0x63, 0x63, 0x63, 0x63,
    0x63, 0x63, 0x63, 0x63, 0x63, 0x70, 0xff, 0x6b,
    0x4f, 0xff, 0xf5, 0xf3, 0xf3, 0xf3, 0xf3, 0xf3,
    0xf3, 0xf3, 0xf3, 0xf3, 0xf3, 0xf3, 0xf3, 0xf4,
    0xff, 0x6b,

    /* U+573A "场" */
    0x0, 0x0, 0x0, 0x5b, 0x92, 0x0, 0x0, 0x0,
    0x0, 0x0, 0x0, 0x0, 0x0, 0x0, 0x0, 0x3,
    0x0, 0x0, 0x0, 0x0, 0x0, 0x0, 0x8b, 0xdf,
    0x0, 0x0, 0x79, 0xf3, 0xf3, 0xf3, 0xf3, 0xf3,
    0xf3, 0xf3, 0xf8, 0x8f, 0x0, 0x0, 0x0, 0x0,
    0x0, 0x8b, 0xdf, 0x0, 0x0, 0x3b, 0x77, 0x77,
    0x77, 0x77, 0x77, 0xab, 0xff, 0xe7, 0x36, 0x0,
    0x0, 0x0, 0x0, 0x0, 0x8b, 0xdf, 0x0, 0x0,
    0x0, 0x0, 0x0, 0x0, 0x0, 0x55, 0xf6, 0xd2,
    0x1e, 0x0, 0x0, 0x0, 0x0, 0x0, 0x0, 0x8b,
    0xdf, 0x0, 0x0, 0x0, 0x0, 0x0, 0x2, 0x7e,
    0xfe, 0xad, 0xd, 0x0, 0x0, 0x0, 0x0, 0x0,
    0xf3, 0xf3, 0xfa, 0xfe, 0xf3, 0xf3, 0x13, 0x0,
    0x1c, 0xbc, 0xf6, 0x67, 0x0, 0x0, 0x0, 0x0,
    0x0, 0x0, 0x0, 0x7f, 0x7f, 0xc5, 0xef, 0x7f,
    0x7f, 0x1d, 0x7b, 0xf3, 0xfa, 0x81, 0x57, 0x57,
    0x57, 0x57, 0x57, 0x57, 0x45, 0x0, 0x0, 0x0,
    0x8b, 0xdf, 0x0, 0x0, 0x27, 0xfe, 0xff, 0xff,
    0xff, 0xff, 0xff, 0xff, 0xff, 0xff, 0xff, 0xc1,
    0x0, 0x0, 0x0, 0x8b, 0xdf, 0x0, 0x0, 0x0,
    0x2e, 0x1a, 0x1a, 0xe1, 0x9e, 0x13, 0xb8, 0xb8,
    0x13, 0xd0, 0xaf, 0x0, 0x0, 0x0, 0x8b, 0xdf,
    0x0, 0x0, 0x0, 0x0, 0x0, 0x77, 0xfd, 0x27,
    0x18, 0xfb, 0x52, 0x0, 0xde, 0x9e, 0x0, 0x0,
    0x0, 0x8b, 0xdf, 0x0, 0x0, 0x0, 0x0, 0x1b,
    0xf3, 0x8d, 0x0, 0x78, 0xea, 0x5, 0x0, 0xf3,
    0x89, 0x0, 0x0, 0x0, 0x8b, 0xdf, 0x0, 0x1,
    0x0, 0x21, 0xd8, 0xc9, 0x9, 0x10, 0xe9, 0x7e,
    0x0, 0x9, 0xff, 0x74, 0x0, 0x0, 0x0, 0x8b,
    0xea, 0x87, 0xe0, 0x5a, 0xe9, 0xbf, 0xd, 0x0,
    0x94, 0xe1, 0x9, 0x0, 0x25, 0xff, 0x5a, 0x0,
    0x29, 0x7e, 0xe1, 0xff, 0xe8, 0x8a, 0x56, 0xa0,
    0x8, 0x0, 0x3c, 0xfd, 0x55, 0x0, 0x0, 0x45,
    0xff, 0x3d, 0x20, 0xff, 0xfa, 0xb0, 0x4f, 0x4,
    0x0, 0x0, 0x0, 0x0, 0x2a, 0xee, 0x9b, 0x0,
    0x0, 0x0, 0x71, 0xff, 0x1a, 0x0, 0x5d, 0x15,
    0x0, 0x0, 0x0, 0x0, 0x0, 0x0, 0x28, 0xe3,
    0xbb, 0x4, 0x0, 0x0, 0x0, 0xaf, 0xe9, 0x0,
    0x0, 0x0, 0x0, 0x0, 0x0, 0x0, 0x0, 0x0,
    0x64, 0xf5, 0xb9, 0xe, 0x0, 0x45, 0x62, 0x7d,
    0xfc, 0x9c, 0x0, 0x0, 0x0, 0x0, 0x0, 0x0,
    0x0, 0x0, 0x21, 0xe0, 0x85, 0x2, 0x0, 0x0,
    0x6a, 0xfe, 0xfa, 0xc5, 0x1b, 0x0, 0x0, 0x0,
    0x0, 0x0, 0x0, 0x0, 0x0, 0x0, 0x5, 0x0,
    0x0, 0x0, 0x0, 0x0, 0x0, 0x0, 0x0, 0x0,
    0x0,

    /* U+5931 "失" */
    0x0, 0x0, 0x0, 0x0, 0x45, 0x87, 0x16, 0x0,
    0x0, 0xd8, 0xaa, 0x0, 0x0, 0x0, 0x0, 0x0,
    0x0, 0x0, 0x0, 0x0, 0x0, 0x0, 0x0, 0x0,
    0xb7, 0xf2, 0x8, 0x0, 0x0, 0xdf, 0xaf, 0x0,
    0x0, 0x0, 0x0, 0x0, 0x0, 0x0, 0x0, 0x0,
    0x0, 0x0, 0x0, 0x18, 0xfc, 0xa1, 0x0, 0x0,
    0x0, 0xdf, 0xaf, 0x0, 0x0, 0x0, 0x0, 0x0,
    0x0, 0x0, 0x0, 0x0, 0x0, 0x0, 0x0, 0x72,
    0xff, 0xaa, 0x77, 0x77, 0x77, 0xee, 0xd5, 0x77,
    0x77, 0x77, 0x77, 0x77, 0x77, 0x1d, 0x0, 0x0,
    0x0, 0x0, 0x4, 0xd9, 0xff, 0xff, 0xff, 0xff,
    0xff, 0xff, 0xff, 0xff, 0xff, 0xff, 0xff, 0xff,
    0xff, 0x3f, 0x0, 0x0, 0x0, 0x0, 0x6c, 0xff,
    0x5c, 0xb, 0xb, 0xb, 0xb, 0xe1, 0xb3, 0xb,
    0xb, 0xb, 0xb, 0xb, 0xb, 0x2, 0x0, 0x0,
    0x0, 0x25, 0xf1, 0xc9, 0x1, 0x0, 0x0, 0x0,
    0x0, 0xe5, 0xab, 0x0, 0x0, 0x0, 0x0, 0x0,
    0x0, 0x0, 0x0, 0x0, 0x0, 0x70, 0xf2, 0x2a,
    0x0, 0x0, 0x0, 0x0, 0x0, 0xf7, 0x9b, 0x0,
    0x0, 0x0, 0x0, 0x0, 0x0, 0x0, 0x0, 0x0,
    0x0, 0x0, 0xd, 0x0, 0x0, 0x0, 0x0, 0x0,
    0xa, 0xff, 0x8b, 0x0, 0x0, 0x0, 0x0, 0x0,
    0x0, 0x0, 0x0, 0x0, 0x0, 0xe0, 0xf3, 0xf3,
    0xf3, 0xf3, 0xf3, 0xf3, 0xf4, 0xff, 0xfa, 0xf3,
    0xf3, 0xf3, 0xf3, 0xf3, 0xf3, 0xf3, 0xe4, 0x0,
    0x0, 0x81, 0x8b, 0x8b, 0x8b, 0x8b, 0x8b, 0x8b,
    0xc9, 0xff, 0xff, 0xbe, 0x8b, 0x8b, 0x8b, 0x8b,
    0x8b, 0x8b, 0x83, 0x0, 0x0, 0x0, 0x0, 0x0,
    0x0, 0x0, 0x0, 0x2, 0xda, 0xe3, 0xcb, 0xd2,
    0x2, 0x0, 0x0, 0x0, 0x0, 0x0, 0x0, 0x0,
    0x0, 0x0, 0x0, 0x0, 0x0, 0x0, 0x0, 0x63,
    0xff, 0x73, 0x41, 0xff, 0x64, 0x0, 0x0, 0x0,
    0x0, 0x0, 0x0, 0x0, 0x0, 0x0, 0x0, 0x0,
    0x0, 0x0, 0x38, 0xf7, 0xdb, 0xd, 0x0, 0xb5,
    0xf5, 0x3b, 0x0, 0x0, 0x0, 0x0, 0x0, 0x0,
    0x0, 0x0, 0x0, 0x0, 0x0, 0x47, 0xea, 0xf1,
    0x29, 0x0, 0x0, 0x13, 0xd9, 0xf0, 0x38, 0x0,
    0x0, 0x0, 0x0, 0x0, 0x0, 0x0, 0x0, 0xa,
    0x8f, 0xfe, 0xe5, 0x3c, 0x0, 0x0, 0x0, 0x0,
    0x21, 0xe5, 0xfc, 0x8e, 0xc, 0x0, 0x0, 0x0,
    0x0, 0x1a, 0x7b, 0xea, 0xff, 0xb4, 0x14, 0x0,
    0x0, 0x0, 0x0, 0x0, 0x0, 0x13, 0xa9, 0xff,
    0xe7, 0x8f, 0x3a, 0x1, 0x5, 0xd9, 0xff, 0xc9,
    0x4d, 0x0, 0x0, 0x0, 0x0, 0x0, 0x0, 0x0,
    0x0, 0x0, 0x0, 0x4e, 0xba, 0xfd, 0xf4, 0x25,
    0x0, 0x2c, 0x30, 0x0, 0x0, 0x0, 0x0, 0x0,
    0x0, 0x0, 0x0, 0x0, 0x0, 0x0, 0x0, 0x0,
    0x0, 0x1b, 0x38, 0x0,

    /* U+5B57 "字" */
    0x0, 0x0, 0x0, 0x0, 0x0, 0x0, 0x0, 0x31,
    0x95, 0xf, 0x0, 0x0, 0x0, 0x0, 0x0, 0x0,
    0x0, 0x0, 0x0, 0x0, 0x0, 0x0, 0x0, 0x0,
    0x0, 0x2b, 0xfc, 0x8d, 0x0, 0x0, 0x0, 0x0,
    0x0, 0x0, 0x0, 0x0, 0x4d, 0x7f, 0x7f, 0x7f,
    0x7f, 0x7f, 0x7f, 0x7f, 0xdc, 0xfa, 0x84, 0x7f,
    0x7f, 0x7f, 0x7f, 0x7f, 0x7f, 0x15, 0x9b, 0xff,
    0xef, 0xef, 0xef, 0xef, 0xef, 0xef, 0xef, 0xef,
    0xef, 0xef, 0xef, 0xef, 0xef, 0xf5, 0xff, 0x2b,
    0x9b, 0xf7, 0x0, 0x0, 0x0, 0x0, 0x0, 0x0,
    0x0, 0x0, 0x0, 0x0, 0x0, 0x0, 0x0, 0x57,
    0xff, 0x2b, 0x9b, 0xf7, 0x0, 0x1, 0x3, 0x3,
    0x3, 0x3, 0x3, 0x3, 0x3, 0x3, 0x3, 0x6,
    0x0, 0x57, 0xff, 0x2b, 0x63, 0x9e, 0x0, 0x57,
    0xff, 0xff, 0xff, 0xff, 0xff, 0xff, 0xff, 0xff,
    0xff, 0xe0, 0x1e, 0x38, 0xa3, 0x1c, 0x0, 0x0,
    0x0, 0x23, 0x67, 0x67, 0x67, 0x67, 0x67, 0x67,
    0x6c, 0xe0, 0xff, 0x98, 0x4, 0x0, 0x0, 0x0,
    0x0, 0x0, 0x0, 0x0, 0x0, 0x0, 0x0, 0x0,
    0x0, 0x1d, 0xc1, 0xf8, 0x6e, 0x0, 0x0, 0x0,
    0x0, 0x0, 0x0, 0x0, 0x0, 0x0, 0x0, 0x0,
    0x0, 0x0, 0x72, 0xf4, 0xbe, 0x26, 0x0, 0x0,
    0x0, 0x0, 0x0, 0x0, 0x0, 0x0, 0x0, 0x0,
    0x0, 0x0, 0x0, 0x0, 0xdf, 0xb9, 0x0, 0x0,
    0x0, 0x0, 0x0, 0x0, 0x0, 0x0, 0xd7, 0xff,
    0xff, 0xff, 0xff, 0xff, 0xff, 0xff, 0xff, 0xff,
    0xff, 0xff, 0xff, 0xff, 0xff, 0xff, 0xff, 0x5f,
    0x5e, 0x6f, 0x6f, 0x6f, 0x6f, 0x6f, 0x6f, 0x6f,
    0xed, 0xd0, 0x6f, 0x6f, 0x6f, 0x6f, 0x6f, 0x6f,
    0x6f, 0x29, 0x0, 0x0, 0x0, 0x0, 0x0, 0x0,
    0x0, 0x0, 0xdf, 0xab, 0x0, 0x0, 0x0, 0x0,
    0x0, 0x0, 0x0, 0x0, 0x0, 0x0, 0x0, 0x0,
    0x0, 0x0, 0x0, 0x0, 0xdf, 0xab, 0x0, 0x0,
    0x0, 0x0, 0x0, 0x0, 0x0, 0x0, 0x0, 0x0,
    0x0, 0x0, 0x0, 0x0, 0x0, 0x0, 0xdf, 0xab,
    0x0, 0x0, 0x0, 0x0, 0x0, 0x0, 0x0, 0x0,
    0x0, 0x0, 0x0, 0x0, 0x16, 0x7a, 0x75, 0x77,
    0xf4, 0xa0, 0x0, 0x0, 0x0, 0x0, 0x0, 0x0,
    0x0, 0x0, 0x0, 0x0, 0x0, 0x0, 0x1, 0xdb,
    0xfb, 0xf2, 0xcc, 0x37, 0x0, 0x0, 0x0, 0x0,
    0x0, 0x0, 0x0, 0x0,

    /* U+5B8C "完" */
    0x0, 0x0, 0x0, 0x0, 0x0, 0x0, 0x0, 0x0,
    0x4c, 0xd6, 0x27, 0x0, 0x0, 0x0, 0x0, 0x0,
    0x0, 0x0, 0x0, 0x0, 0x0, 0x0, 0x0, 0x0,
    0x0, 0x0, 0x0, 0x0, 0x1d, 0xf9, 0xa6, 0x0,
    0x0, 0x0, 0x0, 0x0, 0x0, 0x0, 0x0, 0x0,
    0x0, 0x30, 0x7b, 0x7b, 0x7b, 0x7b, 0x7b, 0x7b,
    0x7b, 0xdb, 0xfd, 0x83, 0x7b, 0x7b, 0x7b, 0x7b,
    0x7b, 0x7b, 0x22, 0x0, 0x0, 0x63, 0xff, 0xf5,
    0xf3, 0xf3, 0xf3, 0xf3, 0xf3, 0xf3, 0xf3, 0xf3,
    0xf3, 0xf3, 0xf3, 0xf3, 0xf7, 0xff, 0x47, 0x0,
    0x0, 0x63, 0xff, 0x1b, 0x0, 0x0, 0x0, 0x0,
    0x0, 0x0, 0x0, 0x0, 0x0, 0x0, 0x0, 0x0,
    0x47, 0xff, 0x47, 0x0, 0x0, 0x63, 0xff, 0x1b,
    0x0, 0x0, 0x0, 0x0, 0x0, 0x0, 0x0, 0x0,
    0x0, 0x0, 0x0, 0x0, 0x47, 0xff, 0x47, 0x0,
    0x0, 0x5f, 0xf3, 0x1a, 0x76, 0xf3, 0xf3, 0xf3,
    0xf3, 0xf3, 0xf3, 0xf3, 0xf3, 0xf3, 0xf3, 0x5f,
    0x44, 0xf3, 0x44, 0x0, 0x0, 0x0, 0x0, 0x0,
    0x34, 0x6b, 0x6b, 0x6b, 0x6b, 0x6b, 0x6b, 0x6b,
    0x6b, 0x6b, 0x6b, 0x2a, 0x0, 0x0, 0x0, 0x0,
    0x0, 0x0, 0x0, 0x0, 0x0, 0x0, 0x0, 0x0,
    0x0, 0x0, 0x0, 0x0, 0x0, 0x0, 0x0, 0x0,
    0x0, 0x0, 0x0, 0x0, 0x0, 0x2f, 0x33, 0x33,
    0x33, 0x33, 0x33, 0x33, 0x33, 0x33, 0x33, 0x33,
    0x33, 0x33, 0x33, 0x33, 0x33, 0x33, 0x2a, 0x0,
    0x0, 0xeb, 0xff, 0xff, 0xff, 0xff, 0xff, 0xff,
    0xff, 0xff, 0xff, 0xff, 0xff, 0xff, 0xff, 0xff,
    0xff, 0xff, 0xcf, 0x0, 0x0, 0x2f, 0x33, 0x33,
    0x33, 0x33, 0xa6, 0xf8, 0x34, 0x33, 0x33, 0x93,
    0xff, 0x3a, 0x33, 0x33, 0x33, 0x33, 0x2a, 0x0,
    0x0, 0x0, 0x0, 0x0, 0x0, 0x0, 0xb2, 0xd2,
    0x0, 0x0, 0x0, 0x77, 0xff, 0x7, 0x0, 0x0,
    0x0, 0x0, 0x0, 0x0, 0x0, 0x0, 0x0, 0x0,
    0x0, 0x3, 0xe3, 0xa9, 0x0, 0x0, 0x0, 0x77,
    0xff, 0x7, 0x0, 0x0, 0x0, 0x0, 0x0, 0x0,
    0x0, 0x0, 0x0, 0x0, 0x0, 0x61, 0xff, 0x4a,
    0x0, 0x0, 0x0, 0x77, 0xff, 0x7, 0x0, 0x0,
    0x0, 0x42, 0x93, 0x6, 0x0, 0x0, 0x0, 0x0,
    0x38, 0xeb, 0xcc, 0x0, 0x0, 0x0, 0x0, 0x77,
    0xff, 0x8, 0x0, 0x0, 0x0, 0x61, 0xfb, 0x2,
    0x0, 0xd, 0x4b, 0xa8, 0xfd, 0xd8, 0x1f, 0x0,
    0x0, 0x0, 0x0, 0x6b, 0xff, 0x82, 0x5f, 0x5f,
    0x61, 0xc5, 0xcf, 0x0, 0x6, 0xdb, 0xff, 0xd9,
    0x72, 0x7, 0x0, 0x0, 0x0, 0x0, 0x0, 0x1b,
    0xcc, 0xf8, 0xff, 0xff, 0xff, 0xe7, 0x4d, 0x0,
    0x0, 0x24, 0x21, 0x0, 0x0, 0x0, 0x0, 0x0,
    0x0, 0x0, 0x0, 0x0, 0x0, 0x0, 0x0, 0x0,
    0x0, 0x0, 0x0, 0x0,

    /* U+5B9A "定" */
    0x0, 0x0, 0x0, 0x0, 0x0, 0x0, 0x0, 0x0,
    0x31, 0xb5, 0x36, 0x0, 0x0, 0x0, 0x0, 0x0,
    0x0, 0x0, 0x0, 0x0, 0x0, 0x0, 0x0, 0x0,
    0x0, 0x0, 0x0, 0x0, 0x13, 0xf4, 0xbc, 0x0,
    0x0, 0x0, 0x0, 0x0, 0x0, 0x0, 0x0, 0x0,
    0x0, 0x2b, 0x77, 0x77, 0x77, 0x77, 0x77, 0x77,
    0x77, 0xd3, 0xff, 0x82, 0x77, 0x77, 0x77, 0x77,
    0x77, 0x77, 0x2b, 0x0, 0x0, 0x5b, 0xff, 0xf5,
    0xf3, 0xf3, 0xf3, 0xf3, 0xf3, 0xf3, 0xf3, 0xf3,
    0xf3, 0xf3, 0xf3, 0xf3, 0xf6, 0xff, 0x5b, 0x0,
    0x0, 0x5b, 0xff, 0x1f, 0x0, 0x0, 0x0, 0x0,
    0x0, 0x0, 0x0, 0x0, 0x0, 0x0, 0x0, 0x0,
    0x2f, 0xff, 0x5b, 0x0, 0x0, 0x5b, 0xff, 0x1f,
    0x0, 0x0, 0x0, 0x0, 0x0, 0x0, 0x0, 0x0,
    0x0, 0x0, 0x0, 0x0, 0x2f, 0xff, 0x5b, 0x0,
    0x0, 0x51, 0xe3, 0x1c, 0x61, 0x7f, 0x7f, 0x7f,
    0x7f, 0x7f, 0x7f, 0x7f, 0x7f, 0x7f, 0x7f, 0x75,
    0x2a, 0xe3, 0x51, 0x0, 0x0, 0x0, 0x0, 0x0,
    0xba, 0xf3, 0xf3, 0xf3, 0xf3, 0xfd, 0xfd, 0xf3,
    0xf3, 0xf3, 0xf3, 0xe0, 0x0, 0x0, 0x0, 0x0,
    0x0, 0x0, 0x0, 0x0, 0x0, 0x0, 0x0, 0x0,
    0x0, 0xc7, 0xc7, 0x0, 0x0, 0x0, 0x0, 0x0,
    0x0, 0x0, 0x0, 0x0, 0x0, 0x0, 0x0, 0x0,
    0x47, 0x6a, 0x0, 0x0, 0x0, 0xc7, 0xc7, 0x0,
    0x0, 0x0, 0x0, 0x0, 0x0, 0x0, 0x0, 0x0,
    0x0, 0x0, 0x0, 0x0, 0xb1, 0xd8, 0x0, 0x0,
    0x0, 0xc7, 0xc7, 0x0, 0x0, 0x0, 0x0, 0x0,
    0x0, 0x0, 0x0, 0x0, 0x0, 0x0, 0x0, 0x0,
    0xe0, 0xa6, 0x0, 0x0, 0x0, 0xc7, 0xfd, 0xf3,
    0xf3, 0xf3, 0xf3, 0xf3, 0xaf, 0x0, 0x0, 0x0,
    0x0, 0x0, 0x0, 0x27, 0xff, 0xb7, 0x0, 0x0,
    0x0, 0xc7, 0xe1, 0x73, 0x73, 0x73, 0x73, 0x73,
    0x53, 0x0, 0x0, 0x0, 0x0, 0x0, 0x0, 0x80,
    0xff, 0xff, 0x40, 0x0, 0x0, 0xc7, 0xc7, 0x0,
    0x0, 0x0, 0x0, 0x0, 0x0, 0x0, 0x0, 0x0,
    0x0, 0x0, 0xd, 0xe6, 0xaf, 0xa4, 0xe8, 0x33,
    0x0, 0xc7, 0xc7, 0x0, 0x0, 0x0, 0x0, 0x0,
    0x0, 0x0, 0x0, 0x0, 0x0, 0x0, 0x8e, 0xfd,
    0x2c, 0xa, 0xd2, 0xfc, 0x90, 0xd2, 0xc7, 0x0,
    0x0, 0x0, 0x0, 0x0, 0x0, 0x0, 0x0, 0x0,
    0x0, 0x65, 0xfe, 0x96, 0x0, 0x0, 0x12, 0x98,
    0xfd, 0xff, 0xef, 0xab, 0x9a, 0x89, 0x80, 0x7f,
    0x7f, 0x7f, 0x81, 0xe, 0x11, 0xe0, 0xb5, 0x4,
    0x0, 0x0, 0x0, 0x0, 0x2c, 0x77, 0xb5, 0xde,
    0xec, 0xf9, 0xff, 0xff, 0xff, 0xff, 0xd3, 0x0,
    0x0, 0x18, 0xa, 0x0, 0x0, 0x0, 0x0, 0x0,
    0x0, 0x0, 0x0, 0x0, 0x0, 0x0, 0x0, 0x0,
    0x0, 0x0, 0x0, 0x0,

    /* U+5BCC "富" */
    0x0, 0x0, 0x0, 0x0, 0x0, 0x0, 0x0, 0x5e,
    0xe5, 0x34, 0x0, 0x0, 0x0, 0x0, 0x0, 0x0,
    0x0, 0x0, 0x11, 0x2f, 0x2f, 0x2f, 0x2f, 0x2f,
    0x2f, 0x49, 0xfd, 0xc3, 0x2f, 0x2f, 0x2f, 0x2f,
    0x2f, 0x2f, 0x2f, 0x14, 0x5f, 0xff, 0xff, 0xff,
    0xff, 0xff, 0xff, 0xff, 0xff, 0xff, 0xff, 0xff,
    0xff, 0xff, 0xff, 0xff, 0xff, 0x6f, 0x5f, 0xff,
    0x31, 0x1f, 0x1f, 0x1f, 0x1f, 0x1f, 0x1f, 0x1f,
    0x1f, 0x1f, 0x1f, 0x1f, 0x1f, 0x2d, 0xff, 0x6f,
    0x5f, 0xff, 0x13, 0xca, 0xdb, 0xdb, 0xdb, 0xdb,
    0xdb, 0xdb, 0xdb, 0xdb, 0xdb, 0xdb, 0x86, 0xf,
    0xff, 0x6f, 0x3b, 0x9f, 0xc, 0x33, 0x37, 0x37,
    0x37, 0x37, 0x37, 0x37, 0x37, 0x37, 0x37, 0x37,
    0x22, 0x9, 0x9f, 0x45, 0x0, 0x0, 0x0, 0x33,
    0x3b, 0x3b, 0x3b, 0x3b, 0x3b, 0x3b, 0x3b, 0x3b,
    0x3b, 0x3b, 0x1d, 0x0, 0x0, 0x0, 0x0, 0x0,
    0x0, 0xdb, 0xee, 0xdb, 0xdb, 0xdb, 0xdb, 0xdb,
    0xdb, 0xdb, 0xdb, 0xfe, 0x7b, 0x0, 0x0, 0x0,
    0x0, 0x0, 0x0, 0xdb, 0x83, 0x0, 0x0, 0x0,
    0x0, 0x0, 0x0, 0x0, 0x0, 0xf7, 0x7b, 0x0,
    0x0, 0x0, 0x0, 0x0, 0x0, 0xdb, 0xe6, 0xcb,
    0xcb, 0xcb, 0xcb, 0xcb, 0xcb, 0xcb, 0xcb, 0xfe,
    0x7b, 0x0, 0x0, 0x0, 0x0, 0x0, 0x0, 0x22,
    0x27, 0x27, 0x27, 0x27, 0x27, 0x27, 0x27, 0x27,
    0x27, 0x27, 0x13, 0x0, 0x0, 0x0, 0x0, 0xa,
    0xd7, 0xd7, 0xd7, 0xd7, 0xd7, 0xd7, 0xd7, 0xd7,
    0xd7, 0xd7, 0xd7, 0xd7, 0xd7, 0xd7, 0x2f, 0x0,
    0x0, 0xb, 0xff, 0x79, 0x53, 0x53, 0x53, 0x53,
    0xfd, 0xa7, 0x53, 0x53, 0x53, 0x53, 0x99, 0xff,
    0x37, 0x0, 0x0, 0xb, 0xff, 0x37, 0x0, 0x0,
    0x0, 0x0, 0xfb, 0x7b, 0x0, 0x0, 0x0, 0x0,
    0x67, 0xff, 0x37, 0x0, 0x0, 0xb, 0xff, 0xf6,
    0xf3, 0xf3, 0xf3, 0xf3, 0xff, 0xf9, 0xf3, 0xf3,
    0xf3, 0xf3, 0xf8, 0xff, 0x37, 0x0, 0x0, 0xb,
    0xff, 0x47, 0x13, 0x13, 0x13, 0x13, 0xfc, 0x86,
    0x13, 0x13, 0x13, 0x13, 0x73, 0xff, 0x37, 0x0,
    0x0, 0xb, 0xff, 0x57, 0x27, 0x27, 0x27, 0x27,
    0xfc, 0x90, 0x27, 0x27, 0x27, 0x27, 0x7f, 0xff,
    0x37, 0x0, 0x0, 0xb, 0xff, 0xff, 0xff, 0xff,
    0xff, 0xff, 0xff, 0xff, 0xff, 0xff, 0xff, 0xff,
    0xff, 0xff, 0x37, 0x0,

    /* U+5C0F "小" */
    0x0, 0x0, 0x0, 0x0, 0x0, 0x0, 0x0, 0x0,
    0x0, 0x13, 0x19, 0x0, 0x0, 0x0, 0x0, 0x0,
    0x0, 0x0, 0x0, 0x0, 0x0, 0x0, 0x0, 0x0,
    0x0, 0x0, 0x0, 0x0, 0x0, 0xb3, 0xeb, 0x0,
    0x0, 0x0, 0x0, 0x0, 0x0, 0x0, 0x0, 0x0,
    0x0, 0x0, 0x0, 0x0, 0x0, 0x0, 0x0, 0x0,
    0x0, 0xb3, 0xeb, 0x0, 0x0, 0x0, 0x0, 0x0,
    0x0, 0x0, 0x0, 0x0, 0x0, 0x0, 0x0, 0x0,
    0x0, 0x0, 0x0, 0x0, 0x0, 0xb3, 0xeb, 0x0,
    0x0, 0x0, 0x0, 0x0, 0x0, 0x0, 0x0, 0x0,
    0x0, 0x0, 0x0, 0x0, 0x0, 0x0, 0x0, 0x0,
    0x0, 0xb3, 0xeb, 0x0, 0x0, 0x0, 0x0, 0x0,
    0x0, 0x0, 0x0, 0x0, 0x0, 0x0, 0x0, 0x1,
    0x4f, 0x21, 0x0, 0x0, 0x0, 0xb3, 0xeb, 0x0,
    0x0, 0x0, 0x28, 0x54, 0x0, 0x0, 0x0, 0x0,
    0x0, 0x0, 0x0, 0x30, 0xff, 0x8b, 0x0, 0x0,
    0x0, 0xb3, 0xeb, 0x0, 0x0, 0x0, 0xa1, 0xfa,
    0x23, 0x0, 0x0, 0x0, 0x0, 0x0, 0x0, 0x79,
    0xff, 0x3e, 0x0, 0x0, 0x0, 0xb3, 0xeb, 0x0,
    0x0, 0x0, 0x24, 0xfb, 0xa6, 0x0, 0x0, 0x0,
    0x0, 0x0, 0x0, 0xc1, 0xee, 0x4, 0x0, 0x0,
    0x0, 0xb3, 0xeb, 0x0, 0x0, 0x0, 0x0, 0x9d,
    0xfe, 0x31, 0x0, 0x0, 0x0, 0x0, 0xe, 0xfb,
    0xa5, 0x0, 0x0, 0x0, 0x0, 0xb3, 0xeb, 0x0,
    0x0, 0x0, 0x0, 0x21, 0xfa, 0xb7, 0x0, 0x0,
    0x0, 0x0, 0x6c, 0xff, 0x54, 0x0, 0x0, 0x0,
    0x0, 0xb3, 0xeb, 0x0, 0x0, 0x0, 0x0, 0x0,
    0x9c, 0xff, 0x31, 0x0, 0x0, 0x3, 0xde, 0xe0,
    0x4, 0x0, 0x0, 0x0, 0x0, 0xb3, 0xeb, 0x0,
    0x0, 0x0, 0x0, 0x0, 0x32, 0xff, 0x99, 0x0,
    0x0, 0x71, 0xff, 0x6e, 0x0, 0x0, 0x0, 0x0,
    0x0, 0xb3, 0xeb, 0x0, 0x0, 0x0, 0x0, 0x0,
    0x0, 0xd1, 0xf3, 0x8, 0x1e, 0xf6, 0xcf, 0x4,
    0x0, 0x0, 0x0, 0x0, 0x0, 0xb3, 0xeb, 0x0,
    0x0, 0x0, 0x0, 0x0, 0x0, 0x7d, 0xff, 0x48,
    0x0, 0x51, 0x2e, 0x0, 0x0, 0x0, 0x0, 0x0,
    0x0, 0xb3, 0xeb, 0x0, 0x0, 0x0, 0x0, 0x0,
    0x0, 0x35, 0xbf, 0x37, 0x0, 0x0, 0x0, 0x0,
    0x0, 0x0, 0x0, 0x0, 0x0, 0xb3, 0xeb, 0x0,
    0x0, 0x0, 0x0, 0x0, 0x0, 0x0, 0x0, 0x0,
    0x0, 0x0, 0x0, 0x0, 0x0, 0x0, 0x0, 0x0,
    0x0, 0xb4, 0xeb, 0x0, 0x0, 0x0, 0x0, 0x0,
    0x0, 0x0, 0x0, 0x0, 0x0, 0x0, 0x0, 0x0,
    0x0, 0x41, 0x86, 0x84, 0x88, 0xeb, 0xcd, 0x0,
    0x0, 0x0, 0x0, 0x0, 0x0, 0x0, 0x0, 0x0,
    0x0, 0x0, 0x0, 0x0, 0x0, 0x2a, 0xfe, 0xfc,
    0xf1, 0xc8, 0x44, 0x0, 0x0, 0x0, 0x0, 0x0,
    0x0, 0x0, 0x0, 0x0, 0x0, 0x0, 0x0, 0x0,
    0x0, 0x0, 0x0, 0x0, 0x0, 0x0, 0x0, 0x0,
    0x0, 0x0, 0x0, 0x0, 0x0, 0x0, 0x0, 0x0,

    /* U+5C4F "屏" */
    0x0, 0x0, 0x44, 0xf3, 0xf3, 0xf3, 0xf3, 0xf3,
    0xf3, 0xf3, 0xf3, 0xf3, 0xf3, 0xf3, 0xf3, 0xf3,
    0xf3, 0xe0, 0x0, 0x0, 0x0, 0x47, 0xff, 0x7c,
    0x57, 0x57, 0x57, 0x57, 0x57, 0x57, 0x57, 0x57,
    0x57, 0x57, 0x57, 0xc6, 0xeb, 0x0, 0x0, 0x0,
    0x47, 0xff, 0x37, 0x0, 0x0, 0x0, 0x0, 0x0,
    0x0, 0x0, 0x0, 0x0, 0x0, 0x0, 0xa7, 0xeb,
    0x0, 0x0, 0x0, 0x47, 0xff, 0x7f, 0x5b, 0x5b,
    0x5b, 0x5b, 0x5b, 0x5b, 0x5b, 0x5b, 0x5b, 0x5b,
    0x5b, 0xc7, 0xeb, 0x0, 0x0, 0x0, 0x47, 0xff,
    0xf6, 0xf3, 0xf3, 0xf3, 0xf3, 0xf3, 0xf3, 0xf3,
    0xf3, 0xf3, 0xf3, 0xf3, 0xf3, 0xe0, 0x0, 0x0,
    0x0, 0x47, 0xff, 0x37, 0x0, 0x3, 0x97, 0x6d,
    0x0, 0x0, 0x0, 0x0, 0x0, 0x5e, 0xb1, 0x24,
    0x0, 0x0, 0x0, 0x0, 0x48, 0xff, 0x37, 0x0,
    0x0, 0x91, 0xf7, 0x26, 0x0, 0x0, 0x0, 0x7,
    0xe2, 0xc0, 0x2, 0x0, 0x0, 0x0, 0x0, 0x4e,
    0xff, 0x31, 0x51, 0x53, 0x63, 0xb7, 0x63, 0x53,
    0x53, 0x53, 0x91, 0xff, 0x72, 0x53, 0x53, 0x22,
    0x0, 0x0, 0x54, 0xff, 0x29, 0xec, 0xf3, 0xf3,
    0xfe, 0xfa, 0xf3, 0xf3, 0xf3, 0xf8, 0xff, 0xf5,
    0xf3, 0xf3, 0x63, 0x0, 0x0, 0x67, 0xff, 0x1c,
    0x0, 0x0, 0x0, 0xe3, 0x8f, 0x0, 0x0, 0x0,
    0x5f, 0xff, 0x17, 0x0, 0x0, 0x0, 0x0, 0x0,
    0x82, 0xfb, 0x3, 0x0, 0x0, 0x0, 0xe4, 0x8f,
    0x0, 0x0, 0x0, 0x5f, 0xff, 0x17, 0x0, 0x0,
    0x0, 0x0, 0x0, 0xa2, 0xe1, 0x2a, 0x57, 0x57,
    0x57, 0xf0, 0xb4, 0x57, 0x57, 0x57, 0x96, 0xff,
    0x67, 0x57, 0x57, 0x52, 0x0, 0x0, 0xdd, 0xb0,
    0x76, 0xf3, 0xf3, 0xf5, 0xff, 0xf8, 0xf3, 0xf3,
    0xf3, 0xf8, 0xff, 0xf5, 0xf3, 0xf3, 0xe4, 0x0,
    0x1c, 0xff, 0x6e, 0x0, 0x0, 0x0, 0x68, 0xff,
    0x34, 0x0, 0x0, 0x0, 0x5f, 0xff, 0x17, 0x0,
    0x0, 0x0, 0x0, 0x7a, 0xff, 0x28, 0x0, 0x0,
    0x39, 0xf3, 0xb3, 0x0, 0x0, 0x0, 0x0, 0x5f,
    0xff, 0x17, 0x0, 0x0, 0x0, 0xc, 0xec, 0xb2,
    0x0, 0x16, 0x87, 0xfa, 0xbf, 0x12, 0x0, 0x0,
    0x0, 0x0, 0x5f, 0xff, 0x17, 0x0, 0x0, 0x0,
    0x21, 0xc7, 0x30, 0x0, 0x46, 0xd9, 0x6a, 0x4,
    0x0, 0x0, 0x0, 0x0, 0x0, 0x5f, 0xff, 0x17,
    0x0, 0x0, 0x0, 0x0, 0x0, 0x0, 0x0, 0x0,
    0x0, 0x0, 0x0, 0x0, 0x0, 0x0, 0x0, 0x0,
    0x0, 0x0, 0x0, 0x0, 0x0, 0x0,

    /* U+5E03 "布" */
    0x0, 0x0, 0x0, 0x0, 0x0, 0x0, 0x0, 0x0,
    0x0, 0x0, 0x0, 0x0, 0x0, 0x0, 0x0, 0x0,
    0x0, 0x0, 0x0, 0x0, 0x0, 0x0, 0x0, 0x0,
    0x0, 0x0, 0x19, 0xeb, 0x62, 0x0, 0x0, 0x0,
    0x0, 0x0, 0x0, 0x0, 0x0, 0x0, 0x0, 0x0,
    0x0, 0x0, 0x0, 0x0, 0x0, 0x6f, 0xff, 0x34,
    0x0, 0x0, 0x0, 0x0, 0x0, 0x0, 0x0, 0x0,
    0x0, 0x0, 0x0, 0x0, 0x0, 0x0, 0x0, 0x0,
    0xc7, 0xd9, 0x0, 0x0, 0x0, 0x0, 0x0, 0x0,
    0x0, 0x0, 0x0, 0x0, 0x0, 0xa3, 0xf3, 0xf3,
    0xf3, 0xf3, 0xf3, 0xff, 0xfb, 0xf3, 0xf3, 0xf3,
    0xf3, 0xf3, 0xf3, 0xf3, 0xf3, 0xf3, 0xe0, 0x0,
    0x55, 0x7f, 0x7f, 0x7f, 0x7f, 0xe5, 0xf3, 0x80,
    0x7f, 0x7f, 0x7f, 0x7f, 0x7f, 0x7f, 0x7f, 0x7f,
    0x7f, 0x75, 0x0, 0x0, 0x0, 0x0, 0x0, 0x41,
    0xff, 0x81, 0x0, 0x0, 0xac, 0xbf, 0x0, 0x0,
    0x0, 0x0, 0x0, 0x0, 0x0, 0x0, 0x0, 0x0,
    0x0, 0x6, 0xd7, 0xed, 0xe, 0x0, 0x0, 0xb7,
    0xcb, 0x0, 0x0, 0x0, 0x0, 0x0, 0x0, 0x0,
    0x0, 0x0, 0x0, 0x0, 0x7a, 0xff, 0x75, 0x0,
    0x0, 0x0, 0xb7, 0xcb, 0x0, 0x0, 0x0, 0x0,
    0x0, 0x0, 0x0, 0x0, 0x0, 0x0, 0x2c, 0xf6,
    0xfe, 0x81, 0x77, 0x77, 0x77, 0xd9, 0xe4, 0x77,
    0x77, 0x77, 0x77, 0x77, 0x63, 0x0, 0x0, 0x0,
    0x1b, 0xe3, 0xff, 0xff, 0xf4, 0xf3, 0xf3, 0xf3,
    0xfc, 0xfd, 0xf3, 0xf3, 0xf3, 0xf3, 0xfc, 0xd3,
    0x0, 0x0, 0x25, 0xda, 0xf6, 0xbc, 0xff, 0xb,
    0x0, 0x0, 0x0, 0xb7, 0xcb, 0x0, 0x0, 0x0,
    0x0, 0xab, 0xd3, 0x0, 0x13, 0xed, 0xe7, 0x35,
    0x73, 0xff, 0xb, 0x0, 0x0, 0x0, 0xb7, 0xcb,
    0x0, 0x0, 0x0, 0x0, 0xab, 0xd3, 0x0, 0x0,
    0x72, 0x1e, 0x0, 0x73, 0xff, 0xb, 0x0, 0x0,
    0x0, 0xb7, 0xcb, 0x0, 0x0, 0x0, 0x0, 0xab,
    0xd3, 0x0, 0x0, 0x0, 0x0, 0x0, 0x73, 0xff,
    0xb, 0x0, 0x0, 0x0, 0xb7, 0xcb, 0x0, 0x0,
    0x0, 0x0, 0xab, 0xd3, 0x0, 0x0, 0x0, 0x0,
    0x0, 0x73, 0xff, 0xb, 0x0, 0x0, 0x0, 0xb7,
    0xcb, 0x0, 0x0, 0x0, 0x0, 0xb1, 0xd2, 0x0,
    0x0, 0x0, 0x0, 0x0, 0x73, 0xff, 0xb, 0x0,
    0x0, 0x0, 0xb7, 0xcb, 0x0, 0xab, 0xf3, 0xf3,
    0xff, 0xa0, 0x0, 0x0, 0x0, 0x0, 0x0, 0x67,
    0xe3, 0xa, 0x0, 0x0, 0x0, 0xb7, 0xcb, 0x0,
    0x2c, 0x61, 0x5c, 0x3e, 0x5, 0x0, 0x0, 0x0,
    0x0, 0x0, 0x0, 0x0, 0x0, 0x0, 0x0, 0x0,
    0xb7, 0xcb, 0x0, 0x0, 0x0, 0x0, 0x0, 0x0,
    0x0,

    /* U+5E38 "常" */
    0x0, 0x0, 0x0, 0x0, 0x0, 0x0, 0x0, 0x0,
    0x4, 0x7, 0x0, 0x0, 0x0, 0x0, 0x0, 0x0,
    0x0, 0x0, 0x0, 0x0, 0x3a, 0xab, 0x16, 0x0,
    0x0, 0x0, 0x97, 0xeb, 0x0, 0x0, 0x0, 0xe,
    0xb3, 0x57, 0x0, 0x0, 0x0, 0x0, 0x20, 0xef,
    0xbe, 0x1, 0x0, 0x0, 0x97, 0xeb, 0x0, 0x0,
    0x0, 0x9e, 0xf9, 0x38, 0x0, 0x0, 0x0, 0x0,
    0x0, 0x67, 0xe5, 0x29, 0x0, 0x0, 0x97, 0xeb,
    0x0, 0x0, 0x1e, 0xe7, 0x60, 0x0, 0x0, 0x0,
    0x42, 0xeb, 0xeb, 0xed, 0xf1, 0xeb, 0xeb, 0xeb,
    0xf7, 0xfe, 0xeb, 0xeb, 0xeb, 0xee, 0xeb, 0xeb,
    0xeb, 0x63, 0x47, 0xff, 0x7f, 0x67, 0x67, 0x67,
    0x67, 0x67, 0x67, 0x67, 0x67, 0x67, 0x67, 0x67,
    0x67, 0x71, 0xff, 0x6b, 0x47, 0xff, 0x27, 0x0,
    0x0, 0x0, 0x0, 0x0, 0x0, 0x0, 0x0, 0x0,
    0x0, 0x0, 0x0, 0xf, 0xff, 0x6b, 0x47, 0xff,
    0x27, 0x2d, 0xf3, 0xf3, 0xf3, 0xf3, 0xf3, 0xf3,
    0xf3, 0xf3, 0xf3, 0xf3, 0x6a, 0xf, 0xff, 0x6b,
    0x1a, 0x5f, 0xe, 0x2f, 0xff, 0x67, 0x2f, 0x2f,
    0x2f, 0x2f, 0x2f, 0x2f, 0x40, 0xff, 0x6f, 0x5,
    0x5f, 0x28, 0x0, 0x0, 0x0, 0x2f, 0xff, 0x43,
    0x0, 0x0, 0x0, 0x0, 0x0, 0x0, 0x13, 0xff,
    0x6f, 0x0, 0x0, 0x0, 0x0, 0x0, 0x0, 0x2f,
    0xff, 0xf7, 0xf3, 0xf3, 0xf3, 0xf3, 0xf3, 0xf3,
    0xf4, 0xff, 0x6f, 0x0, 0x0, 0x0, 0x0, 0x0,
    0x0, 0x8, 0x2f, 0x2f, 0x2f, 0x2f, 0x91, 0xff,
    0x3c, 0x2f, 0x2f, 0x2f, 0x14, 0x0, 0x0, 0x0,
    0x0, 0x0, 0xf, 0xf, 0xf, 0xf, 0xf, 0xf,
    0x80, 0xff, 0x1e, 0xf, 0xf, 0xf, 0xf, 0xf,
    0x3, 0x0, 0x0, 0x0, 0xf7, 0xff, 0xff, 0xff,
    0xff, 0xff, 0xff, 0xff, 0xff, 0xff, 0xff, 0xff,
    0xff, 0xff, 0x33, 0x0, 0x0, 0x0, 0xf7, 0xab,
    0x4b, 0x4b, 0x4b, 0x4b, 0xa0, 0xff, 0x57, 0x4b,
    0x4b, 0x4b, 0x7b, 0xff, 0x33, 0x0, 0x0, 0x0,
    0xf7, 0x87, 0x0, 0x0, 0x0, 0x0, 0x77, 0xff,
    0xf, 0x0, 0x0, 0x0, 0x43, 0xff, 0x33, 0x0,
    0x0, 0x0, 0xf7, 0x87, 0x0, 0x0, 0x0, 0x0,
    0x77, 0xff, 0xf, 0x0, 0x0, 0x0, 0x43, 0xff,
    0x33, 0x0, 0x0, 0x0, 0xf7, 0x87, 0x0, 0x0,
    0x0, 0x0, 0x77, 0xff, 0xf, 0x10, 0x63, 0x60,
    0x9a, 0xff, 0x28, 0x0, 0x0, 0x0, 0xae, 0x5f,
    0x0, 0x0, 0x0, 0x0, 0x77, 0xff, 0xf, 0x1,
    0xd6, 0xef, 0xe0, 0x9d, 0x3, 0x0,

    /* U+5E55 "幕" */
    0x0, 0x0, 0x0, 0x0, 0x0, 0xd, 0x93, 0x35,
    0x0, 0x0, 0x0, 0x0, 0x43, 0x93, 0x2, 0x0,
    0x0, 0x0, 0x0, 0x0, 0x0, 0x33, 0x4b, 0x4b,
    0x4b, 0x5c, 0xff, 0x8c, 0x4b, 0x4b, 0x4b, 0x4b,
    0x9d, 0xff, 0x4e, 0x4b, 0x4b, 0x4b, 0x35, 0x0,
    0x0, 0xa3, 0xf3, 0xf3, 0xf3, 0xf5, 0xff, 0xf8,
    0xf3, 0xf3, 0xf3, 0xf3, 0xf9, 0xff, 0xf4, 0xf3,
    0xf3, 0xf3, 0xab, 0x0, 0x0, 0x0, 0x0, 0x0,
    0x0, 0x16, 0xeb, 0x54, 0x0, 0x0, 0x0, 0x0,
    0x63, 0xdb, 0x3, 0x0, 0x0, 0x0, 0x0, 0x0,
    0x0, 0x0, 0x0, 0x89, 0xf3, 0xf3, 0xf3, 0xf3,
    0xf3, 0xf3, 0xf3, 0xf3, 0xf3, 0xf3, 0xf3, 0xf3,
    0xc6, 0x0, 0x0, 0x0, 0x0, 0x0, 0x0, 0x8f,
    0xe1, 0xb, 0xb, 0xb, 0xb, 0xb, 0xb, 0xb,
    0xb, 0xb, 0xb, 0xb3, 0xcf, 0x0, 0x0, 0x0,
    0x0, 0x0, 0x0, 0x8f, 0xfc, 0xe7, 0xe7, 0xe7,
    0xe7, 0xe7, 0xe7, 0xe7, 0xe7, 0xe7, 0xe7, 0xf8,
    0xcf, 0x0, 0x0, 0x0, 0x0, 0x0, 0x0, 0x8f,
    0xe1, 0xf, 0xf, 0xf, 0xf, 0xf, 0xf, 0xf,
    0xf, 0xf, 0xf, 0xb4, 0xcf, 0x0, 0x0, 0x0,
    0x0, 0x0, 0x0, 0x8f, 0xe6, 0x37, 0x37, 0x37,
    0x37, 0x37, 0x37, 0x37, 0x37, 0x37, 0x37, 0xc1,
    0xcf, 0x0, 0x0, 0x0, 0x0, 0x0, 0x0, 0x72,
    0xcb, 0xcb, 0xd1, 0xff, 0xea, 0xcb, 0xcb, 0xcb,
    0xcb, 0xcb, 0xcb, 0xcb, 0xa5, 0x0, 0x0, 0x0,
    0x0, 0x3f, 0x43, 0x43, 0x43, 0x43, 0x9e, 0xff,
    0x71, 0x43, 0x43, 0x43, 0x43, 0x43, 0x43, 0x43,
    0x43, 0x43, 0x3f, 0x0, 0x0, 0xe4, 0xf3, 0xf3,
    0xf4, 0xff, 0xff, 0xf3, 0xf3, 0xfd, 0xfb, 0xf3,
    0xf3, 0xfd, 0xfd, 0xf3, 0xf3, 0xf3, 0xe4, 0x0,
    0x0, 0x0, 0x0, 0x16, 0xac, 0xef, 0x4f, 0x0,
    0x0, 0xcf, 0xa7, 0x0, 0x0, 0x3d, 0xe5, 0x9b,
    0x15, 0x0, 0x0, 0x0, 0x0, 0x14, 0x7b, 0xec,
    0xff, 0xf8, 0xef, 0xef, 0xef, 0xfc, 0xfa, 0xef,
    0xef, 0xef, 0xf7, 0xff, 0xf0, 0x94, 0x3b, 0x1,
    0x21, 0xf5, 0xec, 0x69, 0xcf, 0xbd, 0x47, 0x47,
    0x47, 0xdd, 0xc0, 0x47, 0x47, 0x47, 0x92, 0xff,
    0x5c, 0xcf, 0xf3, 0x23, 0x0, 0x55, 0x12, 0x0,
    0xcb, 0xa3, 0x0, 0x0, 0x0, 0xcf, 0xa7, 0x0,
    0x0, 0x0, 0x67, 0xff, 0xf, 0x1, 0x23, 0x0,
    0x0, 0x0, 0x0, 0x0, 0xcb, 0xa3, 0x0, 0x0,
    0x0, 0xcf, 0xa7, 0x0, 0x16, 0x29, 0x8b, 0xff,
    0xa, 0x0, 0x0, 0x0, 0x0, 0x0, 0x0, 0x0,
    0xcb, 0xa3, 0x0, 0x0, 0x0, 0xcf, 0xa7, 0x0,
    0x43, 0xea, 0xe2, 0x97, 0x0, 0x0, 0x0, 0x0,

    /* U+5E73 "平" */
    0x0, 0x67, 0x73, 0x73, 0x73, 0x73, 0x73, 0x73,
    0x73, 0x73, 0x73, 0x73, 0x73, 0x73, 0x73, 0x73,
    0x63, 0x0, 0x0, 0xe3, 0xff, 0xff, 0xff, 0xff,
    0xff, 0xff, 0xff, 0xff, 0xff, 0xff, 0xff, 0xff,
    0xff, 0xff, 0xdb, 0x0, 0x0, 0xa, 0xb, 0xb,
    0xb, 0xb, 0xb, 0xb, 0xd2, 0xc2, 0xb, 0xb,
    0xb, 0xb, 0x10, 0xb, 0xa, 0x0, 0x0, 0x0,
    0x43, 0xde, 0x1c, 0x0, 0x0, 0x0, 0xcf, 0xbf,
    0x0, 0x0, 0x0, 0x26, 0xf3, 0x69, 0x0, 0x0,
    0x0, 0x0, 0x10, 0xf3, 0x90, 0x0, 0x0, 0x0,
    0xcf, 0xbf, 0x0, 0x0, 0x0, 0x8c, 0xfc, 0x23,
    0x0, 0x0, 0x0, 0x0, 0x0, 0x8e, 0xf6, 0xf,
    0x0, 0x0, 0xcf, 0xbf, 0x0, 0x0, 0xc, 0xec,
    0xa4, 0x0, 0x0, 0x0, 0x0, 0x0, 0x0, 0x2e,
    0xff, 0x62, 0x0, 0x0, 0xcf, 0xbf, 0x0, 0x0,
    0x7a, 0xf9, 0x23, 0x0, 0x0, 0x0, 0x0, 0x0,
    0x0, 0x0, 0xca, 0x72, 0x0, 0x0, 0xcf, 0xbf,
    0x0, 0x1, 0xca, 0x8c, 0x0, 0x0, 0x0, 0x0,
    0x0, 0x0, 0x0, 0x0, 0x0, 0x0, 0x0, 0x0,
    0xcf, 0xbf, 0x0, 0x0, 0x0, 0x3, 0x0, 0x0,
    0x0, 0x0, 0xe8, 0xf3, 0xf3, 0xf3, 0xf3, 0xf3,
    0xf3, 0xf3, 0xfd, 0xfc, 0xf3, 0xf3, 0xf3, 0xf3,
    0xf3, 0xf3, 0xf3, 0xf0, 0x85, 0x8b, 0x8b, 0x8b,
    0x8b, 0x8b, 0x8b, 0x8b, 0xea, 0xe2, 0x8b, 0x8b,
    0x8b, 0x8b, 0x8b, 0x8b, 0x8b, 0x89, 0x0, 0x0,
    0x0, 0x0, 0x0, 0x0, 0x0, 0x0, 0xcf, 0xbf,
    0x0, 0x0, 0x0, 0x0, 0x0, 0x0, 0x0, 0x0,
    0x0, 0x0, 0x0, 0x0, 0x0, 0x0, 0x0, 0x0,
    0xcf, 0xbf, 0x0, 0x0, 0x0, 0x0, 0x0, 0x0,
    0x0, 0x0, 0x0, 0x0, 0x0, 0x0, 0x0, 0x0,
    0x0, 0x0, 0xcf, 0xbf, 0x0, 0x0, 0x0, 0x0,
    0x0, 0x0, 0x0, 0x0, 0x0, 0x0, 0x0, 0x0,
    0x0, 0x0, 0x0, 0x0, 0xcf, 0xbf, 0x0, 0x0,
    0x0, 0x0, 0x0, 0x0, 0x0, 0x0, 0x0, 0x0,
    0x0, 0x0, 0x0, 0x0, 0x0, 0x0, 0xcf, 0xbf,
    0x0, 0x0, 0x0, 0x0, 0x0, 0x0, 0x0, 0x0,
    0x0, 0x0, 0x0, 0x0, 0x0, 0x0, 0x0, 0x0,
    0xcf, 0xbf, 0x0, 0x0, 0x0, 0x0, 0x0, 0x0,
    0x0, 0x0,

    /* U+5EA6 "度" */
    0x0, 0x0, 0x0, 0x0, 0x0, 0x0, 0x0, 0x0,
    0x0, 0x0, 0x1, 0x0, 0x0, 0x0, 0x0, 0x0,
    0x0, 0x0, 0x0, 0x0, 0x0, 0x0, 0x0, 0x0,
    0x0, 0x0, 0x0, 0x0, 0x0, 0x46, 0xec, 0x41,
    0x0, 0x0, 0x0, 0x0, 0x0, 0x0, 0x0, 0x0,
    0x0, 0x0, 0x0, 0x0, 0x0, 0x0, 0x0, 0x0,
    0x0, 0xa, 0xeb, 0xbc, 0x0, 0x0, 0x0, 0x0,
    0x0, 0x0, 0x0, 0x0, 0x0, 0x0, 0x6a, 0xf3,
    0xf3, 0xf3, 0xf3, 0xf3, 0xf3, 0xf3, 0xfc, 0xff,
    0xf3, 0xf3, 0xf3, 0xf3, 0xf3, 0xf3, 0xf3, 0x0,
    0x0, 0x0, 0x6f, 0xff, 0x7c, 0x73, 0x73, 0x76,
    0x7f, 0x76, 0x73, 0x73, 0x73, 0x73, 0x7f, 0x7a,
    0x73, 0x73, 0x73, 0x0, 0x0, 0x0, 0x6f, 0xff,
    0xf, 0x0, 0x0, 0x3b, 0xff, 0x33, 0x0, 0x0,
    0x0, 0x0, 0xef, 0x8b, 0x0, 0x0, 0x0, 0x0,
    0x0, 0x0, 0x6f, 0xff, 0x20, 0x23, 0x23, 0x57,
    0xff, 0x50, 0x23, 0x23, 0x23, 0x23, 0xf2, 0x9c,
    0x23, 0x23, 0x1c, 0x0, 0x0, 0x0, 0x6f, 0xff,
    0x83, 0xff, 0xff, 0xff, 0xff, 0xff, 0xff, 0xff,
    0xff, 0xff, 0xff, 0xff, 0xff, 0xff, 0xc7, 0x0,
    0x0, 0x0, 0x70, 0xff, 0x19, 0x17, 0x17, 0x4e,
    0xff, 0x47, 0x17, 0x17, 0x17, 0x17, 0xf1, 0x96,
    0x17, 0x17, 0x12, 0x0, 0x0, 0x0, 0x75, 0xff,
    0x8, 0x0, 0x0, 0x3b, 0xff, 0x33, 0x0, 0x0,
    0x0, 0x0, 0xef, 0x8b, 0x0, 0x0, 0x0, 0x0,
    0x0, 0x0, 0x7a, 0xff, 0x2, 0x0, 0x0, 0x3b,
    0xff, 0xf6, 0xf3, 0xf3, 0xf3, 0xf3, 0xff, 0x8b,
    0x0, 0x0, 0x0, 0x0, 0x0, 0x0, 0x87, 0xf6,
    0x0, 0x0, 0x0, 0xe, 0x3f, 0x3f, 0x3f, 0x3f,
    0x3f, 0x3f, 0x3f, 0x22, 0x0, 0x0, 0x0, 0x0,
    0x0, 0x0, 0x9d, 0xde, 0xc, 0x47, 0x47, 0x47,
    0x47, 0x47, 0x47, 0x47, 0x47, 0x47, 0x47, 0x47,
    0x3e, 0x0, 0x0, 0x0, 0x0, 0x0, 0xb3, 0xc6,
    0x29, 0xf3, 0xf3, 0xfb, 0xf6, 0xf3, 0xf3, 0xf3,
    0xf3, 0xf3, 0xf3, 0xfe, 0xf4, 0x22, 0x0, 0x0,
    0x0, 0x0, 0xdd, 0xa4, 0x0, 0x0, 0xb, 0xde,
    0xbd, 0xd, 0x0, 0x0, 0x0, 0x0, 0x6f, 0xfd,
    0x58, 0x0, 0x0, 0x0, 0x0, 0x11, 0xff, 0x6f,
    0x0, 0x0, 0x0, 0x29, 0xe9, 0xcf, 0x34, 0x0,
    0x15, 0x9a, 0xfc, 0x78, 0x0, 0x0, 0x0, 0x0,
    0x0, 0x4a, 0xff, 0x3c, 0x0, 0x0, 0x0, 0x0,
    0x19, 0xb9, 0xfe, 0xb2, 0xf1, 0xdd, 0x3a, 0x0,
    0x0, 0x0, 0x0, 0x0, 0x0, 0xa8, 0xea, 0x5,
    0x0, 0x3, 0x20, 0x51, 0x8e, 0xce, 0xff, 0xf3,
    0xff, 0xdc, 0x91, 0x4c, 0x14, 0x0, 0x0, 0x0,
    0x12, 0xf8, 0x8d, 0x4, 0xcc, 0xfb, 0xff, 0xfb,
    0xcb, 0x7f, 0x32, 0x1, 0x31, 0x87, 0xdc, 0xff,
    0xff, 0xf0, 0xc5, 0x10, 0x0, 0x4c, 0x24, 0x0,
    0x4b, 0x55, 0x2b, 0x6, 0x0, 0x0, 0x0, 0x0,
    0x0, 0x0, 0x0, 0x16, 0x44, 0x72, 0x5b, 0x0,

    /* U+5EF6 "延" */
    0x0, 0x0, 0x0, 0x0, 0x0, 0x0, 0x0, 0x0,
    0x0, 0x0, 0x0, 0x0, 0x0, 0x0, 0x0, 0x4,
    0x3f, 0x66, 0x0, 0x0, 0x0, 0x67, 0x67, 0x67,
    0x67, 0x79, 0x2f, 0x0, 0x0, 0x0, 0x11, 0x36,
    0x5b, 0x87, 0xbd, 0xf2, 0xff, 0xee, 0x48, 0x0,
    0x0, 0xf3, 0xf3, 0xf3, 0xf7, 0xff, 0x7b, 0x3,
    0xbd, 0xeb, 0xff, 0xff, 0xf7, 0xff, 0xcb, 0x70,
    0x38, 0x3, 0x0, 0x0, 0x0, 0x0, 0x0, 0x0,
    0x91, 0xe3, 0x9, 0x0, 0x5a, 0x5a, 0x39, 0x19,
    0x1, 0xff, 0x7b, 0x0, 0x0, 0x0, 0x0, 0x0,
    0x0, 0x0, 0x0, 0x24, 0xfa, 0x5c, 0x0, 0x0,
    0x0, 0x0, 0x0, 0x0, 0x0, 0xff, 0x7b, 0x0,
    0x0, 0x0, 0x0, 0x0, 0x0, 0x0, 0x0, 0xb1,
    0xba, 0x0, 0x0, 0x0, 0x1a, 0x57, 0x8, 0x0,
    0x0, 0xff, 0x7b, 0x0, 0x0, 0x0, 0x0, 0x0,
    0x0, 0x0, 0x60, 0xf3, 0x1f, 0x0, 0x0, 0x0,
    0x4b, 0xff, 0x17, 0x0, 0x0, 0xff, 0xb3, 0x6b,
    0x6b, 0x6b, 0x57, 0x0, 0x0, 0x55, 0xf9, 0xfc,
    0xf3, 0xf3, 0xea, 0x1a, 0x4b, 0xff, 0x17, 0x0,
    0x0, 0xff, 0xf5, 0xeb, 0xeb, 0xeb, 0xbf, 0x0,
    0x0, 0x53, 0x76, 0x67, 0x67, 0xad, 0xf5, 0x2,
    0x4b, 0xff, 0x17, 0x0, 0x0, 0xff, 0x7b, 0x0,
    0x0, 0x0, 0x0, 0x0, 0x0, 0x0, 0x2, 0x0,
    0x0, 0x9f, 0xc8, 0x0, 0x4b, 0xff, 0x17, 0x0,
    0x0, 0xff, 0x7b, 0x0, 0x0, 0x0, 0x0, 0x0,
    0x0, 0x3e, 0xde, 0x6, 0x0, 0xd5, 0x98, 0x0,
    0x4b, 0xff, 0x17, 0x0, 0x0, 0xff, 0x7b, 0x0,
    0x0, 0x0, 0x0, 0x0, 0x0, 0xe, 0xf5, 0x55,
    0x1e, 0xfe, 0x5b, 0x0, 0x4b, 0xff, 0x17, 0x0,
    0x0, 0xff, 0x7b, 0x0, 0x0, 0x0, 0x0, 0x0,
    0x0, 0x0, 0x9c, 0xd8, 0x7e, 0xf5, 0xb, 0x0,
    0x4b, 0xff, 0x17, 0x0, 0x0, 0xff, 0x7b, 0x0,
    0x0, 0x0, 0x0, 0x0, 0x0, 0x0, 0x19, 0xf0,
    0xfb, 0xa5, 0x0, 0x0, 0x4b, 0xff, 0xf5, 0xf3,
    0xf3, 0xff, 0xf9, 0xf3, 0xf3, 0xf3, 0xf0, 0x0,
    0x0, 0x0, 0x0, 0x94, 0xff, 0xa3, 0x6, 0x0,
    0x20, 0x6b, 0x6b, 0x6b, 0x6b, 0x6b, 0x6b, 0x6b,
    0x6b, 0x6b, 0x6a, 0x0, 0x0, 0x0, 0x32, 0xf8,
    0xdc, 0xfd, 0xd3, 0x57, 0xa, 0x0, 0x0, 0x0,
    0x0, 0x0, 0x0, 0x0, 0x0, 0x0, 0x0, 0x0,
    0x0, 0x2b, 0xe1, 0xe3, 0x15, 0x39, 0xd1, 0xff,
    0xf3, 0xc0, 0x98, 0x7e, 0x74, 0x6c, 0x6b, 0x6b,
    0x6c, 0x6d, 0x70, 0x1d, 0x1d, 0xf1, 0xe9, 0x32,
    0x0, 0x0, 0x0, 0x32, 0x85, 0xb2, 0xda, 0xee,
    0xf7, 0xff, 0xff, 0xff, 0xff, 0xff, 0xeb, 0x8,
    0x0, 0x5b, 0x1f, 0x0, 0x0, 0x0, 0x0, 0x0,
    0x0, 0x0, 0x0, 0x0, 0x0, 0x0, 0x0, 0x0,
    0x0, 0x0, 0x0, 0x0,

    /* U+5F0F "式" */
    0x0, 0x0, 0x0, 0x0, 0x0, 0x0, 0x0, 0x0,
    0x0, 0x0, 0x82, 0xa7, 0x0, 0x24, 0x65, 0x0,
    0x0, 0x0, 0x0, 0x0, 0x0, 0x0, 0x0, 0x0,
    0x0, 0x0, 0x0, 0x0, 0x0, 0xae, 0xed, 0x0,
    0x64, 0xfb, 0xab, 0x9, 0x0, 0x0, 0x0, 0x0,
    0x0, 0x0, 0x0, 0x0, 0x0, 0x0, 0x0, 0x0,
    0xa7, 0xf3, 0x0, 0x0, 0x3f, 0xf1, 0xbd, 0x2,
    0x0, 0xe, 0xf, 0xf, 0xf, 0xf, 0xf, 0xf,
    0xf, 0xf, 0xf, 0xa5, 0xf9, 0xf, 0xf, 0xf,
    0x46, 0x60, 0xe, 0x0, 0xe7, 0xff, 0xff, 0xff,
    0xff, 0xff, 0xff, 0xff, 0xff, 0xff, 0xff, 0xff,
    0xff, 0xff, 0xff, 0xff, 0xff, 0xef, 0x0, 0x5e,
    0x67, 0x67, 0x67, 0x67, 0x67, 0x67, 0x67, 0x67,
    0x67, 0xb1, 0xff, 0x77, 0x67, 0x67, 0x67, 0x67,
    0x61, 0x0, 0x0, 0x0, 0x0, 0x0, 0x0, 0x0,
    0x0, 0x0, 0x0, 0x0, 0x61, 0xff, 0x32, 0x0,
    0x0, 0x0, 0x0, 0x0, 0x0, 0x0, 0x0, 0x0,
    0x0, 0x0, 0x0, 0x0, 0x0, 0x0, 0x0, 0x41,
    0xff, 0x53, 0x0, 0x0, 0x0, 0x0, 0x0, 0x0,
    0x1a, 0x83, 0x83, 0x83, 0x83, 0x83, 0x83, 0x83,
    0x83, 0x54, 0x22, 0xff, 0x73, 0x0, 0x0, 0x0,
    0x0, 0x0, 0x0, 0x31, 0xf3, 0xf3, 0xf3, 0xfb,
    0xfe, 0xf3, 0xf3, 0xf3, 0x9c, 0x5, 0xfd, 0x95,
    0x0, 0x0, 0x0, 0x0, 0x0, 0x0, 0x0, 0x0,
    0x0, 0x0, 0x9b, 0xe3, 0x0, 0x0, 0x0, 0x0,
    0x0, 0xdd, 0xc4, 0x0, 0x0, 0x0, 0x0, 0x0,
    0x0, 0x0, 0x0, 0x0, 0x0, 0x9b, 0xe3, 0x0,
    0x0, 0x0, 0x0, 0x0, 0xa5, 0xf7, 0x6, 0x0,
    0x0, 0x0, 0x0, 0x0, 0x0, 0x0, 0x0, 0x0,
    0x9b, 0xe3, 0x0, 0x0, 0x0, 0x0, 0x0, 0x69,
    0xff, 0x45, 0x0, 0x0, 0x0, 0x0, 0x0, 0x0,
    0x0, 0x0, 0x0, 0x9b, 0xe3, 0x0, 0x0, 0x0,
    0x0, 0x0, 0x1a, 0xfe, 0x9b, 0x0, 0x0, 0x6,
    0xb1, 0x1a, 0x0, 0x0, 0x0, 0x0, 0x9b, 0xe7,
    0x38, 0x69, 0x9a, 0xca, 0x31, 0x0, 0xbb, 0xf4,
    0x13, 0x0, 0x1c, 0xff, 0x3f, 0x16, 0x46, 0x77,
    0xa8, 0xeb, 0xff, 0xff, 0xe6, 0xaf, 0x77, 0x16,
    0x0, 0x41, 0xff, 0xa7, 0x1, 0x48, 0xff, 0x1d,
    0xa2, 0xff, 0xf5, 0xc3, 0x8d, 0x56, 0x1e, 0x0,
    0x0, 0x0, 0x0, 0x0, 0x0, 0x9a, 0xff, 0xc5,
    0xd3, 0xd8, 0x0, 0x22, 0x2f, 0x4, 0x0, 0x0,
    0x0, 0x0, 0x0, 0x0, 0x0, 0x0, 0x0, 0x0,
    0x5, 0x84, 0xe5, 0xe5, 0x48, 0x0,

    /* U+5F62 "形" */
    0x0, 0x0, 0x0, 0x0, 0x0, 0x0, 0x0, 0x0,
    0x0, 0x0, 0x0, 0x0, 0x0, 0x0, 0x0, 0x0,
    0xd, 0x2d, 0x0, 0x0, 0x0, 0x55, 0x73, 0x73,
    0x73, 0x73, 0x73, 0x73, 0x73, 0x73, 0x73, 0x41,
    0x0, 0x0, 0x0, 0x7, 0xbc, 0xec, 0x1f, 0x0,
    0x0, 0xb3, 0xf3, 0xf9, 0xff, 0xf3, 0xf3, 0xf3,
    0xfd, 0xfc, 0xf3, 0x89, 0x0, 0x0, 0x14, 0xc4,
    0xeb, 0x2e, 0x0, 0x0, 0x0, 0x0, 0x0, 0x73,
    0xf7, 0x0, 0x0, 0x0, 0xcf, 0xab, 0x0, 0x0,
    0x0, 0x53, 0xe5, 0xe7, 0x2c, 0x0, 0x0, 0x0,
    0x0, 0x0, 0x0, 0x73, 0xf7, 0x0, 0x0, 0x0,
    0xcf, 0xab, 0x0, 0x19, 0xb3, 0xff, 0xab, 0x14,
    0x0, 0x0, 0x0, 0x0, 0x0, 0x0, 0x0, 0x73,
    0xf7, 0x0, 0x0, 0x0, 0xcf, 0xab, 0x0, 0xa,
    0xa8, 0x59, 0x0, 0x0, 0x0, 0x0, 0x0, 0x0,
    0x0, 0x0, 0x0, 0x73, 0xf7, 0x0, 0x0, 0x0,
    0xcf, 0xab, 0x0, 0x0, 0x0, 0x0, 0x0, 0x0,
    0x8, 0xb0, 0x7c, 0x0, 0x0, 0x0, 0x0, 0x73,
    0xf7, 0x0, 0x0, 0x0, 0xcf, 0xab, 0x0, 0x0,
    0x0, 0x0, 0x0, 0xd, 0xb8, 0xf3, 0x35, 0x0,
    0x13, 0xfb, 0xfb, 0xfd, 0xff, 0xfb, 0xfb, 0xfb,
    0xff, 0xfe, 0xfb, 0xd0, 0x0, 0x0, 0x2a, 0xd4,
    0xe9, 0x36, 0x0, 0x0, 0x8, 0x6b, 0x6b, 0xb4,
    0xf5, 0x6b, 0x6b, 0x6b, 0xe4, 0xcf, 0x6b, 0x59,
    0x9, 0x85, 0xfa, 0xc6, 0x21, 0x0, 0x0, 0x0,
    0x0, 0x0, 0x0, 0x8b, 0xdf, 0x0, 0x0, 0x0,
    0xcf, 0xab, 0x0, 0x9, 0xd4, 0xf6, 0x73, 0x2,
    0x0, 0x0, 0x0, 0x0, 0x0, 0x0, 0x0, 0xa2,
    0xcd, 0x0, 0x0, 0x0, 0xcf, 0xab, 0x0, 0x0,
    0x38, 0x26, 0x0, 0x0, 0x0, 0x29, 0x89, 0x1b,
    0x0, 0x0, 0x0, 0xd1, 0xa3, 0x0, 0x0, 0x0,
    0xcf, 0xab, 0x0, 0x0, 0x0, 0x0, 0x0, 0x0,
    0xe, 0xd8, 0xe0, 0x13, 0x0, 0x0, 0x10, 0xfc,
    0x70, 0x0, 0x0, 0x0, 0xcf, 0xab, 0x0, 0x0,
    0x0, 0x0, 0x0, 0x14, 0xc8, 0xf4, 0x32, 0x0,
    0x0, 0x0, 0x70, 0xfe, 0x25, 0x0, 0x0, 0x0,
    0xcf, 0xab, 0x0, 0x0, 0x0, 0x0, 0x2e, 0xda,
    0xed, 0x37, 0x0, 0x0, 0x0, 0xb, 0xde, 0xb8,
    0x0, 0x0, 0x0, 0x0, 0xcf, 0xab, 0x0, 0x0,
    0x8, 0x81, 0xfa, 0xd4, 0x29, 0x0, 0x0, 0x0,
    0x0, 0xa2, 0xfa, 0x37, 0x0, 0x0, 0x0, 0x0,
    0xcf, 0xab, 0x9, 0x78, 0xe8, 0xfc, 0x8e, 0x8,
    0x0, 0x0, 0x0, 0x0, 0x6, 0xba, 0x72, 0x0,
    0x0, 0x0, 0x0, 0x0, 0xcf, 0xab, 0x2, 0xa2,
    0xa8, 0x28, 0x0, 0x0, 0x0, 0x0, 0x0, 0x0,
    0x0, 0x3, 0x0, 0x0, 0x0, 0x0, 0x0, 0x0,
    0x0, 0x0, 0x0, 0x0, 0x0, 0x0, 0x0, 0x0,
    0x0, 0x0, 0x0, 0x0,

    /* U+5F71 "影" */
    0x0, 0xc, 0xf, 0xf, 0xf, 0xf, 0xf, 0xf,
    0xf, 0xf, 0x3, 0x0, 0x0, 0x0, 0x0, 0x1b,
    0x1e, 0x0, 0x0, 0x0, 0xc3, 0xfb, 0xf3, 0xf3,
    0xf3, 0xf3, 0xf3, 0xf6, 0xff, 0x37, 0x0, 0x0,
    0x0, 0x11, 0xd5, 0xdd, 0xe, 0x0, 0x0, 0xc3,
    0xa3, 0x0, 0x0, 0x0, 0x0, 0x0, 0x3b, 0xff,
    0x37, 0x0, 0x0, 0x1b, 0xd3, 0xe2, 0x21, 0x0,
    0x0, 0x0, 0xc3, 0xfa, 0xef, 0xef, 0xef, 0xef,
    0xef, 0xf3, 0xff, 0x37, 0x0, 0x57, 0xec, 0xde,
    0x23, 0x0, 0x0, 0x0, 0x0, 0xc3, 0xa8, 0xb,
    0xb, 0xb, 0xb, 0xb, 0x45, 0xff, 0x39, 0xa8,
    0xff, 0xa2, 0xe, 0x0, 0x0, 0x0, 0x0, 0x0,
    0xc3, 0xf4, 0xdf, 0xdf, 0xdf, 0xdf, 0xdf, 0xe7,
    0xff, 0x37, 0x48, 0x57, 0x0, 0x0, 0x0, 0xa,
    0x0, 0x0, 0x0, 0x1b, 0x23, 0x23, 0x5e, 0xd3,
    0x32, 0x23, 0x23, 0x23, 0x7, 0x0, 0x0, 0x0,
    0x0, 0x1f, 0xe8, 0x8e, 0x0, 0x32, 0x43, 0x43,
    0x43, 0x6d, 0xff, 0x8a, 0x43, 0x43, 0x43, 0x3e,
    0x0, 0x0, 0x0, 0x1d, 0xd8, 0xe7, 0x1c, 0x0,
    0xb6, 0xf3, 0xf3, 0xf3, 0xf3, 0xf3, 0xf3, 0xf3,
    0xf3, 0xf3, 0xe0, 0x0, 0x0, 0x37, 0xe2, 0xe6,
    0x2a, 0x0, 0x0, 0x0, 0x13, 0x1f, 0x1f, 0x1f,
    0x1f, 0x1f, 0x1f, 0x1f, 0x1f, 0x0, 0x7, 0x87,
    0xfc, 0xd0, 0x23, 0x0, 0x0, 0x0, 0x0, 0x9b,
    0xfd, 0xf3, 0xf3, 0xf3, 0xf3, 0xf3, 0xf9, 0xff,
    0x1, 0xc3, 0xff, 0x91, 0x7, 0x0, 0x0, 0x0,
    0x0, 0x0, 0x9b, 0xc7, 0x0, 0x0, 0x0, 0x0,
    0x0, 0x73, 0xff, 0x0, 0x3a, 0x4b, 0x0, 0x0,
    0x0, 0x0, 0x0, 0x0, 0x0, 0x9b, 0xd0, 0x27,
    0x27, 0x27, 0x27, 0x27, 0x89, 0xff, 0x0, 0x0,
    0x0, 0x0, 0x0, 0x0, 0x83, 0xca, 0x12, 0x0,
    0x8f, 0xeb, 0xeb, 0xed, 0xff, 0xf3, 0xeb, 0xeb,
    0xeb, 0x0, 0x0, 0x0, 0x0, 0x0, 0x68, 0xff,
    0x7a, 0x0, 0x0, 0x1c, 0xac, 0x25, 0x17, 0xff,
    0x63, 0x3a, 0x91, 0x3, 0x0, 0x0, 0x0, 0x4,
    0x8c, 0xff, 0x8e, 0x0, 0x0, 0x6, 0xbc, 0xcc,
    0x4, 0x17, 0xff, 0x63, 0xe, 0xd8, 0x8f, 0x0,
    0x0, 0x37, 0xd1, 0xfb, 0x73, 0x0, 0x0, 0x0,
    0x84, 0xe5, 0x25, 0x40, 0x5a, 0xff, 0x62, 0x0,
    0x33, 0xea, 0x51, 0xb4, 0xfe, 0xd6, 0x34, 0x0,
    0x0, 0x0, 0x0, 0x3, 0x1c, 0x0, 0xd1, 0xf9,
    0xd7, 0x28, 0x0, 0x0, 0x5, 0x29, 0xcf, 0x66,
    0x5, 0x0, 0x0, 0x0, 0x0, 0x0,

    /* U+5FC3 "心" */
    0x0, 0x0, 0x0, 0x0, 0x0, 0x0, 0x0, 0x17,
    0x9, 0x0, 0x0, 0x0, 0x0, 0x0, 0x0, 0x0,
    0x0, 0x0, 0x0, 0x0, 0x0, 0x0, 0x0, 0x0,
    0x0, 0x0, 0x4, 0xd3, 0xd3, 0x29, 0x0, 0x0,
    0x0, 0x0, 0x0, 0x0, 0x0, 0x0, 0x0, 0x0,
    0x0, 0x0, 0x0, 0x0, 0x0, 0x0, 0x0, 0x2e,
    0xdc, 0xf5, 0x61, 0x0, 0x0, 0x0, 0x0, 0x0,
    0x0, 0x0, 0x0, 0x0, 0x0, 0x0, 0x0, 0x0,
    0x0, 0x0, 0x0, 0x0, 0x10, 0xb3, 0xff, 0x93,
    0x3, 0x0, 0x0, 0x0, 0x0, 0x0, 0x0, 0x0,
    0x0, 0x0, 0x0, 0x0, 0x0, 0x0, 0x0, 0x0,
    0x0, 0x1, 0x8f, 0xff, 0xaf, 0x6, 0x0, 0x0,
    0x0, 0x0, 0x0, 0x0, 0x0, 0x0, 0x0, 0x0,
    0x0, 0x9, 0x73, 0x36, 0x0, 0x0, 0x0, 0x7c,
    0xd5, 0x12, 0x0, 0x0, 0x0, 0x0, 0x0, 0x0,
    0x0, 0x0, 0x0, 0x0, 0x0, 0x13, 0xff, 0x77,
    0x0, 0x0, 0x0, 0x0, 0xb, 0x0, 0x0, 0x11,
    0x44, 0x0, 0x0, 0x0, 0x0, 0x0, 0x57, 0xcb,
    0x11, 0x13, 0xff, 0x77, 0x0, 0x0, 0x0, 0x0,
    0x0, 0x0, 0x0, 0x95, 0xf7, 0x13, 0x0, 0x0,
    0x0, 0x0, 0x8b, 0xf4, 0x1, 0x13, 0xff, 0x77,
    0x0, 0x0, 0x0, 0x0, 0x0, 0x0, 0x0, 0x2f,
    0xff, 0x75, 0x0, 0x0, 0x0, 0x0, 0xb9, 0xca,
    0x0, 0x13, 0xff, 0x77, 0x0, 0x0, 0x0, 0x0,
    0x0, 0x0, 0x0, 0x0, 0xc7, 0xde, 0x2, 0x0,
    0x0, 0x0, 0xe7, 0x9f, 0x0, 0x13, 0xff, 0x77,
    0x0, 0x0, 0x0, 0x0, 0x0, 0x0, 0x0, 0x0,
    0x60, 0xff, 0x48, 0x0, 0x0, 0x22, 0xff, 0x71,
    0x0, 0x13, 0xff, 0x77, 0x0, 0x0, 0x0, 0x0,
    0x0, 0x0, 0x0, 0x0, 0xc, 0xf8, 0x9d, 0x0,
    0x0, 0x67, 0xff, 0x35, 0x0, 0x13, 0xff, 0x77,
    0x0, 0x0, 0x0, 0x0, 0x0, 0x0, 0x53, 0x10,
    0x0, 0xb4, 0xec, 0x1, 0x0, 0xb9, 0xf1, 0x4,
    0x0, 0x13, 0xff, 0x77, 0x0, 0x0, 0x0, 0x0,
    0x0, 0x0, 0xd1, 0xa6, 0x0, 0x6d, 0xff, 0x2e,
    0x4, 0xd4, 0xa6, 0x0, 0x0, 0x13, 0xff, 0x77,
    0x0, 0x0, 0x0, 0x0, 0x0, 0x0, 0xe4, 0x8d,
    0x0, 0x24, 0x65, 0xa, 0x0, 0x1, 0x11, 0x0,
    0x0, 0x10, 0xff, 0x82, 0x0, 0x0, 0x0, 0x0,
    0x0, 0x13, 0xff, 0x6c, 0x0, 0x0, 0x0, 0x0,
    0x0, 0x0, 0x0, 0x0, 0x0, 0x0, 0xf1, 0xdc,
    0x71, 0x6b, 0x6b, 0x6b, 0x6e, 0xbb, 0xff, 0x22,
    0x0, 0x0, 0x0, 0x0, 0x0, 0x0, 0x0, 0x0,
    0x0, 0x0, 0x5c, 0xdf, 0xfa, 0xff, 0xff, 0xff,
    0xfe, 0xe0, 0x6b, 0x0, 0x0, 0x0, 0x0, 0x0,

    /* U+6001 "态" */
    0x0, 0x0, 0x0, 0x0, 0x0, 0x0, 0x0, 0x0,
    0x0, 0x5, 0x6, 0x0, 0x0, 0x0, 0x0, 0x0,
    0x0, 0x0, 0x0, 0x0, 0x0, 0x0, 0x0, 0x0,
    0x0, 0x0, 0x0, 0x0, 0x0, 0xc3, 0xcb, 0x0,
    0x0, 0x0, 0x0, 0x0, 0x0, 0x0, 0x0, 0x0,
    0x0, 0x0, 0x0, 0x0, 0x0, 0x0, 0x0, 0x0,
    0x0, 0xe8, 0xa7, 0x0, 0x0, 0x0, 0x0, 0x0,
    0x0, 0x0, 0x0, 0x0, 0x0, 0x0, 0x0, 0x0,
    0x0, 0x0, 0x0, 0x0, 0xd, 0xff, 0x82, 0x0,
    0x0, 0x0, 0x0, 0x0, 0x0, 0x0, 0x0, 0x0,
    0x0, 0xdc, 0xfb, 0xfb, 0xfb, 0xfb, 0xfb, 0xfb,
    0xfc, 0xff, 0xfd, 0xfb, 0xfb, 0xfb, 0xfb, 0xfb,
    0xfb, 0xfb, 0xf0, 0x0, 0x0, 0x5e, 0x6b, 0x6b,
    0x6b, 0x6b, 0x6b, 0x6b, 0xd0, 0xf6, 0xde, 0xe6,
    0x6c, 0x6b, 0x6b, 0x6b, 0x6b, 0x6b, 0x66, 0x0,
    0x0, 0x0, 0x0, 0x0, 0x0, 0x0, 0x0, 0x1c,
    0xf8, 0x97, 0x54, 0xff, 0x53, 0x0, 0x0, 0x0,
    0x0, 0x0, 0x0, 0x0, 0x0, 0x0, 0x0, 0x0,
    0x0, 0x0, 0x2, 0xb0, 0xf8, 0x25, 0x0, 0xc5,
    0xe8, 0x24, 0x0, 0x0, 0x0, 0x0, 0x0, 0x0,
    0x0, 0x0, 0x0, 0x0, 0x0, 0x2, 0x9a, 0xff,
    0x62, 0x0, 0x0, 0x1d, 0xe3, 0xe6, 0x2a, 0x0,
    0x0, 0x0, 0x0, 0x0, 0x0, 0x0, 0x0, 0x0,
    0x2e, 0xc7, 0xff, 0x9b, 0xcc, 0xa7, 0x18, 0x0,
    0x2b, 0xec, 0xf4, 0x78, 0x6, 0x0, 0x0, 0x0,
    0x0, 0x7, 0x4f, 0xa8, 0xfb, 0xe5, 0x47, 0x0,
    0x4f, 0xe7, 0xed, 0x43, 0x0, 0x1b, 0xb8, 0xff,
    0xde, 0x82, 0x2e, 0x0, 0x2, 0xce, 0xff, 0xe8,
    0x80, 0x11, 0x0, 0x0, 0x0, 0x1d, 0xcd, 0xba,
    0x6, 0x0, 0x0, 0x5a, 0xc3, 0xff, 0xc8, 0x5,
    0x0, 0x2f, 0x40, 0x3, 0x0, 0x0, 0x0, 0x0,
    0x73, 0xd9, 0x27, 0x0, 0x0, 0x0, 0x0, 0xa,
    0x16, 0x26, 0x1b, 0x0, 0x0, 0x0, 0x14, 0xd1,
    0x35, 0x93, 0xd8, 0x0, 0x13, 0xcf, 0xe4, 0x25,
    0x0, 0x0, 0x0, 0xc8, 0xba, 0x0, 0x0, 0x0,
    0x0, 0x0, 0x61, 0xff, 0x1c, 0x97, 0xdf, 0x0,
    0x0, 0x12, 0xd8, 0xdd, 0x16, 0x0, 0x0, 0x51,
    0xff, 0x45, 0x0, 0x0, 0x0, 0x0, 0xb4, 0xcd,
    0x0, 0x97, 0xdf, 0x0, 0x0, 0x0, 0x26, 0xd3,
    0x3a, 0x0, 0x74, 0x28, 0xcd, 0xcc, 0x0, 0x0,
    0x0, 0x2f, 0xfe, 0x71, 0x0, 0x97, 0xe0, 0x0,
    0x0, 0x0, 0x0, 0x0, 0x0, 0x0, 0xe9, 0x80,
    0x61, 0xff, 0x33, 0x0, 0x0, 0xb0, 0xee, 0xc,
    0x0, 0x85, 0xfd, 0x71, 0x5c, 0x5b, 0x5b, 0x5b,
    0x5c, 0x87, 0xff, 0x50, 0xe, 0xf6, 0x97, 0x0,
    0x0, 0x2c, 0x55, 0x0, 0x0, 0x21, 0xc4, 0xf2,
    0xff, 0xff, 0xff, 0xff, 0xff, 0xf1, 0xa7, 0x3,
    0x0, 0x54, 0x21, 0x0,

    /* U+603B "总" */
    0x0, 0x0, 0x0, 0x0, 0x45, 0xb8, 0xe, 0x0,
    0x0, 0x0, 0x0, 0x0, 0x59, 0xb6, 0x24, 0x0,
    0x0, 0x0, 0x0, 0x0, 0x0, 0x0, 0x0, 0x23,
    0xf3, 0xa9, 0x0, 0x0, 0x0, 0x0, 0x2, 0xd6,
    0xdd, 0x9, 0x0, 0x0, 0x0, 0x0, 0x0, 0x0,
    0x0, 0x0, 0x0, 0x6d, 0xff, 0x43, 0x0, 0x0,
    0x0, 0x61, 0xff, 0x48, 0x0, 0x0, 0x0, 0x0,
    0x0, 0x0, 0x0, 0x0, 0x0, 0x0, 0x6, 0xdd,
    0x74, 0x0, 0x0, 0xf, 0xe9, 0xa9, 0x0, 0x0,
    0x0, 0x0, 0x0, 0x0, 0x0, 0x0, 0x13, 0xf3,
    0xf3, 0xf3, 0xf7, 0xf3, 0xf3, 0xf3, 0xf7, 0xff,
    0xf8, 0xf3, 0xf3, 0x94, 0x0, 0x0, 0x0, 0x0,
    0x0, 0x13, 0xff, 0xbb, 0x77, 0x77, 0x77, 0x77,
    0x77, 0x77, 0x77, 0x77, 0x80, 0xff, 0x9b, 0x0,
    0x0, 0x0, 0x0, 0x0, 0x13, 0xff, 0x7f, 0x0,
    0x0, 0x0, 0x0, 0x0, 0x0, 0x0, 0x0, 0xf,
    0xff, 0x9b, 0x0, 0x0, 0x0, 0x0, 0x0, 0x13,
    0xff, 0x7f, 0x0, 0x0, 0x0, 0x0, 0x0, 0x0,
    0x0, 0x0, 0xf, 0xff, 0x9b, 0x0, 0x0, 0x0,
    0x0, 0x0, 0x13, 0xff, 0x7f, 0x0, 0x0, 0x0,
    0x0, 0x0, 0x0, 0x0, 0x0, 0xf, 0xff, 0x9b,
    0x0, 0x0, 0x0, 0x0, 0x0, 0x13, 0xff, 0xf9,
    0xf3, 0xf3, 0xf3, 0xf3, 0xf3, 0xf3, 0xf3, 0xf3,
    0xf4, 0xff, 0x9b, 0x0, 0x0, 0x0, 0x0, 0x0,
    0x9, 0x7b, 0x7b, 0x7b, 0x7b, 0x7b, 0xac, 0x7c,
    0x7b, 0x7b, 0x7b, 0x7b, 0x7b, 0x4b, 0x0, 0x0,
    0x0, 0x0, 0x0, 0x0, 0x0, 0x8, 0x2f, 0x13,
    0x3d, 0xfc, 0xa8, 0x10, 0x0, 0x0, 0x0, 0x0,
    0x1c, 0x0, 0x0, 0x0, 0x0, 0x2d, 0xc4, 0x2c,
    0x2f, 0xff, 0x67, 0x0, 0x3e, 0xe6, 0xdb, 0x1f,
    0x0, 0x0, 0x56, 0xf6, 0x2d, 0x0, 0x0, 0x0,
    0x82, 0xf9, 0xd, 0x2f, 0xff, 0x67, 0x0, 0x0,
    0x21, 0xe2, 0xd6, 0x4, 0x0, 0x3, 0xc4, 0xd9,
    0xd, 0x0, 0x3, 0xd9, 0xb8, 0x0, 0x2f, 0xff,
    0x67, 0x0, 0x0, 0x0, 0x23, 0x2f, 0x0, 0x2a,
    0xc, 0x20, 0xf4, 0x88, 0x0, 0x67, 0xff, 0x48,
    0x0, 0x2f, 0xff, 0x68, 0x0, 0x0, 0x0, 0x0,
    0x0, 0x0, 0xa7, 0xcc, 0x0, 0x88, 0xf6, 0x19,
    0x91, 0xbd, 0x0, 0x0, 0x1d, 0xff, 0xc2, 0x5f,
    0x5b, 0x5b, 0x5b, 0x5b, 0x69, 0xef, 0x9f, 0x0,
    0x13, 0x93, 0xf, 0x0, 0x2, 0x0, 0x0, 0x0,
    0x86, 0xe6, 0xfa, 0xff, 0xff, 0xff, 0xff, 0xf9,
    0xce, 0x26, 0x0, 0x0, 0x0, 0x0,

    /* U+6210 "成" */
    0x0, 0x0, 0x0, 0x0, 0x0, 0x0, 0x0, 0x0,
    0x0, 0x0, 0x16, 0xc7, 0x59, 0x13, 0x88, 0x18,
    0x0, 0x0, 0x0, 0x0, 0x0, 0x0, 0x0, 0x0,
    0x0, 0x0, 0x0, 0x0, 0x0, 0x0, 0x15, 0xff,
    0x76, 0x32, 0xd3, 0xf3, 0x70, 0x1, 0x0, 0x0,
    0x0, 0x0, 0x0, 0x0, 0x0, 0x0, 0x0, 0x0,
    0x0, 0x0, 0xd, 0xff, 0x7c, 0x0, 0x4, 0x78,
    0xfc, 0x99, 0x0, 0x0, 0x0, 0x0, 0x32, 0x67,
    0x67, 0x67, 0x67, 0x67, 0x67, 0x67, 0x6b, 0xff,
    0xb5, 0x67, 0x67, 0x67, 0xa7, 0x8c, 0x64, 0x0,
    0x0, 0x0, 0x7b, 0xff, 0xff, 0xff, 0xff, 0xff,
    0xff, 0xff, 0xff, 0xff, 0xff, 0xff, 0xff, 0xff,
    0xff, 0xff, 0xf7, 0x0, 0x0, 0x0, 0x7b, 0xff,
    0x22, 0xf, 0xf, 0xf, 0xf, 0xf, 0xf, 0xe0,
    0xae, 0xf, 0xf, 0xf, 0xf, 0xf, 0xf, 0x0,
    0x0, 0x0, 0x7b, 0xff, 0x13, 0x0, 0x0, 0x0,
    0x0, 0x0, 0x0, 0xc1, 0xc5, 0x0, 0x0, 0x0,
    0x3b, 0x12, 0x0, 0x0, 0x0, 0x0, 0x7b, 0xff,
    0x5a, 0x4b, 0x4b, 0x4b, 0x4b, 0xf, 0x0, 0xa3,
    0xe3, 0x0, 0x0, 0x14, 0xf9, 0x8f, 0x0, 0x0,
    0x0, 0x0, 0x7b, 0xff, 0xff, 0xff, 0xff, 0xff,
    0xff, 0x2e, 0x0, 0x86, 0xfc, 0x4, 0x0, 0x6f,
    0xff, 0x2a, 0x0, 0x0, 0x0, 0x0, 0x84, 0xff,
    0x27, 0x17, 0x17, 0x58, 0xff, 0x28, 0x0, 0x67,
    0xff, 0x2c, 0x1, 0xd4, 0xc2, 0x0, 0x0, 0x0,
    0x0, 0x0, 0x97, 0xff, 0x7, 0x0, 0x0, 0x4e,
    0xff, 0x21, 0x0, 0x33, 0xff, 0x60, 0x5d, 0xff,
    0x5a, 0x0, 0x0, 0x0, 0x0, 0x0, 0xa9, 0xfa,
    0x0, 0x0, 0x0, 0x57, 0xff, 0x18, 0x0, 0x3,
    0xf2, 0x9d, 0xe2, 0xca, 0x2, 0x0, 0x0, 0x0,
    0x0, 0x0, 0xbc, 0xdc, 0x0, 0x0, 0x0, 0x66,
    0xff, 0xb, 0x0, 0x0, 0xb9, 0xfd, 0xfc, 0x31,
    0x0, 0x0, 0x0, 0x0, 0x0, 0x0, 0xdd, 0xba,
    0x0, 0x0, 0x0, 0x80, 0xf8, 0x0, 0x0, 0x0,
    0x8d, 0xff, 0x90, 0x0, 0x0, 0x1b, 0x38, 0x0,
    0x0, 0x1f, 0xff, 0x80, 0x37, 0x84, 0x81, 0xe1,
    0xd2, 0x0, 0x0, 0x72, 0xfc, 0xff, 0x8b, 0x0,
    0x0, 0x3f, 0xfd, 0x12, 0x0, 0x70, 0xff, 0x3a,
    0x23, 0xd5, 0xda, 0xc8, 0x47, 0x1d, 0xac, 0xff,
    0xce, 0xc3, 0xfa, 0x40, 0x0, 0x69, 0xf3, 0x0,
    0x8, 0xe5, 0xdb, 0x3, 0x0, 0x0, 0x0, 0x3,
    0x87, 0xf7, 0xfe, 0x94, 0x7, 0x1f, 0xe7, 0xf9,
    0xa1, 0xe0, 0xb2, 0x0, 0x1d, 0xde, 0x59, 0x0,
    0x0, 0x0, 0x0, 0x0, 0x84, 0xc0, 0x34, 0x0,
    0x0, 0x0, 0x22, 0xb1, 0xf2, 0xd8, 0x2e, 0x0,
    0x0, 0x10, 0x1, 0x0, 0x0, 0x0, 0x0, 0x0,
    0x0, 0x0, 0x0, 0x0, 0x0, 0x0, 0x0, 0x0,
    0x0, 0x0, 0x0, 0x0,

    /* U+626D "扭" */
    0x0, 0x0, 0x0, 0x61, 0xc9, 0x0, 0x0, 0x0,
    0x0, 0x0, 0x0, 0x0, 0x0, 0x0, 0x0, 0x0,
    0x0, 0x0, 0x0, 0x0, 0x0, 0x0, 0x0, 0x77,
    0xf7, 0x0, 0x0, 0x0, 0xd9, 0xf3, 0xf3, 0xf3,
    0xf3, 0xf3, 0xf3, 0xf3, 0xf3, 0xf3, 0x4, 0x0,
    0x0, 0x0, 0x0, 0x77, 0xf7, 0x0, 0x0, 0x0,
    0x5c, 0x67, 0x67, 0xaf, 0xff, 0x75, 0x67, 0x67,
    0xb9, 0xf5, 0x0, 0x0, 0x0, 0x0, 0x0, 0x77,
    0xf7, 0x0, 0x0, 0x0, 0x0, 0x0, 0x0, 0x8c,
    0xfc, 0x4, 0x0, 0x0, 0x95, 0xe6, 0x0, 0x0,
    0x3, 0xf3, 0xf3, 0xf9, 0xff, 0xf3, 0xf3, 0x40,
    0x0, 0x0, 0x0, 0xa7, 0xe3, 0x0, 0x0, 0x0,
    0xa6, 0xd7, 0x0, 0x0, 0x2, 0x83, 0x83, 0xbe,
    0xfc, 0x83, 0x83, 0x23, 0x0, 0x0, 0x0, 0xc1,
    0xc7, 0x0, 0x0, 0x0, 0xb6, 0xc6, 0x0, 0x0,
    0x0, 0x0, 0x0, 0x77, 0xf7, 0x0, 0x0, 0x0,
    0x0, 0x0, 0x0, 0xdb, 0xab, 0x0, 0x0, 0x0,
    0xc6, 0xb4, 0x0, 0x0, 0x0, 0x0, 0x0, 0x77,
    0xf7, 0x0, 0x0, 0x0, 0x0, 0x0, 0x0, 0xf5,
    0x8e, 0x0, 0x0, 0x0, 0xd7, 0xa2, 0x0, 0x0,
    0x0, 0x0, 0x0, 0x77, 0xf7, 0x0, 0x13, 0x3,
    0xd5, 0xf3, 0xf4, 0xff, 0xfa, 0xf3, 0xf3, 0xf3,
    0xfe, 0x90, 0x0, 0x0, 0x0, 0x0, 0x0, 0x7e,
    0xfc, 0xbe, 0xfc, 0x27, 0x6c, 0x7b, 0x97, 0xff,
    0xa2, 0x7b, 0x7b, 0x7d, 0xff, 0x7d, 0x0, 0x0,
    0x18, 0x87, 0xd2, 0xff, 0xff, 0xcf, 0x7c, 0x11,
    0x0, 0x0, 0x4e, 0xff, 0x32, 0x0, 0x0, 0x12,
    0xff, 0x68, 0x0, 0x0, 0x19, 0xfe, 0xcd, 0xc3,
    0xf7, 0x0, 0x0, 0x0, 0x0, 0x0, 0x70, 0xff,
    0x12, 0x0, 0x0, 0x27, 0xff, 0x53, 0x0, 0x0,
    0x0, 0x1a, 0x0, 0x77, 0xf7, 0x0, 0x0, 0x0,
    0x0, 0x0, 0x91, 0xf2, 0x0, 0x0, 0x0, 0x3c,
    0xff, 0x3f, 0x0, 0x0, 0x0, 0x0, 0x0, 0x77,
    0xf7, 0x0, 0x0, 0x0, 0x0, 0x0, 0xb4, 0xd1,
    0x0, 0x0, 0x0, 0x53, 0xff, 0x29, 0x0, 0x0,
    0x0, 0x0, 0x0, 0x77, 0xf7, 0x0, 0x0, 0x0,
    0x0, 0x0, 0xd9, 0xac, 0x0, 0x0, 0x0, 0x6d,
    0xff, 0x10, 0x0, 0x0, 0x0, 0x0, 0x0, 0x77,
    0xf7, 0x0, 0x0, 0x0, 0x0, 0x3, 0xfa, 0x88,
    0x0, 0x0, 0x0, 0x88, 0xf8, 0x0, 0x0, 0x0,
    0x0, 0x45, 0x6d, 0xc1, 0xed, 0x0, 0x0, 0x73,
    0x73, 0x82, 0xff, 0xaf, 0x73, 0x73, 0x73, 0xc9,
    0xf2, 0x73, 0x73, 0x1c, 0x0, 0x6a, 0xf7, 0xe4,
    0x79, 0x0, 0x0, 0xff, 0xff, 0xff, 0xff, 0xff,
    0xff, 0xff, 0xff, 0xff, 0xff, 0xff, 0xff, 0x3f,

    /* U+62A4 "护" */
    0x0, 0x0, 0x0, 0x10, 0x47, 0xf, 0x0, 0x0,
    0x0, 0x0, 0x0, 0x0, 0x8, 0xd, 0x0, 0x0,
    0x0, 0x0, 0x0, 0x0, 0x0, 0x0, 0x3b, 0xff,
    0x37, 0x0, 0x0, 0x0, 0x0, 0x0, 0x8, 0xdf,
    0xaf, 0x0, 0x0, 0x0, 0x0, 0x0, 0x0, 0x0,
    0x0, 0x3b, 0xff, 0x37, 0x0, 0x0, 0x0, 0x0,
    0x0, 0x0, 0x65, 0xff, 0x5e, 0x0, 0x0, 0x0,
    0x0, 0x0, 0x0, 0x0, 0x3b, 0xff, 0x37, 0x0,
    0x0, 0x0, 0x0, 0x0, 0x0, 0x1, 0xce, 0xda,
    0x1, 0x0, 0x0, 0x0, 0x0, 0x0, 0x0, 0x3b,
    0xff, 0x37, 0x0, 0x0, 0x9, 0x93, 0x93, 0x93,
    0x93, 0xbe, 0xaa, 0x93, 0x93, 0x93, 0x49, 0x0,
    0xe0, 0xf3, 0xf6, 0xff, 0xf6, 0xf3, 0x85, 0xf,
    0xff, 0xe7, 0xd3, 0xd3, 0xd3, 0xd3, 0xd3, 0xd3,
    0xff, 0x7f, 0x0, 0x75, 0x7f, 0x9d, 0xff, 0x9b,
    0x7f, 0x45, 0xf, 0xff, 0x6f, 0x0, 0x0, 0x0,
    0x0, 0x0, 0x0, 0xff, 0x7f, 0x0, 0x0, 0x0,
    0x3b, 0xff, 0x37, 0x0, 0x0, 0xf, 0xff, 0x6f,
    0x0, 0x0, 0x0, 0x0, 0x0, 0x0, 0xff, 0x7f,
    0x0, 0x0, 0x0, 0x3b, 0xff, 0x37, 0x0, 0x0,
    0xf, 0xff, 0x6f, 0x0, 0x0, 0x0, 0x0, 0x0,
    0x0, 0xff, 0x7f, 0x0, 0x0, 0x0, 0x3b, 0xff,
    0x37, 0x0, 0x2, 0x10, 0xff, 0x86, 0x27, 0x27,
    0x27, 0x27, 0x27, 0x27, 0xff, 0x7f, 0x0, 0x0,
    0x0, 0x3b, 0xff, 0xa3, 0xcb, 0x89, 0x18, 0xff,
    0xff, 0xff, 0xff, 0xff, 0xff, 0xff, 0xff, 0xff,
    0x7f, 0xb, 0x5c, 0xa3, 0xea, 0xff, 0xf2, 0xab,
    0x45, 0x21, 0xff, 0x8c, 0x43, 0x43, 0x43, 0x43,
    0x43, 0x43, 0xff, 0x7f, 0xf, 0xfb, 0xdc, 0xb5,
    0xff, 0x39, 0x0, 0x0, 0x3f, 0xff, 0x4c, 0x0,
    0x0, 0x0, 0x0, 0x0, 0x0, 0x83, 0x41, 0x0,
    0x18, 0x0, 0x3b, 0xff, 0x37, 0x0, 0x0, 0x65,
    0xff, 0x2c, 0x0, 0x0, 0x0, 0x0, 0x0, 0x0,
    0x0, 0x0, 0x0, 0x0, 0x0, 0x3b, 0xff, 0x37,
    0x0, 0x0, 0xa6, 0xf3, 0x3, 0x0, 0x0, 0x0,
    0x0, 0x0, 0x0, 0x0, 0x0, 0x0, 0x0, 0x0,
    0x3b, 0xff, 0x37, 0x0, 0xa, 0xf4, 0xb5, 0x0,
    0x0, 0x0, 0x0, 0x0, 0x0, 0x0, 0x0, 0x0,
    0x0, 0x0, 0x0, 0x3b, 0xff, 0x37, 0x0, 0x77,
    0xff, 0x4f, 0x0, 0x0, 0x0, 0x0, 0x0, 0x0,
    0x0, 0x0, 0x0, 0x0, 0x36, 0x69, 0x9d, 0xff,
    0x2e, 0x2b, 0xf8, 0xd3, 0x3, 0x0, 0x0, 0x0,
    0x0, 0x0, 0x0, 0x0, 0x0, 0x0, 0x0, 0x49,
    0xff, 0xf3, 0xad, 0x6, 0x2a, 0xd9, 0x2b, 0x0,
    0x0, 0x0, 0x0, 0x0, 0x0, 0x0, 0x0, 0x0,
    0x0, 0x0, 0x0, 0x0, 0x0, 0x0, 0x0, 0x0,
    0x4, 0x0, 0x0, 0x0, 0x0, 0x0, 0x0, 0x0,
    0x0, 0x0, 0x0, 0x0,

    /* U+62A5 "报" */
    0x0, 0x0, 0x0, 0x14, 0x5b, 0x1b, 0x0, 0x0,
    0x0, 0x0, 0x0, 0x0, 0x0, 0x0, 0x0, 0x0,
    0x0, 0x0, 0x0, 0x0, 0x0, 0x0, 0x0, 0x37,
    0xff, 0x4b, 0x0, 0x0, 0x11, 0x1f, 0x1f, 0x1f,
    0x1f, 0x1f, 0x1f, 0x1f, 0x1f, 0x1d, 0x0, 0x0,
    0x0, 0x0, 0x0, 0x37, 0xff, 0x4b, 0x0, 0x0,
    0x8b, 0xff, 0xff, 0xff, 0xff, 0xff, 0xff, 0xff,
    0xff, 0xe7, 0x0, 0x0, 0x0, 0x0, 0x0, 0x37,
    0xff, 0x4b, 0x0, 0x0, 0x8b, 0xf7, 0x47, 0x47,
    0x47, 0x47, 0x47, 0x47, 0xc5, 0xd7, 0x0, 0x0,
    0x0, 0x0, 0x0, 0x37, 0xff, 0x4b, 0x0, 0x0,
    0x8b, 0xf3, 0x0, 0x0, 0x0, 0x0, 0x0, 0x0,
    0xbe, 0xc3, 0x0, 0x0, 0xe, 0xe7, 0xe7, 0xed,
    0xff, 0xef, 0xe7, 0x86, 0x8b, 0xf3, 0x0, 0x0,
    0x5, 0x0, 0x0, 0x9, 0xec, 0xa0, 0x0, 0x0,
    0x7, 0x7b, 0x7b, 0x98, 0xff, 0xa3, 0x7b, 0x47,
    0x8b, 0xf3, 0x0, 0x0, 0xc8, 0xf9, 0xf1, 0xfc,
    0xf9, 0x46, 0x0, 0x0, 0x0, 0x0, 0x0, 0x37,
    0xff, 0x4b, 0x0, 0x0, 0x8b, 0xf3, 0x0, 0x0,
    0x1d, 0x3a, 0x40, 0x3b, 0x16, 0x0, 0x0, 0x0,
    0x0, 0x0, 0x0, 0x37, 0xff, 0x4b, 0x0, 0x0,
    0x8b, 0xf7, 0x47, 0x47, 0x47, 0x47, 0x47, 0x47,
    0x47, 0x45, 0xc, 0x0, 0x0, 0x0, 0x0, 0x37,
    0xff, 0x4b, 0x0, 0x5, 0x8b, 0xff, 0xff, 0xff,
    0xff, 0xff, 0xff, 0xff, 0xff, 0xff, 0x63, 0x0,
    0x0, 0x0, 0x0, 0x3e, 0xff, 0xb7, 0xd3, 0x9c,
    0x8b, 0xf5, 0x4e, 0xff, 0x49, 0x17, 0x17, 0x17,
    0x79, 0xfb, 0x13, 0x0, 0x1f, 0x8c, 0xcb, 0xfc,
    0xff, 0xe0, 0x97, 0x3f, 0x8b, 0xf3, 0x0, 0xc8,
    0xb3, 0x0, 0x0, 0x0, 0xce, 0xb7, 0x0, 0x0,
    0x21, 0xf2, 0xb1, 0x92, 0xff, 0x4b, 0x0, 0x0,
    0x8b, 0xf3, 0x0, 0x4c, 0xff, 0x45, 0x0, 0x45,
    0xff, 0x54, 0x0, 0x0, 0x0, 0x4, 0x0, 0x37,
    0xff, 0x4b, 0x0, 0x0, 0x8b, 0xf3, 0x0, 0x0,
    0xaf, 0xe7, 0x1f, 0xdb, 0xba, 0x0, 0x0, 0x0,
    0x0, 0x0, 0x0, 0x37, 0xff, 0x4b, 0x0, 0x0,
    0x8b, 0xf3, 0x0, 0x0, 0x13, 0xe6, 0xee, 0xf8,
    0x25, 0x0, 0x0, 0x0, 0x0, 0x0, 0x0, 0x37,
    0xff, 0x4b, 0x0, 0x0, 0x8b, 0xf3, 0x0, 0x0,
    0x0, 0x9c, 0xff, 0xd4, 0x12, 0x0, 0x0, 0x0,
    0x0, 0x0, 0x0, 0x37, 0xff, 0x4b, 0x0, 0x0,
    0x8b, 0xf3, 0x0, 0x5, 0x99, 0xff, 0xa5, 0xf4,
    0xdf, 0x3a, 0x0, 0x0, 0x5, 0x63, 0x5f, 0x8e,
    0xff, 0x3e, 0x0, 0x0, 0x8b, 0xf3, 0x47, 0xd8,
    0xfd, 0x6e, 0x0, 0x31, 0xe4, 0xff, 0xae, 0xf,
    0x0, 0xd1, 0xff, 0xf1, 0xae, 0x9, 0x0, 0x0,
    0x8b, 0xf3, 0x78, 0xcd, 0x34, 0x0, 0x0, 0x0,
    0xe, 0x8e, 0x9a, 0x0, 0x0, 0x4, 0x1, 0x0,
    0x0, 0x0, 0x0, 0x0, 0x0, 0x0, 0x0, 0x1,
    0x0, 0x0, 0x0, 0x0, 0x0, 0x0, 0x0, 0x0,

    /* U+62C6 "拆" */
    0x0, 0x0, 0x0, 0x4f, 0xbb, 0x8, 0x0, 0x0,
    0x0, 0x0, 0x0, 0x0, 0x0, 0x0, 0x5, 0x3f,
    0x93, 0x3d, 0x0, 0x0, 0x0, 0x0, 0x0, 0x6b,
    0xff, 0xb, 0x0, 0x0, 0x0, 0x1, 0x23, 0x53,
    0x84, 0xb9, 0xf4, 0xff, 0xf5, 0xa7, 0xa, 0x0,
    0x0, 0x0, 0x0, 0x6b, 0xff, 0xb, 0x0, 0x0,
    0x0, 0xea, 0xff, 0xff, 0xde, 0xae, 0x7d, 0x3f,
    0x7, 0x0, 0x0, 0x0, 0x0, 0x0, 0x0, 0x6b,
    0xff, 0xb, 0x0, 0x0, 0x0, 0xf7, 0x96, 0x10,
    0x0, 0x0, 0x0, 0x0, 0x0, 0x0, 0x0, 0x0,
    0xb, 0xb7, 0xb7, 0xd6, 0xff, 0xbb, 0xb7, 0x5b,
    0x0, 0xf7, 0x7b, 0x0, 0x0, 0x0, 0x0, 0x0,
    0x0, 0x0, 0x0, 0x0, 0xb, 0xbf, 0xbf, 0xda,
    0xff, 0xc2, 0xbf, 0x5f, 0x0, 0xf7, 0x7b, 0x0,
    0x0, 0x0, 0x0, 0x0, 0x0, 0x0, 0x0, 0x0,
    0x0, 0x0, 0x0, 0x6b, 0xff, 0xb, 0x0, 0x0,
    0x0, 0xf7, 0xb9, 0x77, 0x77, 0x77, 0x77, 0x77,
    0x77, 0x77, 0x77, 0x16, 0x0, 0x0, 0x0, 0x6b,
    0xff, 0xb, 0x0, 0x0, 0x0, 0xf8, 0xf9, 0xf3,
    0xf3, 0xf5, 0xff, 0xf8, 0xf3, 0xf3, 0xf3, 0x2d,
    0x0, 0x0, 0x0, 0x6b, 0xff, 0xb, 0x2, 0x8,
    0x0, 0xfe, 0x75, 0x0, 0x0, 0x17, 0xff, 0x57,
    0x0, 0x0, 0x0, 0x0, 0x0, 0x0, 0x0, 0x6e,
    0xff, 0xab, 0xec, 0x5a, 0x6, 0xff, 0x6b, 0x1,
    0x0, 0x17, 0xff, 0x57, 0x0, 0x0, 0x0, 0x0,
    0x1a, 0x82, 0xc7, 0xfc, 0xff, 0xce, 0x81, 0x20,
    0x1c, 0xff, 0x61, 0xc6, 0xa4, 0x48, 0xff, 0x57,
    0x0, 0x0, 0x0, 0x0, 0x1e, 0xf7, 0xb6, 0xb2,
    0xff, 0xb, 0x0, 0x0, 0x3c, 0xff, 0x3a, 0x40,
    0xc0, 0xff, 0xff, 0x6d, 0x0, 0x0, 0x0, 0x0,
    0x0, 0x9, 0x0, 0x6b, 0xff, 0xb, 0x0, 0x0,
    0x63, 0xff, 0x17, 0x0, 0x0, 0x4c, 0xff, 0xff,
    0xae, 0x28, 0x0, 0x0, 0x0, 0x0, 0x0, 0x6b,
    0xff, 0xb, 0x0, 0x0, 0xaa, 0xe0, 0x0, 0x0,
    0x0, 0x17, 0xff, 0x9f, 0xe0, 0xfa, 0x75, 0x0,
    0x0, 0x0, 0x0, 0x6b, 0xff, 0xb, 0x0, 0x4,
    0xf0, 0x94, 0x0, 0x0, 0x0, 0x17, 0xff, 0x57,
    0x9, 0x87, 0x51, 0x0, 0x0, 0x0, 0x0, 0x6b,
    0xff, 0xb, 0x0, 0x6c, 0xff, 0x44, 0x0, 0x0,
    0x0, 0x17, 0xff, 0x57, 0x0, 0x0, 0x0, 0x0,
    0x0, 0x43, 0x75, 0xbf, 0xfa, 0x4, 0x11, 0xed,
    0xc1, 0x0, 0x0, 0x0, 0x0, 0x17, 0xff, 0x57,
    0x0, 0x0, 0x0, 0x0, 0x0, 0x55, 0xef, 0xde,
    0x7d, 0x0, 0x11, 0xa8, 0x32, 0x0, 0x0, 0x0,
    0x0, 0x17, 0xff, 0x57, 0x0, 0x0, 0x0, 0x0,

    /* U+62DF "拟" */
    0x0, 0x0, 0x0, 0x30, 0x42, 0x0, 0x0, 0x0,
    0x0, 0x0, 0x0, 0x0, 0x0, 0x0, 0x0, 0x0,
    0x0, 0x0, 0x0, 0x0, 0x0, 0x0, 0x0, 0x93,
    0xcb, 0x0, 0x0, 0x0, 0x67, 0x3b, 0x0, 0x0,
    0x0, 0x0, 0x0, 0x0, 0xad, 0x78, 0x0, 0x0,
    0x0, 0x0, 0x0, 0x93, 0xcb, 0x0, 0x0, 0x0,
    0xeb, 0x87, 0x4, 0x1f, 0x0, 0x0, 0x0, 0x0,
    0xf0, 0x93, 0x0, 0x0, 0x0, 0x0, 0x0, 0x93,
    0xcb, 0x0, 0x0, 0x0, 0xeb, 0x87, 0x90, 0xda,
    0x3, 0x0, 0x0, 0x2, 0xfe, 0x83, 0x0, 0x0,
    0x0, 0x0, 0x0, 0x93, 0xcb, 0x0, 0x0, 0x0,
    0xeb, 0x87, 0x26, 0xfd, 0x60, 0x0, 0x0, 0x10,
    0xff, 0x72, 0x0, 0x0, 0x13, 0xf3, 0xf3, 0xfa,
    0xfd, 0xf3, 0xab, 0x0, 0xeb, 0x87, 0x0, 0xa8,
    0xde, 0x5, 0x0, 0x20, 0xff, 0x62, 0x0, 0x0,
    0x9, 0x73, 0x73, 0xc4, 0xe3, 0x73, 0x51, 0x0,
    0xeb, 0x87, 0x0, 0x32, 0xff, 0x55, 0x0, 0x31,
    0xff, 0x50, 0x0, 0x0, 0x0, 0x0, 0x0, 0x93,
    0xcb, 0x0, 0x0, 0x0, 0xeb, 0x87, 0x0, 0x0,
    0xcd, 0xba, 0x0, 0x57, 0xff, 0x2a, 0x0, 0x0,
    0x0, 0x0, 0x0, 0x93, 0xcb, 0x0, 0x0, 0x0,
    0xeb, 0x87, 0x0, 0x0, 0x76, 0xf5, 0x9, 0x85,
    0xfc, 0x6, 0x0, 0x0, 0x0, 0x0, 0x0, 0x93,
    0xcb, 0x2, 0x22, 0x0, 0xeb, 0x87, 0x0, 0x0,
    0x15, 0x17, 0x0, 0xb3, 0xda, 0x0, 0x0, 0x0,
    0x0, 0x0, 0xd, 0xad, 0xf2, 0xe9, 0xcf, 0x0,
    0xeb, 0x87, 0x0, 0x0, 0x0, 0x0, 0x0, 0xe2,
    0xb4, 0x0, 0x0, 0x0, 0x2b, 0xc1, 0xfa, 0xff,
    0xee, 0x7a, 0x28, 0x0, 0xeb, 0x87, 0x0, 0x0,
    0x5, 0x0, 0x1e, 0xff, 0xe5, 0x6, 0x0, 0x0,
    0x18, 0xc1, 0x71, 0xac, 0xcb, 0x0, 0x0, 0x0,
    0xeb, 0x87, 0x0, 0x3b, 0xda, 0x2a, 0x89, 0xff,
    0xff, 0x66, 0x0, 0x0, 0x0, 0x0, 0x0, 0x93,
    0xcb, 0x0, 0x0, 0x0, 0xeb, 0x91, 0x8d, 0xfd,
    0xb7, 0x21, 0xee, 0xd9, 0xc7, 0xdd, 0x3, 0x0,
    0x0, 0x0, 0x0, 0x93, 0xcb, 0x0, 0x0, 0x8,
    0xf8, 0xfe, 0xf8, 0x6f, 0x1, 0x69, 0xff, 0x59,
    0x56, 0xff, 0x59, 0x0, 0x0, 0x0, 0x0, 0x93,
    0xcb, 0x0, 0x0, 0x61, 0xff, 0xda, 0x30, 0x0,
    0x19, 0xe7, 0xd5, 0x2, 0x4, 0xe2, 0xc2, 0x0,
    0x0, 0x0, 0x0, 0x93, 0xcb, 0x0, 0x0, 0x8b,
    0xb4, 0xd, 0x0, 0xd, 0xc7, 0xfa, 0x43, 0x0,
    0x0, 0x84, 0xff, 0x26, 0x0, 0x43, 0x59, 0xca,
    0xc2, 0x0, 0x0, 0x6, 0x5, 0x0, 0x16, 0xd2,
    0xfc, 0x53, 0x0, 0x0, 0x0, 0x2c, 0xff, 0x66,
    0x0, 0x88, 0xfc, 0xe2, 0x5b, 0x0, 0x0, 0x0,
    0x0, 0x0, 0x2, 0x93, 0x5c, 0x0, 0x0, 0x0,
    0x0, 0x0, 0x37, 0x0, 0x0, 0x0, 0x0, 0x0,
    0x0, 0x0, 0x0, 0x0, 0x0, 0x0, 0x0, 0x0,
    0x0, 0x0, 0x0, 0x0, 0x0, 0x0, 0x0, 0x0,

    /* U+6362 "换" */
    0x0, 0x0, 0x0, 0x70, 0xb8, 0x0, 0x0, 0x0,
    0x0, 0x0, 0x48, 0xbb, 0x2c, 0x0, 0x0, 0x0,
    0x0, 0x0, 0x0, 0x0, 0x0, 0x0, 0x0, 0x8f,
    0xeb, 0x0, 0x0, 0x0, 0x0, 0x5, 0xd9, 0xe2,
    0x10, 0xb, 0xb, 0xc, 0x7, 0x0, 0x0, 0x0,
    0x0, 0x0, 0x0, 0x8f, 0xeb, 0x0, 0x0, 0x0,
    0x0, 0x75, 0xff, 0xff, 0xff, 0xff, 0xff, 0xff,
    0xdc, 0xa, 0x0, 0x0, 0x0, 0x0, 0x0, 0x8f,
    0xeb, 0x0, 0x0, 0x0, 0x52, 0xfb, 0xa6, 0x3b,
    0x3b, 0x3b, 0x77, 0xff, 0x6b, 0x0, 0x0, 0x0,
    0x0, 0xc7, 0xdf, 0xf1, 0xfd, 0xdf, 0xae, 0x4e,
    0xfa, 0xc1, 0x6, 0x0, 0x0, 0x27, 0xed, 0x9a,
    0x0, 0x0, 0x0, 0x0, 0x0, 0x60, 0x6b, 0xbf,
    0xf4, 0x6b, 0x57, 0xd4, 0xff, 0xf7, 0xf3, 0xf3,
    0xf3, 0xfa, 0xff, 0xf6, 0xf3, 0xb6, 0x0, 0x0,
    0x0, 0x0, 0x0, 0x8f, 0xeb, 0x0, 0x0, 0x1b,
    0xc9, 0xc8, 0x3b, 0x3b, 0xb6, 0xe1, 0x3b, 0x3b,
    0xce, 0xbf, 0x0, 0x0, 0x0, 0x0, 0x0, 0x8f,
    0xeb, 0x0, 0x0, 0x0, 0xbb, 0xb7, 0x0, 0x0,
    0x9f, 0xd7, 0x0, 0x0, 0xbf, 0xbf, 0x0, 0x0,
    0x0, 0x0, 0x0, 0x8f, 0xeb, 0x0, 0xc, 0x0,
    0xbb, 0xb7, 0x0, 0x0, 0xa5, 0xd2, 0x0, 0x0,
    0xbf, 0xbf, 0x0, 0x0, 0x0, 0x0, 0x0, 0x92,
    0xf7, 0xbb, 0xea, 0x0, 0xbb, 0xb7, 0x0, 0x0,
    0xbb, 0xba, 0x0, 0x0, 0xbf, 0xbf, 0x0, 0x0,
    0x7, 0x87, 0xcf, 0xff, 0xfe, 0xc2, 0x6b, 0x1,
    0xbb, 0xb7, 0x0, 0x0, 0xd3, 0xa1, 0x0, 0x0,
    0xbf, 0xbf, 0x0, 0x0, 0x0, 0xe1, 0xba, 0xc7,
    0xeb, 0x0, 0x2d, 0xf3, 0xfc, 0xfc, 0xf3, 0xf3,
    0xfe, 0xfa, 0xf3, 0xf3, 0xfc, 0xfc, 0xf3, 0x26,
    0x0, 0x6, 0x0, 0x8f, 0xeb, 0x0, 0x10, 0x57,
    0x57, 0x57, 0x57, 0xb5, 0xff, 0xfd, 0x6e, 0x57,
    0x57, 0x57, 0x57, 0xd, 0x0, 0x0, 0x0, 0x8f,
    0xeb, 0x0, 0x0, 0x0, 0x0, 0x0, 0x29, 0xf4,
    0x93, 0xce, 0xb5, 0x2, 0x0, 0x0, 0x0, 0x0,
    0x0, 0x0, 0x0, 0x8f, 0xeb, 0x0, 0x0, 0x0,
    0x0, 0x2a, 0xe7, 0xc9, 0x9, 0x2a, 0xf2, 0xa6,
    0x4, 0x0, 0x0, 0x0, 0x0, 0x0, 0x0, 0x8f,
    0xeb, 0x0, 0x0, 0x1, 0x6c, 0xf5, 0xc6, 0x10,
    0x0, 0x0, 0x3b, 0xf3, 0xc8, 0x2b, 0x0, 0x0,
    0x0, 0x3b, 0x79, 0xd2, 0xe0, 0x4, 0x5c, 0xd5,
    0xfc, 0x86, 0x4, 0x0, 0x0, 0x0, 0x0, 0x2d,
    0xd6, 0xfa, 0xa6, 0x27, 0x0, 0x41, 0xf7, 0xe1,
    0x69, 0x9, 0xc1, 0xaa, 0x28, 0x0, 0x0, 0x0,
    0x0, 0x0, 0x0, 0x0, 0x9, 0x74, 0xca, 0x14,
    0x0, 0x0, 0x0, 0x0, 0x0, 0x0, 0x1, 0x0,
    0x0, 0x0, 0x0, 0x0, 0x0, 0x0, 0x0, 0x0,
    0x0, 0x0, 0x0, 0x0,

    /* U+636E "据" */
    0x0, 0x0, 0x0, 0x88, 0x98, 0x0, 0x0, 0x0,
    0x0, 0x0, 0x0, 0x0, 0x0, 0x0, 0x0, 0x0,
    0x0, 0x0, 0x0, 0x0, 0x0, 0x0, 0x0, 0xa7,
    0xbb, 0x0, 0x0, 0x16, 0xf3, 0xf3, 0xf3, 0xf3,
    0xf3, 0xf3, 0xf3, 0xf3, 0xf3, 0xf3, 0x6e, 0x0,
    0x0, 0x0, 0x0, 0xa7, 0xbb, 0x0, 0x0, 0x17,
    0xff, 0x94, 0x57, 0x57, 0x57, 0x57, 0x57, 0x57,
    0x57, 0xfd, 0x73, 0x0, 0x0, 0x0, 0x0, 0xa7,
    0xbb, 0x0, 0x0, 0x17, 0xff, 0x5b, 0x0, 0x0,
    0x0, 0x0, 0x0, 0x0, 0x0, 0xfb, 0x73, 0x0,
    0x1e, 0xc3, 0xc3, 0xeb, 0xf0, 0xc3, 0xc3, 0x17,
    0xff, 0x66, 0xf, 0xf, 0xf, 0xf, 0xf, 0xf,
    0xf, 0xfc, 0x73, 0x0, 0x19, 0xa3, 0xa3, 0xe0,
    0xe7, 0xa3, 0xa3, 0x17, 0xff, 0xff, 0xff, 0xff,
    0xff, 0xff, 0xff, 0xff, 0xff, 0xff, 0x73, 0x0,
    0x0, 0x0, 0x0, 0xa7, 0xbb, 0x0, 0x0, 0x17,
    0xff, 0x87, 0x43, 0x43, 0x43, 0xf1, 0xa1, 0x43,
    0x43, 0x43, 0x1e, 0x0, 0x0, 0x0, 0x0, 0xa7,
    0xbb, 0x0, 0x0, 0x1a, 0xff, 0x5a, 0x0, 0x0,
    0x0, 0xeb, 0x7f, 0x0, 0x0, 0x0, 0x0, 0x0,
    0x0, 0x0, 0x0, 0xa7, 0xbb, 0x0, 0x0, 0x20,
    0xff, 0x94, 0x5b, 0x5b, 0x5b, 0xf3, 0xad, 0x5b,
    0x5b, 0x5b, 0x5b, 0xe, 0x0, 0x0, 0x0, 0xa7,
    0xcc, 0x72, 0xab, 0x27, 0xff, 0xf7, 0xf3, 0xf3,
    0xf3, 0xff, 0xf9, 0xf3, 0xf3, 0xf3, 0xf3, 0x26,
    0x15, 0x60, 0x9e, 0xed, 0xff, 0xda, 0x92, 0x3f,
    0xff, 0x2d, 0x0, 0x0, 0x0, 0xeb, 0x7f, 0x0,
    0x0, 0x0, 0x0, 0x0, 0x36, 0xf2, 0xb0, 0xd4,
    0xbd, 0x0, 0x0, 0x58, 0xfd, 0x8, 0x0, 0x0,
    0x0, 0xeb, 0x7f, 0x0, 0x0, 0x0, 0x0, 0x0,
    0x0, 0x5, 0x0, 0xa7, 0xbb, 0x0, 0x0, 0x77,
    0xdf, 0x4c, 0xf3, 0xf3, 0xf3, 0xff, 0xf9, 0xf3,
    0xf3, 0xf3, 0x81, 0x0, 0x0, 0x0, 0x0, 0xa7,
    0xbb, 0x0, 0x0, 0xb0, 0xb8, 0x4f, 0xff, 0x53,
    0x53, 0x53, 0x53, 0x53, 0x53, 0xe5, 0x87, 0x0,
    0x0, 0x0, 0x0, 0xa7, 0xbb, 0x0, 0x1, 0xed,
    0x7f, 0x4f, 0xff, 0x0, 0x0, 0x0, 0x0, 0x0,
    0x0, 0xd7, 0x87, 0x0, 0x0, 0x0, 0x0, 0xa7,
    0xbb, 0x0, 0x3c, 0xff, 0x28, 0x4f, 0xff, 0x0,
    0x0, 0x0, 0x0, 0x0, 0x0, 0xd7, 0x87, 0x0,
    0x0, 0x5f, 0x75, 0xdf, 0xb1, 0x0, 0xb6, 0xbb,
    0x0, 0x4f, 0xff, 0x47, 0x47, 0x47, 0x47, 0x47,
    0x47, 0xe3, 0x87, 0x0, 0x0, 0x89, 0xe3, 0xc8,
    0x43, 0x24, 0xee, 0x2d, 0x0, 0x4f, 0xff, 0xf3,
    0xf3, 0xf3, 0xf3, 0xf3, 0xf3, 0xfe, 0x87, 0x0,

    /* U+63A5 "接" */
    0x0, 0x0, 0x0, 0xae, 0xae, 0x0, 0x0, 0x0,
    0x0, 0x0, 0x0, 0x3f, 0xbf, 0x17, 0x0, 0x0,
    0x0, 0x0, 0x0, 0x0, 0x0, 0x0, 0x0, 0xb3,
    0xb3, 0x0, 0x0, 0x0, 0x0, 0x0, 0x0, 0xa,
    0xe6, 0x9c, 0x0, 0x0, 0x0, 0x0, 0x0, 0x0,
    0x0, 0x0, 0x0, 0xb3, 0xb3, 0x0, 0x0, 0x35,
    0xe3, 0xe3, 0xe3, 0xe3, 0xf5, 0xfe, 0xe3, 0xe3,
    0xe3, 0xe3, 0x8e, 0x0, 0x0, 0x0, 0x0, 0xb3,
    0xb3, 0x0, 0x0, 0x1a, 0x6f, 0x7a, 0x93, 0x6f,
    0x6f, 0x6f, 0x6f, 0x9c, 0x82, 0x6f, 0x45, 0x0,
    0x13, 0xf3, 0xf3, 0xfc, 0xfc, 0xf3, 0xab, 0x0,
    0x0, 0x8b, 0xdd, 0x9, 0x0, 0x0, 0x5, 0xe3,
    0xa7, 0x0, 0x0, 0x0, 0x9, 0x73, 0x73, 0xd6,
    0xd6, 0x73, 0x51, 0x0, 0x0, 0x12, 0xef, 0x78,
    0x0, 0x0, 0x64, 0xf8, 0x20, 0x0, 0x0, 0x0,
    0x0, 0x0, 0x0, 0xb3, 0xb3, 0x0, 0x0, 0x3,
    0x3, 0x3, 0x7c, 0x6f, 0x3, 0xe, 0xe6, 0x8c,
    0x3, 0x3, 0x3, 0x0, 0x0, 0x0, 0x0, 0xb3,
    0xb3, 0x0, 0x0, 0xef, 0xff, 0xff, 0xff, 0xff,
    0xff, 0xff, 0xff, 0xff, 0xff, 0xff, 0xff, 0x27,
    0x0, 0x0, 0x0, 0xb3, 0xb3, 0x0, 0x0, 0x43,
    0x47, 0x47, 0x47, 0x94, 0xb2, 0x48, 0x47, 0x47,
    0x47, 0x47, 0x47, 0xb, 0x0, 0x0, 0x0, 0xb3,
    0xcb, 0x88, 0x6f, 0x0, 0x0, 0x0, 0x3, 0xdf,
    0xa6, 0x0, 0x0, 0x0, 0x0, 0x0, 0x0, 0x0,
    0x4, 0x3f, 0x8d, 0xec, 0xff, 0xf8, 0x8d, 0x57,
    0x57, 0x57, 0x85, 0xff, 0x85, 0x57, 0x57, 0x57,
    0x57, 0x57, 0x57, 0x20, 0x32, 0xff, 0xf2, 0xef,
    0xc5, 0xd, 0x2d, 0xf3, 0xf3, 0xf6, 0xff, 0xf8,
    0xf3, 0xf3, 0xf3, 0xfb, 0xfe, 0xf3, 0xf3, 0x5b,
    0x1, 0x44, 0x6, 0xb3, 0xb3, 0x0, 0x0, 0x0,
    0x0, 0x9b, 0xe5, 0x15, 0x0, 0x0, 0x4, 0xdb,
    0xa8, 0x0, 0x0, 0x0, 0x0, 0x0, 0x0, 0xb3,
    0xb3, 0x0, 0x0, 0x0, 0x67, 0xff, 0x8e, 0xe,
    0x0, 0x0, 0x76, 0xfd, 0x35, 0x0, 0x0, 0x0,
    0x0, 0x0, 0x0, 0xb3, 0xb3, 0x0, 0x0, 0x0,
    0x37, 0x8b, 0xda, 0xf9, 0xb8, 0x90, 0xfe, 0x71,
    0x0, 0x0, 0x0, 0x0, 0x0, 0x0, 0x0, 0xb3,
    0xb3, 0x0, 0x0, 0x0, 0x0, 0x0, 0xe, 0x88,
    0xfc, 0xfe, 0xfe, 0xa4, 0x37, 0x0, 0x0, 0x0,
    0x0, 0x4a, 0x68, 0xdf, 0xab, 0x0, 0x23, 0x6e,
    0x95, 0xbd, 0xf8, 0xeb, 0x82, 0x19, 0x4e, 0xc6,
    0xff, 0xc0, 0x38, 0x0, 0x0, 0x7b, 0xf5, 0xda,
    0x49, 0x0, 0x21, 0xeb, 0xc4, 0x91, 0x51, 0x9,
    0x0, 0x0, 0x0, 0x0, 0x4c, 0xda, 0x55, 0x0,
    0x0, 0x0, 0x0, 0x0, 0x0, 0x0, 0x0, 0x0,
    0x0, 0x0, 0x0, 0x0, 0x0, 0x0, 0x0, 0x0,
    0x0, 0x2, 0x0, 0x0,

    /* U+63A7 "控" */
    0x0, 0x0, 0x0, 0x8d, 0xa1, 0x0, 0x0, 0x0,
    0x0, 0x0, 0x0, 0xa, 0xa7, 0x55, 0x0, 0x0,
    0x0, 0x0, 0x0, 0x0, 0x0, 0x0, 0x0, 0xa7,
    0xbf, 0x0, 0x0, 0x0, 0x0, 0x0, 0x0, 0x0,
    0xc3, 0xcf, 0x0, 0x0, 0x0, 0x0, 0x0, 0x0,
    0x0, 0x0, 0x0, 0xa7, 0xbf, 0x0, 0x0, 0x3d,
    0x67, 0x67, 0x67, 0x67, 0xaa, 0xff, 0x80, 0x67,
    0x67, 0x67, 0x67, 0xe, 0x0, 0x0, 0x0, 0xa7,
    0xbf, 0x0, 0x0, 0x97, 0xfa, 0xe7, 0xe7, 0xe7,
    0xe7, 0xe7, 0xe7, 0xe7, 0xe7, 0xef, 0xff, 0x23,
    0x13, 0xf3, 0xf3, 0xfb, 0xfc, 0xf3, 0xca, 0x97,
    0xc3, 0x0, 0x0, 0x0, 0x0, 0x0, 0x0, 0x0,
    0x0, 0x4b, 0xff, 0x23, 0x9, 0x77, 0x77, 0xd1,
    0xdd, 0x77, 0x63, 0x97, 0xc3, 0x0, 0x28, 0xc0,
    0x3b, 0x0, 0x8d, 0x61, 0x0, 0x46, 0xeb, 0x21,
    0x0, 0x0, 0x0, 0xa7, 0xbf, 0x0, 0x0, 0x12,
    0x18, 0x1d, 0xe2, 0xc3, 0x8, 0x0, 0x5b, 0xfa,
    0x83, 0x0, 0x0, 0x0, 0x0, 0x0, 0x0, 0xa7,
    0xbf, 0x0, 0x0, 0x0, 0x3a, 0xe3, 0xd6, 0x12,
    0x0, 0x0, 0x0, 0x49, 0xf6, 0x9b, 0x2, 0x0,
    0x0, 0x0, 0x0, 0xa7, 0xbf, 0x0, 0x0, 0x41,
    0xfa, 0xbe, 0x12, 0x0, 0x0, 0x0, 0x0, 0x0,
    0x42, 0xf5, 0x73, 0x0, 0x0, 0x0, 0x0, 0xa7,
    0xda, 0x9f, 0xaf, 0x4, 0x6e, 0x4, 0x0, 0x0,
    0x0, 0x0, 0x0, 0x0, 0x0, 0x30, 0x6, 0x0,
    0x9, 0x53, 0xa3, 0xf2, 0xff, 0xd2, 0x6c, 0x0,
    0xa3, 0xf3, 0xf3, 0xf3, 0xf3, 0xf3, 0xf3, 0xf3,
    0xf3, 0xe0, 0x0, 0x0, 0x2b, 0xff, 0xe7, 0xe2,
    0xc3, 0x0, 0x0, 0x0, 0x43, 0x63, 0x63, 0x63,
    0xcc, 0xe7, 0x63, 0x63, 0x63, 0x5c, 0x0, 0x0,
    0x2, 0x4d, 0x4, 0xa7, 0xbf, 0x0, 0x0, 0x0,
    0x0, 0x0, 0x0, 0x0, 0xab, 0xd7, 0x0, 0x0,
    0x0, 0x0, 0x0, 0x0, 0x0, 0x0, 0x0, 0xa7,
    0xbf, 0x0, 0x0, 0x0, 0x0, 0x0, 0x0, 0x0,
    0xab, 0xd7, 0x0, 0x0, 0x0, 0x0, 0x0, 0x0,
    0x0, 0x0, 0x0, 0xa7, 0xbf, 0x0, 0x0, 0x0,
    0x0, 0x0, 0x0, 0x0, 0xab, 0xd7, 0x0, 0x0,
    0x0, 0x0, 0x0, 0x0, 0x0, 0x0, 0x0, 0xa7,
    0xbf, 0x0, 0x0, 0x0, 0x0, 0x0, 0x0, 0x0,
    0xab, 0xd7, 0x0, 0x0, 0x0, 0x0, 0x0, 0x0,
    0x0, 0x50, 0x61, 0xd9, 0xb5, 0x0, 0x1a, 0x57,
    0x57, 0x57, 0x57, 0x57, 0xc8, 0xe5, 0x57, 0x57,
    0x57, 0x57, 0x57, 0x1e, 0x0, 0x97, 0xf5, 0xdb,
    0x4e, 0x0, 0x4b, 0xff, 0xff, 0xff, 0xff, 0xff,
    0xff, 0xff, 0xff, 0xff, 0xff, 0xff, 0xff, 0x57,

    /* U+63CF "描" */
    0x0, 0x0, 0x0, 0xa2, 0xb6, 0x0, 0x0, 0x0,
    0x0, 0x3, 0xfb, 0x76, 0x0, 0x0, 0x0, 0xf4,
    0x7a, 0x0, 0x0, 0x0, 0x0, 0x0, 0x0, 0xa7,
    0xbb, 0x0, 0x0, 0x0, 0x0, 0x3, 0xff, 0x77,
    0x0, 0x0, 0x0, 0xf7, 0x7b, 0x0, 0x0, 0x0,
    0x0, 0x0, 0x0, 0xa7, 0xbb, 0x0, 0x0, 0x15,
    0x1b, 0x1f, 0xff, 0x86, 0x1b, 0x1b, 0x1b, 0xf8,
    0x8a, 0x1b, 0x1b, 0x3, 0x0, 0x0, 0x0, 0xa7,
    0xbb, 0x0, 0x0, 0xc7, 0xff, 0xff, 0xff, 0xff,
    0xff, 0xff, 0xff, 0xff, 0xff, 0xff, 0xff, 0x1f,
    0x13, 0xf3, 0xf3, 0xfb, 0xfc, 0xf3, 0xd5, 0x31,
    0x3f, 0x42, 0xff, 0x99, 0x3f, 0x3f, 0x3f, 0xf9,
    0x9c, 0x3f, 0x3f, 0x7, 0x9, 0x73, 0x73, 0xcf,
    0xda, 0x73, 0x65, 0x0, 0x0, 0x3, 0xff, 0x77,
    0x0, 0x0, 0x0, 0xf7, 0x7b, 0x0, 0x0, 0x0,
    0x0, 0x0, 0x0, 0xa7, 0xbb, 0x0, 0x0, 0x0,
    0x0, 0x3, 0xfb, 0x76, 0x0, 0x0, 0x0, 0xf4,
    0x7a, 0x0, 0x0, 0x0, 0x0, 0x0, 0x0, 0xa7,
    0xbb, 0x0, 0x0, 0x0, 0xb, 0xb, 0xb, 0xb,
    0xb, 0xb, 0xb, 0xb, 0xb, 0xb, 0x4, 0x0,
    0x0, 0x0, 0x0, 0xa7, 0xbb, 0x0, 0x0, 0x0,
    0xeb, 0xff, 0xff, 0xff, 0xff, 0xff, 0xff, 0xff,
    0xff, 0xff, 0x63, 0x0, 0x0, 0x0, 0x0, 0xa7,
    0xda, 0xa4, 0xbf, 0x0, 0xeb, 0x9d, 0x4b, 0x4b,
    0x9a, 0xf1, 0x4b, 0x4b, 0x54, 0xff, 0x63, 0x0,
    0x14, 0x6e, 0xb8, 0xf8, 0xff, 0xd4, 0x78, 0x0,
    0xeb, 0x73, 0x0, 0x0, 0x6f, 0xeb, 0x0, 0x0,
    0xb, 0xff, 0x63, 0x0, 0x2f, 0xff, 0xcd, 0xdb,
    0xbe, 0x0, 0x0, 0x0, 0xeb, 0x73, 0x0, 0x0,
    0x6f, 0xeb, 0x0, 0x0, 0xb, 0xff, 0x63, 0x0,
    0x1, 0x20, 0x0, 0xa7, 0xbb, 0x0, 0x0, 0x0,
    0xeb, 0xf9, 0xf3, 0xf3, 0xf9, 0xff, 0xf3, 0xf3,
    0xf4, 0xff, 0x63, 0x0, 0x0, 0x0, 0x0, 0xa7,
    0xbb, 0x0, 0x0, 0x0, 0xeb, 0xa6, 0x5b, 0x5b,
    0xa3, 0xf3, 0x5b, 0x5b, 0x63, 0xff, 0x63, 0x0,
    0x0, 0x0, 0x0, 0xa7, 0xbb, 0x0, 0x0, 0x0,
    0xeb, 0x73, 0x0, 0x0, 0x6f, 0xeb, 0x0, 0x0,
    0xb, 0xff, 0x63, 0x0, 0x0, 0x0, 0x0, 0xa7,
    0xbb, 0x0, 0x0, 0x0, 0xeb, 0x73, 0x0, 0x0,
    0x6f, 0xeb, 0x0, 0x0, 0xb, 0xff, 0x63, 0x0,
    0x0, 0x4e, 0x5d, 0xd7, 0xb3, 0x0, 0x0, 0x0,
    0xeb, 0xf9, 0xf3, 0xf3, 0xf9, 0xff, 0xf3, 0xf3,
    0xf4, 0xff, 0x63, 0x0, 0x0, 0x9c, 0xfb, 0xe0,
    0x52, 0x0, 0x0, 0x0, 0xeb, 0xaa, 0x63, 0x63,
    0x63, 0x63, 0x63, 0x63, 0x6b, 0xff, 0x63, 0x0,
    0x0, 0x0, 0x0, 0x0, 0x0, 0x0, 0x0, 0x0,
    0x0, 0x0, 0x0, 0x0, 0x0, 0x0, 0x0, 0x0,
    0x0, 0x0, 0x0, 0x0,

    /* U+64CD "操" */
    0x0, 0x0, 0x0, 0x3a, 0x1e, 0x0, 0x0, 0x0,
    0x0, 0x0, 0x0, 0x0, 0x0, 0x0, 0x0, 0x0,
    0x0, 0x0, 0x0, 0x0, 0x0, 0x0, 0x0, 0xeb,
    0x7b, 0x0, 0x0, 0x0, 0x0, 0x0, 0x0, 0x0,
    0x0, 0x0, 0x0, 0x0, 0x0, 0x0, 0x0, 0x0,
    0x0, 0x0, 0x0, 0xeb, 0x7b, 0x0, 0x0, 0x0,
    0x0, 0xdc, 0xfb, 0xfb, 0xfb, 0xfb, 0xfb, 0xfb,
    0x6e, 0x0, 0x0, 0x0, 0x0, 0x0, 0x0, 0xeb,
    0x7b, 0x0, 0x0, 0x0, 0x0, 0xdf, 0x89, 0x27,
    0x27, 0x27, 0x27, 0xf2, 0x6f, 0x0, 0x0, 0x0,
    0x0, 0x0, 0x0, 0xeb, 0x7b, 0x0, 0x0, 0x0,
    0x0, 0xdf, 0x73, 0x0, 0x0, 0x0, 0x0, 0xef,
    0x6f, 0x0, 0x0, 0x0, 0x2a, 0xe3, 0xe3, 0xfd,
    0xf1, 0xe3, 0x4e, 0x0, 0x0, 0xdf, 0xec, 0xdb,
    0xdb, 0xdb, 0xdb, 0xfd, 0x6f, 0x0, 0x0, 0x0,
    0x15, 0x73, 0x73, 0xf5, 0xb7, 0x73, 0x27, 0x0,
    0x0, 0x30, 0x37, 0x37, 0x37, 0x37, 0x37, 0x37,
    0x18, 0x0, 0x0, 0x0, 0x0, 0x0, 0x0, 0xeb,
    0x7b, 0x0, 0x0, 0xce, 0xeb, 0xeb, 0xeb, 0xeb,
    0x28, 0xa2, 0xeb, 0xeb, 0xeb, 0xeb, 0x72, 0x0,
    0x0, 0x0, 0x0, 0xeb, 0x7b, 0x0, 0x0, 0xdf,
    0x70, 0x2f, 0x39, 0xff, 0x2b, 0xaf, 0x97, 0x2f,
    0x2f, 0xd2, 0x7b, 0x0, 0x0, 0x0, 0x0, 0xeb,
    0x7b, 0x0, 0x3, 0xdf, 0x4f, 0x0, 0xb, 0xff,
    0x2b, 0xaf, 0x7f, 0x0, 0x0, 0xc7, 0x7b, 0x0,
    0x0, 0x0, 0x0, 0xeb, 0xba, 0xcc, 0x51, 0xdf,
    0x6b, 0x27, 0x32, 0xff, 0x2b, 0xaf, 0x93, 0x27,
    0x27, 0xd0, 0x7b, 0x0, 0x3a, 0xca, 0xcd, 0xfc,
    0xad, 0x5d, 0x28, 0xd5, 0xf3, 0xf3, 0xf3, 0xf3,
    0xdb, 0xeb, 0xf3, 0xf3, 0xf3, 0xf3, 0x76, 0x0,
    0x1a, 0xd0, 0x56, 0xed, 0x7b, 0x0, 0x0, 0x0,
    0x0, 0x0, 0x0, 0x0, 0xf7, 0x73, 0x0, 0x0,
    0x0, 0x0, 0x0, 0x0, 0x0, 0x0, 0x0, 0xeb,
    0x7b, 0x0, 0x39, 0xe7, 0xe7, 0xe7, 0xe7, 0xe7,
    0xff, 0xf2, 0xe7, 0xe7, 0xe7, 0xe7, 0xd5, 0x0,
    0x0, 0x0, 0x0, 0xeb, 0x7b, 0x0, 0x16, 0x5b,
    0x5b, 0x5b, 0x95, 0xff, 0xff, 0xff, 0xd4, 0x5e,
    0x5b, 0x5b, 0x54, 0x0, 0x0, 0x0, 0x0, 0xeb,
    0x7b, 0x0, 0x0, 0x0, 0x2, 0x79, 0xfb, 0x8d,
    0xf9, 0x9b, 0xe0, 0xb6, 0x11, 0x0, 0x0, 0x0,
    0x0, 0x0, 0x0, 0xeb, 0x7b, 0x0, 0x4, 0x55,
    0xc7, 0xf6, 0x5b, 0x0, 0xf7, 0x73, 0x1a, 0xd2,
    0xe3, 0x6d, 0xa, 0x0, 0x0, 0x31, 0x54, 0xf7,
    0x73, 0x40, 0xe6, 0xfe, 0xad, 0x2c, 0x0, 0x0,
    0xf7, 0x73, 0x0, 0xb, 0x83, 0xf6, 0xdf, 0xc,
    0x0, 0x66, 0xff, 0xdc, 0x2a, 0x6, 0x86, 0x29,
    0x0, 0x0, 0x0, 0x0, 0xf7, 0x73, 0x0, 0x0,
    0x0, 0x1e, 0x3b, 0x0, 0x0, 0x1, 0x1, 0x0,
    0x0, 0x0, 0x0, 0x0, 0x0, 0x0, 0x0, 0x0,
    0x0, 0x0, 0x0, 0x0, 0x0, 0x0, 0x0, 0x0,

    /* U+6548 "效" */
    0x0, 0x0, 0x0, 0x0, 0x84, 0x63, 0x0, 0x0,
    0x0, 0x0, 0x0, 0x0, 0x37, 0xb4, 0x18, 0x0,
    0x0, 0x0, 0x0, 0x0, 0x0, 0x0, 0x0, 0x0,
    0x83, 0xf8, 0x28, 0x0, 0x0, 0x0, 0x0, 0x0,
    0x7c, 0xf5, 0x4, 0x0, 0x0, 0x0, 0x0, 0x0,
    0x0, 0x0, 0x0, 0x0, 0x8, 0xe6, 0x7d, 0x0,
    0x0, 0x0, 0x0, 0x0, 0xba, 0xc2, 0x0, 0x0,
    0x0, 0x0, 0x0, 0x0, 0x0, 0xce, 0xdf, 0xdf,
    0xdf, 0xed, 0xdf, 0xdf, 0xdf, 0xdf, 0x29, 0x4,
    0xf3, 0xa1, 0x27, 0x27, 0x27, 0x27, 0x27, 0x0,
    0x0, 0x72, 0x7b, 0x7b, 0x7b, 0x7b, 0x7b, 0x7d,
    0x7b, 0x7b, 0x17, 0x35, 0xff, 0xff, 0xff, 0xff,
    0xff, 0xff, 0xff, 0x0, 0x0, 0x0, 0xb, 0xd7,
    0x54, 0x0, 0x25, 0xdc, 0x2f, 0x0, 0x0, 0x7d,
    0xf0, 0x3d, 0x3b, 0x3b, 0xc0, 0xd3, 0x3b, 0x0,
    0x0, 0x0, 0x79, 0xf2, 0x14, 0x0, 0x0, 0xb4,
    0xdc, 0xd, 0x2, 0xe0, 0xaa, 0x0, 0x0, 0x0,
    0xdb, 0x93, 0x0, 0x0, 0x0, 0x1b, 0xef, 0x81,
    0x0, 0x0, 0x0, 0x15, 0xf0, 0x87, 0x51, 0xff,
    0xcf, 0x0, 0x0, 0x11, 0xff, 0x5b, 0x0, 0x0,
    0x3, 0xc2, 0xd9, 0xb, 0x0, 0x0, 0x3e, 0x9b,
    0x8b, 0xaf, 0xdc, 0xef, 0xfe, 0x17, 0x0, 0x45,
    0xff, 0x23, 0x0, 0x0, 0x24, 0xe7, 0x48, 0xc0,
    0x4d, 0x0, 0xa5, 0xd6, 0x2, 0x2f, 0xf8, 0x3f,
    0xf4, 0x62, 0x0, 0x93, 0xe9, 0x0, 0x0, 0x0,
    0x0, 0xb, 0x2, 0xa7, 0xf8, 0x53, 0xf4, 0x73,
    0x0, 0x0, 0x2c, 0x0, 0xa9, 0xc7, 0x7, 0xed,
    0x8c, 0x0, 0x0, 0x0, 0x0, 0x0, 0x0, 0x5,
    0xb6, 0xff, 0xfa, 0x16, 0x0, 0x0, 0x0, 0x0,
    0x4a, 0xff, 0x8a, 0xfd, 0x21, 0x0, 0x0, 0x0,
    0x0, 0x0, 0x0, 0x0, 0x1d, 0xfc, 0xf0, 0x1d,
    0x0, 0x0, 0x0, 0x0, 0x1, 0xd5, 0xff, 0xaf,
    0x0, 0x0, 0x0, 0x0, 0x0, 0x0, 0x0, 0x1,
    0xb3, 0xf0, 0xe7, 0xca, 0x7, 0x0, 0x0, 0x0,
    0x0, 0x90, 0xff, 0x66, 0x0, 0x0, 0x0, 0x0,
    0x0, 0x0, 0x0, 0x74, 0xff, 0x51, 0x43, 0xfd,
    0x8c, 0x0, 0x0, 0x0, 0x52, 0xfd, 0xf8, 0xea,
    0x1e, 0x0, 0x0, 0x0, 0x0, 0x0, 0x71, 0xfc,
    0x8a, 0x0, 0x0, 0x90, 0xf7, 0x17, 0x0, 0x42,
    0xf8, 0xb7, 0x27, 0xed, 0xcd, 0xd, 0x0, 0x0,
    0x8, 0xa3, 0xff, 0x97, 0x3, 0x0, 0x0, 0xd,
    0x39, 0xd, 0x90, 0xfd, 0xc1, 0x9, 0x0, 0x44,
    0xfc, 0xdb, 0x34, 0x0, 0xe, 0xc7, 0x71, 0x0,
    0x0, 0x0, 0x0, 0x0, 0x11, 0xe1, 0xfb, 0x85,
    0x7, 0x0, 0x0, 0x0, 0x45, 0xeb, 0xee, 0x10,
    0x0, 0x2, 0x0, 0x0, 0x0, 0x0, 0x0, 0x0,
    0x0, 0x56, 0x31, 0x0, 0x0, 0x0, 0x0, 0x0,
    0x0, 0x1d, 0x3f, 0x0,

    /* U+6570 "数" */
    0x0, 0x0, 0x1b, 0x0, 0x0, 0xab, 0x6d, 0x0,
    0x16, 0x1e, 0x0, 0x0, 0x46, 0x6a, 0x0, 0x0,
    0x0, 0x0, 0x0, 0x0, 0x0, 0xf, 0xf3, 0x4f,
    0x0, 0xdb, 0x8b, 0x0, 0x98, 0xd9, 0x3, 0x0,
    0xa8, 0xc7, 0x0, 0x0, 0x0, 0x0, 0x0, 0x0,
    0x0, 0x0, 0x89, 0xd1, 0x0, 0xdb, 0x8b, 0x2d,
    0xf9, 0x40, 0x0, 0x0, 0xdf, 0x94, 0x0, 0x0,
    0x0, 0x0, 0x0, 0x0, 0x0, 0xb, 0x2d, 0xa3,
    0x13, 0xdd, 0x91, 0x4d, 0x7b, 0xb, 0x7, 0x16,
    0xff, 0x62, 0x0, 0x0, 0x0, 0x0, 0x0, 0x0,
    0x0, 0xff, 0xff, 0xff, 0xff, 0xff, 0xff, 0xff,
    0xff, 0xff, 0x9f, 0x4d, 0xff, 0xeb, 0xe3, 0xe3,
    0xe3, 0xe3, 0xd9, 0x0, 0x0, 0x33, 0x33, 0x35,
    0xc2, 0xff, 0xfd, 0x95, 0x34, 0x33, 0x20, 0x8a,
    0xff, 0x87, 0x83, 0x83, 0xf0, 0xc7, 0x7d, 0x0,
    0x0, 0x0, 0x0, 0x94, 0xf1, 0xf1, 0xbb, 0xe2,
    0xc0, 0x26, 0x3, 0xe5, 0xff, 0x2e, 0x0, 0x7,
    0xfb, 0x64, 0x0, 0x0, 0x0, 0x24, 0xb9, 0xf1,
    0x38, 0xdb, 0x8b, 0x13, 0xba, 0xca, 0x4e, 0xff,
    0xf6, 0x67, 0x0, 0x32, 0xff, 0x30, 0x0, 0x0,
    0xc, 0xec, 0xd8, 0x31, 0x0, 0xd1, 0x85, 0x0,
    0x3, 0x1c, 0xd4, 0xb6, 0xa9, 0xa1, 0x0, 0x63,
    0xf8, 0x5, 0x0, 0x0, 0x0, 0x3d, 0xa, 0x0,
    0x4e, 0x7a, 0x0, 0x0, 0x0, 0x2a, 0xf5, 0x38,
    0x66, 0xeb, 0x4, 0xa9, 0xc7, 0x0, 0x0, 0x0,
    0x0, 0x2d, 0x4b, 0x4b, 0xd1, 0xc9, 0x4b, 0x4b,
    0x4c, 0x2e, 0x22, 0x0, 0x20, 0xff, 0x4d, 0xf3,
    0x71, 0x0, 0x0, 0x0, 0x0, 0x90, 0xf3, 0xfa,
    0xff, 0xf3, 0xf3, 0xf3, 0xfd, 0xaf, 0x0, 0x0,
    0x0, 0xc3, 0xdd, 0xfa, 0x16, 0x0, 0x0, 0x0,
    0x0, 0x0, 0x3, 0xd1, 0xa3, 0x0, 0x0, 0x32,
    0xfa, 0x44, 0x0, 0x0, 0x0, 0x61, 0xff, 0xaf,
    0x0, 0x0, 0x0, 0x0, 0x0, 0x0, 0x70, 0xff,
    0x59, 0x0, 0x8, 0xd5, 0xc6, 0x1, 0x0, 0x0,
    0x0, 0x67, 0xff, 0xa8, 0x0, 0x0, 0x0, 0x0,
    0x0, 0x0, 0x37, 0xb0, 0xfe, 0xc1, 0xaa, 0xee,
    0x1f, 0x0, 0x0, 0x0, 0x36, 0xf8, 0xdb, 0xff,
    0x5a, 0x0, 0x0, 0x0, 0x0, 0x0, 0x0, 0x0,
    0x41, 0xf5, 0xff, 0xd2, 0x28, 0x0, 0x0, 0x1f,
    0xe4, 0xc8, 0xa, 0xb2, 0xf1, 0x2a, 0x0, 0x0,
    0x0, 0x0, 0x1c, 0x81, 0xf5, 0xca, 0x51, 0xc8,
    0xdb, 0x9, 0x63, 0xf1, 0xdd, 0x16, 0x0, 0x13,
    0xe2, 0xf2, 0x55, 0x0, 0x8, 0xc2, 0xfe, 0xde,
    0x6b, 0x2, 0x0, 0x2, 0x16, 0xa6, 0xff, 0xae,
    0x15, 0x0, 0x0, 0x0, 0x1d, 0xcd, 0xfe, 0x2f,
    0x0, 0x58, 0x3e, 0x1, 0x0, 0x0, 0x0, 0x0,
    0x0, 0x55, 0x5f, 0x0, 0x0, 0x0, 0x0, 0x0,
    0x0, 0x9, 0x50, 0x0,

    /* U+6574 "整" */
    0x0, 0x0, 0x0, 0x0, 0x0, 0x81, 0x40, 0x0,
    0x0, 0x0, 0x0, 0x0, 0x30, 0x6a, 0x6, 0x0,
    0x0, 0x0, 0x0, 0x0, 0x0, 0x48, 0x53, 0x53,
    0x53, 0xea, 0x9f, 0x53, 0x53, 0x53, 0x16, 0x0,
    0xab, 0xda, 0x0, 0x0, 0x0, 0x0, 0x0, 0x0,
    0x0, 0xb2, 0xcf, 0xcf, 0xcf, 0xf9, 0xe4, 0xcf,
    0xcf, 0xcf, 0x37, 0x1a, 0xfb, 0xb5, 0x57, 0x57,
    0x57, 0x57, 0x57, 0x4, 0x0, 0xb, 0x27, 0x27,
    0x27, 0xe4, 0x86, 0x27, 0x27, 0x1d, 0x0, 0x9f,
    0xfd, 0xeb, 0xeb, 0xeb, 0xfa, 0xfa, 0xeb, 0xb,
    0x0, 0x47, 0xfe, 0xd7, 0xd7, 0xfa, 0xe9, 0xd7,
    0xed, 0xbb, 0x67, 0xff, 0xfc, 0x2b, 0x0, 0x9,
    0xeb, 0x7b, 0x0, 0x0, 0x0, 0x47, 0xf3, 0x0,
    0x0, 0xdf, 0x6f, 0x0, 0x8b, 0xbf, 0xd1, 0xa9,
    0x9f, 0xbf, 0x3, 0x73, 0xf7, 0x14, 0x0, 0x0,
    0x0, 0x47, 0xff, 0xf3, 0xf3, 0xfe, 0xf9, 0xf3,
    0xfa, 0xbb, 0xf, 0x4, 0xc, 0xdd, 0xac, 0xf9,
    0x71, 0x0, 0x0, 0x0, 0x0, 0x3, 0xb, 0x21,
    0xd0, 0xff, 0xc2, 0xad, 0x2a, 0x8, 0x0, 0x0,
    0x0, 0x6c, 0xff, 0xdb, 0x3, 0x0, 0x0, 0x0,
    0x0, 0x0, 0x37, 0xdd, 0xa3, 0xe4, 0x7e, 0x8f,
    0xf0, 0x56, 0x0, 0xf, 0x8b, 0xfd, 0xb6, 0xf3,
    0xc2, 0x26, 0x0, 0x0, 0xa, 0xac, 0xfa, 0x83,
    0x1, 0xdf, 0x6f, 0x0, 0x3f, 0x3b, 0x92, 0xf4,
    0xe9, 0x5a, 0x0, 0x28, 0xd2, 0xfd, 0xb1, 0xc,
    0x0, 0x66, 0x2d, 0x0, 0x0, 0x73, 0x39, 0x0,
    0x0, 0x0, 0x5b, 0x69, 0x8, 0x0, 0x0, 0x0,
    0x2, 0x5b, 0x7e, 0x0, 0x0, 0x0, 0xaf, 0xf3,
    0xf3, 0xf3, 0xf3, 0xf3, 0xf3, 0xf3, 0xf3, 0xf3,
    0xf3, 0xf3, 0xf3, 0xf3, 0xf3, 0xc2, 0x0, 0x0,
    0x0, 0x0, 0x3c, 0x53, 0x53, 0x53, 0x53, 0x53,
    0x53, 0xd7, 0xcf, 0x53, 0x53, 0x53, 0x53, 0x53,
    0x53, 0x42, 0x0, 0x0, 0x0, 0x0, 0x0, 0x0,
    0x7a, 0x6b, 0x0, 0x0, 0x0, 0xc3, 0xbb, 0xb,
    0xb, 0xb, 0xb, 0xb, 0x5, 0x0, 0x0, 0x0,
    0x0, 0x0, 0x0, 0x0, 0xc3, 0xab, 0x0, 0x0,
    0x0, 0xc3, 0xff, 0xff, 0xff, 0xff, 0xff, 0xff,
    0x7b, 0x0, 0x0, 0x0, 0x0, 0x0, 0x0, 0x0,
    0xc3, 0xab, 0x0, 0x0, 0x0, 0xc3, 0xc0, 0x1f,
    0x1f, 0x1f, 0x1f, 0x1f, 0xf, 0x0, 0x0, 0x0,
    0x4, 0x47, 0x47, 0x47, 0xd4, 0xc3, 0x47, 0x47,
    0x47, 0xd4, 0xcc, 0x47, 0x47, 0x47, 0x47, 0x47,
    0x47, 0x47, 0x47, 0x6, 0xf, 0xff, 0xff, 0xff,
    0xff, 0xff, 0xff, 0xff, 0xff, 0xff, 0xff, 0xff,
    0xff, 0xff, 0xff, 0xff, 0xff, 0xff, 0xff, 0x17,

    /* U+6587 "文" */
    0x0, 0x0, 0x0, 0x0, 0x0, 0x0, 0x0, 0x0,
    0x3c, 0xc6, 0x43, 0x0, 0x0, 0x0, 0x0, 0x0,
    0x0, 0x0, 0x0, 0x0, 0x0, 0x0, 0x0, 0x0,
    0x0, 0x0, 0x0, 0x0, 0x15, 0xf2, 0xd2, 0x1,
    0x0, 0x0, 0x0, 0x0, 0x0, 0x0, 0x0, 0x0,
    0x0, 0x0, 0x0, 0x0, 0x0, 0x0, 0x0, 0x0,
    0x0, 0x89, 0xff, 0x4d, 0x0, 0x0, 0x0, 0x0,
    0x0, 0x0, 0x0, 0x0, 0x0, 0x47, 0x47, 0x47,
    0x47, 0x47, 0x47, 0x47, 0x47, 0x6a, 0xc8, 0x6b,
    0x47, 0x47, 0x47, 0x47, 0x47, 0x47, 0x47, 0x5,
    0x0, 0xff, 0xff, 0xff, 0xff, 0xff, 0xff, 0xff,
    0xff, 0xff, 0xff, 0xff, 0xff, 0xff, 0xff, 0xff,
    0xff, 0xff, 0xff, 0x13, 0x0, 0x33, 0x33, 0x33,
    0xbf, 0xe5, 0x35, 0x33, 0x33, 0x33, 0x33, 0x33,
    0x33, 0x3b, 0xf3, 0xc9, 0x33, 0x33, 0x33, 0x4,
    0x0, 0x0, 0x0, 0x0, 0x3e, 0xff, 0x57, 0x0,
    0x0, 0x0, 0x0, 0x0, 0x0, 0x68, 0xff, 0x4d,
    0x0, 0x0, 0x0, 0x0, 0x0, 0x0, 0x0, 0x0,
    0x0, 0xc0, 0xd8, 0x3, 0x0, 0x0, 0x0, 0x0,
    0x4, 0xde, 0xd3, 0x1, 0x0, 0x0, 0x0, 0x0,
    0x0, 0x0, 0x0, 0x0, 0x0, 0x43, 0xff, 0x62,
    0x0, 0x0, 0x0, 0x0, 0x5f, 0xff, 0x5b, 0x0,
    0x0, 0x0, 0x0, 0x0, 0x0, 0x0, 0x0, 0x0,
    0x0, 0x0, 0xba, 0xf1, 0x28, 0x0, 0x0, 0x1c,
    0xea, 0xd5, 0x3, 0x0, 0x0, 0x0, 0x0, 0x0,
    0x0, 0x0, 0x0, 0x0, 0x0, 0x0, 0x17, 0xe5,
    0xd9, 0xf, 0x6, 0xc7, 0xf4, 0x29, 0x0, 0x0,
    0x0, 0x0, 0x0, 0x0, 0x0, 0x0, 0x0, 0x0,
    0x0, 0x0, 0x0, 0x3c, 0xfb, 0xb6, 0x96, 0xff,
    0x59, 0x0, 0x0, 0x0, 0x0, 0x0, 0x0, 0x0,
    0x0, 0x0, 0x0, 0x0, 0x0, 0x0, 0x0, 0x0,
    0x72, 0xff, 0xff, 0x93, 0x0, 0x0, 0x0, 0x0,
    0x0, 0x0, 0x0, 0x0, 0x0, 0x0, 0x0, 0x0,
    0x0, 0x0, 0x0, 0x1d, 0xb6, 0xff, 0xff, 0xcc,
    0x2d, 0x0, 0x0, 0x0, 0x0, 0x0, 0x0, 0x0,
    0x0, 0x0, 0x0, 0x0, 0x0, 0x1, 0x67, 0xf1,
    0xf6, 0x70, 0x67, 0xf4, 0xf9, 0x7d, 0x4, 0x0,
    0x0, 0x0, 0x0, 0x0, 0x0, 0x0, 0x0, 0x4,
    0x4c, 0xc1, 0xff, 0xc9, 0x28, 0x0, 0x0, 0x25,
    0xc8, 0xff, 0xcf, 0x56, 0x8, 0x0, 0x0, 0x0,
    0x0, 0x28, 0x89, 0xe7, 0xff, 0xee, 0x79, 0x3,
    0x0, 0x0, 0x0, 0x0, 0x3, 0x7b, 0xef, 0xff,
    0xf0, 0x99, 0x3b, 0x0, 0x13, 0xef, 0xff, 0xcb,
    0x61, 0x9, 0x0, 0x0, 0x0, 0x0, 0x0, 0x0,
    0x0, 0x0, 0x8, 0x5b, 0xc0, 0xff, 0xea, 0x18,
    0x0, 0x46, 0x36, 0x0, 0x0, 0x0, 0x0, 0x0,
    0x0, 0x0, 0x0, 0x0, 0x0, 0x0, 0x0, 0x0,
    0x0, 0x25, 0x32, 0x0,

    /* U+65E7 "旧" */
    0x63, 0x8c, 0x0, 0x0, 0x0, 0x0, 0x0, 0x0,
    0x0, 0x0, 0x0, 0x0, 0x0, 0x0, 0x0, 0x0,
    0xa7, 0xeb, 0x0, 0x0, 0x0, 0x65, 0x6b, 0x6b,
    0x6b, 0x6b, 0x6b, 0x6b, 0x6b, 0x6b, 0x6b, 0x63,
    0xa7, 0xeb, 0x0, 0x0, 0x0, 0xef, 0xff, 0xff,
    0xff, 0xff, 0xff, 0xff, 0xff, 0xff, 0xff, 0xeb,
    0xa7, 0xeb, 0x0, 0x0, 0x0, 0xef, 0x97, 0x0,
    0x0, 0x0, 0x0, 0x0, 0x0, 0x0, 0xa7, 0xeb,
    0xa7, 0xeb, 0x0, 0x0, 0x0, 0xef, 0x97, 0x0,
    0x0, 0x0, 0x0, 0x0, 0x0, 0x0, 0xa7, 0xeb,
    0xa7, 0xeb, 0x0, 0x0, 0x0, 0xef, 0x97, 0x0,
    0x0, 0x0, 0x0, 0x0, 0x0, 0x0, 0xa7, 0xeb,
    0xa7, 0xeb, 0x0, 0x0, 0x0, 0xef, 0x97, 0x0,
    0x0, 0x0, 0x0, 0x0, 0x0, 0x0, 0xa7, 0xeb,
    0xa7, 0xeb, 0x0, 0x0, 0x0, 0xef, 0x97, 0x0,
    0x0, 0x0, 0x0, 0x0, 0x0, 0x0, 0xa7, 0xeb,
    0xa7, 0xeb, 0x0, 0x0, 0x0, 0xef, 0xc7, 0x73,
    0x73, 0x73, 0x73, 0x73, 0x73, 0x73, 0xcf, 0xeb,
    0xa7, 0xeb, 0x0, 0x0, 0x0, 0xef, 0xfb, 0xf3,
    0xf3, 0xf3, 0xf3, 0xf3, 0xf3, 0xf3, 0xfb, 0xeb,
    0xa7, 0xeb, 0x0, 0x0, 0x0, 0xef, 0x97, 0x0,
    0x0, 0x0, 0x0, 0x0, 0x0, 0x0, 0xa7, 0xeb,
    0xa7, 0xeb, 0x0, 0x0, 0x0, 0xef, 0x97, 0x0,
    0x0, 0x0, 0x0, 0x0, 0x0, 0x0, 0xa7, 0xeb,
    0xa7, 0xeb, 0x0, 0x0, 0x0, 0xef, 0x97, 0x0,
    0x0, 0x0, 0x0, 0x0, 0x0, 0x0, 0xa7, 0xeb,
    0xa7, 0xeb, 0x0, 0x0, 0x0, 0xef, 0x97, 0x0,
    0x0, 0x0, 0x0, 0x0, 0x0, 0x0, 0xa7, 0xeb,
    0xa7, 0xeb, 0x0, 0x0, 0x0, 0xef, 0x97, 0x0,
    0x0, 0x0, 0x0, 0x0, 0x0, 0x0, 0xa7, 0xeb,
    0xa7, 0xeb, 0x0, 0x0, 0x0, 0xef, 0xbb, 0x57,
    0x57, 0x57, 0x57, 0x57, 0x57, 0x57, 0xc6, 0xeb,
    0xa7, 0xeb, 0x0, 0x0, 0x0, 0xef, 0xff, 0xff,
    0xff, 0xff, 0xff, 0xff, 0xff, 0xff, 0xff, 0xeb,
    0xa7, 0xeb, 0x0, 0x0, 0x0, 0xe8, 0x9b, 0x13,
    0x13, 0x13, 0x13, 0x13, 0x13, 0x13, 0xae, 0xeb,

    /* U+65F6 "时" */
    0x0, 0x0, 0x0, 0x0, 0x0, 0x0, 0x0, 0x0,
    0x0, 0x0, 0x0, 0x0, 0x0, 0x0, 0x82, 0xca,
    0x0, 0x0, 0x0, 0x1a, 0x47, 0x47, 0x47, 0x47,
    0x47, 0x42, 0x0, 0x0, 0x0, 0x0, 0x0, 0x0,
    0x0, 0x97, 0xeb, 0x0, 0x0, 0x0, 0x5f, 0xff,
    0xff, 0xff, 0xff, 0xff, 0xeb, 0x0, 0x0, 0x0,
    0x0, 0x0, 0x0, 0x0, 0x97, 0xeb, 0x0, 0x0,
    0x0, 0x5f, 0xff, 0x22, 0x13, 0x13, 0x82, 0xeb,
    0x0, 0x0, 0x0, 0x0, 0x0, 0x0, 0x0, 0x97,
    0xeb, 0x0, 0x0, 0x0, 0x5f, 0xff, 0xf, 0x0,
    0x0, 0x77, 0xeb, 0x22, 0xf3, 0xf3, 0xf3, 0xf3,
    0xf3, 0xf3, 0xfb, 0xff, 0xf3, 0xf3, 0x57, 0x5f,
    0xff, 0xf, 0x0, 0x0, 0x77, 0xeb, 0x13, 0x87,
    0x87, 0x87, 0x87, 0x87, 0x87, 0xcf, 0xf6, 0x87,
    0x87, 0x30, 0x5f, 0xff, 0xf, 0x0, 0x0, 0x77,
    0xeb, 0x0, 0x0, 0x0, 0x0, 0x0, 0x0, 0x0,
    0x97, 0xeb, 0x0, 0x0, 0x0, 0x5f, 0xff, 0x69,
    0x5f, 0x5f, 0xaa, 0xeb, 0x0, 0x12, 0x83, 0xf,
    0x0, 0x0, 0x0, 0x97, 0xeb, 0x0, 0x0, 0x0,
    0x5f, 0xff, 0xf4, 0xf3, 0xf3, 0xf9, 0xeb, 0x0,
    0x20, 0xf4, 0xa1, 0x0, 0x0, 0x0, 0x97, 0xeb,
    0x0, 0x0, 0x0, 0x5f, 0xff, 0xf, 0x0, 0x0,
    0x77, 0xeb, 0x0, 0x0, 0x6e, 0xff, 0x51, 0x0,
    0x0, 0x97, 0xeb, 0x0, 0x0, 0x0, 0x5f, 0xff,
    0xf, 0x0, 0x0, 0x77, 0xeb, 0x0, 0x0, 0x2,
    0xc6, 0xe6, 0xf, 0x0, 0x97, 0xeb, 0x0, 0x0,
    0x0, 0x5f, 0xff, 0xf, 0x0, 0x0, 0x77, 0xeb,
    0x0, 0x0, 0x0, 0x32, 0xfd, 0x94, 0x0, 0x97,
    0xeb, 0x0, 0x0, 0x0, 0x5f, 0xff, 0xf, 0x0,
    0x0, 0x77, 0xeb, 0x0, 0x0, 0x0, 0x0, 0x87,
    0x64, 0x0, 0x97, 0xeb, 0x0, 0x0, 0x0, 0x5f,
    0xff, 0x71, 0x67, 0x67, 0xaf, 0xeb, 0x0, 0x0,
    0x0, 0x0, 0x0, 0x0, 0x0, 0x97, 0xeb, 0x0,
    0x0, 0x0, 0x5f, 0xff, 0xf4, 0xf3, 0xf3, 0xf3,
    0xe0, 0x0, 0x0, 0x0, 0x0, 0x0, 0x0, 0x0,
    0x97, 0xeb, 0x0, 0x0, 0x0, 0x5f, 0xff, 0xf,
    0x0, 0x0, 0x0, 0x0, 0x0, 0x0, 0x0, 0x0,
    0x0, 0x0, 0x0, 0x98, 0xeb, 0x0, 0x0, 0x0,
    0x2f, 0x7f, 0x7, 0x0, 0x0, 0x0, 0x0, 0x0,
    0x0, 0x0, 0x4e, 0x84, 0x80, 0x84, 0xdf, 0xd1,
    0x0, 0x0, 0x0, 0x0, 0x0, 0x0, 0x0, 0x0,
    0x0, 0x0, 0x0, 0x0, 0x0, 0x4a, 0xff, 0xfb,
    0xed, 0xc8, 0x49, 0x0, 0x0, 0x0,

    /* U+660E "明" */
    0x2b, 0x6b, 0x6b, 0x6b, 0x6b, 0x6b, 0x6b, 0x10,
    0x0, 0xc4, 0xc7, 0xc7, 0xc7, 0xc7, 0xc7, 0xc7,
    0xc7, 0x70, 0x67, 0xff, 0xf4, 0xf3, 0xf3, 0xf6,
    0xff, 0x27, 0x0, 0xfb, 0xcc, 0x9b, 0x9b, 0x9b,
    0x9b, 0x9b, 0xf8, 0x8f, 0x67, 0xff, 0x3, 0x0,
    0x0, 0x3b, 0xff, 0x27, 0x0, 0xfb, 0x7b, 0x0,
    0x0, 0x0, 0x0, 0x0, 0xeb, 0x8f, 0x67, 0xff,
    0x3, 0x0, 0x0, 0x3b, 0xff, 0x27, 0x0, 0xfb,
    0x7b, 0x0, 0x0, 0x0, 0x0, 0x0, 0xeb, 0x8f,
    0x67, 0xff, 0x3, 0x0, 0x0, 0x3b, 0xff, 0x27,
    0x0, 0xfb, 0x82, 0xb, 0xb, 0xb, 0xb, 0xb,
    0xec, 0x8f, 0x67, 0xff, 0x62, 0x5f, 0x5f, 0x85,
    0xff, 0x27, 0x0, 0xfb, 0xff, 0xff, 0xff, 0xff,
    0xff, 0xff, 0xff, 0x8f, 0x67, 0xff, 0xfc, 0xfb,
    0xfb, 0xfc, 0xff, 0x27, 0x0, 0xfb, 0xa1, 0x47,
    0x47, 0x47, 0x47, 0x47, 0xf1, 0x8f, 0x67, 0xff,
    0x3, 0x0, 0x0, 0x3b, 0xff, 0x27, 0x2, 0xff,
    0x78, 0x0, 0x0, 0x0, 0x0, 0x0, 0xeb, 0x8f,
    0x67, 0xff, 0x3, 0x0, 0x0, 0x3b, 0xff, 0x27,
    0xd, 0xff, 0x6b, 0x0, 0x0, 0x0, 0x0, 0x0,
    0xeb, 0x8f, 0x67, 0xff, 0x3, 0x0, 0x0, 0x3b,
    0xff, 0x27, 0x20, 0xff, 0x7e, 0x2f, 0x2f, 0x2f,
    0x2f, 0x2f, 0xef, 0x8f, 0x67, 0xff, 0xf, 0xb,
    0xb, 0x45, 0xff, 0x27, 0x50, 0xff, 0xff, 0xff,
    0xff, 0xff, 0xff, 0xff, 0xff, 0x8f, 0x67, 0xff,
    0xff, 0xff, 0xff, 0xff, 0xff, 0x27, 0x86, 0xfd,
    0x37, 0x2b, 0x2b, 0x2b, 0x2b, 0x2b, 0xef, 0x8f,
    0x67, 0xff, 0x5e, 0x5b, 0x5b, 0x5b, 0x5b, 0x15,
    0xe4, 0xc7, 0x0, 0x0, 0x0, 0x0, 0x0, 0x0,
    0xeb, 0x8f, 0x67, 0xff, 0x3, 0x0, 0x0, 0x0,
    0x0, 0x67, 0xff, 0x60, 0x0, 0x0, 0x0, 0x0,
    0x0, 0x0, 0xeb, 0x8f, 0x28, 0x63, 0x1, 0x0,
    0x0, 0x0, 0x1d, 0xe8, 0xd7, 0x5, 0x0, 0x0,
    0x0, 0x0, 0x0, 0x0, 0xeb, 0x8f, 0x0, 0x0,
    0x0, 0x0, 0x0, 0x1f, 0xd6, 0xf7, 0x2f, 0x0,
    0x0, 0x0, 0x1b, 0x72, 0x6d, 0x77, 0xfb, 0x7f,
    0x0, 0x0, 0x0, 0x0, 0x0, 0x57, 0xe9, 0x3c,
    0x0, 0x0, 0x0, 0x0, 0x7, 0xef, 0xfc, 0xef,
    0xc0, 0x22, 0x0, 0x0, 0x0, 0x0, 0x0, 0x0,
    0x9, 0x0, 0x0, 0x0, 0x0, 0x0, 0x0, 0x1,
    0x0, 0x0, 0x0, 0x0,

    /* U+663E "显" */
    0x0, 0x0, 0x0, 0x8d, 0xf3, 0xf3, 0xf3, 0xf3,
    0xf3, 0xf3, 0xf3, 0xf3, 0xf3, 0xf3, 0xf3, 0xf3,
    0xa0, 0x0, 0x0, 0x0, 0x0, 0x0, 0x0, 0x93,
    0xe7, 0x3b, 0x3b, 0x3b, 0x3b, 0x3b, 0x3b, 0x3b,
    0x3b, 0x3b, 0x3b, 0xe4, 0xa7, 0x0, 0x0, 0x0,
    0x0, 0x0, 0x0, 0x93, 0xdf, 0x0, 0x0, 0x0,
    0x0, 0x0, 0x0, 0x0, 0x0, 0x0, 0x0, 0xdb,
    0xa7, 0x0, 0x0, 0x0, 0x0, 0x0, 0x0, 0x93,
    0xea, 0x57, 0x57, 0x57, 0x57, 0x57, 0x57, 0x57,
    0x57, 0x57, 0x57, 0xe8, 0xa7, 0x0, 0x0, 0x0,
    0x0, 0x0, 0x0, 0x93, 0xf9, 0xcf, 0xcf, 0xcf,
    0xcf, 0xcf, 0xcf, 0xcf, 0xcf, 0xcf, 0xcf, 0xf9,
    0xa7, 0x0, 0x0, 0x0, 0x0, 0x0, 0x0, 0x93,
    0xdf, 0x0, 0x0, 0x0, 0x0, 0x0, 0x0, 0x0,
    0x0, 0x0, 0x0, 0xdb, 0xa7, 0x0, 0x0, 0x0,
    0x0, 0x0, 0x0, 0x93, 0xe8, 0x43, 0x43, 0x43,
    0x43, 0x43, 0x43, 0x43, 0x43, 0x43, 0x43, 0xe5,
    0xa7, 0x0, 0x0, 0x0, 0x0, 0x0, 0x0, 0x8d,
    0xf3, 0xf3, 0xf3, 0xf3, 0xf3, 0xf3, 0xf3, 0xf3,
    0xf3, 0xf3, 0xf3, 0xf3, 0xa0, 0x0, 0x0, 0x0,
    0x0, 0x0, 0x0, 0x0, 0x0, 0x0, 0x0, 0x74,
    0x36, 0x0, 0x0, 0x45, 0x67, 0x0, 0x0, 0x0,
    0x0, 0x0, 0x0, 0x0, 0x0, 0x0, 0x1b, 0x6b,
    0x0, 0x0, 0x0, 0xf7, 0x73, 0x0, 0x0, 0x93,
    0xdb, 0x0, 0x0, 0x0, 0x8c, 0x39, 0x0, 0x0,
    0x0, 0x0, 0x2c, 0xfc, 0x57, 0x0, 0x0, 0xf7,
    0x73, 0x0, 0x0, 0x93, 0xdb, 0x0, 0x0, 0x5e,
    0xfe, 0x42, 0x0, 0x0, 0x0, 0x0, 0x0, 0x92,
    0xe7, 0xb, 0x0, 0xf7, 0x73, 0x0, 0x0, 0x93,
    0xdb, 0x0, 0x18, 0xea, 0x98, 0x0, 0x0, 0x0,
    0x0, 0x0, 0x0, 0x13, 0xf2, 0x7a, 0x0, 0xf7,
    0x73, 0x0, 0x0, 0x93, 0xdb, 0x2, 0xbd, 0xd4,
    0xb, 0x0, 0x0, 0x0, 0x0, 0x0, 0x0, 0x0,
    0x7d, 0x87, 0x0, 0xf7, 0x73, 0x0, 0x0, 0x93,
    0xdb, 0x1b, 0xb4, 0x26, 0x0, 0x0, 0x0, 0x0,
    0x0, 0x0, 0x0, 0x0, 0x0, 0x0, 0x0, 0xf7,
    0x73, 0x0, 0x0, 0x93, 0xdb, 0x0, 0x0, 0x0,
    0x0, 0x0, 0x0, 0x0, 0x31, 0xf3, 0xf3, 0xf3,
    0xf3, 0xf3, 0xf3, 0xff, 0xf9, 0xf3, 0xf3, 0xfa,
    0xfe, 0xf3, 0xf3, 0xf3, 0xf3, 0xf3, 0xf3, 0x31,
    0x19, 0x7b, 0x7b, 0x7b, 0x7b, 0x7b, 0x7b, 0x7b,
    0x7b, 0x7b, 0x7b, 0x7b, 0x7b, 0x7b, 0x7b, 0x7b,
    0x7b, 0x7b, 0x7b, 0x19,

    /* U+666F "景" */
    0x0, 0x0, 0x0, 0xa, 0xf, 0xf, 0xf, 0xf,
    0xf, 0xf, 0xf, 0xf, 0xf, 0xf, 0xf, 0xf,
    0x8, 0x0, 0x0, 0x0, 0x0, 0x0, 0xa3, 0xfd,
    0xf3, 0xf3, 0xf3, 0xf3, 0xf3, 0xf3, 0xf3, 0xf3,
    0xf3, 0xf3, 0xff, 0x8b, 0x0, 0x0, 0x0, 0x0,
    0x0, 0xa3, 0xcb, 0x0, 0x0, 0x0, 0x0, 0x0,
    0x0, 0x0, 0x0, 0x0, 0x0, 0xf3, 0x8b, 0x0,
    0x0, 0x0, 0x0, 0x0, 0xa3, 0xfd, 0xf3, 0xf3,
    0xf3, 0xf3, 0xf3, 0xf3, 0xf3, 0xf3, 0xf3, 0xf3,
    0xff, 0x8b, 0x0, 0x0, 0x0, 0x0, 0x0, 0xa3,
    0xce, 0xb, 0xb, 0xb, 0xb, 0xb, 0xb, 0xb,
    0xb, 0xb, 0xb, 0xf4, 0x8b, 0x0, 0x0, 0x0,
    0x0, 0x0, 0xa3, 0xdb, 0x4b, 0x4b, 0x4b, 0x4b,
    0x4b, 0x4b, 0x4b, 0x4b, 0x4b, 0x4b, 0xf7, 0x8b,
    0x0, 0x0, 0x0, 0x0, 0x0, 0x78, 0xbb, 0xbb,
    0xbb, 0xbb, 0xbe, 0xef, 0xc2, 0xbb, 0xbb, 0xbb,
    0xbb, 0xbb, 0x66, 0x0, 0x0, 0x0, 0x33, 0x37,
    0x37, 0x37, 0x37, 0x37, 0x37, 0x54, 0xfa, 0x9d,
    0x37, 0x37, 0x37, 0x37, 0x37, 0x37, 0x37, 0x2a,
    0x0, 0xeb, 0xff, 0xff, 0xff, 0xff, 0xff, 0xff,
    0xff, 0xff, 0xff, 0xff, 0xff, 0xff, 0xff, 0xff,
    0xff, 0xff, 0xc3, 0x0, 0x3, 0x3, 0x3, 0x3,
    0x3, 0x3, 0x3, 0x3, 0x3, 0x3, 0x3, 0x3,
    0x3, 0x3, 0x3, 0x3, 0x3, 0x3, 0x0, 0x0,
    0x0, 0x2d, 0xf3, 0xf3, 0xf3, 0xf3, 0xf3, 0xf3,
    0xf3, 0xf3, 0xf3, 0xf3, 0xf3, 0xf3, 0x29, 0x0,
    0x0, 0x0, 0x0, 0x0, 0x2f, 0xff, 0x60, 0x2b,
    0x2b, 0x2b, 0x2b, 0x2b, 0x2b, 0x2b, 0x2b, 0x71,
    0xff, 0x2b, 0x0, 0x0, 0x0, 0x0, 0x0, 0x2f,
    0xff, 0x3f, 0x0, 0x0, 0x0, 0x0, 0x0, 0x0,
    0x0, 0x0, 0x53, 0xff, 0x2b, 0x0, 0x0, 0x0,
    0x0, 0x0, 0x2f, 0xff, 0xf6, 0xf3, 0xf3, 0xf3,
    0xf3, 0xf3, 0xf3, 0xf3, 0xf3, 0xf7, 0xff, 0x2b,
    0x0, 0x0, 0x0, 0x0, 0x0, 0x7, 0x2a, 0x80,
    0x5c, 0x28, 0x27, 0xd7, 0xc3, 0x27, 0x28, 0x5f,
    0x2d, 0x27, 0x6, 0x0, 0x0, 0x0, 0x0, 0x4,
    0x4f, 0xd1, 0xee, 0x6a, 0x1, 0x0, 0xcf, 0xb7,
    0x0, 0x35, 0xda, 0xee, 0x9b, 0x3e, 0x0, 0x0,
    0x4, 0x93, 0xec, 0xf2, 0x90, 0x14, 0x13, 0x2a,
    0x2b, 0xdb, 0xb5, 0x0, 0x0, 0x0, 0x3c, 0xa3,
    0xfa, 0xd1, 0x43, 0x0, 0x44, 0x6c, 0xd, 0x0,
    0x0, 0x2f, 0xfe, 0xfb, 0xe2, 0x5f, 0x0, 0x0,
    0x0, 0x0, 0x0, 0x1e, 0x8c, 0x1a,

    /* U+6700 "最" */
    0x0, 0x0, 0x0, 0xd, 0x1b, 0x1b, 0x1b, 0x1b,
    0x1b, 0x1b, 0x1b, 0x1b, 0x1b, 0x1b, 0x1b, 0x1b,
    0xf, 0x0, 0x0, 0x0, 0x0, 0x0, 0x0, 0x7b,
    0xff, 0xf3, 0xf3, 0xf3, 0xf3, 0xf3, 0xf3, 0xf3,
    0xf3, 0xf3, 0xf3, 0xff, 0x8f, 0x0, 0x0, 0x0,
    0x0, 0x0, 0x0, 0x7b, 0xf7, 0x0, 0x0, 0x0,
    0x0, 0x0, 0x0, 0x0, 0x0, 0x0, 0x0, 0xef,
    0x8f, 0x0, 0x0, 0x0, 0x0, 0x0, 0x0, 0x7b,
    0xff, 0xeb, 0xeb, 0xeb, 0xeb, 0xeb, 0xeb, 0xeb,
    0xeb, 0xeb, 0xeb, 0xfe, 0x8f, 0x0, 0x0, 0x0,
    0x0, 0x0, 0x0, 0x7b, 0xf8, 0x13, 0x13, 0x13,
    0x13, 0x13, 0x13, 0x13, 0x13, 0x13, 0x13, 0xf1,
    0x8f, 0x0, 0x0, 0x0, 0x0, 0x0, 0x0, 0x7b,
    0xf8, 0x1b, 0x1b, 0x1b, 0x1b, 0x1b, 0x1b, 0x1b,
    0x1b, 0x1b, 0x1b, 0xf1, 0x8f, 0x0, 0x0, 0x0,
    0x0, 0x0, 0x0, 0x76, 0xf3, 0xf3, 0xf3, 0xf3,
    0xf3, 0xf3, 0xf3, 0xf3, 0xf3, 0xf3, 0xf3, 0xf3,
    0x89, 0x0, 0x0, 0x0, 0x0, 0x17, 0x17, 0x17,
    0x17, 0x17, 0x17, 0x17, 0x17, 0x17, 0x17, 0x17,
    0x17, 0x17, 0x17, 0x17, 0x17, 0x17, 0x17, 0x0,
    0x3, 0xff, 0xff, 0xff, 0xff, 0xff, 0xff, 0xff,
    0xff, 0xff, 0xff, 0xff, 0xff, 0xff, 0xff, 0xff,
    0xff, 0xff, 0xfb, 0x0, 0x0, 0x27, 0x3c, 0xff,
    0x64, 0x27, 0x27, 0x38, 0xff, 0x75, 0x27, 0x27,
    0x27, 0x27, 0x27, 0x27, 0x27, 0x27, 0x27, 0x0,
    0x0, 0x0, 0x17, 0xff, 0x7b, 0x47, 0x47, 0x56,
    0xff, 0x5b, 0x52, 0x5f, 0x5f, 0x5f, 0x5f, 0x5f,
    0x5f, 0x5d, 0xf, 0x0, 0x0, 0x0, 0x17, 0xff,
    0xe3, 0xd7, 0xd7, 0xdb, 0xff, 0x5b, 0xbd, 0xfb,
    0xe7, 0xdb, 0xdb, 0xdb, 0xea, 0xfb, 0x23, 0x0,
    0x0, 0x0, 0x17, 0xff, 0x47, 0x0, 0x0, 0x13,
    0xff, 0x5b, 0x0, 0xc1, 0xa8, 0x0, 0x0, 0x1,
    0xc2, 0x9e, 0x0, 0x0, 0x0, 0x0, 0x17, 0xff,
    0xf7, 0xf3, 0xf3, 0xf4, 0xff, 0x5b, 0x0, 0x30,
    0xfb, 0x58, 0x0, 0x79, 0xed, 0x20, 0x0, 0x0,
    0x0, 0x0, 0x17, 0xff, 0x64, 0x27, 0x27, 0x38,
    0xff, 0x5b, 0x0, 0x0, 0x63, 0xf9, 0x9b, 0xf7,
    0x3c, 0x0, 0x0, 0x0, 0x1, 0x2a, 0x50, 0xff,
    0x99, 0x86, 0x9f, 0xbd, 0xff, 0xf5, 0x6e, 0x0,
    0x20, 0xda, 0xff, 0xc1, 0x19, 0x0, 0x0, 0x0,
    0x2, 0xf5, 0xe2, 0xc8, 0xae, 0x93, 0x79, 0x6c,
    0xff, 0x73, 0x45, 0x9a, 0xf8, 0xac, 0x51, 0xca,
    0xf6, 0x9e, 0x4f, 0x7, 0x0, 0x1, 0x0, 0x0,
    0x0, 0x0, 0x0, 0x13, 0xff, 0x61, 0xb6, 0x99,
    0x32, 0x0, 0x0, 0x1, 0x4b, 0xa5, 0xb6, 0x6,

    /* U+670D "服" */
    0x0, 0x0, 0xd, 0xf, 0xf, 0xf, 0xf, 0xf,
    0x0, 0x0, 0x0, 0x0, 0x0, 0x0, 0x0, 0x0,
    0x0, 0x0, 0x0, 0x0, 0x0, 0x0, 0xdb, 0xff,
    0xff, 0xff, 0xff, 0xf7, 0x0, 0x47, 0xff, 0xff,
    0xff, 0xff, 0xff, 0xff, 0xff, 0xff, 0x37, 0x0,
    0x0, 0x0, 0xdb, 0xab, 0x57, 0x57, 0xa1, 0xf7,
    0x0, 0x47, 0xff, 0x7d, 0x67, 0x67, 0x67, 0x67,
    0x8b, 0xff, 0x37, 0x0, 0x0, 0x0, 0xdb, 0x7f,
    0x0, 0x0, 0x6f, 0xf7, 0x0, 0x47, 0xff, 0x23,
    0x0, 0x0, 0x0, 0x0, 0x3b, 0xff, 0x37, 0x0,
    0x0, 0x0, 0xdb, 0x7f, 0x0, 0x0, 0x6f, 0xf7,
    0x0, 0x47, 0xff, 0x23, 0x0, 0x0, 0x0, 0x0,
    0x3f, 0xff, 0x36, 0x0, 0x0, 0x0, 0xdb, 0xc1,
    0x83, 0x83, 0xba, 0xf7, 0x0, 0x47, 0xff, 0x23,
    0x0, 0x10, 0xef, 0xf2, 0xfa, 0xed, 0x13, 0x0,
    0x0, 0x0, 0xdb, 0xf7, 0xef, 0xef, 0xf6, 0xf7,
    0x0, 0x47, 0xff, 0x23, 0x0, 0x0, 0x3b, 0x48,
    0x39, 0xf, 0x0, 0x0, 0x0, 0x0, 0xdc, 0x7f,
    0x0, 0x0, 0x6f, 0xf7, 0x0, 0x47, 0xff, 0x50,
    0x33, 0x33, 0x33, 0x33, 0x33, 0x37, 0x12, 0x0,
    0x0, 0x0, 0xde, 0x7e, 0x0, 0x0, 0x6f, 0xf7,
    0x0, 0x47, 0xff, 0xff, 0xff, 0xff, 0xff, 0xff,
    0xff, 0xff, 0xa7, 0x0, 0x0, 0x0, 0xe3, 0x7a,
    0x0, 0x0, 0x6f, 0xf7, 0x0, 0x47, 0xff, 0x76,
    0xfe, 0x47, 0x2f, 0x2f, 0x38, 0xf9, 0x58, 0x0,
    0x0, 0x0, 0xed, 0xb5, 0x73, 0x73, 0xb1, 0xf7,
    0x0, 0x47, 0xff, 0x24, 0xd4, 0x7b, 0x0, 0x0,
    0x56, 0xfa, 0xf, 0x0, 0x0, 0x2, 0xfd, 0xf8,
    0xf3, 0xf3, 0xf9, 0xf7, 0x0, 0x47, 0xff, 0x23,
    0x6e, 0xe3, 0x8, 0x0, 0xba, 0xb6, 0x0, 0x0,
    0x0, 0x15, 0xff, 0x4a, 0x0, 0x0, 0x6f, 0xf7,
    0x0, 0x47, 0xff, 0x23, 0xb, 0xe3, 0x80, 0x43,
    0xfe, 0x34, 0x0, 0x0, 0x0, 0x3d, 0xff, 0x23,
    0x0, 0x0, 0x6f, 0xf7, 0x0, 0x47, 0xff, 0x23,
    0x0, 0x54, 0xf7, 0xd9, 0x9f, 0x0, 0x0, 0x0,
    0x0, 0x6b, 0xfa, 0x3, 0x0, 0x0, 0x6f, 0xf7,
    0x0, 0x47, 0xff, 0x23, 0x0, 0x6, 0xe3, 0xff,
    0x3c, 0x0, 0x0, 0x0, 0x0, 0xac, 0xc5, 0x0,
    0x0, 0x0, 0x6f, 0xf7, 0x0, 0x47, 0xff, 0x23,
    0xf, 0xbb, 0xef, 0xcb, 0xea, 0x3b, 0x0, 0x0,
    0xf, 0xf8, 0x6c, 0x0, 0x55, 0x69, 0xba, 0xec,
    0x0, 0x47, 0xff, 0x76, 0xe7, 0xe3, 0x2c, 0xa,
    0xb9, 0xfd, 0x9d, 0x15, 0x1e, 0xc8, 0x16, 0x0,
    0x91, 0xfc, 0xe8, 0x76, 0x0, 0x47, 0xff, 0x60,
    0x9a, 0x10, 0x0, 0x0, 0x3, 0x73, 0xc5, 0xc,
    0x0, 0x0, 0x0, 0x0, 0x0, 0x0, 0x0, 0x0,
    0x0, 0x0, 0x0, 0x0, 0x0, 0x0, 0x0, 0x0,
    0x0, 0x0, 0x0, 0x0,

    /* U+672A "未" */
    0x0, 0x0, 0x0, 0x0, 0x0, 0x0, 0x0, 0x0,
    0x0, 0x47, 0x50, 0x0, 0x0, 0x0, 0x0, 0x0,
    0x0, 0x0, 0x0, 0x0, 0x0, 0x0, 0x0, 0x0,
    0x0, 0x0, 0x0, 0x0, 0x0, 0xbf, 0xd7, 0x0,
    0x0, 0x0, 0x0, 0x0, 0x0, 0x0, 0x0, 0x0,
    0x0, 0x0, 0x0, 0x0, 0x0, 0x0, 0x0, 0x0,
    0x0, 0xbf, 0xd7, 0x0, 0x0, 0x0, 0x0, 0x0,
    0x0, 0x0, 0x0, 0x0, 0x0, 0x0, 0x0, 0x0,
    0x0, 0x0, 0x0, 0x0, 0x0, 0xbf, 0xd7, 0x0,
    0x0, 0x0, 0x0, 0x0, 0x0, 0x0, 0x0, 0x0,
    0x0, 0x0, 0x23, 0x83, 0x83, 0x83, 0x83, 0x83,
    0x83, 0xe0, 0xec, 0x83, 0x83, 0x83, 0x83, 0x83,
    0x83, 0x4a, 0x0, 0x0, 0x0, 0x0, 0x40, 0xf3,
    0xf3, 0xf3, 0xf3, 0xf3, 0xf3, 0xfc, 0xfe, 0xf3,
    0xf3, 0xf3, 0xf3, 0xf3, 0xf3, 0x89, 0x0, 0x0,
    0x0, 0x0, 0x0, 0x0, 0x0, 0x0, 0x0, 0x0,
    0x0, 0xbf, 0xd7, 0x0, 0x0, 0x0, 0x0, 0x0,
    0x0, 0x0, 0x0, 0x0, 0x0, 0x0, 0x0, 0x0,
    0x0, 0x0, 0x0, 0x0, 0x0, 0xbf, 0xd7, 0x0,
    0x0, 0x0, 0x0, 0x0, 0x0, 0x0, 0x0, 0x0,
    0x0, 0x0, 0x0, 0x0, 0x0, 0x0, 0x0, 0x0,
    0x0, 0xbf, 0xd7, 0x0, 0x0, 0x0, 0x0, 0x0,
    0x0, 0x0, 0x0, 0x0, 0x0, 0x5d, 0x87, 0x87,
    0x87, 0x87, 0x87, 0x87, 0x87, 0xe1, 0xed, 0x87,
    0x87, 0x87, 0x87, 0x87, 0x87, 0x87, 0x7d, 0x0,
    0x0, 0xa7, 0xf3, 0xf3, 0xf3, 0xf3, 0xf3, 0xf3,
    0xfb, 0xff, 0xff, 0xfc, 0xf3, 0xf3, 0xf3, 0xf3,
    0xf3, 0xf3, 0xe0, 0x0, 0x0, 0x0, 0x0, 0x0,
    0x0, 0x0, 0x0, 0x29, 0xee, 0xff, 0xff, 0xf6,
    0x3a, 0x0, 0x0, 0x0, 0x0, 0x0, 0x0, 0x0,
    0x0, 0x0, 0x0, 0x0, 0x0, 0x0, 0x1c, 0xe0,
    0xcb, 0xcb, 0xda, 0xad, 0xed, 0x2b, 0x0, 0x0,
    0x0, 0x0, 0x0, 0x0, 0x0, 0x0, 0x0, 0x0,
    0x0, 0x2e, 0xe3, 0xda, 0x15, 0xbf, 0xd7, 0x8,
    0xc1, 0xef, 0x42, 0x0, 0x0, 0x0, 0x0, 0x0,
    0x0, 0x0, 0x0, 0x0, 0x59, 0xf2, 0xcc, 0x17,
    0x0, 0xbf, 0xd7, 0x0, 0xa, 0xb4, 0xfa, 0x72,
    0x2, 0x0, 0x0, 0x0, 0x0, 0x0, 0x1a, 0xac,
    0xff, 0xae, 0xc, 0x0, 0x0, 0xbf, 0xd7, 0x0,
    0x0, 0x4, 0x93, 0xff, 0xc4, 0x2a, 0x0, 0x0,
    0xa, 0x90, 0xf7, 0xf4, 0x66, 0x0, 0x0, 0x0,
    0x0, 0xbf, 0xd7, 0x0, 0x0, 0x0, 0x0, 0x4e,
    0xea, 0xfd, 0xa7, 0x19, 0x0, 0x91, 0x9d, 0x19,
    0x0, 0x0, 0x0, 0x0, 0x0, 0xbf, 0xd7, 0x0,
    0x0, 0x0, 0x0, 0x0, 0x10, 0x8a, 0xb0, 0x5,
    0x0, 0x0, 0x0, 0x0, 0x0, 0x0, 0x0, 0x0,
    0x0, 0xbf, 0xd7, 0x0, 0x0, 0x0, 0x0, 0x0,
    0x0, 0x0, 0x0, 0x0,

    /* U+673A "机" */
    0x0, 0x0, 0x0, 0x0, 0x3d, 0x4f, 0x0, 0x0,
    0x0, 0x0, 0x0, 0x0, 0x0, 0x0, 0x0, 0x0,
    0x0, 0x0, 0x0, 0x0, 0x0, 0x0, 0x0, 0x0,
    0xa3, 0xd3, 0x0, 0x0, 0x0, 0x0, 0x0, 0x0,
    0x0, 0x0, 0x0, 0x0, 0x0, 0x0, 0x0, 0x0,
    0x0, 0x0, 0x0, 0x0, 0xa3, 0xd3, 0x0, 0x0,
    0x0, 0x0, 0x70, 0x77, 0x77, 0x77, 0x77, 0x77,
    0x41, 0x0, 0x0, 0x0, 0x0, 0x0, 0x0, 0x0,
    0xa3, 0xd3, 0x0, 0x0, 0x0, 0x0, 0xef, 0xfa,
    0xf3, 0xf3, 0xf3, 0xff, 0x8b, 0x0, 0x0, 0x0,
    0x0, 0x0, 0x0, 0x0, 0xa3, 0xd3, 0x0, 0x0,
    0x0, 0x0, 0xef, 0x87, 0x0, 0x0, 0x0, 0xeb,
    0x8b, 0x0, 0x0, 0x0, 0x0, 0x76, 0x7b, 0x7b,
    0xd0, 0xe9, 0x7b, 0x7b, 0x60, 0x0, 0xef, 0x87,
    0x0, 0x0, 0x0, 0xeb, 0x8b, 0x0, 0x0, 0x0,
    0x0, 0xe8, 0xf3, 0xf3, 0xfe, 0xfd, 0xf3, 0xf3,
    0xbe, 0x0, 0xef, 0x87, 0x0, 0x0, 0x0, 0xeb,
    0x8b, 0x0, 0x0, 0x0, 0x0, 0x0, 0x0, 0x13,
    0xf9, 0xd3, 0x0, 0x0, 0x0, 0x0, 0xef, 0x87,
    0x0, 0x0, 0x0, 0xeb, 0x8b, 0x0, 0x0, 0x0,
    0x0, 0x0, 0x0, 0x6f, 0xff, 0xdd, 0x2, 0x0,
    0x0, 0x0, 0xf0, 0x87, 0x0, 0x0, 0x0, 0xeb,
    0x8b, 0x0, 0x0, 0x0, 0x0, 0x0, 0x0, 0xd0,
    0xfd, 0xff, 0x9e, 0x1, 0x0, 0x0, 0xf7, 0x7d,
    0x0, 0x0, 0x0, 0xeb, 0x8b, 0x0, 0x0, 0x0,
    0x0, 0x0, 0x32, 0xf8, 0xb9, 0xe5, 0xe8, 0x93,
    0x0, 0x1, 0xff, 0x72, 0x0, 0x0, 0x0, 0xeb,
    0x8b, 0x0, 0x0, 0x0, 0x0, 0x0, 0xaa, 0x9d,
    0xa3, 0xd3, 0x3e, 0xfb, 0x81, 0x17, 0xff, 0x5e,
    0x0, 0x0, 0x0, 0xeb, 0x8b, 0x0, 0x0, 0x0,
    0x0, 0x3a, 0xfe, 0x2f, 0xa3, 0xd3, 0x0, 0x7d,
    0x69, 0x3f, 0xff, 0x32, 0x0, 0x0, 0x0, 0xeb,
    0x8b, 0x0, 0x0, 0x0, 0xd, 0xdb, 0xae, 0x0,
    0xa3, 0xd3, 0x0, 0x1, 0x0, 0x6d, 0xfd, 0x9,
    0x0, 0x0, 0x0, 0xeb, 0x8b, 0x0, 0x0, 0x0,
    0x3d, 0xf2, 0x21, 0x0, 0xa3, 0xd3, 0x0, 0x0,
    0x0, 0xc4, 0xbe, 0x0, 0x0, 0x0, 0x0, 0xeb,
    0x8b, 0x0, 0x9f, 0x32, 0x0, 0x2f, 0x0, 0x0,
    0xa3, 0xd3, 0x0, 0x0, 0x26, 0xff, 0x5a, 0x0,
    0x0, 0x0, 0x0, 0xeb, 0x8b, 0x0, 0xc7, 0x5c,
    0x0, 0x0, 0x0, 0x0, 0xa3, 0xd3, 0x0, 0x1,
    0xb2, 0xe9, 0x8, 0x0, 0x0, 0x0, 0x0, 0xeb,
    0x8e, 0x0, 0xd5, 0x53, 0x0, 0x0, 0x0, 0x0,
    0xa3, 0xd3, 0x0, 0x75, 0xfe, 0x47, 0x0, 0x0,
    0x0, 0x0, 0x0, 0xe1, 0xcd, 0x70, 0xf8, 0x3b,
    0x0, 0x0, 0x0, 0x0, 0xa3, 0xd3, 0x0, 0x92,
    0x82, 0x0, 0x0, 0x0, 0x0, 0x0, 0x0, 0x73,
    0xee, 0xfb, 0xb9, 0x5, 0x0, 0x0, 0x0, 0x0,
    0x0, 0x0, 0x0, 0x0, 0x0, 0x0, 0x0, 0x0,
    0x0, 0x0, 0x0, 0x0, 0x0, 0x0, 0x0, 0x0,

    /* U+6781 "极" */
    0x0, 0x0, 0x0, 0x16, 0x5f, 0xb, 0x0, 0x0,
    0x0, 0x0, 0x0, 0x0, 0x0, 0x0, 0x0, 0x0,
    0x0, 0x0, 0x0, 0x0, 0x0, 0x0, 0x0, 0x3b,
    0xff, 0x1f, 0x0, 0x0, 0x0, 0x0, 0x0, 0x0,
    0x0, 0x0, 0x0, 0x0, 0x0, 0x0, 0x0, 0x0,
    0x0, 0x0, 0x0, 0x3b, 0xff, 0x1f, 0x0, 0x2b,
    0x6b, 0x6b, 0x6b, 0x6b, 0x6b, 0x6b, 0x6b, 0x6b,
    0x29, 0x0, 0x0, 0x0, 0x0, 0x0, 0x0, 0x3b,
    0xff, 0x1f, 0x0, 0x63, 0xf3, 0xf5, 0xff, 0xf7,
    0xf3, 0xf3, 0xf8, 0xff, 0x31, 0x0, 0x0, 0x0,
    0x0, 0x0, 0x0, 0x3b, 0xff, 0x1f, 0x0, 0x0,
    0x0, 0x29, 0xff, 0x41, 0x0, 0x0, 0x80, 0xec,
    0x1, 0x0, 0x0, 0x0, 0x0, 0xe0, 0xf3, 0xf6,
    0xff, 0xf5, 0xf3, 0x53, 0x0, 0x3b, 0xff, 0x2f,
    0x0, 0x0, 0xc2, 0xa9, 0x0, 0x0, 0x0, 0x0,
    0x0, 0x67, 0x6f, 0xb1, 0xff, 0x81, 0x6f, 0x26,
    0x0, 0x4c, 0xff, 0x1d, 0x0, 0xb, 0xf9, 0x62,
    0x0, 0x0, 0x0, 0x0, 0x0, 0x0, 0x0, 0xb6,
    0xff, 0x76, 0x0, 0x0, 0x0, 0x5e, 0xff, 0xc,
    0x0, 0x50, 0xff, 0x28, 0xb, 0xa, 0x0, 0x0,
    0x0, 0x0, 0x11, 0xfa, 0xff, 0xf7, 0x2d, 0x0,
    0x0, 0x73, 0xff, 0x35, 0x0, 0x9e, 0xff, 0xff,
    0xff, 0xfc, 0x44, 0x0, 0x0, 0x0, 0x61, 0xfd,
    0xff, 0xa3, 0xcb, 0x3, 0x0, 0x9e, 0xff, 0x9b,
    0x0, 0x3a, 0x47, 0x47, 0x94, 0xf9, 0xf, 0x0,
    0x0, 0x0, 0xbb, 0xb6, 0xff, 0x2c, 0xe9, 0x56,
    0x0, 0xcb, 0xff, 0xf4, 0xd, 0x0, 0x0, 0x0,
    0xbc, 0xb4, 0x0, 0x0, 0x0, 0x32, 0xfc, 0x57,
    0xff, 0x1f, 0x40, 0x4, 0x2, 0xf5, 0x91, 0xf8,
    0x76, 0x0, 0x0, 0x1d, 0xfd, 0x61, 0x0, 0x0,
    0x0, 0xb7, 0xb5, 0x3b, 0xff, 0x1f, 0x0, 0x0,
    0x2f, 0xff, 0x2a, 0x92, 0xf6, 0x24, 0x0, 0x9a,
    0xe8, 0xe, 0x0, 0x0, 0x53, 0xff, 0x3e, 0x3b,
    0xff, 0x1f, 0x0, 0x0, 0x8d, 0xe0, 0x0, 0x17,
    0xeb, 0xc1, 0x3d, 0xfe, 0x5c, 0x0, 0x0, 0x0,
    0x24, 0xa9, 0x0, 0x3b, 0xff, 0x1f, 0x0, 0x5,
    0xe9, 0x95, 0x0, 0x0, 0x4e, 0xff, 0xf2, 0xc1,
    0x0, 0x0, 0x0, 0x0, 0x0, 0x4, 0x0, 0x3b,
    0xff, 0x1f, 0x0, 0x57, 0xff, 0x43, 0x0, 0x0,
    0x15, 0xe4, 0xff, 0x96, 0x1, 0x0, 0x0, 0x0,
    0x0, 0x0, 0x0, 0x3b, 0xff, 0x1f, 0x1b, 0xea,
    0xc0, 0x0, 0x0, 0x2e, 0xdf, 0xec, 0xa0, 0xff,
    0xb3, 0x15, 0x0, 0x0, 0x0, 0x0, 0x0, 0x3b,
    0xff, 0x24, 0xc3, 0xf7, 0x30, 0x12, 0x90, 0xfa,
    0xd9, 0x25, 0x0, 0x5e, 0xf6, 0xf4, 0x8b, 0x8,
    0x0, 0x0, 0x0, 0x3b, 0xff, 0x34, 0xbb, 0x5e,
    0x0, 0x17, 0xcf, 0x83, 0x9, 0x0, 0x0, 0x0,
    0x1b, 0x9b, 0x92, 0x0, 0x0, 0x0, 0x0, 0x0,
    0x0, 0x0, 0x0, 0x0, 0x0, 0x0, 0x0, 0x0,
    0x0, 0x0, 0x0, 0x0, 0x0, 0x0, 0x0, 0x0,

    /* U+6784 "构" */
    0x0, 0x0, 0x0, 0x1, 0x5f, 0x28, 0x0, 0x0,
    0x0, 0x0, 0x31, 0x13, 0x0, 0x0, 0x0, 0x0,
    0x0, 0x0, 0x0, 0x0, 0x0, 0x0, 0x3, 0xff,
    0x6b, 0x0, 0x0, 0x0, 0x4, 0xed, 0xa6, 0x0,
    0x0, 0x0, 0x0, 0x0, 0x0, 0x0, 0x0, 0x0,
    0x0, 0x3, 0xff, 0x6b, 0x0, 0x0, 0x0, 0x41,
    0xff, 0x60, 0x0, 0x0, 0x0, 0x0, 0x0, 0x0,
    0x0, 0x0, 0x0, 0x0, 0x3, 0xff, 0x6b, 0x0,
    0x0, 0x0, 0x90, 0xff, 0x1a, 0x0, 0x0, 0x0,
    0x0, 0x0, 0x0, 0x0, 0x0, 0x0, 0x0, 0x3,
    0xff, 0x6b, 0x0, 0x0, 0x0, 0xdf, 0xf7, 0x9f,
    0x9f, 0x9f, 0x9f, 0x9f, 0x9f, 0x9f, 0x78, 0x0,
    0xf3, 0xf3, 0xf4, 0xff, 0xf9, 0xf3, 0xb3, 0x4d,
    0xff, 0xe4, 0xdb, 0xdb, 0xdb, 0xdb, 0xdb, 0xdb,
    0xf7, 0xb8, 0x0, 0x6f, 0x6f, 0x94, 0xff, 0xac,
    0x6f, 0x54, 0xca, 0xe6, 0xa, 0x0, 0x0, 0x0,
    0x0, 0x0, 0x0, 0xca, 0xae, 0x0, 0x0, 0x0,
    0x84, 0xff, 0x98, 0x0, 0x6d, 0xff, 0x66, 0xe,
    0xaf, 0x37, 0x0, 0x0, 0x0, 0x0, 0xd3, 0xa5,
    0x0, 0x0, 0x0, 0xda, 0xff, 0xff, 0x4d, 0x63,
    0xb2, 0x1, 0x5c, 0xff, 0x29, 0x0, 0x0, 0x0,
    0x0, 0xdc, 0x9b, 0x0, 0x0, 0x31, 0xf6, 0xff,
    0xc2, 0xea, 0x16, 0x0, 0x0, 0xb2, 0xc6, 0x0,
    0x5, 0x0, 0x0, 0x0, 0xe8, 0x90, 0x0, 0x0,
    0x8e, 0xa3, 0xff, 0x6c, 0xc5, 0xa5, 0x0, 0x13,
    0xf8, 0x61, 0x2a, 0xeb, 0x12, 0x0, 0x0, 0xf3,
    0x85, 0x0, 0x14, 0xf4, 0x41, 0xff, 0x6b, 0x3d,
    0x44, 0x0, 0x7c, 0xdf, 0x5, 0x0, 0xd0, 0x7e,
    0x0, 0x3, 0xff, 0x77, 0x0, 0x95, 0xd9, 0x4,
    0xff, 0x6b, 0x0, 0x0, 0x12, 0xed, 0x66, 0x1f,
    0x4a, 0xb1, 0xeb, 0x5, 0x12, 0xff, 0x68, 0x2e,
    0xfe, 0x5f, 0x3, 0xff, 0x6b, 0x0, 0x0, 0xa6,
    0xff, 0xf7, 0xff, 0xe1, 0xaf, 0xf4, 0x4f, 0x26,
    0xff, 0x56, 0x6, 0xa5, 0x2, 0x3, 0xff, 0x6b,
    0x0, 0x0, 0x68, 0x83, 0x49, 0x14, 0x0, 0x0,
    0x97, 0x5d, 0x3e, 0xff, 0x41, 0x0, 0x0, 0x0,
    0x3, 0xff, 0x6b, 0x0, 0x0, 0x0, 0x0, 0x0,
    0x0, 0x0, 0x0, 0x0, 0x0, 0x5f, 0xff, 0x24,
    0x0, 0x0, 0x0, 0x3, 0xff, 0x6b, 0x0, 0x0,
    0x0, 0x0, 0x0, 0x0, 0x0, 0x0, 0x0, 0x0,
    0x9b, 0xf9, 0x5, 0x0, 0x0, 0x0, 0x3, 0xff,
    0x6b, 0x0, 0x0, 0x0, 0x0, 0x0, 0x0, 0x6,
    0x7d, 0x72, 0x85, 0xf5, 0xbd, 0x0, 0x0, 0x0,
    0x0, 0x3, 0xff, 0x6b, 0x0, 0x0, 0x0, 0x0,
    0x0, 0x0, 0x0, 0xcc, 0xff, 0xfc, 0xcd, 0x2a,
    0x0, 0x0, 0x0, 0x0, 0x0, 0x0, 0x0, 0x0,
    0x0, 0x0, 0x0, 0x0, 0x0, 0x0, 0x0, 0x1,
    0x0, 0x0, 0x0, 0x0,

    /* U+6807 "标" */
    0x0, 0x0, 0x0, 0x0, 0x5b, 0x34, 0x0, 0x0,
    0x0, 0x0, 0x0, 0x0, 0x0, 0x0, 0x0, 0x0,
    0x0, 0x0, 0x0, 0x0, 0x0, 0x0, 0x0, 0x0,
    0xf3, 0x8b, 0x0, 0x0, 0x0, 0x0, 0x0, 0x0,
    0x0, 0x0, 0x0, 0x0, 0x0, 0x0, 0x0, 0x0,
    0x0, 0x0, 0x0, 0x0, 0xf3, 0x8b, 0x0, 0x0,
    0x0, 0x31, 0x47, 0x47, 0x47, 0x47, 0x47, 0x47,
    0x47, 0x47, 0x3, 0x0, 0x0, 0x0, 0x0, 0x0,
    0xf3, 0x8b, 0x0, 0x0, 0x0, 0xaf, 0xff, 0xff,
    0xff, 0xff, 0xff, 0xff, 0xff, 0xff, 0xb, 0x0,
    0x0, 0x0, 0x0, 0x0, 0xf3, 0x8b, 0x0, 0x0,
    0x0, 0x18, 0x23, 0x23, 0x23, 0x23, 0x23, 0x23,
    0x23, 0x23, 0x1, 0x0, 0x2, 0x8b, 0x8b, 0x8b,
    0xfa, 0xcb, 0x8b, 0x8b, 0x15, 0x0, 0x0, 0x0,
    0x0, 0x0, 0x0, 0x0, 0x0, 0x0, 0x0, 0x0,
    0x3, 0xdb, 0xdb, 0xe6, 0xff, 0xef, 0xdb, 0xdb,
    0x22, 0x0, 0x0, 0x0, 0x0, 0x0, 0x0, 0x0,
    0x0, 0x0, 0x0, 0x0, 0x0, 0x0, 0x0, 0x82,
    0xff, 0xb1, 0x0, 0x0, 0x43, 0x77, 0x77, 0x77,
    0x77, 0x77, 0x77, 0x77, 0x77, 0x77, 0x77, 0xe,
    0x0, 0x0, 0x2, 0xe2, 0xff, 0xff, 0x75, 0x0,
    0x89, 0xf3, 0xf3, 0xf3, 0xf7, 0xff, 0xf6, 0xf3,
    0xf3, 0xf3, 0xf3, 0x1e, 0x0, 0x0, 0x45, 0xf9,
    0xfb, 0xc1, 0xf9, 0x48, 0x0, 0x0, 0x0, 0x0,
    0x47, 0xff, 0x3b, 0x0, 0x0, 0x0, 0x0, 0x0,
    0x0, 0x0, 0xac, 0xa3, 0xf3, 0x8b, 0x80, 0xee,
    0x11, 0x0, 0x0, 0x0, 0x47, 0xff, 0x3b, 0x0,
    0x0, 0x0, 0x0, 0x0, 0x0, 0x35, 0xfe, 0x34,
    0xf3, 0x8b, 0x5, 0x77, 0x0, 0x56, 0xcd, 0xf,
    0x47, 0xff, 0x3b, 0x34, 0xde, 0x1c, 0x0, 0x0,
    0x5, 0xcb, 0xbd, 0x0, 0xf3, 0x8b, 0x0, 0x0,
    0x0, 0xb3, 0xc5, 0x0, 0x47, 0xff, 0x3b, 0x6,
    0xe8, 0x8b, 0x0, 0x0, 0x58, 0xf9, 0x28, 0x0,
    0xf3, 0x8b, 0x0, 0x0, 0x13, 0xfa, 0x66, 0x0,
    0x47, 0xff, 0x3b, 0x0, 0x80, 0xf2, 0xf, 0x0,
    0x5, 0x5a, 0x0, 0x0, 0xf3, 0x8b, 0x0, 0x0,
    0x8a, 0xf2, 0x10, 0x0, 0x47, 0xff, 0x3b, 0x0,
    0x18, 0xfc, 0x66, 0x0, 0x0, 0x0, 0x0, 0x0,
    0xf3, 0x8b, 0x0, 0x2c, 0xfb, 0x75, 0x0, 0x0,
    0x47, 0xff, 0x3b, 0x0, 0x0, 0xba, 0xba, 0x0,
    0x0, 0x0, 0x0, 0x0, 0xf3, 0x8b, 0x0, 0x67,
    0xd6, 0x6, 0x0, 0x0, 0x47, 0xff, 0x3b, 0x0,
    0x0, 0x6c, 0xea, 0x8, 0x0, 0x0, 0x0, 0x0,
    0xf3, 0x8b, 0x0, 0x0, 0x7, 0x0, 0x6b, 0x7f,
    0xab, 0xff, 0x2f, 0x0, 0x0, 0xb, 0x5, 0x0,
    0x0, 0x0, 0x0, 0x0, 0xf3, 0x8b, 0x0, 0x0,
    0x0, 0x0, 0x96, 0xfe, 0xee, 0xa7, 0x5, 0x0,
    0x0, 0x0, 0x0, 0x0, 0x0, 0x0, 0x0, 0x0,
    0x0, 0x0, 0x0, 0x0, 0x0, 0x0, 0x1, 0x0,
    0x0, 0x0, 0x0, 0x0, 0x0, 0x0, 0x0, 0x0,

    /* U+683C "格" */
    0x0, 0x0, 0x0, 0x0, 0x5b, 0x2c, 0x0, 0x0,
    0x0, 0x0, 0x0, 0x32, 0x19, 0x0, 0x0, 0x0,
    0x0, 0x0, 0x0, 0x0, 0x0, 0x0, 0x0, 0x0,
    0xf3, 0x77, 0x0, 0x0, 0x0, 0x0, 0x4, 0xe4,
    0xbe, 0x0, 0x0, 0x0, 0x0, 0x0, 0x0, 0x0,
    0x0, 0x0, 0x0, 0x0, 0xf3, 0x77, 0x0, 0x0,
    0x0, 0x0, 0x5a, 0xff, 0x55, 0x0, 0x0, 0x0,
    0x0, 0x0, 0x0, 0x0, 0x0, 0x0, 0x0, 0x0,
    0xf3, 0x77, 0x0, 0x0, 0x0, 0x0, 0xcc, 0xff,
    0xea, 0xe7, 0xe7, 0xe7, 0xe8, 0x5b, 0x0, 0x0,
    0x0, 0x0, 0x0, 0x0, 0xf3, 0x77, 0x0, 0x0,
    0x0, 0x67, 0xff, 0xaf, 0x97, 0x97, 0x97, 0xbf,
    0xff, 0x31, 0x0, 0x0, 0x0, 0x72, 0x77, 0x77,
    0xf9, 0xb7, 0x77, 0x77, 0x2f, 0xf5, 0xff, 0x6b,
    0x0, 0x0, 0x1, 0xc8, 0xb8, 0x0, 0x0, 0x0,
    0x0, 0xe8, 0xf3, 0xf5, 0xff, 0xf9, 0xf3, 0xf7,
    0xd8, 0xe7, 0xa6, 0xf0, 0x1e, 0x0, 0x66, 0xfd,
    0x3a, 0x0, 0x0, 0x0, 0x0, 0x0, 0x0, 0x52,
    0xff, 0x7c, 0x0, 0x67, 0xef, 0x2e, 0x9, 0xd4,
    0xd0, 0x43, 0xf8, 0x7d, 0x0, 0x0, 0x0, 0x0,
    0x0, 0x0, 0x0, 0xa6, 0xff, 0xef, 0x2b, 0x0,
    0x17, 0x0, 0x0, 0x1f, 0xe7, 0xfe, 0xb9, 0x2,
    0x0, 0x0, 0x0, 0x0, 0x0, 0x0, 0x8, 0xf2,
    0xff, 0xe1, 0xe1, 0x17, 0x0, 0x0, 0x2, 0x74,
    0xf7, 0xf9, 0xe4, 0x4f, 0x0, 0x0, 0x0, 0x0,
    0x0, 0x0, 0x4e, 0xd6, 0xf4, 0x7a, 0xc0, 0xc0,
    0x0, 0x2d, 0xc5, 0xf6, 0x72, 0x11, 0x97, 0xfe,
    0xaf, 0x3c, 0x0, 0x0, 0x0, 0x0, 0xb2, 0x75,
    0xf3, 0x77, 0x25, 0xaa, 0xbc, 0xff, 0xc1, 0x24,
    0x0, 0x0, 0x0, 0x3b, 0xd5, 0xff, 0xd6, 0x23,
    0x0, 0x30, 0xfb, 0x18, 0xf3, 0x77, 0x4, 0xc8,
    0xcf, 0xf7, 0xf5, 0xf3, 0xf3, 0xf3, 0xf3, 0xf3,
    0xf6, 0xc3, 0x84, 0x0, 0x1, 0xbf, 0xab, 0x0,
    0xf3, 0x77, 0x0, 0xc, 0x0, 0xeb, 0xa9, 0x57,
    0x57, 0x57, 0x57, 0x57, 0xf2, 0x8b, 0x0, 0x0,
    0x47, 0xfd, 0x2e, 0x0, 0xf3, 0x77, 0x0, 0x0,
    0x0, 0xeb, 0x7b, 0x0, 0x0, 0x0, 0x0, 0x0,
    0xeb, 0x8b, 0x0, 0x0, 0x6, 0x6e, 0x0, 0x0,
    0xf3, 0x77, 0x0, 0x0, 0x0, 0xeb, 0x7b, 0x0,
    0x0, 0x0, 0x0, 0x0, 0xeb, 0x8b, 0x0, 0x0,
    0x0, 0x0, 0x0, 0x0, 0xf3, 0x77, 0x0, 0x0,
    0x0, 0xeb, 0x7b, 0x0, 0x0, 0x0, 0x0, 0x0,
    0xeb, 0x8b, 0x0, 0x0, 0x0, 0x0, 0x0, 0x0,
    0xf3, 0x77, 0x0, 0x0, 0x0, 0xeb, 0xab, 0x5b,
    0x5b, 0x5b, 0x5b, 0x5b, 0xf3, 0x8b, 0x0, 0x0,
    0x0, 0x0, 0x0, 0x0, 0xf3, 0x77, 0x0, 0x0,
    0x0, 0xeb, 0xf9, 0xf3, 0xf3, 0xf3, 0xf3, 0xf3,
    0xf7, 0x87, 0x0, 0x0, 0x0, 0x0, 0x0, 0x0,
    0x0, 0x0, 0x0, 0x0, 0x0, 0xb, 0x5, 0x0,
    0x0, 0x0, 0x0, 0x0, 0x0, 0x0, 0x0, 0x0,

    /* U+6848 "案" */
    0x0, 0x0, 0x0, 0x0, 0x0, 0x0, 0x0, 0x0,
    0x20, 0xc3, 0x2d, 0x0, 0x0, 0x0, 0x0, 0x0,
    0x0, 0x0, 0x0, 0x0, 0x0, 0x1d, 0x4b, 0x4b,
    0x4b, 0x4b, 0x4b, 0x4b, 0x4d, 0xe8, 0xc9, 0x4b,
    0x4b, 0x4b, 0x4b, 0x4b, 0x4b, 0x4b, 0x25, 0x0,
    0x0, 0x63, 0xff, 0xfc, 0xfb, 0xfb, 0xfb, 0xfb,
    0xfb, 0xfb, 0xfb, 0xfb, 0xfb, 0xfb, 0xfb, 0xfb,
    0xfb, 0xff, 0x7f, 0x0, 0x0, 0x63, 0xff, 0x7,
    0x0, 0x0, 0x0, 0x5, 0x9c, 0x4d, 0x0, 0x0,
    0x0, 0x0, 0x0, 0x0, 0x0, 0xf3, 0x7f, 0x0,
    0x0, 0x39, 0x93, 0x4, 0x0, 0x0, 0x0, 0x8e,
    0xef, 0x24, 0x0, 0x0, 0x0, 0x0, 0x0, 0x0,
    0x0, 0x8d, 0x49, 0x0, 0x0, 0xaf, 0xf3, 0xf3,
    0xf3, 0xf3, 0xf3, 0xff, 0xfb, 0xf3, 0xf3, 0xf3,
    0xf3, 0xf3, 0xf3, 0xf3, 0xf3, 0xf3, 0xc2, 0x0,
    0x0, 0x30, 0x43, 0x43, 0x43, 0x8e, 0xfb, 0x6a,
    0x43, 0x43, 0x43, 0x43, 0x5f, 0xf6, 0xbc, 0x43,
    0x43, 0x43, 0x36, 0x0, 0x0, 0x0, 0x0, 0x0,
    0x49, 0xf8, 0x94, 0x15, 0x0, 0x0, 0x0, 0x2f,
    0xda, 0xdf, 0x15, 0x0, 0x0, 0x0, 0x0, 0x0,
    0x0, 0x0, 0x0, 0x5, 0x87, 0xba, 0xe6, 0xff,
    0xe6, 0xb8, 0xa6, 0xfc, 0xd0, 0x15, 0x0, 0x0,
    0x0, 0x0, 0x0, 0x0, 0x0, 0x0, 0x0, 0x2,
    0x14, 0x35, 0x68, 0xae, 0xf9, 0xff, 0xd1, 0xea,
    0xff, 0xeb, 0xb8, 0x85, 0x49, 0xe, 0x0, 0x0,
    0x0, 0x7f, 0xe7, 0xfc, 0xff, 0xfe, 0xe0, 0xac,
    0x71, 0xd0, 0x97, 0x1, 0x2c, 0x6e, 0xb4, 0xf9,
    0xff, 0xe4, 0x14, 0x0, 0x0, 0x20, 0x5c, 0x45,
    0x2c, 0x9, 0x0, 0x0, 0x0, 0xcb, 0xb3, 0x0,
    0x0, 0x0, 0x0, 0xe, 0x5a, 0x2e, 0x0, 0x0,
    0x0, 0x5b, 0x5f, 0x5f, 0x5f, 0x5f, 0x5f, 0x5f,
    0x5f, 0xdf, 0xd0, 0x5f, 0x5f, 0x5f, 0x5f, 0x5f,
    0x5f, 0x5f, 0x5e, 0x0, 0x0, 0xdd, 0xe7, 0xe7,
    0xe7, 0xe7, 0xe7, 0xe9, 0xff, 0xff, 0xff, 0xff,
    0xe9, 0xe7, 0xe7, 0xe7, 0xe7, 0xe7, 0xe4, 0x0,
    0x0, 0x0, 0x0, 0x0, 0x0, 0x0, 0x31, 0xc4,
    0xcc, 0xe0, 0xcd, 0xc7, 0xc7, 0x35, 0x0, 0x0,
    0x0, 0x0, 0x0, 0x0, 0x0, 0x0, 0x0, 0xc,
    0x51, 0xb8, 0xf0, 0x7b, 0x5, 0xcb, 0xb3, 0x4,
    0x75, 0xed, 0xbe, 0x56, 0x10, 0x0, 0x0, 0x0,
    0xf, 0x75, 0xbe, 0xfa, 0xd3, 0x7c, 0x12, 0x0,
    0x0, 0xcb, 0xb3, 0x0, 0x0, 0xf, 0x75, 0xce,
    0xfc, 0xc5, 0x7e, 0x1a, 0x1, 0x8c, 0x7d, 0x28,
    0x0, 0x0, 0x0, 0x0, 0x0, 0xcb, 0xb3, 0x0,
    0x0, 0x0, 0x0, 0x0, 0x24, 0x7b, 0xa0, 0x7,

    /* U+68C0 "检" */
    0x0, 0x0, 0x0, 0x28, 0x5c, 0x0, 0x0, 0x0,
    0x0, 0x0, 0x0, 0x0, 0x43, 0x16, 0x0, 0x0,
    0x0, 0x0, 0x0, 0x0, 0x0, 0x0, 0x0, 0x6b,
    0xf7, 0x0, 0x0, 0x0, 0x0, 0x0, 0x0, 0x1b,
    0xf7, 0x85, 0x0, 0x0, 0x0, 0x0, 0x0, 0x0,
    0x0, 0x0, 0x0, 0x6b, 0xf7, 0x0, 0x0, 0x0,
    0x0, 0x0, 0x0, 0x9b, 0xff, 0xc7, 0x4, 0x0,
    0x0, 0x0, 0x0, 0x0, 0x0, 0x0, 0x0, 0x6b,
    0xf7, 0x0, 0x0, 0x0, 0x0, 0x0, 0x44, 0xfe,
    0x97, 0xf5, 0x8d, 0x0, 0x0, 0x0, 0x0, 0x0,
    0x0, 0x0, 0x0, 0x6b, 0xf7, 0x0, 0x0, 0x0,
    0x0, 0x14, 0xe6, 0xaf, 0x0, 0x53, 0xfe, 0x6f,
    0x0, 0x0, 0x0, 0x0, 0x3, 0xff, 0xff, 0xff,
    0xff, 0xff, 0xff, 0xb, 0xb, 0xc7, 0xdf, 0x10,
    0x0, 0x0, 0x78, 0xfe, 0x6a, 0x0, 0x0, 0x0,
    0x1, 0x67, 0x67, 0xca, 0xfb, 0x67, 0x67, 0xf,
    0xbb, 0xf5, 0x36, 0x0, 0x0, 0x0, 0x0, 0x97,
    0xff, 0x80, 0x1, 0x0, 0x0, 0x0, 0x0, 0xe0,
    0xfc, 0x18, 0x1f, 0xcf, 0xef, 0x7e, 0x5f, 0x5f,
    0x5f, 0x5f, 0x5f, 0x60, 0x94, 0xff, 0xb5, 0xe,
    0x0, 0x0, 0x2b, 0xff, 0xff, 0xaf, 0x83, 0xe7,
    0x2e, 0xa5, 0xeb, 0xeb, 0xeb, 0xeb, 0xeb, 0xeb,
    0x12, 0x68, 0xd4, 0x5, 0x0, 0x0, 0x75, 0xff,
    0xfb, 0xe8, 0x58, 0x1e, 0x0, 0x0, 0x0, 0x0,
    0x0, 0x0, 0x0, 0x0, 0x0, 0x0, 0x8, 0x0,
    0x0, 0x0, 0xc4, 0xd9, 0xf7, 0x68, 0xe4, 0xc,
    0x22, 0x7, 0x0, 0x1b, 0x9c, 0x4, 0x0, 0x0,
    0x3b, 0x7b, 0x3, 0x0, 0x0, 0x2f, 0xfb, 0x82,
    0xf7, 0x5, 0x9a, 0xb, 0xf0, 0x55, 0x0, 0xb,
    0xfc, 0x35, 0x0, 0x0, 0xb0, 0xbc, 0x0, 0x0,
    0x0, 0xa5, 0xb7, 0x6b, 0xf7, 0x0, 0x0, 0x0,
    0xa0, 0xae, 0x0, 0x0, 0xd1, 0x70, 0x0, 0x1b,
    0xfc, 0x4a, 0x0, 0x0, 0x2c, 0xfe, 0x43, 0x6b,
    0xf7, 0x0, 0x0, 0x0, 0x50, 0xf5, 0x5, 0x0,
    0xa7, 0x9b, 0x0, 0x7e, 0xd7, 0x1, 0x0, 0x0,
    0x9, 0xa1, 0x0, 0x6b, 0xf7, 0x0, 0x0, 0x0,
    0x16, 0xff, 0x36, 0x0, 0x83, 0xaf, 0x8, 0xe9,
    0x5c, 0x0, 0x0, 0x0, 0x0, 0x2, 0x0, 0x6b,
    0xf7, 0x0, 0x0, 0x0, 0x0, 0x71, 0x1c, 0x0,
    0x1, 0x0, 0x6c, 0xd4, 0x2, 0x0, 0x0, 0x0,
    0x0, 0x0, 0x0, 0x6b, 0xf7, 0x0, 0x0, 0x0,
    0x0, 0x0, 0x0, 0x0, 0x0, 0xb, 0xe8, 0x50,
    0x0, 0x0, 0x0, 0x0, 0x0, 0x0, 0x0, 0x6b,
    0xf7, 0x0, 0x21, 0xeb, 0xeb, 0xeb, 0xeb, 0xeb,
    0xeb, 0xf0, 0xff, 0xec, 0xeb, 0xeb, 0xa5, 0x0,
    0x0, 0x0, 0x0, 0x6b, 0xf7, 0x0, 0xf, 0x6b,
    0x6b, 0x6b, 0x6b, 0x6b, 0x6b, 0x6b, 0x6b, 0x6b,
    0x6b, 0x6b, 0x4b, 0x0,

    /* U+6A21 "模" */
    0x0, 0x0, 0x0, 0x2f, 0x59, 0x0, 0x0, 0x0,
    0x0, 0x0, 0x52, 0x35, 0x0, 0x0, 0x22, 0x5f,
    0x8, 0x0, 0x0, 0x0, 0x0, 0x0, 0x0, 0x7f,
    0xef, 0x0, 0x0, 0x0, 0x0, 0x0, 0xdb, 0x8f,
    0x0, 0x0, 0x5b, 0xff, 0x17, 0x0, 0x0, 0x0,
    0x0, 0x0, 0x0, 0x7f, 0xef, 0x0, 0x0, 0x69,
    0x83, 0x83, 0xee, 0xc9, 0x83, 0x83, 0xb0, 0xff,
    0x8f, 0x83, 0x77, 0x0, 0x0, 0x0, 0x0, 0x7f,
    0xef, 0x0, 0x0, 0xb8, 0xe7, 0xe7, 0xfc, 0xf5,
    0xe7, 0xe7, 0xf0, 0xff, 0xea, 0xe7, 0xd2, 0x0,
    0x0, 0xf, 0xf, 0x87, 0xf0, 0xf, 0xf, 0x0,
    0x0, 0x0, 0xdb, 0x8f, 0x0, 0x0, 0x5b, 0xff,
    0x17, 0x0, 0x0, 0x0, 0x0, 0xff, 0xff, 0xff,
    0xff, 0xff, 0xff, 0x0, 0x0, 0x0, 0x82, 0x55,
    0x0, 0x0, 0x36, 0x97, 0xe, 0x0, 0x0, 0x0,
    0x0, 0x73, 0x73, 0xc4, 0xf7, 0x73, 0x73, 0x0,
    0xf0, 0xfb, 0xfb, 0xfb, 0xfb, 0xfb, 0xfb, 0xfb,
    0xfb, 0xd8, 0x0, 0x0, 0x0, 0x0, 0x0, 0xcb,
    0xfa, 0x1c, 0x0, 0x0, 0xf3, 0x86, 0x27, 0x27,
    0x27, 0x27, 0x27, 0x27, 0xa8, 0xdb, 0x0, 0x0,
    0x0, 0x0, 0x16, 0xfe, 0xff, 0xb3, 0x0, 0x0,
    0xf3, 0x8f, 0x37, 0x37, 0x37, 0x37, 0x37, 0x37,
    0xae, 0xdb, 0x0, 0x0, 0x0, 0x0, 0x5e, 0xff,
    0xf8, 0xf5, 0x55, 0x0, 0xf3, 0xed, 0xdf, 0xdf,
    0xdf, 0xdf, 0xdf, 0xdf, 0xf2, 0xdb, 0x0, 0x0,
    0x0, 0x0, 0xaa, 0xf8, 0xef, 0x85, 0xe5, 0xc,
    0xf3, 0x6f, 0x0, 0x0, 0x0, 0x0, 0x0, 0x0,
    0x97, 0xdb, 0x0, 0x0, 0x0, 0x16, 0xf8, 0xae,
    0xef, 0x10, 0xd5, 0x19, 0xf3, 0xf9, 0xf3, 0xf3,
    0xf3, 0xf3, 0xf3, 0xf3, 0xfb, 0xdb, 0x0, 0x0,
    0x0, 0x7f, 0xd4, 0x80, 0xef, 0x0, 0x9, 0x0,
    0x29, 0x2b, 0x2b, 0x2c, 0xf4, 0x99, 0x2b, 0x2b,
    0x2b, 0x25, 0x0, 0x0, 0x17, 0xf2, 0x70, 0x7f,
    0xef, 0x0, 0x6, 0x1f, 0x1f, 0x1f, 0x1f, 0x35,
    0xff, 0x77, 0x1f, 0x1f, 0x1f, 0x1f, 0x1b, 0x0,
    0x22, 0xdf, 0x9, 0x7f, 0xef, 0x0, 0x33, 0xff,
    0xff, 0xff, 0xff, 0xff, 0xff, 0xff, 0xff, 0xff,
    0xff, 0xff, 0xdb, 0x0, 0x0, 0x1e, 0x0, 0x7f,
    0xef, 0x0, 0x8, 0x27, 0x27, 0x27, 0x33, 0xe8,
    0xc0, 0xd3, 0xc7, 0x2a, 0x27, 0x27, 0x22, 0x0,
    0x0, 0x0, 0x0, 0x7f, 0xef, 0x0, 0x0, 0x0,
    0x0, 0x1f, 0xc5, 0xea, 0x27, 0x2e, 0xee, 0xb1,
    0x15, 0x0, 0x0, 0x0, 0x0, 0x0, 0x0, 0x7f,
    0xef, 0x0, 0x18, 0x57, 0xa7, 0xfa, 0xc5, 0x25,
    0x0, 0x0, 0x2a, 0xd3, 0xf8, 0xaf, 0x57, 0x8,
    0x0, 0x0, 0x0, 0x7f, 0xef, 0x0, 0x5a, 0xe3,
    0x9b, 0x45, 0x0, 0x0, 0x0, 0x0, 0x0, 0x3,
    0x5e, 0xba, 0xc7, 0xa, 0x0, 0x0, 0x0, 0x0,
    0x0, 0x0, 0x0, 0x0, 0x0, 0x0, 0x0, 0x0,
    0x0, 0x0, 0x0, 0x0, 0x0, 0x0, 0x0, 0x0,

    /* U+6B62 "止" */
    0x0, 0x0, 0x0, 0x0, 0x0, 0x0, 0x0, 0x0,
    0x0, 0x3, 0xcf, 0x6e, 0x0, 0x0, 0x0, 0x0,
    0x0, 0x0, 0x0, 0x0, 0x0, 0x0, 0x0, 0x0,
    0x0, 0x0, 0x0, 0x0, 0x3, 0xff, 0x87, 0x0,
    0x0, 0x0, 0x0, 0x0, 0x0, 0x0, 0x0, 0x0,
    0x0, 0x0, 0x0, 0x0, 0x0, 0x0, 0x0, 0x3,
    0xff, 0x87, 0x0, 0x0, 0x0, 0x0, 0x0, 0x0,
    0x0, 0x0, 0x0, 0x0, 0x0, 0x0, 0x0, 0x0,
    0x0, 0x0, 0x3, 0xff, 0x87, 0x0, 0x0, 0x0,
    0x0, 0x0, 0x0, 0x0, 0x0, 0x0, 0x0, 0x1b,
    0x73, 0x22, 0x0, 0x0, 0x0, 0x3, 0xff, 0x87,
    0x0, 0x0, 0x0, 0x0, 0x0, 0x0, 0x0, 0x0,
    0x0, 0x0, 0x3b, 0xff, 0x4b, 0x0, 0x0, 0x0,
    0x3, 0xff, 0x87, 0x0, 0x0, 0x0, 0x0, 0x0,
    0x0, 0x0, 0x0, 0x0, 0x0, 0x3b, 0xff, 0x4b,
    0x0, 0x0, 0x0, 0x3, 0xff, 0x8d, 0xb, 0xb,
    0xb, 0xb, 0xb, 0xb, 0x1, 0x0, 0x0, 0x0,
    0x3b, 0xff, 0x4b, 0x0, 0x0, 0x0, 0x3, 0xff,
    0xff, 0xff, 0xff, 0xff, 0xff, 0xff, 0xff, 0x17,
    0x0, 0x0, 0x0, 0x3b, 0xff, 0x4b, 0x0, 0x0,
    0x0, 0x3, 0xff, 0xbe, 0x73, 0x73, 0x73, 0x73,
    0x73, 0x73, 0xa, 0x0, 0x0, 0x0, 0x3b, 0xff,
    0x4b, 0x0, 0x0, 0x0, 0x3, 0xff, 0x87, 0x0,
    0x0, 0x0, 0x0, 0x0, 0x0, 0x0, 0x0, 0x0,
    0x0, 0x3b, 0xff, 0x4b, 0x0, 0x0, 0x0, 0x3,
    0xff, 0x87, 0x0, 0x0, 0x0, 0x0, 0x0, 0x0,
    0x0, 0x0, 0x0, 0x0, 0x3b, 0xff, 0x4b, 0x0,
    0x0, 0x0, 0x3, 0xff, 0x87, 0x0, 0x0, 0x0,
    0x0, 0x0, 0x0, 0x0, 0x0, 0x0, 0x0, 0x3b,
    0xff, 0x4b, 0x0, 0x0, 0x0, 0x3, 0xff, 0x87,
    0x0, 0x0, 0x0, 0x0, 0x0, 0x0, 0x0, 0x0,
    0x0, 0x0, 0x3b, 0xff, 0x4b, 0x0, 0x0, 0x0,
    0x3, 0xff, 0x87, 0x0, 0x0, 0x0, 0x0, 0x0,
    0x0, 0x0, 0x0, 0x0, 0x0, 0x3b, 0xff, 0x4b,
    0x0, 0x0, 0x0, 0x3, 0xff, 0x87, 0x0, 0x0,
    0x0, 0x0, 0x0, 0x0, 0x0, 0x0, 0x0, 0x0,
    0x3b, 0xff, 0x4b, 0x0, 0x0, 0x0, 0x3, 0xff,
    0x87, 0x0, 0x0, 0x0, 0x0, 0x0, 0x0, 0x0,
    0x3, 0xf3, 0xf3, 0xf6, 0xff, 0xf7, 0xf3, 0xf3,
    0xf3, 0xf4, 0xff, 0xfa, 0xf3, 0xf3, 0xf3, 0xf3,
    0xf3, 0xf3, 0xf0, 0x2, 0x83, 0x83, 0x83, 0x83,
    0x83, 0x83, 0x83, 0x83, 0x83, 0x83, 0x83, 0x83,
    0x83, 0x83, 0x83, 0x83, 0x83, 0x81,

    /* U+6B63 "正" */
    0x10, 0x57, 0x57, 0x57, 0x57, 0x57, 0x57, 0x57,
    0x57, 0x57, 0x57, 0x57, 0x57, 0x57, 0x57, 0x57,
    0x57, 0x1e, 0x2f, 0xff, 0xff, 0xff, 0xff, 0xff,
    0xff, 0xff, 0xff, 0xff, 0xff, 0xff, 0xff, 0xff,
    0xff, 0xff, 0xff, 0x57, 0x6, 0x23, 0x23, 0x23,
    0x23, 0x23, 0x23, 0x23, 0x61, 0xff, 0x65, 0x23,
    0x23, 0x23, 0x23, 0x23, 0x23, 0xc, 0x0, 0x0,
    0x0, 0x0, 0x0, 0x0, 0x0, 0x0, 0x47, 0xff,
    0x4b, 0x0, 0x0, 0x0, 0x0, 0x0, 0x0, 0x0,
    0x0, 0x0, 0x0, 0x0, 0x0, 0x0, 0x0, 0x0,
    0x47, 0xff, 0x4b, 0x0, 0x0, 0x0, 0x0, 0x0,
    0x0, 0x0, 0x0, 0x0, 0x17, 0x63, 0x1f, 0x0,
    0x0, 0x0, 0x47, 0xff, 0x4b, 0x0, 0x0, 0x0,
    0x0, 0x0, 0x0, 0x0, 0x0, 0x0, 0x3b, 0xff,
    0x4f, 0x0, 0x0, 0x0, 0x47, 0xff, 0x4b, 0x0,
    0x0, 0x0, 0x0, 0x0, 0x0, 0x0, 0x0, 0x0,
    0x3b, 0xff, 0x4f, 0x0, 0x0, 0x0, 0x47, 0xff,
    0xa5, 0x7f, 0x7f, 0x7f, 0x7f, 0x7f, 0x47, 0x0,
    0x0, 0x0, 0x3b, 0xff, 0x4f, 0x0, 0x0, 0x0,
    0x47, 0xff, 0xf7, 0xf3, 0xf3, 0xf3, 0xf3, 0xf3,
    0x89, 0x0, 0x0, 0x0, 0x3b, 0xff, 0x4f, 0x0,
    0x0, 0x0, 0x47, 0xff, 0x4b, 0x0, 0x0, 0x0,
    0x0, 0x0, 0x0, 0x0, 0x0, 0x0, 0x3b, 0xff,
    0x4f, 0x0, 0x0, 0x0, 0x47, 0xff, 0x4b, 0x0,
    0x0, 0x0, 0x0, 0x0, 0x0, 0x0, 0x0, 0x0,
    0x3b, 0xff, 0x4f, 0x0, 0x0, 0x0, 0x47, 0xff,
    0x4b, 0x0, 0x0, 0x0, 0x0, 0x0, 0x0, 0x0,
    0x0, 0x0, 0x3b, 0xff, 0x4f, 0x0, 0x0, 0x0,
    0x47, 0xff, 0x4b, 0x0, 0x0, 0x0, 0x0, 0x0,
    0x0, 0x0, 0x0, 0x0, 0x3b, 0xff, 0x4f, 0x0,
    0x0, 0x0, 0x47, 0xff, 0x4b, 0x0, 0x0, 0x0,
    0x0, 0x0, 0x0, 0x0, 0x0, 0x0, 0x3b, 0xff,
    0x4f, 0x0, 0x0, 0x0, 0x47, 0xff, 0x4b, 0x0,
    0x0, 0x0, 0x0, 0x0, 0x0, 0x0, 0xe8, 0xf3,
    0xf6, 0xff, 0xf7, 0xf3, 0xf3, 0xf3, 0xf7, 0xff,
    0xf7, 0xf3, 0xf3, 0xf3, 0xf3, 0xf3, 0xf3, 0xf3,
    0x7d, 0x83, 0x83, 0x83, 0x83, 0x83, 0x83, 0x83,
    0x83, 0x83, 0x83, 0x83, 0x83, 0x83, 0x83, 0x83,
    0x83, 0x83,

    /* U+6BB5 "段" */
    0x0, 0x0, 0x0, 0x0, 0x0, 0x6, 0x58, 0xc1,
    0x47, 0x0, 0x1, 0xf, 0xf, 0xf, 0xf, 0xf,
    0x7, 0x0, 0x0, 0x0, 0x0, 0x0, 0x9, 0x4e,
    0x9f, 0xed, 0xff, 0xc7, 0x61, 0x0, 0x1f, 0xff,
    0xff, 0xff, 0xff, 0xff, 0x73, 0x0, 0x0, 0x0,
    0x0, 0x0, 0x87, 0xfd, 0xbc, 0x71, 0x24, 0x0,
    0x0, 0x0, 0x1f, 0xff, 0x70, 0x3b, 0x3b, 0xf3,
    0x73, 0x0, 0x0, 0x0, 0x0, 0x0, 0x87, 0xeb,
    0x0, 0x0, 0x0, 0x0, 0x0, 0x0, 0x23, 0xff,
    0x40, 0x0, 0x0, 0xef, 0x73, 0x0, 0x0, 0x0,
    0x0, 0x0, 0x87, 0xeb, 0x0, 0x0, 0x0, 0x0,
    0x0, 0x0, 0x3b, 0xff, 0x2c, 0x0, 0x0, 0xef,
    0x73, 0x0, 0x0, 0x0, 0x0, 0x0, 0x87, 0xfd,
    0xdf, 0xdf, 0xdf, 0xdf, 0x5e, 0x0, 0x7d, 0xf0,
    0x4, 0x0, 0x0, 0xef, 0x73, 0x0, 0x0, 0x0,
    0x0, 0x0, 0x87, 0xf5, 0x7f, 0x7f, 0x7f, 0x7f,
    0x35, 0x13, 0xec, 0x93, 0x0, 0x0, 0x0, 0xe7,
    0x9e, 0x37, 0x3f, 0x7, 0x0, 0x0, 0x87, 0xeb,
    0x0, 0x0, 0x0, 0x0, 0x17, 0xce, 0xdf, 0x12,
    0x0, 0x0, 0x0, 0x85, 0xec, 0xf3, 0xec, 0x21,
    0x0, 0x0, 0x87, 0xec, 0x7, 0x7, 0x7, 0x7,
    0x13, 0x8c, 0x19, 0x0, 0x0, 0x0, 0x0, 0x0,
    0x0, 0x0, 0x0, 0x0, 0x0, 0x0, 0x87, 0xff,
    0xff, 0xff, 0xff, 0xff, 0x67, 0x83, 0xef, 0xef,
    0xef, 0xef, 0xef, 0xef, 0xf3, 0x9d, 0x0, 0x0,
    0x0, 0x0, 0x87, 0xf1, 0x4b, 0x4b, 0x4b, 0x4b,
    0x1e, 0x32, 0xc8, 0xb4, 0x5b, 0x5b, 0x5b, 0x6e,
    0xff, 0x6b, 0x0, 0x0, 0x0, 0x0, 0x87, 0xeb,
    0x0, 0x0, 0x0, 0x0, 0x0, 0x0, 0x69, 0xeb,
    0xd, 0x0, 0x0, 0x7f, 0xf8, 0x12, 0x0, 0x0,
    0x0, 0x0, 0x87, 0xeb, 0x0, 0x12, 0x37, 0x5d,
    0x5e, 0x0, 0x7, 0xe4, 0x91, 0x0, 0x1c, 0xee,
    0x9d, 0x0, 0x0, 0x0, 0x15, 0x7f, 0xcf, 0xfc,
    0xed, 0xff, 0xff, 0xf2, 0xa2, 0x0, 0x0, 0x48,
    0xfe, 0x6b, 0xc9, 0xdd, 0xe, 0x0, 0x0, 0x0,
    0x11, 0xef, 0xea, 0xf6, 0x73, 0x49, 0x1e, 0x1,
    0x0, 0x0, 0x0, 0x0, 0x89, 0xff, 0xfc, 0x35,
    0x0, 0x0, 0x0, 0x0, 0x0, 0x0, 0x87, 0xeb,
    0x0, 0x0, 0x0, 0x0, 0x0, 0x0, 0x0, 0x58,
    0xe3, 0xfb, 0xff, 0xb5, 0x25, 0x0, 0x0, 0x0,
    0x0, 0x0, 0x87, 0xeb, 0x0, 0x0, 0x0, 0x0,
    0x19, 0x6d, 0xcb, 0xff, 0xb9, 0x23, 0x53, 0xe9,
    0xf9, 0xab, 0x53, 0x8, 0x0, 0x0, 0x87, 0xeb,
    0x0, 0x0, 0x0, 0x0, 0xc3, 0xfd, 0xba, 0x51,
    0x0, 0x0, 0x0, 0x13, 0x7f, 0xe1, 0xdc, 0xe,
    0x0, 0x0, 0x0, 0x0, 0x0, 0x0, 0x0, 0x0,
    0x1f, 0x1c, 0x0, 0x0, 0x0, 0x0, 0x0, 0x0,
    0x0, 0x2, 0x14, 0x0,

    /* U+6BCD "母" */
    0x0, 0x0, 0x0, 0x8b, 0xf3, 0xf3, 0xf3, 0xf3,
    0xf3, 0xf3, 0xf3, 0xf3, 0xf3, 0xf3, 0xf3, 0xdc,
    0x0, 0x0, 0x0, 0x0, 0x0, 0xaf, 0xe5, 0x6b,
    0x6b, 0x6b, 0x6b, 0x6b, 0x6b, 0x6b, 0x6b, 0x6b,
    0xcc, 0xdc, 0x0, 0x0, 0x0, 0x0, 0x0, 0xcd,
    0xb6, 0x0, 0x0, 0x77, 0x4f, 0x0, 0x0, 0x0,
    0x0, 0x0, 0xb0, 0xd1, 0x0, 0x0, 0x0, 0x0,
    0x0, 0xed, 0x93, 0x0, 0x5, 0x94, 0xfd, 0xbc,
    0x21, 0x0, 0x0, 0x0, 0xbb, 0xc5, 0x0, 0x0,
    0x0, 0x0, 0x11, 0xff, 0x71, 0x0, 0x0, 0x0,
    0x36, 0xd7, 0xf1, 0x44, 0x0, 0x0, 0xc6, 0xba,
    0x0, 0x0, 0x0, 0x0, 0x34, 0xff, 0x4e, 0x0,
    0x0, 0x0, 0x0, 0xb, 0xa3, 0x29, 0x0, 0x0,
    0xd1, 0xaf, 0x0, 0x0, 0x6e, 0x77, 0xa1, 0xff,
    0x94, 0x77, 0x77, 0x77, 0x77, 0x77, 0x77, 0x77,
    0x77, 0x77, 0xeb, 0xd0, 0x77, 0x5f, 0xe0, 0xf3,
    0xfa, 0xff, 0xf3, 0xf3, 0xf3, 0xf3, 0xf3, 0xf3,
    0xf3, 0xf3, 0xf3, 0xf3, 0xff, 0xfa, 0xf3, 0xc2,
    0x0, 0x0, 0xa7, 0xdd, 0x0, 0x0, 0xd, 0x15,
    0x0, 0x0, 0x0, 0x0, 0x0, 0x4, 0xfe, 0x85,
    0x0, 0x0, 0x0, 0x0, 0xd1, 0xb5, 0x0, 0x0,
    0x9d, 0xf0, 0x73, 0x6, 0x0, 0x0, 0x0, 0x16,
    0xff, 0x72, 0x0, 0x0, 0x0, 0x3, 0xf8, 0x8e,
    0x0, 0x0, 0x4, 0x70, 0xf1, 0xd4, 0x2d, 0x0,
    0x0, 0x29, 0xff, 0x5f, 0x0, 0x0, 0x0, 0x28,
    0xff, 0x63, 0x0, 0x0, 0x0, 0x0, 0x1e, 0xc8,
    0xee, 0x12, 0x0, 0x43, 0xff, 0x46, 0x0, 0x0,
    0x0, 0x59, 0xff, 0x4a, 0x13, 0x13, 0x13, 0x13,
    0x13, 0x1d, 0x52, 0x13, 0x13, 0x6b, 0xff, 0x3d,
    0x13, 0x4, 0x0, 0x8c, 0xff, 0xff, 0xff, 0xff,
    0xff, 0xff, 0xff, 0xff, 0xff, 0xff, 0xff, 0xff,
    0xff, 0xff, 0xff, 0x3b, 0x0, 0x33, 0x4b, 0x4b,
    0x4b, 0x4b, 0x4b, 0x4b, 0x4b, 0x4b, 0x4b, 0x4b,
    0x4b, 0xde, 0xdd, 0x4b, 0x4b, 0x11, 0x0, 0x0,
    0x0, 0x0, 0x0, 0x0, 0x0, 0x0, 0x0, 0x5a,
    0x54, 0x51, 0x8b, 0xff, 0x80, 0x0, 0x0, 0x0,
    0x0, 0x0, 0x0, 0x0, 0x0, 0x0, 0x0, 0x0,
    0x0, 0xb8, 0xfc, 0xff, 0xf3, 0xa3, 0x9, 0x0,
    0x0, 0x0, 0x0, 0x0, 0x0, 0x0, 0x0, 0x0,
    0x0, 0x0, 0x0, 0x0, 0x0, 0x0, 0x0, 0x0,
    0x0, 0x0, 0x0, 0x0,

    /* U+6CD5 "法" */
    0x0, 0x0, 0x32, 0x47, 0x0, 0x0, 0x0, 0x0,
    0x0, 0x0, 0x0, 0x0, 0xb8, 0x79, 0x0, 0x0,
    0x0, 0x0, 0x0, 0x0, 0x0, 0x9e, 0xff, 0xce,
    0x41, 0x0, 0x0, 0x0, 0x0, 0x0, 0x0, 0xe7,
    0x97, 0x0, 0x0, 0x0, 0x0, 0x0, 0x0, 0x0,
    0x0, 0x43, 0xd2, 0xff, 0x6b, 0x0, 0x0, 0x0,
    0x0, 0x0, 0xe7, 0x97, 0x0, 0x0, 0x0, 0x0,
    0x0, 0x0, 0x0, 0x0, 0x0, 0x6, 0x81, 0x19,
    0x12, 0x5b, 0x5b, 0x5b, 0x5b, 0xf0, 0xbd, 0x5b,
    0x5b, 0x5b, 0x5b, 0x5, 0x0, 0x0, 0x0, 0x0,
    0x0, 0x0, 0x0, 0x33, 0xff, 0xff, 0xff, 0xff,
    0xff, 0xff, 0xff, 0xff, 0xff, 0xff, 0xf, 0x0,
    0x9, 0x1, 0x0, 0x0, 0x0, 0x0, 0x3, 0xf,
    0xf, 0xf, 0xf, 0xe9, 0x9e, 0xf, 0xf, 0xf,
    0xf, 0x0, 0x0, 0xaf, 0xd4, 0x5a, 0x1, 0x0,
    0x0, 0x0, 0x0, 0x0, 0x0, 0x0, 0xe7, 0x97,
    0x0, 0x0, 0x0, 0x0, 0x0, 0x0, 0x38, 0xbb,
    0xff, 0xc4, 0x26, 0x0, 0x0, 0x0, 0x0, 0x0,
    0x0, 0xe7, 0x97, 0x0, 0x0, 0x0, 0x0, 0x0,
    0x0, 0x0, 0x0, 0x51, 0xdd, 0x22, 0x6, 0x4f,
    0x4f, 0x4f, 0x4f, 0x4f, 0xef, 0xb8, 0x4f, 0x4f,
    0x4f, 0x4f, 0x45, 0x0, 0x0, 0x0, 0x0, 0x3,
    0x0, 0x13, 0xff, 0xff, 0xff, 0xff, 0xff, 0xff,
    0xff, 0xff, 0xff, 0xff, 0xff, 0xdf, 0x0, 0x0,
    0x0, 0x0, 0x0, 0x3, 0x1, 0x17, 0x17, 0x17,
    0x19, 0xd9, 0xea, 0x20, 0x17, 0x17, 0x17, 0x17,
    0x14, 0x0, 0x0, 0x0, 0x0, 0x6, 0xcb, 0x36,
    0x0, 0x0, 0x0, 0x54, 0xff, 0x6e, 0x0, 0x0,
    0x0, 0x0, 0x0, 0x0, 0x0, 0x0, 0x0, 0x0,
    0x72, 0xff, 0x38, 0x0, 0x0, 0x2, 0xd4, 0xdf,
    0x6, 0x0, 0x4d, 0x84, 0x0, 0x0, 0x0, 0x0,
    0x0, 0x0, 0x11, 0xee, 0xaf, 0x0, 0x0, 0x0,
    0x61, 0xff, 0x53, 0x0, 0x0, 0x4a, 0xff, 0x57,
    0x0, 0x0, 0x0, 0x0, 0x0, 0x90, 0xfc, 0x2a,
    0x0, 0x0, 0x14, 0xea, 0xad, 0x0, 0x0, 0x0,
    0x0, 0x98, 0xef, 0x1d, 0x0, 0x0, 0x0, 0x2f,
    0xfc, 0x9a, 0x0, 0x0, 0x1, 0xb1, 0xee, 0x20,
    0x23, 0x3f, 0x5c, 0x78, 0xa0, 0xff, 0xb5, 0x0,
    0x0, 0x3, 0xcb, 0xee, 0x14, 0x0, 0x0, 0x7c,
    0xff, 0xfc, 0xff, 0xff, 0xff, 0xfa, 0xdc, 0xbc,
    0xb0, 0xff, 0x47, 0x0, 0x1f, 0xe6, 0x6b, 0x0,
    0x0, 0x0, 0x44, 0xb7, 0x87, 0x62, 0x3f, 0x1d,
    0x2, 0x0, 0x0, 0x2, 0xd9, 0xc0, 0x0, 0x0,
    0x18, 0x3, 0x0, 0x0, 0x0, 0x0, 0x0, 0x0,
    0x0, 0x0, 0x0, 0x0, 0x0, 0x0, 0x0, 0x40,
    0x26,

    /* U+6CE2 "波" */
    0x0, 0x0, 0x4c, 0x2b, 0x0, 0x0, 0x0, 0x0,
    0x0, 0x0, 0x0, 0xc, 0xcf, 0x54, 0x0, 0x0,
    0x0, 0x0, 0x0, 0x0, 0x0, 0x5, 0xc9, 0xfd,
    0x9b, 0xf, 0x0, 0x0, 0x0, 0x0, 0x0, 0xf,
    0xff, 0x67, 0x0, 0x0, 0x0, 0x0, 0x0, 0x0,
    0x0, 0x0, 0x3, 0x6d, 0xf5, 0xde, 0x9, 0x0,
    0x0, 0x0, 0x0, 0xf, 0xff, 0x67, 0x0, 0x0,
    0x0, 0x0, 0x0, 0x0, 0x0, 0x0, 0x0, 0x0,
    0x29, 0x5c, 0x0, 0xe0, 0xf3, 0xf3, 0xf3, 0xf4,
    0xff, 0xf8, 0xf3, 0xf3, 0xf3, 0xf4, 0xdd, 0x7,
    0x0, 0x0, 0x0, 0x0, 0x0, 0x0, 0x0, 0xeb,
    0xbc, 0x73, 0x73, 0x7c, 0xff, 0xac, 0x73, 0x73,
    0x74, 0xf4, 0xad, 0x0, 0x0, 0x17, 0x0, 0x0,
    0x0, 0x0, 0x0, 0xeb, 0x83, 0x0, 0x0, 0xf,
    0xff, 0x67, 0x0, 0x0, 0x36, 0xff, 0x4b, 0x0,
    0xd, 0xe5, 0xca, 0x43, 0x0, 0x0, 0x0, 0xeb,
    0x83, 0x0, 0x0, 0xf, 0xff, 0x67, 0x0, 0x0,
    0xa4, 0xd6, 0x1, 0x0, 0x0, 0x3f, 0xcb, 0xff,
    0xa0, 0x6, 0x0, 0xeb, 0x83, 0x0, 0x0, 0xf,
    0xff, 0x67, 0x0, 0x0, 0x18, 0x2c, 0x0, 0x0,
    0x0, 0x0, 0x2, 0x78, 0xa4, 0x0, 0x0, 0xef,
    0xfa, 0xf3, 0xf3, 0xf4, 0xff, 0xf8, 0xf3, 0xf3,
    0xf6, 0x78, 0x0, 0x0, 0x0, 0x0, 0x0, 0x0,
    0x0, 0x0, 0x0, 0xf6, 0xac, 0xe6, 0xbf, 0x5f,
    0x5f, 0x5f, 0x5f, 0x8d, 0xff, 0x48, 0x0, 0x0,
    0x0, 0x0, 0x0, 0x0, 0x0, 0x0, 0x3, 0xfe,
    0x6a, 0x74, 0xf0, 0x11, 0x0, 0x0, 0x0, 0xa8,
    0xe0, 0x2, 0x0, 0x0, 0x0, 0x0, 0x0, 0x0,
    0xa5, 0x44, 0x1e, 0xff, 0x58, 0xd, 0xee, 0x87,
    0x0, 0x0, 0x22, 0xfc, 0x7d, 0x0, 0x0, 0x0,
    0x0, 0x0, 0x0, 0x32, 0xff, 0x6a, 0x3d, 0xff,
    0x32, 0x0, 0x72, 0xfc, 0x41, 0x4, 0xc4, 0xdd,
    0xd, 0x0, 0x0, 0x0, 0x0, 0x0, 0x0, 0xab,
    0xeb, 0x9, 0x70, 0xfd, 0x9, 0x0, 0x1, 0xb6,
    0xea, 0x9d, 0xfb, 0x38, 0x0, 0x0, 0x0, 0x0,
    0x0, 0x0, 0x28, 0xfd, 0x7f, 0x0, 0xb9, 0xcb,
    0x0, 0x0, 0x0, 0x16, 0xf3, 0xff, 0x8c, 0x0,
    0x0, 0x0, 0x0, 0x0, 0x0, 0x0, 0xac, 0xf2,
    0x13, 0x11, 0xf8, 0x76, 0x0, 0x0, 0x21, 0xbe,
    0xff, 0xf1, 0xf6, 0x72, 0x3, 0x0, 0x0, 0x0,
    0x0, 0x3a, 0xff, 0x82, 0x0, 0x8e, 0xfa, 0x20,
    0x1a, 0x84, 0xf3, 0xee, 0x56, 0x12, 0xaa, 0xff,
    0xce, 0x62, 0xc, 0x0, 0x0, 0x79, 0xee, 0x10,
    0x1d, 0xfa, 0x8c, 0x53, 0xfa, 0xfb, 0xa5, 0x1c,
    0x0, 0x0, 0x0, 0x59, 0xd1, 0xff, 0xee, 0x19,
    0x0, 0x0, 0x1d, 0x0, 0x0, 0x52, 0xe, 0x4,
    0x77, 0x1f, 0x0, 0x0, 0x0, 0x0, 0x0, 0x0,
    0x0, 0x3c, 0x52, 0x0,

    /* U+6D41 "流" */
    0x0, 0x0, 0x4b, 0x10, 0x0, 0x0, 0x0, 0x0,
    0x0, 0x0, 0x0, 0x66, 0x89, 0x0, 0x0, 0x0,
    0x0, 0x0, 0x0, 0x0, 0x0, 0x13, 0xec, 0xe7,
    0x50, 0x0, 0x0, 0x0, 0x0, 0x0, 0x0, 0x6d,
    0xfc, 0x1b, 0x0, 0x0, 0x0, 0x0, 0x0, 0x0,
    0x0, 0x0, 0x1b, 0xb9, 0xfe, 0x80, 0x20, 0x33,
    0x33, 0x33, 0x33, 0x45, 0xfe, 0x92, 0x33, 0x33,
    0x33, 0x33, 0x2f, 0x0, 0x0, 0x0, 0x0, 0x2,
    0x91, 0x90, 0x9f, 0xff, 0xff, 0xff, 0xff, 0xff,
    0xff, 0xff, 0xff, 0xff, 0xff, 0xff, 0xeb, 0x0,
    0x0, 0x0, 0x0, 0x0, 0x0, 0x2, 0x18, 0x27,
    0x27, 0x3e, 0xf0, 0xbc, 0x28, 0x27, 0x3b, 0x76,
    0x27, 0x27, 0x24, 0x0, 0x0, 0x5, 0x0, 0x0,
    0x0, 0x0, 0x0, 0x0, 0x6, 0xc3, 0xdc, 0x12,
    0x0, 0x0, 0x57, 0xfd, 0x57, 0x0, 0x0, 0x0,
    0x5, 0xcd, 0xb2, 0x37, 0x0, 0x0, 0x0, 0x1,
    0xa2, 0xf2, 0x2b, 0x0, 0x0, 0x2, 0x10, 0x99,
    0xf8, 0x3c, 0x0, 0x0, 0x3, 0x64, 0xe6, 0xfe,
    0x97, 0xc, 0x31, 0xdb, 0xff, 0xec, 0xd5, 0xe4,
    0xf2, 0xfe, 0xff, 0xff, 0xff, 0xe6, 0x16, 0x0,
    0x0, 0x0, 0xb, 0x9d, 0xe4, 0xd, 0x21, 0xe6,
    0xb9, 0x9f, 0x89, 0x74, 0x60, 0x4e, 0x3c, 0x2a,
    0x26, 0xee, 0xb2, 0x0, 0x0, 0x0, 0x0, 0x0,
    0x18, 0x0, 0x0, 0x0, 0xf, 0x5, 0x0, 0x5,
    0xa, 0x0, 0x0, 0xd, 0x8, 0x59, 0x34, 0x0,
    0x0, 0x0, 0x0, 0x0, 0x0, 0x0, 0x0, 0x0,
    0xfb, 0x5f, 0x0, 0x6f, 0xe7, 0x0, 0x0, 0xdf,
    0x83, 0x0, 0x0, 0x0, 0x0, 0x0, 0x0, 0x0,
    0x2d, 0xae, 0x9, 0x0, 0xfc, 0x5f, 0x0, 0x6f,
    0xe7, 0x0, 0x0, 0xdf, 0x83, 0x0, 0x0, 0x0,
    0x0, 0x0, 0x0, 0x0, 0xbf, 0xdc, 0x6, 0x4,
    0xff, 0x56, 0x0, 0x6f, 0xe7, 0x0, 0x0, 0xdf,
    0x83, 0x0, 0x0, 0x0, 0x0, 0x0, 0x0, 0x56,
    0xff, 0x52, 0x0, 0x1c, 0xff, 0x43, 0x0, 0x6f,
    0xe7, 0x0, 0x0, 0xdf, 0x83, 0x0, 0x0, 0x0,
    0x0, 0x0, 0xd, 0xe2, 0xc3, 0x0, 0x0, 0x59,
    0xfd, 0xf, 0x0, 0x6f, 0xe7, 0x0, 0x0, 0xdf,
    0x83, 0x0, 0x65, 0x12, 0x0, 0x0, 0x96, 0xfc,
    0x31, 0x0, 0x1, 0xcb, 0xb3, 0x0, 0x0, 0x6f,
    0xe7, 0x0, 0x0, 0xdf, 0x83, 0x0, 0xcd, 0x41,
    0x0, 0x46, 0xfe, 0x8e, 0x0, 0x0, 0x80, 0xf9,
    0x28, 0x0, 0x0, 0x6f, 0xe7, 0x0, 0x0, 0xda,
    0xb0, 0x3f, 0xf0, 0x2a, 0x0, 0x3e, 0xcc, 0xc,
    0x0, 0x61, 0xf2, 0x43, 0x0, 0x0, 0x0, 0x65,
    0xd2, 0x0, 0x0, 0x7a, 0xf1, 0xfb, 0xb2, 0x2,
    0x0, 0x0, 0x1, 0x0, 0x0, 0x0, 0x1a, 0x0,
    0x0, 0x0, 0x0, 0x0, 0x0, 0x0, 0x0, 0x0,
    0x0, 0x0, 0x0, 0x0,

    /* U+6D4B "测" */
    0x0, 0x2, 0x62, 0x9, 0x0, 0x0, 0x0, 0x0,
    0x0, 0x0, 0x0, 0x0, 0x0, 0x0, 0x0, 0x0,
    0x0, 0x81, 0x2b, 0x0, 0x3f, 0xf8, 0xe2, 0x4e,
    0x0, 0x97, 0xa3, 0xa3, 0xa3, 0xa3, 0xa3, 0x97,
    0x0, 0x0, 0x0, 0x0, 0xeb, 0x4f, 0x0, 0x0,
    0x26, 0xc3, 0xff, 0x5c, 0xeb, 0xa4, 0x83, 0x83,
    0x83, 0xa8, 0xeb, 0x0, 0x57, 0xdb, 0x0, 0xeb,
    0x4f, 0x0, 0x0, 0x0, 0x4, 0x74, 0x8, 0xeb,
    0x43, 0x3, 0xe, 0x0, 0x4b, 0xeb, 0x0, 0x57,
    0xdb, 0x0, 0xeb, 0x4f, 0x0, 0x0, 0x0, 0x0,
    0x0, 0x0, 0xeb, 0x43, 0x3b, 0xeb, 0x0, 0x4b,
    0xeb, 0x0, 0x57, 0xdb, 0x0, 0xeb, 0x4f, 0x0,
    0xd, 0x0, 0x0, 0x0, 0x0, 0xeb, 0x43, 0x3b,
    0xeb, 0x0, 0x4b, 0xeb, 0x0, 0x57, 0xdb, 0x0,
    0xeb, 0x4f, 0x21, 0xee, 0x9f, 0x19, 0x0, 0x0,
    0xeb, 0x43, 0x3b, 0xeb, 0x0, 0x4b, 0xeb, 0x0,
    0x57, 0xdb, 0x0, 0xeb, 0x4f, 0x2, 0x6a, 0xef,
    0xef, 0x57, 0x0, 0xeb, 0x43, 0x3b, 0xeb, 0x0,
    0x4b, 0xeb, 0x0, 0x57, 0xdb, 0x0, 0xeb, 0x4f,
    0x0, 0x0, 0x1a, 0xb7, 0x44, 0x0, 0xeb, 0x43,
    0x3b, 0xeb, 0x0, 0x4b, 0xeb, 0x0, 0x57, 0xdb,
    0x0, 0xeb, 0x4f, 0x0, 0x0, 0x0, 0x0, 0x0,
    0x0, 0xeb, 0x43, 0x3b, 0xeb, 0x0, 0x4b, 0xeb,
    0x0, 0x57, 0xdb, 0x0, 0xeb, 0x4f, 0x0, 0x0,
    0x0, 0x0, 0x0, 0x0, 0xeb, 0x43, 0x3c, 0xeb,
    0x0, 0x4b, 0xeb, 0x0, 0x57, 0xdb, 0x0, 0xeb,
    0x4f, 0x0, 0x0, 0x0, 0x5c, 0x55, 0x0, 0xeb,
    0x43, 0x49, 0xde, 0x0, 0x4b, 0xeb, 0x0, 0x57,
    0xdb, 0x0, 0xeb, 0x4f, 0x0, 0x0, 0x1, 0xd8,
    0xb0, 0x0, 0xeb, 0x43, 0x61, 0xca, 0x0, 0x4b,
    0xeb, 0x0, 0x57, 0xdb, 0x0, 0xeb, 0x4f, 0x0,
    0x0, 0x45, 0xff, 0x48, 0x0, 0xd9, 0x3e, 0xa6,
    0x8e, 0x0, 0x41, 0xca, 0x0, 0x56, 0xd8, 0x0,
    0xeb, 0x4f, 0x0, 0x0, 0xb5, 0xdf, 0x2, 0x0,
    0x0, 0x21, 0xf3, 0x49, 0x57, 0x1, 0x0, 0x0,
    0x0, 0x0, 0x0, 0xeb, 0x4f, 0x0, 0x2f, 0xff,
    0x70, 0x0, 0x0, 0x7, 0xc7, 0xa6, 0x14, 0xce,
    0xa8, 0x7, 0x0, 0x0, 0x0, 0x0, 0xeb, 0x4f,
    0x0, 0xb0, 0xed, 0xc, 0x0, 0x2a, 0xc9, 0xd5,
    0x10, 0x0, 0xf, 0xcb, 0xb1, 0x4, 0xf, 0x3d,
    0x47, 0xf7, 0x47, 0x0, 0x5c, 0x6b, 0x0, 0x0,
    0xa4, 0x9d, 0xf, 0x0, 0x0, 0x0, 0x17, 0xba,
    0x25, 0xd, 0xf5, 0xf8, 0xc4, 0x11, 0x0, 0x0,
    0x0, 0x0, 0x0, 0x0, 0x0, 0x0, 0x0, 0x0,
    0x0, 0x0, 0x0, 0x0, 0x0, 0x0, 0x0, 0x0,
    0x0,

    /* U+6E05 "清" */
    0x0, 0x0, 0x2b, 0x2, 0x0, 0x0, 0x0, 0x0,
    0x0, 0x0, 0x0, 0x57, 0xad, 0x0, 0x0, 0x0,
    0x0, 0x0, 0x0, 0x0, 0x1b, 0xf2, 0xd2, 0x42,
    0x0, 0x1f, 0x33, 0x33, 0x33, 0x33, 0x99, 0xfc,
    0x33, 0x33, 0x33, 0x33, 0x33, 0xd, 0x0, 0x0,
    0x20, 0xb4, 0xfe, 0x6b, 0x94, 0xf3, 0xf3, 0xf3,
    0xf3, 0xf9, 0xff, 0xf3, 0xf3, 0xf3, 0xf3, 0xf3,
    0x40, 0x0, 0x0, 0x0, 0x0, 0x68, 0x17, 0x0,
    0x0, 0x0, 0x0, 0x0, 0x7f, 0xfb, 0x0, 0x0,
    0x0, 0x0, 0x0, 0x0, 0x0, 0x0, 0x0, 0x0,
    0x0, 0x0, 0x22, 0xf3, 0xf3, 0xf3, 0xf3, 0xf9,
    0xff, 0xf3, 0xf3, 0xf3, 0xf3, 0xba, 0x0, 0x0,
    0x11, 0x0, 0x0, 0x0, 0x0, 0x5, 0x23, 0x23,
    0x23, 0x23, 0x91, 0xfc, 0x23, 0x23, 0x23, 0x23,
    0x1b, 0x0, 0x14, 0xe9, 0xaa, 0x1b, 0x0, 0x13,
    0x33, 0x33, 0x33, 0x33, 0x33, 0x99, 0xfc, 0x33,
    0x33, 0x33, 0x33, 0x33, 0x33, 0x0, 0x55, 0xe5,
    0xec, 0x48, 0x5b, 0xf3, 0xf3, 0xf3, 0xf3, 0xf3,
    0xf3, 0xf3, 0xf3, 0xf3, 0xf3, 0xf3, 0xf3, 0xf3,
    0x0, 0x0, 0x12, 0xb8, 0x89, 0x0, 0x0, 0x0,
    0x0, 0x0, 0x0, 0x0, 0x0, 0x0, 0x0, 0x0,
    0x0, 0x0, 0x0, 0x0, 0x0, 0x0, 0x2, 0x2,
    0x0, 0x0, 0xc7, 0xff, 0xff, 0xff, 0xff, 0xff,
    0xff, 0xff, 0xff, 0xff, 0x47, 0x0, 0x0, 0x0,
    0x0, 0x0, 0x0, 0x0, 0x0, 0xc7, 0xae, 0x27,
    0x27, 0x27, 0x27, 0x27, 0x27, 0x46, 0xff, 0x47,
    0x0, 0x0, 0x0, 0x0, 0x0, 0xb0, 0x2f, 0x0,
    0xc7, 0xb0, 0x2b, 0x2b, 0x2b, 0x2b, 0x2b, 0x2b,
    0x49, 0xff, 0x47, 0x0, 0x0, 0x0, 0x0, 0x4e,
    0xff, 0x61, 0x0, 0xc7, 0xfb, 0xf3, 0xf3, 0xf3,
    0xf3, 0xf3, 0xf3, 0xf5, 0xff, 0x47, 0x0, 0x0,
    0x0, 0x0, 0xca, 0xe1, 0x5, 0x0, 0xc7, 0x9f,
    0x0, 0x0, 0x0, 0x0, 0x0, 0x0, 0x23, 0xff,
    0x47, 0x0, 0x0, 0x0, 0x4c, 0xff, 0x6a, 0x0,
    0x0, 0xc7, 0xf6, 0xe7, 0xe7, 0xe7, 0xe7, 0xe7,
    0xe7, 0xeb, 0xff, 0x47, 0x0, 0x0, 0x3, 0xd5,
    0xdf, 0x6, 0x0, 0x0, 0xc7, 0xb6, 0x3b, 0x3b,
    0x3b, 0x3b, 0x3b, 0x3b, 0x57, 0xff, 0x47, 0x0,
    0x0, 0x6d, 0xff, 0x5a, 0x0, 0x0, 0x0, 0xc7,
    0x9f, 0x0, 0x0, 0x0, 0x0, 0x3d, 0x53, 0x7a,
    0xff, 0x40, 0x0, 0x0, 0x17, 0x81, 0x1, 0x0,
    0x0, 0x0, 0xc7, 0x9f, 0x0, 0x0, 0x0, 0x0,
    0x70, 0xec, 0xe2, 0xab, 0xc, 0x0,

    /* U+6E10 "渐" */
    0x0, 0x0, 0x5a, 0x13, 0x0, 0x0, 0x0, 0x39,
    0xa4, 0xb, 0x0, 0x0, 0x0, 0x0, 0x0, 0x0,
    0x13, 0x64, 0x4, 0x0, 0x0, 0x20, 0xef, 0xee,
    0x66, 0x0, 0x0, 0x68, 0xf3, 0x1, 0x0, 0x0,
    0x0, 0x1f, 0x62, 0xab, 0xf9, 0xff, 0x69, 0x0,
    0x0, 0x0, 0x16, 0xaa, 0xff, 0xa1, 0x67, 0xb5,
    0xe5, 0x67, 0x67, 0x67, 0x2f, 0xff, 0xf5, 0xbf,
    0x80, 0x28, 0x0, 0x0, 0x0, 0x0, 0x0, 0x0,
    0x68, 0x64, 0xfb, 0xff, 0xfd, 0xfb, 0xfb, 0xfb,
    0x43, 0xff, 0x22, 0x0, 0x0, 0x0, 0x0, 0x0,
    0x0, 0x0, 0x0, 0x0, 0x0, 0x0, 0x0, 0xec,
    0x5f, 0x0, 0x0, 0x0, 0x23, 0xff, 0x1f, 0x0,
    0x0, 0x0, 0x0, 0x0, 0x0, 0x6d, 0x32, 0x0,
    0x0, 0x0, 0x27, 0xff, 0x43, 0xcb, 0x23, 0x0,
    0x23, 0xff, 0x1f, 0x0, 0x0, 0x0, 0x0, 0x0,
    0xf, 0xea, 0xfd, 0x90, 0x8, 0x0, 0x62, 0xe0,
    0x2c, 0xff, 0x2b, 0x0, 0x23, 0xff, 0xd5, 0xcf,
    0xcf, 0xcf, 0xcf, 0x20, 0x0, 0x16, 0xac, 0xff,
    0xc1, 0x0, 0xaa, 0x91, 0x2b, 0xff, 0x2b, 0x0,
    0x23, 0xff, 0xbd, 0xb3, 0xfa, 0xd2, 0xb3, 0x1c,
    0x0, 0x0, 0x0, 0x6d, 0x62, 0x15, 0xf6, 0x75,
    0x5d, 0xff, 0x5d, 0x3b, 0x29, 0xff, 0x1d, 0x0,
    0xeb, 0x67, 0x0, 0x0, 0x0, 0x0, 0x0, 0x0,
    0x0, 0x5c, 0xff, 0xff, 0xff, 0xff, 0xff, 0xff,
    0x40, 0xff, 0xe, 0x0, 0xeb, 0x67, 0x0, 0x0,
    0x0, 0x0, 0x0, 0x0, 0x0, 0xd, 0x3d, 0x21,
    0x46, 0xff, 0x46, 0x1f, 0x45, 0xfc, 0x1, 0x0,
    0xeb, 0x67, 0x0, 0x0, 0x0, 0x0, 0x0, 0x3b,
    0x8f, 0x6, 0x0, 0x0, 0x2b, 0xff, 0x2b, 0x1,
    0x57, 0xec, 0x0, 0x0, 0xeb, 0x67, 0x0, 0x0,
    0x0, 0x0, 0x0, 0xaa, 0xdb, 0x1, 0x0, 0xd,
    0x5e, 0xff, 0xc4, 0xed, 0xa2, 0xdb, 0x0, 0x0,
    0xeb, 0x67, 0x0, 0x0, 0x0, 0x0, 0x1c, 0xfb,
    0x74, 0x60, 0xd4, 0xfd, 0xff, 0xff, 0x9a, 0x4b,
    0x91, 0xc6, 0x0, 0x0, 0xeb, 0x67, 0x0, 0x0,
    0x0, 0x0, 0x89, 0xf8, 0x13, 0x45, 0x8b, 0x4c,
    0x3b, 0xff, 0x2b, 0x0, 0xc2, 0x8d, 0x0, 0x0,
    0xeb, 0x67, 0x0, 0x0, 0x0, 0x11, 0xf2, 0x99,
    0x0, 0x0, 0x0, 0x0, 0x2b, 0xff, 0x2b, 0x14,
    0xf8, 0x4e, 0x0, 0x0, 0xeb, 0x67, 0x0, 0x0,
    0x0, 0x89, 0xfd, 0x25, 0x0, 0x0, 0x0, 0x0,
    0x2b, 0xff, 0x2b, 0x7a, 0xe9, 0x7, 0x0, 0x0,
    0xeb, 0x67, 0x0, 0x0, 0x0, 0x43, 0x83, 0x0,
    0x0, 0x0, 0x0, 0x0, 0x2b, 0xff, 0x2b, 0x81,
    0x7e, 0x0, 0x0, 0x0, 0xeb, 0x67, 0x0, 0x0,
    0x0, 0x0, 0x0, 0x0, 0x0, 0x0, 0x0, 0x0,
    0x0, 0x0, 0x0, 0x0, 0x3, 0x0, 0x0, 0x0,
    0x0, 0x0, 0x0, 0x0,

    /* U+6E29 "温" */
    0x0, 0x0, 0x49, 0x39, 0x0, 0x0, 0x0, 0x0,
    0x0, 0x0, 0x0, 0x0, 0x0, 0x0, 0x0, 0x0,
    0x0, 0x0, 0x0, 0x0, 0x0, 0x1, 0xb1, 0xff,
    0xbf, 0x2c, 0x0, 0x85, 0xf3, 0xf3, 0xf3, 0xf3,
    0xf3, 0xf3, 0xf3, 0xf3, 0xf3, 0x26, 0x0, 0x0,
    0x0, 0x0, 0x0, 0x3a, 0xcd, 0xfa, 0x28, 0x8b,
    0xe7, 0x53, 0x53, 0x53, 0x53, 0x53, 0x53, 0x89,
    0xff, 0x27, 0x0, 0x0, 0x0, 0x0, 0x0, 0x0,
    0x4, 0x49, 0x0, 0x8b, 0xdb, 0x0, 0x0, 0x0,
    0x0, 0x0, 0x0, 0x4f, 0xff, 0x27, 0x0, 0x0,
    0x0, 0x0, 0x0, 0x0, 0x0, 0x0, 0x0, 0x8b,
    0xfd, 0xeb, 0xeb, 0xeb, 0xeb, 0xeb, 0xeb, 0xf2,
    0xff, 0x27, 0x0, 0x0, 0x0, 0x13, 0x0, 0x0,
    0x0, 0x0, 0x0, 0x8b, 0xe6, 0x47, 0x47, 0x47,
    0x47, 0x47, 0x47, 0x81, 0xff, 0x27, 0x0, 0x0,
    0x12, 0xe8, 0xb4, 0x2a, 0x0, 0x0, 0x0, 0x8b,
    0xdb, 0x0, 0x0, 0x0, 0x0, 0x0, 0x0, 0x4f,
    0xff, 0x27, 0x0, 0x0, 0x2, 0x64, 0xe9, 0xf8,
    0x6a, 0x0, 0x0, 0x8b, 0xe7, 0x53, 0x53, 0x53,
    0x53, 0x53, 0x53, 0x89, 0xff, 0x27, 0x0, 0x0,
    0x0, 0x0, 0x10, 0xac, 0xe7, 0xf, 0x0, 0x85,
    0xf3, 0xf3, 0xf3, 0xf3, 0xf3, 0xf3, 0xf3, 0xf3,
    0xf3, 0x26, 0x0, 0x0, 0x0, 0x0, 0x0, 0x0,
    0x1e, 0x0, 0x0, 0x0, 0x0, 0x0, 0x0, 0x0,
    0x0, 0x0, 0x0, 0x0, 0x0, 0x0, 0x0, 0x0,
    0x0, 0x0, 0x0, 0x0, 0x0, 0x0, 0x14, 0x5f,
    0x5f, 0x5f, 0x5f, 0x5f, 0x5f, 0x5f, 0x5f, 0x5f,
    0x5f, 0x4f, 0x0, 0x0, 0x0, 0x0, 0x0, 0x0,
    0x62, 0x64, 0x37, 0xff, 0xf5, 0xf3, 0xfe, 0xf7,
    0xf3, 0xfd, 0xf9, 0xf3, 0xfb, 0xd3, 0x0, 0x0,
    0x0, 0x0, 0x0, 0xa, 0xe6, 0xac, 0x37, 0xff,
    0x27, 0x0, 0xe7, 0x47, 0x0, 0xc3, 0x6f, 0x0,
    0x97, 0xd3, 0x0, 0x0, 0x0, 0x0, 0x0, 0x7a,
    0xfd, 0x2b, 0x37, 0xff, 0x27, 0x0, 0xe7, 0x47,
    0x0, 0xc3, 0x6f, 0x0, 0x97, 0xd3, 0x0, 0x0,
    0x0, 0x0, 0x15, 0xf0, 0xa3, 0x0, 0x37, 0xff,
    0x27, 0x0, 0xe7, 0x47, 0x0, 0xc3, 0x6f, 0x0,
    0x97, 0xd3, 0x0, 0x0, 0x0, 0x0, 0x9d, 0xf8,
    0x22, 0x0, 0x37, 0xff, 0x27, 0x0, 0xe7, 0x47,
    0x0, 0xc3, 0x6f, 0x0, 0x97, 0xd3, 0x0, 0x0,
    0x0, 0x3d, 0xfe, 0x86, 0x0, 0x4d, 0x79, 0xff,
    0x6e, 0x53, 0xef, 0x84, 0x53, 0xd7, 0x9f, 0x53,
    0xba, 0xe2, 0x53, 0xf, 0x0, 0x6d, 0xe3, 0xc,
    0x0, 0xeb, 0xff, 0xff, 0xff, 0xff, 0xff, 0xff,
    0xff, 0xff, 0xff, 0xff, 0xff, 0xff, 0xff, 0x2f,
    0x0, 0x0, 0xf, 0x0, 0x0, 0x0, 0x0, 0x0,
    0x0, 0x0, 0x0, 0x0, 0x0, 0x0, 0x0, 0x0,
    0x0, 0x0, 0x0, 0x0,

    /* U+6EDA "滚" */
    0x0, 0x0, 0x37, 0x1, 0x0, 0x0, 0x0, 0x0,
    0x0, 0x0, 0x6, 0xae, 0x7e, 0x0, 0x0, 0x0,
    0x0, 0x0, 0x0, 0x0, 0x0, 0x23, 0xf4, 0xb7,
    0x16, 0x0, 0x0, 0x0, 0x0, 0x0, 0x0, 0xac,
    0xf2, 0x11, 0x0, 0x0, 0x0, 0x0, 0x0, 0x0,
    0x0, 0x0, 0x2c, 0xd9, 0xdd, 0x23, 0xe0, 0xf3,
    0xf3, 0xf3, 0xf3, 0xf9, 0xff, 0xf7, 0xf3, 0xf3,
    0xf3, 0xf3, 0xaf, 0x0, 0x0, 0x0, 0x0, 0x17,
    0xd3, 0x56, 0x54, 0x5b, 0x5d, 0xad, 0x6a, 0x5b,
    0x5b, 0x5b, 0xb4, 0x6b, 0x5b, 0x5b, 0x42, 0x0,
    0x0, 0x0, 0x0, 0x0, 0x5, 0x0, 0x0, 0x2,
    0x9c, 0xf2, 0x36, 0x0, 0x0, 0x11, 0xe4, 0xde,
    0x34, 0x0, 0x0, 0x0, 0x0, 0x1, 0x0, 0x0,
    0x0, 0x0, 0x16, 0xb0, 0xf5, 0x3d, 0x1d, 0x9d,
    0x2a, 0x0, 0x17, 0xbf, 0xf9, 0x61, 0x0, 0x0,
    0x12, 0xd5, 0x7d, 0x4, 0x0, 0x53, 0xed, 0xe1,
    0x39, 0xf, 0xd3, 0xdb, 0x1d, 0x8, 0x4, 0x3,
    0x94, 0xff, 0x7b, 0x0, 0x0, 0x63, 0xf6, 0xc0,
    0x10, 0x42, 0xaa, 0x10, 0xa, 0xbf, 0xd9, 0x1a,
    0x0, 0xbe, 0xa6, 0x2, 0x0, 0x82, 0x7d, 0x0,
    0x0, 0x0, 0x32, 0xea, 0x8b, 0x0, 0x0, 0x16,
    0xc6, 0xd6, 0x18, 0x0, 0xf, 0x54, 0xfc, 0x9c,
    0x0, 0x0, 0x0, 0x0, 0x0, 0x0, 0x0, 0x21,
    0x6, 0x0, 0x41, 0xe5, 0xff, 0xd5, 0xda, 0xf5,
    0xff, 0xfd, 0xe4, 0xfa, 0x7b, 0x0, 0x0, 0x0,
    0x0, 0x0, 0x0, 0x0, 0x0, 0x0, 0x41, 0xd2,
    0xa6, 0x86, 0xe6, 0xfa, 0xff, 0x33, 0x0, 0x69,
    0xd0, 0xa, 0x0, 0x0, 0x0, 0x0, 0x0, 0xd,
    0xb0, 0x19, 0x0, 0x0, 0x5, 0x9b, 0xf3, 0x3d,
    0xd7, 0x9a, 0x0, 0x0, 0x12, 0x78, 0xa, 0x0,
    0x0, 0x0, 0x0, 0x6e, 0xfc, 0x1d, 0x0, 0x2a,
    0xc6, 0xf5, 0x3f, 0x0, 0x64, 0xfa, 0x2b, 0x20,
    0xce, 0xe2, 0x33, 0x0, 0x0, 0x0, 0x1, 0xdb,
    0xac, 0x2a, 0xa7, 0xfd, 0xff, 0xa4, 0x0, 0x0,
    0x7, 0xd5, 0xd5, 0xef, 0xaf, 0x12, 0x0, 0x0,
    0x0, 0x0, 0x4e, 0xff, 0x5e, 0xf4, 0xe5, 0x6d,
    0xbf, 0xa3, 0x0, 0x0, 0x0, 0x31, 0xfa, 0xcf,
    0x4, 0x0, 0x0, 0x0, 0x0, 0x0, 0xc8, 0xd0,
    0x0, 0x2f, 0x8, 0x0, 0xb8, 0xa3, 0x0, 0x0,
    0x16, 0xb, 0x64, 0xfe, 0xb5, 0xc, 0x0, 0x0,
    0x0, 0x48, 0xff, 0x58, 0x0, 0x0, 0x0, 0x0,
    0xe0, 0xcb, 0x98, 0xd6, 0xff, 0x3b, 0x0, 0x5c,
    0xfb, 0xe7, 0x6b, 0x6, 0x0, 0x82, 0xdc, 0x3,
    0x0, 0x0, 0x0, 0x5c, 0xff, 0xfc, 0xc3, 0x7c,
    0x35, 0x2, 0x0, 0x0, 0x30, 0xc1, 0xcb, 0x8,
    0x0, 0x0, 0x13, 0x0, 0x0, 0x0, 0x0, 0xd,
    0x64, 0x12, 0x0, 0x0, 0x0, 0x0, 0x0, 0x0,
    0x0, 0x0, 0xc, 0x0,

    /* U+6F14 "演" */
    0x0, 0x0, 0x48, 0x26, 0x0, 0x0, 0x0, 0x0,
    0x0, 0x0, 0x1d, 0xcd, 0x5d, 0x0, 0x0, 0x0,
    0x0, 0x0, 0x0, 0x0, 0x9, 0xda, 0xfc, 0x99,
    0x12, 0x0, 0x0, 0x0, 0x0, 0x0, 0xc9, 0xd9,
    0x2, 0x0, 0x0, 0x0, 0x0, 0x0, 0x0, 0x0,
    0x8, 0x7d, 0xf8, 0x84, 0xe0, 0xf3, 0xf3, 0xf3,
    0xf3, 0xfa, 0xff, 0xf5, 0xf3, 0xf3, 0xf3, 0xf3,
    0x3c, 0x0, 0x0, 0x0, 0x0, 0x26, 0x5, 0xeb,
    0xa1, 0x53, 0x53, 0x53, 0x53, 0x53, 0x53, 0x53,
    0x53, 0x74, 0xff, 0x3f, 0x0, 0x0, 0x0, 0x0,
    0x0, 0x0, 0xeb, 0x73, 0x0, 0x0, 0x0, 0x0,
    0x0, 0x0, 0x0, 0x0, 0x2f, 0xff, 0x3f, 0x0,
    0x10, 0x0, 0x0, 0x0, 0x0, 0x49, 0x9e, 0xf3,
    0xf3, 0xf3, 0xf3, 0xf3, 0xf3, 0xf3, 0xf3, 0xb2,
    0x4f, 0x13, 0x20, 0xf0, 0xae, 0x29, 0x0, 0x0,
    0x0, 0x23, 0x47, 0x47, 0x47, 0xa6, 0xf1, 0x47,
    0x47, 0x47, 0x30, 0x0, 0x0, 0x4, 0x68, 0xe9,
    0xfa, 0x45, 0x0, 0x4, 0x13, 0x13, 0x13, 0x13,
    0x8d, 0xed, 0x13, 0x13, 0x13, 0x13, 0x9, 0x0,
    0x0, 0x0, 0x11, 0x82, 0x6, 0x0, 0x3f, 0xff,
    0xff, 0xff, 0xff, 0xff, 0xff, 0xff, 0xff, 0xff,
    0xff, 0x77, 0x0, 0x0, 0x0, 0x0, 0x0, 0x0,
    0x0, 0x3f, 0xff, 0x2d, 0x13, 0x13, 0x8d, 0xed,
    0x13, 0x13, 0x13, 0xed, 0x77, 0x0, 0x0, 0x0,
    0x0, 0x0, 0x3, 0x0, 0x3f, 0xff, 0x43, 0x2b,
    0x2b, 0x99, 0xef, 0x2b, 0x2b, 0x2b, 0xef, 0x77,
    0x0, 0x0, 0x0, 0x0, 0x13, 0xd3, 0x25, 0x3f,
    0xff, 0xf5, 0xf3, 0xf3, 0xfa, 0xff, 0xf3, 0xf3,
    0xf3, 0xff, 0x77, 0x0, 0x0, 0x0, 0x0, 0x79,
    0xfc, 0x1d, 0x3f, 0xff, 0x1b, 0x0, 0x0, 0x83,
    0xeb, 0x0, 0x0, 0x0, 0xeb, 0x77, 0x0, 0x0,
    0x0, 0x4, 0xe3, 0xae, 0x0, 0x3f, 0xff, 0x51,
    0x3b, 0x3b, 0xa1, 0xf0, 0x3b, 0x3b, 0x3b, 0xf0,
    0x77, 0x0, 0x0, 0x0, 0x5a, 0xff, 0x44, 0x0,
    0x3c, 0xf3, 0xf3, 0xf3, 0xf3, 0xf3, 0xf3, 0xf3,
    0xf3, 0xf3, 0xf3, 0x72, 0x0, 0x0, 0x1, 0xd4,
    0xd4, 0x1, 0x0, 0x0, 0x0, 0x14, 0x91, 0x68,
    0x2, 0x0, 0x3e, 0xb9, 0x3e, 0x0, 0x0, 0x0,
    0x0, 0x59, 0xff, 0x5d, 0x0, 0x0, 0xf, 0x70,
    0xed, 0xdf, 0x41, 0x0, 0x0, 0x1e, 0xad, 0xff,
    0xa8, 0x15, 0x0, 0x0, 0x7d, 0xe1, 0x4, 0x0,
    0x79, 0xf5, 0xf4, 0x8a, 0xc, 0x0, 0x0, 0x0,
    0x0, 0x0, 0x4a, 0xe5, 0xe9, 0x34, 0x0, 0x0,
    0x15, 0x0, 0x0, 0x1a, 0x7f, 0x14, 0x0, 0x0,
    0x0, 0x0, 0x0, 0x0, 0x0, 0x0, 0x14, 0x73,
    0x4,

    /* U+70B9 "点" */
    0x0, 0x0, 0x0, 0x0, 0x0, 0x0, 0x0, 0x0,
    0x2, 0x3, 0x0, 0x0, 0x0, 0x0, 0x0, 0x0,
    0x0, 0x0, 0x0, 0x0, 0x0, 0x0, 0x0, 0x0,
    0x0, 0x0, 0x0, 0xb7, 0xcb, 0x0, 0x0, 0x0,
    0x0, 0x0, 0x0, 0x0, 0x0, 0x0, 0x0, 0x0,
    0x0, 0x0, 0x0, 0x0, 0x0, 0x0, 0xb7, 0xcb,
    0x0, 0x0, 0x0, 0x0, 0x0, 0x0, 0x0, 0x0,
    0x0, 0x0, 0x0, 0x0, 0x0, 0x0, 0x0, 0x0,
    0x0, 0xb7, 0xe4, 0x77, 0x77, 0x77, 0x77, 0x77,
    0x77, 0x77, 0x18, 0x0, 0x0, 0x0, 0x0, 0x0,
    0x0, 0x0, 0x0, 0x0, 0xb7, 0xfd, 0xf3, 0xf3,
    0xf3, 0xf3, 0xf3, 0xf3, 0xf3, 0x31, 0x0, 0x0,
    0x0, 0x0, 0x0, 0x0, 0x0, 0x0, 0x0, 0xb7,
    0xcb, 0x0, 0x0, 0x0, 0x0, 0x0, 0x0, 0x0,
    0x0, 0x0, 0x0, 0x0, 0x0, 0x0, 0x0, 0x0,
    0x0, 0x0, 0xb7, 0xcb, 0x0, 0x0, 0x0, 0x0,
    0x0, 0x0, 0x0, 0x0, 0x0, 0x0, 0x0, 0x77,
    0xef, 0xef, 0xef, 0xef, 0xef, 0xfb, 0xfc, 0xef,
    0xef, 0xef, 0xef, 0xef, 0xdd, 0x0, 0x0, 0x0,
    0x0, 0x0, 0x7f, 0xf5, 0x7b, 0x7b, 0x7b, 0x7b,
    0x7b, 0x7b, 0x7b, 0x7b, 0x7b, 0x7b, 0xc8, 0xeb,
    0x0, 0x0, 0x0, 0x0, 0x0, 0x7f, 0xeb, 0x0,
    0x0, 0x0, 0x0, 0x0, 0x0, 0x0, 0x0, 0x0,
    0x0, 0x93, 0xeb, 0x0, 0x0, 0x0, 0x0, 0x0,
    0x7f, 0xeb, 0x0, 0x0, 0x0, 0x0, 0x0, 0x0,
    0x0, 0x0, 0x0, 0x0, 0x93, 0xeb, 0x0, 0x0,
    0x0, 0x0, 0x0, 0x7f, 0xeb, 0x0, 0x0, 0x0,
    0x0, 0x0, 0x0, 0x0, 0x0, 0x0, 0x0, 0x93,
    0xeb, 0x0, 0x0, 0x0, 0x0, 0x0, 0x7f, 0xfe,
    0xef, 0xef, 0xef, 0xef, 0xef, 0xef, 0xef, 0xef,
    0xef, 0xef, 0xf9, 0xeb, 0x0, 0x0, 0x0, 0x0,
    0x0, 0x3b, 0x77, 0x77, 0x77, 0x77, 0x77, 0x77,
    0x77, 0x77, 0x77, 0x77, 0x77, 0x77, 0x6e, 0x0,
    0x0, 0x0, 0x0, 0x0, 0x19, 0x1b, 0x0, 0x0,
    0x0, 0x0, 0x0, 0x0, 0x0, 0x2, 0x0, 0x0,
    0xf, 0x40, 0x0, 0x0, 0x0, 0x0, 0x0, 0xb3,
    0xe2, 0x5, 0x0, 0xca, 0x6e, 0x0, 0x0, 0x9e,
    0xbf, 0x0, 0x0, 0x78, 0xfc, 0x37, 0x0, 0x0,
    0x0, 0x3d, 0xff, 0x64, 0x0, 0x0, 0xd4, 0xa6,
    0x0, 0x0, 0x58, 0xff, 0x34, 0x0, 0x3, 0xc9,
    0xd6, 0x5, 0x0, 0x15, 0xdf, 0xd0, 0x4, 0x0,
    0x0, 0xb3, 0xcb, 0x0, 0x0, 0x6, 0xf0, 0x95,
    0x0, 0x0, 0x2f, 0xfe, 0x6b, 0x0, 0xab, 0xee,
    0x22, 0x0, 0x0, 0x0, 0xa3, 0xe0, 0x0, 0x0,
    0x0, 0xa7, 0xd1, 0x0, 0x0, 0x0, 0xac, 0xc1,
    0x0, 0x7, 0x27, 0x0, 0x0, 0x0, 0x0, 0x19,
    0xe, 0x0, 0x0, 0x0, 0xc, 0x0, 0x0, 0x0,
    0x0, 0xf, 0x1, 0x0,

    /* U+7247 "片" */
    0x0, 0x0, 0x0, 0x29, 0x5b, 0xa, 0x0, 0x0,
    0x0, 0x0, 0xe, 0xbf, 0x5f, 0x0, 0x0, 0x0,
    0x0, 0x0, 0x0, 0x0, 0x0, 0x0, 0x73, 0xff,
    0x1b, 0x0, 0x0, 0x0, 0x0, 0x13, 0xff, 0x7f,
    0x0, 0x0, 0x0, 0x0, 0x0, 0x0, 0x0, 0x0,
    0x0, 0x73, 0xff, 0x1b, 0x0, 0x0, 0x0, 0x0,
    0x13, 0xff, 0x7f, 0x0, 0x0, 0x0, 0x0, 0x0,
    0x0, 0x0, 0x0, 0x0, 0x73, 0xff, 0x1b, 0x0,
    0x0, 0x0, 0x0, 0x13, 0xff, 0x7f, 0x0, 0x0,
    0x0, 0x0, 0x0, 0x0, 0x0, 0x0, 0x0, 0x73,
    0xff, 0x1b, 0x0, 0x0, 0x0, 0x0, 0x13, 0xff,
    0x7f, 0x0, 0x0, 0x0, 0x0, 0x0, 0x0, 0x0,
    0x0, 0x0, 0x73, 0xff, 0xa3, 0x97, 0x97, 0x97,
    0x97, 0xa0, 0xff, 0xcb, 0x97, 0x97, 0x97, 0x97,
    0x97, 0x2, 0x0, 0x0, 0x0, 0x73, 0xff, 0xf5,
    0xf3, 0xf3, 0xf3, 0xf3, 0xf3, 0xf3, 0xf3, 0xf3,
    0xf3, 0xf3, 0xf3, 0xf3, 0x3, 0x0, 0x0, 0x0,
    0x77, 0xff, 0x1a, 0x0, 0x0, 0x0, 0x0, 0x0,
    0x0, 0x0, 0x0, 0x0, 0x0, 0x0, 0x0, 0x0,
    0x0, 0x0, 0x0, 0x7f, 0xff, 0x12, 0x0, 0x0,
    0x0, 0x0, 0x0, 0x0, 0x0, 0x0, 0x0, 0x0,
    0x0, 0x0, 0x0, 0x0, 0x0, 0x0, 0x89, 0xff,
    0xb, 0x0, 0x0, 0x0, 0x0, 0x0, 0x0, 0x0,
    0x0, 0x0, 0x0, 0x0, 0x0, 0x0, 0x0, 0x0,
    0x0, 0xa7, 0xff, 0xf4, 0xf3, 0xf3, 0xf3, 0xf3,
    0xf3, 0xf3, 0xf3, 0xf3, 0xf3, 0x0, 0x0, 0x0,
    0x0, 0x0, 0x0, 0x0, 0xcc, 0xed, 0x93, 0x93,
    0x93, 0x93, 0x93, 0x93, 0x93, 0x93, 0xd2, 0xff,
    0x0, 0x0, 0x0, 0x0, 0x0, 0x0, 0x9, 0xf5,
    0xb0, 0x0, 0x0, 0x0, 0x0, 0x0, 0x0, 0x0,
    0x0, 0x93, 0xff, 0x0, 0x0, 0x0, 0x0, 0x0,
    0x0, 0x55, 0xff, 0x74, 0x0, 0x0, 0x0, 0x0,
    0x0, 0x0, 0x0, 0x0, 0x93, 0xff, 0x0, 0x0,
    0x0, 0x0, 0x0, 0x0, 0xb2, 0xff, 0x1f, 0x0,
    0x0, 0x0, 0x0, 0x0, 0x0, 0x0, 0x0, 0x93,
    0xff, 0x0, 0x0, 0x0, 0x0, 0x0, 0x4b, 0xff,
    0xac, 0x0, 0x0, 0x0, 0x0, 0x0, 0x0, 0x0,
    0x0, 0x0, 0x93, 0xff, 0x0, 0x0, 0x0, 0x0,
    0x12, 0xe7, 0xf5, 0x25, 0x0, 0x0, 0x0, 0x0,
    0x0, 0x0, 0x0, 0x0, 0x0, 0x93, 0xff, 0x0,
    0x0, 0x0, 0x0, 0x5, 0xa9, 0x56, 0x0, 0x0,
    0x0, 0x0, 0x0, 0x0, 0x0, 0x0, 0x0, 0x0,
    0x93, 0xff, 0x0, 0x0, 0x0, 0x0, 0x0, 0x0,
    0x0, 0x0, 0x0, 0x0, 0x0, 0x0, 0x0, 0x0,
    0x0, 0x0, 0x0, 0x0, 0x0, 0x0, 0x0, 0x0,
    0x0,

    /* U+7279 "特" */
    0x0, 0x0, 0x0, 0x0, 0x58, 0x32, 0x0, 0x0,
    0x0, 0x0, 0x0, 0x0, 0x20, 0x67, 0xb, 0x0,
    0x0, 0x0, 0x0, 0x0, 0x0, 0x0, 0x0, 0xeb,
    0x87, 0x0, 0x0, 0x0, 0x0, 0x0, 0x0, 0x4f,
    0xff, 0x1b, 0x0, 0x0, 0x0, 0x0, 0x0, 0xb,
    0x17, 0x0, 0xeb, 0x87, 0x0, 0x0, 0x0, 0x0,
    0x0, 0x0, 0x4f, 0xff, 0x1b, 0x0, 0x0, 0x0,
    0x0, 0x0, 0x4d, 0xfb, 0x2, 0xeb, 0x87, 0x0,
    0x0, 0x19, 0x73, 0x73, 0x73, 0x9f, 0xff, 0x83,
    0x73, 0x73, 0x73, 0x9, 0x0, 0x6b, 0xe0, 0x0,
    0xeb, 0x87, 0x0, 0x0, 0x35, 0xf3, 0xf3, 0xf3,
    0xf7, 0xff, 0xf5, 0xf3, 0xf3, 0xf3, 0x13, 0x0,
    0x89, 0xea, 0x93, 0xf7, 0xcd, 0x93, 0x3e, 0x0,
    0x0, 0x0, 0x0, 0x4f, 0xff, 0x1b, 0x0, 0x0,
    0x0, 0x0, 0x0, 0xab, 0xd2, 0x9f, 0xf8, 0xd2,
    0x9f, 0x43, 0x0, 0x0, 0x0, 0x0, 0x4f, 0xff,
    0x1b, 0x0, 0x0, 0x0, 0x0, 0x0, 0xdd, 0x63,
    0x0, 0xeb, 0x87, 0x0, 0x59, 0xef, 0xef, 0xef,
    0xef, 0xf4, 0xff, 0xf1, 0xef, 0xef, 0xef, 0xef,
    0x1e, 0xff, 0x2f, 0x0, 0xeb, 0x87, 0x0, 0x2e,
    0x7b, 0x7b, 0x7b, 0x7b, 0x7b, 0x7b, 0x7b, 0xef,
    0xc6, 0x7b, 0x7b, 0x29, 0xc9, 0x1, 0x0, 0xeb,
    0x87, 0x0, 0x0, 0x0, 0x0, 0x0, 0x0, 0x0,
    0x0, 0x0, 0xdf, 0x8f, 0x0, 0x0, 0x0, 0x0,
    0x0, 0x0, 0xeb, 0x87, 0x22, 0x2e, 0x0, 0x0,
    0x0, 0x0, 0x0, 0x0, 0x0, 0xdf, 0x8f, 0x0,
    0x0, 0x0, 0x0, 0x1, 0x34, 0xf3, 0xf2, 0xff,
    0x99, 0xf3, 0xf3, 0xf3, 0xf3, 0xf3, 0xf3, 0xf3,
    0xfe, 0xfa, 0xf3, 0xd5, 0x14, 0xa2, 0xe9, 0xff,
    0xff, 0xcd, 0x56, 0x13, 0x77, 0x77, 0x77, 0x77,
    0x77, 0x77, 0x77, 0xee, 0xc4, 0x77, 0x68, 0x7,
    0xcb, 0x87, 0x3b, 0xed, 0x87, 0x0, 0x0, 0x0,
    0x99, 0x99, 0x1, 0x0, 0x0, 0x0, 0xdf, 0x8f,
    0x0, 0x0, 0x0, 0x0, 0x0, 0x0, 0xeb, 0x87,
    0x0, 0x0, 0x0, 0x38, 0xf3, 0x93, 0x0, 0x0,
    0x0, 0xdf, 0x8f, 0x0, 0x0, 0x0, 0x0, 0x0,
    0x0, 0xeb, 0x87, 0x0, 0x0, 0x0, 0x0, 0x4e,
    0xff, 0x57, 0x0, 0x0, 0xdf, 0x8f, 0x0, 0x0,
    0x0, 0x0, 0x0, 0x0, 0xeb, 0x87, 0x0, 0x0,
    0x0, 0x0, 0x0, 0x58, 0xc, 0x0, 0x0, 0xdf,
    0x8f, 0x0, 0x0, 0x0, 0x0, 0x0, 0x0, 0xeb,
    0x87, 0x0, 0x0, 0x0, 0x0, 0x0, 0x0, 0x63,
    0x74, 0x7b, 0xf4, 0x84, 0x0, 0x0, 0x0, 0x0,
    0x0, 0x0, 0xeb, 0x87, 0x0, 0x0, 0x0, 0x0,
    0x0, 0x0, 0x98, 0xfe, 0xf5, 0xcc, 0x2c, 0x0,
    0x0, 0x0, 0x0, 0x0, 0x0, 0x0, 0x0, 0x0,
    0x0, 0x0, 0x0, 0x0, 0x0, 0x1, 0x0, 0x0,
    0x0, 0x0, 0x0, 0x0,

    /* U+7387 "率" */
    0x0, 0x0, 0x0, 0x0, 0x0, 0x0, 0x0, 0x15,
    0xc3, 0x6a, 0x0, 0x0, 0x0, 0x0, 0x0, 0x0,
    0x0, 0x0, 0x0, 0x0, 0x0, 0x0, 0x0, 0x0,
    0x0, 0x0, 0xab, 0xf2, 0x1c, 0x0, 0x0, 0x0,
    0x0, 0x0, 0x0, 0x0, 0x93, 0xff, 0xff, 0xff,
    0xff, 0xff, 0xff, 0xff, 0xff, 0xff, 0xff, 0xff,
    0xff, 0xff, 0xff, 0xff, 0xff, 0xcf, 0x37, 0x5f,
    0x5f, 0x5f, 0x5f, 0x5f, 0x5f, 0xa9, 0xfa, 0x70,
    0x5f, 0x5f, 0x5f, 0x5f, 0x5f, 0x5f, 0x5f, 0x4d,
    0xb, 0x97, 0x50, 0x0, 0x0, 0x0, 0x1e, 0xed,
    0x6e, 0x0, 0x21, 0xcd, 0x39, 0x0, 0xe, 0xa9,
    0x4a, 0x0, 0x4, 0x7e, 0xfa, 0xa7, 0xb, 0x24,
    0xd5, 0xcb, 0x43, 0x50, 0xd3, 0xb8, 0x8, 0x1a,
    0xca, 0xe8, 0x35, 0x0, 0x0, 0x0, 0x38, 0xe8,
    0x74, 0x7a, 0xfd, 0xe9, 0xe5, 0xff, 0xb5, 0x7,
    0xc, 0xda, 0xc2, 0x1d, 0x0, 0x0, 0x0, 0x0,
    0x0, 0xd, 0xf, 0x10, 0x6, 0x23, 0xd9, 0xa0,
    0x50, 0x31, 0x0, 0x29, 0x2, 0x0, 0x0, 0x0,
    0x0, 0x0, 0x29, 0x95, 0xf3, 0x3b, 0x49, 0xe9,
    0x73, 0x0, 0x72, 0xe8, 0x44, 0xf1, 0xb6, 0x2b,
    0x0, 0x0, 0x4c, 0xbc, 0xfc, 0xaa, 0x2f, 0xa8,
    0xff, 0xe7, 0xc8, 0xdc, 0xf1, 0xff, 0xcb, 0x2b,
    0xc0, 0xfc, 0x89, 0x6, 0x65, 0x9c, 0x27, 0x0,
    0x0, 0x81, 0x84, 0x67, 0x87, 0x6f, 0x1d, 0x1a,
    0xdf, 0x34, 0x1, 0x79, 0xf2, 0x40, 0x0, 0x0,
    0x0, 0x0, 0x0, 0x0, 0x0, 0x0, 0xcb, 0xcb,
    0x0, 0x0, 0x2, 0x0, 0x0, 0x0, 0xd, 0x0,
    0xb, 0xb, 0xb, 0xb, 0xb, 0xb, 0xb, 0xb,
    0xce, 0xce, 0xb, 0xb, 0xb, 0xb, 0xb, 0xb,
    0xb, 0xb, 0xfb, 0xff, 0xff, 0xff, 0xff, 0xff,
    0xff, 0xff, 0xff, 0xff, 0xff, 0xff, 0xff, 0xff,
    0xff, 0xff, 0xff, 0xff, 0x5a, 0x5b, 0x5b, 0x5b,
    0x5b, 0x5b, 0x5b, 0x5b, 0xde, 0xde, 0x5b, 0x5b,
    0x5b, 0x5b, 0x5b, 0x5b, 0x5b, 0x5b, 0x0, 0x0,
    0x0, 0x0, 0x0, 0x0, 0x0, 0x0, 0xcb, 0xcb,
    0x0, 0x0, 0x0, 0x0, 0x0, 0x0, 0x0, 0x0,
    0x0, 0x0, 0x0, 0x0, 0x0, 0x0, 0x0, 0x0,
    0xcb, 0xcb, 0x0, 0x0, 0x0, 0x0, 0x0, 0x0,
    0x0, 0x0, 0x0, 0x0, 0x0, 0x0, 0x0, 0x0,
    0x0, 0x0, 0xcb, 0xcb, 0x0, 0x0, 0x0, 0x0,
    0x0, 0x0, 0x0, 0x0,

    /* U+73BB "玻" */
    0x0, 0x0, 0x0, 0x0, 0x0, 0x0, 0x0, 0x0,
    0x0, 0x0, 0x0, 0x0, 0x6b, 0xbf, 0x0, 0x0,
    0x0, 0x0, 0x0, 0x0, 0x7, 0x7f, 0x7f, 0x7f,
    0x7f, 0x7f, 0x7f, 0x5, 0x0, 0x0, 0x0, 0x0,
    0x83, 0xeb, 0x0, 0x0, 0x0, 0x0, 0x0, 0x0,
    0xd, 0xdb, 0xdb, 0xf3, 0xf8, 0xdb, 0xdb, 0xa,
    0x0, 0x0, 0x0, 0x0, 0x83, 0xeb, 0x0, 0x0,
    0x0, 0x0, 0x0, 0x0, 0x0, 0x0, 0x0, 0xa3,
    0xc7, 0x0, 0x0, 0x1e, 0xf3, 0xf3, 0xf3, 0xf3,
    0xfa, 0xff, 0xf3, 0xf3, 0xf3, 0xf6, 0xd1, 0x0,
    0x0, 0x0, 0x0, 0xa3, 0xc7, 0x0, 0x0, 0x1f,
    0xff, 0x9d, 0x73, 0x73, 0xbc, 0xf5, 0x73, 0x73,
    0x73, 0xf0, 0xaa, 0x0, 0x0, 0x0, 0x0, 0xa3,
    0xc7, 0x0, 0x0, 0x1f, 0xff, 0x4b, 0x0, 0x0,
    0x83, 0xeb, 0x0, 0x0, 0x18, 0xff, 0x5e, 0x0,
    0x0, 0x0, 0x0, 0xa3, 0xc7, 0x0, 0x0, 0x1f,
    0xff, 0x4b, 0x0, 0x0, 0x83, 0xeb, 0x0, 0x0,
    0x65, 0xf8, 0xf, 0x0, 0x0, 0x99, 0xaf, 0xe3,
    0xee, 0xaf, 0x68, 0x1f, 0xff, 0x4b, 0x0, 0x0,
    0x83, 0xeb, 0x0, 0x0, 0x13, 0x3d, 0x0, 0x0,
    0x0, 0xa0, 0xb7, 0xe6, 0xf0, 0xb7, 0x6d, 0x22,
    0xff, 0xf7, 0xf3, 0xf3, 0xfa, 0xff, 0xf3, 0xf3,
    0xf4, 0xdd, 0x4, 0x0, 0x0, 0x0, 0x0, 0xa3,
    0xc7, 0x0, 0x0, 0x29, 0xff, 0xc3, 0xfd, 0x68,
    0x5b, 0x5b, 0x5b, 0x5b, 0xdf, 0xab, 0x0, 0x0,
    0x0, 0x0, 0x0, 0xa3, 0xc7, 0x0, 0x0, 0x33,
    0xff, 0x42, 0xf1, 0x76, 0x0, 0x0, 0x0, 0x2e,
    0xff, 0x4b, 0x0, 0x0, 0x0, 0x0, 0x0, 0xa3,
    0xc7, 0x0, 0x0, 0x4f, 0xff, 0x21, 0x8b, 0xe9,
    0xb, 0x0, 0x0, 0xa4, 0xe8, 0x4, 0x0, 0x0,
    0x0, 0x0, 0x0, 0xa3, 0xc7, 0x0, 0x1f, 0x6e,
    0xf8, 0x3, 0x1a, 0xef, 0xa5, 0x0, 0x4b, 0xfe,
    0x60, 0x0, 0x0, 0x0, 0x0, 0x0, 0x0, 0xa3,
    0xe6, 0xc6, 0xf8, 0xa9, 0xd1, 0x0, 0x0, 0x54,
    0xff, 0x84, 0xeb, 0xae, 0x0, 0x0, 0x0, 0x0,
    0x3, 0x46, 0xa3, 0xf5, 0xfc, 0xb2, 0x4e, 0xec,
    0x95, 0x0, 0x0, 0x0, 0xa0, 0xff, 0xef, 0x13,
    0x0, 0x0, 0x0, 0x0, 0x1a, 0xff, 0xdf, 0x7c,
    0x1b, 0x0, 0x44, 0xff, 0x42, 0x0, 0x0, 0x53,
    0xed, 0xf8, 0xff, 0xad, 0x18, 0x0, 0x0, 0x0,
    0x0, 0x3d, 0x1, 0x0, 0x0, 0x1, 0xcc, 0xde,
    0x3, 0x2e, 0xa8, 0xff, 0xb5, 0x17, 0x6f, 0xf7,
    0xee, 0x87, 0x25, 0x0, 0x0, 0x0, 0x0, 0x0,
    0x0, 0x26, 0xf7, 0x53, 0x77, 0xff, 0xe3, 0x68,
    0x1, 0x0, 0x0, 0x2b, 0xad, 0xfc, 0xf7, 0x21,
    0x0, 0x0, 0x0, 0x0, 0x0, 0x0, 0x28, 0x0,
    0x14, 0x5f, 0x5, 0x0, 0x0, 0x0, 0x0, 0x0,
    0x0, 0x1f, 0x43, 0x0,

    /* U+7483 "璃" */
    0x0, 0x0, 0x0, 0x0, 0x0, 0x0, 0x0, 0x0,
    0x0, 0x0, 0x0, 0x8, 0xae, 0x4c, 0x0, 0x0,
    0x0, 0x0, 0x0, 0x0, 0x3, 0x27, 0x27, 0x27,
    0x27, 0x27, 0x1f, 0x0, 0x0, 0x0, 0x0, 0x0,
    0xbb, 0xc7, 0x0, 0x0, 0x0, 0x0, 0x0, 0x0,
    0x13, 0xff, 0xff, 0xff, 0xff, 0xff, 0xc7, 0x9c,
    0xf3, 0xf3, 0xf3, 0xf3, 0xfa, 0xff, 0xf4, 0xf3,
    0xf3, 0xf3, 0xf3, 0x3, 0x4, 0x33, 0x33, 0xd0,
    0xb0, 0x33, 0x28, 0x3a, 0x5b, 0x5b, 0x5b, 0x5b,
    0x5b, 0x5b, 0x5b, 0x5b, 0x5b, 0x5b, 0x5b, 0x1,
    0x0, 0x0, 0x0, 0xc3, 0x9b, 0x0, 0x0, 0x0,
    0x46, 0xad, 0x1f, 0xad, 0x1d, 0x0, 0x88, 0x8a,
    0x52, 0xad, 0x0, 0x0, 0x0, 0x0, 0x0, 0xc3,
    0x9b, 0x0, 0x0, 0x0, 0x5f, 0xeb, 0x0, 0x5e,
    0xe1, 0xb0, 0xc1, 0xb, 0x6f, 0xeb, 0x0, 0x0,
    0x0, 0x0, 0x0, 0xc3, 0x9b, 0x0, 0x0, 0x0,
    0x5f, 0xeb, 0x0, 0x2d, 0xcf, 0xe7, 0xa6, 0xb,
    0x6f, 0xeb, 0x0, 0x0, 0x0, 0x2c, 0x2f, 0xcf,
    0xae, 0x2f, 0x13, 0x0, 0x5f, 0xeb, 0x6b, 0xf0,
    0x65, 0x5, 0x90, 0xc3, 0x71, 0xeb, 0x0, 0x0,
    0x0, 0xeb, 0xff, 0xff, 0xff, 0xff, 0x67, 0x0,
    0x5f, 0xf2, 0x7a, 0x7e, 0x57, 0x57, 0x57, 0x68,
    0xa1, 0xeb, 0x0, 0x0, 0x0, 0x28, 0x2b, 0xce,
    0xad, 0x2b, 0x11, 0x0, 0x53, 0xdf, 0xdf, 0xdf,
    0xed, 0xff, 0xdf, 0xdf, 0xdf, 0xce, 0x0, 0x0,
    0x0, 0x0, 0x0, 0xc3, 0x9b, 0x0, 0x0, 0x0,
    0x0, 0x0, 0x0, 0x0, 0xac, 0xb4, 0x0, 0x0,
    0x0, 0x0, 0x0, 0x0, 0x0, 0x0, 0x0, 0xc3,
    0x9b, 0x0, 0x0, 0x31, 0xf3, 0xf3, 0xf3, 0xf3,
    0xfe, 0xf9, 0xf3, 0xf3, 0xf3, 0xf3, 0xaf, 0x0,
    0x0, 0x0, 0x0, 0xc3, 0x9b, 0x0, 0xd, 0x33,
    0xff, 0x87, 0x57, 0xb9, 0xcb, 0x57, 0x6a, 0x5d,
    0x57, 0xce, 0xb7, 0x0, 0x0, 0x0, 0x18, 0xd2,
    0xdb, 0xcd, 0xfc, 0x3f, 0xff, 0x47, 0x15, 0xf0,
    0x38, 0x0, 0x9d, 0x7b, 0x0, 0xb3, 0xb7, 0x0,
    0x2f, 0xdd, 0xff, 0xf7, 0xbf, 0x7e, 0x3d, 0x36,
    0xff, 0x4c, 0xbb, 0xe0, 0x85, 0xa3, 0xce, 0xf7,
    0x1e, 0xb3, 0xb7, 0x0, 0xc, 0x79, 0x3c, 0x7,
    0x0, 0x0, 0x0, 0x33, 0xff, 0x48, 0xc1, 0xb0,
    0x84, 0x5d, 0x36, 0x8d, 0x75, 0xb3, 0xb7, 0x0,
    0x0, 0x0, 0x0, 0x0, 0x0, 0x0, 0x0, 0x33,
    0xff, 0x47, 0x0, 0x0, 0x0, 0x0, 0x8, 0x2c,
    0x2b, 0xc6, 0xb4, 0x0, 0x0, 0x0, 0x0, 0x0,
    0x0, 0x0, 0x0, 0x33, 0xff, 0x47, 0x0, 0x0,
    0x0, 0x0, 0x6, 0xea, 0xfa, 0xe0, 0x5a, 0x0,

    /* U+751F "生" */
    0x0, 0x0, 0x0, 0x21, 0x49, 0xa, 0x0, 0x0,
    0x8c, 0x9b, 0x0, 0x0, 0x0, 0x0, 0x0, 0x0,
    0x0, 0x0, 0x0, 0x0, 0x0, 0x93, 0xfc, 0x17,
    0x0, 0x0, 0xbb, 0xcf, 0x0, 0x0, 0x0, 0x0,
    0x0, 0x0, 0x0, 0x0, 0x0, 0x0, 0x5, 0xec,
    0xb8, 0x0, 0x0, 0x0, 0xbb, 0xcf, 0x0, 0x0,
    0x0, 0x0, 0x0, 0x0, 0x0, 0x0, 0x0, 0x0,
    0x51, 0xff, 0x5d, 0x0, 0x0, 0x0, 0xbb, 0xcf,
    0x0, 0x0, 0x0, 0x0, 0x0, 0x0, 0x0, 0x0,
    0x0, 0x0, 0xb3, 0xff, 0xf6, 0xf3, 0xf3, 0xf3,
    0xfc, 0xfd, 0xf3, 0xf3, 0xf3, 0xf3, 0xf3, 0xf3,
    0xf3, 0x7, 0x0, 0x3c, 0xff, 0xb2, 0x83, 0x83,
    0x83, 0x83, 0xdf, 0xe8, 0x83, 0x83, 0x83, 0x83,
    0x83, 0x83, 0x83, 0x4, 0x7, 0xcf, 0xe9, 0xd,
    0x0, 0x0, 0x0, 0x0, 0xbb, 0xcf, 0x0, 0x0,
    0x0, 0x0, 0x0, 0x0, 0x0, 0x0, 0x96, 0xff,
    0x5d, 0x0, 0x0, 0x0, 0x0, 0x0, 0xbb, 0xcf,
    0x0, 0x0, 0x0, 0x0, 0x0, 0x0, 0x0, 0x0,
    0x38, 0x89, 0x0, 0x0, 0x0, 0x0, 0x0, 0x0,
    0xbb, 0xcf, 0x0, 0x0, 0x0, 0x0, 0x0, 0x0,
    0x0, 0x0, 0x0, 0x0, 0x8, 0xb, 0xb, 0xb,
    0xb, 0xb, 0xbf, 0xd2, 0xb, 0xb, 0xb, 0xb,
    0xb, 0xb, 0x3, 0x0, 0x0, 0x0, 0xb3, 0xff,
    0xff, 0xff, 0xff, 0xff, 0xff, 0xff, 0xff, 0xff,
    0xff, 0xff, 0xff, 0xff, 0x4b, 0x0, 0x0, 0x0,
    0x49, 0x67, 0x67, 0x67, 0x67, 0x67, 0xd7, 0xe3,
    0x67, 0x67, 0x67, 0x67, 0x67, 0x67, 0x1e, 0x0,
    0x0, 0x0, 0x0, 0x0, 0x0, 0x0, 0x0, 0x0,
    0xbb, 0xcf, 0x0, 0x0, 0x0, 0x0, 0x0, 0x0,
    0x0, 0x0, 0x0, 0x0, 0x0, 0x0, 0x0, 0x0,
    0x0, 0x0, 0xbb, 0xcf, 0x0, 0x0, 0x0, 0x0,
    0x0, 0x0, 0x0, 0x0, 0x0, 0x0, 0x0, 0x0,
    0x0, 0x0, 0x0, 0x0, 0xbb, 0xcf, 0x0, 0x0,
    0x0, 0x0, 0x0, 0x0, 0x0, 0x0, 0x0, 0x0,
    0x0, 0x0, 0x0, 0x0, 0x0, 0x0, 0xbb, 0xcf,
    0x0, 0x0, 0x0, 0x0, 0x0, 0x0, 0x0, 0x0,
    0x69, 0x73, 0x73, 0x73, 0x73, 0x73, 0x73, 0x73,
    0xda, 0xe5, 0x73, 0x73, 0x73, 0x73, 0x73, 0x73,
    0x73, 0x72, 0xe7, 0xff, 0xff, 0xff, 0xff, 0xff,
    0xff, 0xff, 0xff, 0xff, 0xff, 0xff, 0xff, 0xff,
    0xff, 0xff, 0xff, 0xfb,

    /* U+7535 "电" */
    0x0, 0x0, 0x0, 0x0, 0x0, 0x0, 0x0, 0x7,
    0x4, 0x0, 0x0, 0x0, 0x0, 0x0, 0x0, 0x0,
    0x0, 0x0, 0x0, 0x0, 0x0, 0x0, 0x0, 0x0,
    0x0, 0xf3, 0x9f, 0x0, 0x0, 0x0, 0x0, 0x0,
    0x0, 0x0, 0x0, 0x0, 0x0, 0x0, 0x0, 0x0,
    0x0, 0x0, 0x0, 0xf3, 0x9f, 0x0, 0x0, 0x0,
    0x0, 0x0, 0x0, 0x0, 0x0, 0x0, 0x0, 0x0,
    0x0, 0x0, 0x0, 0x0, 0x0, 0xf3, 0x9f, 0x0,
    0x0, 0x0, 0x0, 0x0, 0x0, 0x0, 0x0, 0x0,
    0x76, 0xf3, 0xf3, 0xf3, 0xf3, 0xf3, 0xf3, 0xff,
    0xfb, 0xf3, 0xf3, 0xf3, 0xf3, 0xf3, 0xf3, 0x6e,
    0x0, 0x0, 0x7b, 0xff, 0x91, 0x87, 0x87, 0x87,
    0x87, 0xfa, 0xd2, 0x87, 0x87, 0x87, 0x87, 0x91,
    0xff, 0x73, 0x0, 0x0, 0x7b, 0xff, 0x13, 0x0,
    0x0, 0x0, 0x0, 0xf3, 0x9f, 0x0, 0x0, 0x0,
    0x0, 0x13, 0xff, 0x73, 0x0, 0x0, 0x7b, 0xff,
    0x13, 0x0, 0x0, 0x0, 0x0, 0xf3, 0x9f, 0x0,
    0x0, 0x0, 0x0, 0x13, 0xff, 0x73, 0x0, 0x0,
    0x7b, 0xff, 0x7e, 0x73, 0x73, 0x73, 0x73, 0xf9,
    0xcb, 0x73, 0x73, 0x73, 0x73, 0x7e, 0xff, 0x73,
    0x0, 0x0, 0x7b, 0xff, 0xf4, 0xf3, 0xf3, 0xf3,
    0xf3, 0xff, 0xfb, 0xf3, 0xf3, 0xf3, 0xf3, 0xf4,
    0xff, 0x73, 0x0, 0x0, 0x7b, 0xff, 0x13, 0x0,
    0x0, 0x0, 0x0, 0xf3, 0x9f, 0x0, 0x0, 0x0,
    0x0, 0x13, 0xff, 0x73, 0x0, 0x0, 0x7b, 0xff,
    0x13, 0x0, 0x0, 0x0, 0x0, 0xf3, 0x9f, 0x0,
    0x0, 0x0, 0x0, 0x13, 0xff, 0x73, 0x0, 0x0,
    0x7b, 0xff, 0x56, 0x47, 0x47, 0x47, 0x47, 0xf7,
    0xba, 0x47, 0x47, 0x47, 0x47, 0x56, 0xff, 0x73,
    0x0, 0x0, 0x7b, 0xff, 0xff, 0xff, 0xff, 0xff,
    0xff, 0xff, 0xff, 0xff, 0xff, 0xff, 0xff, 0xff,
    0xff, 0x73, 0x0, 0x0, 0x7b, 0xff, 0x40, 0x2f,
    0x2f, 0x2f, 0x2f, 0xf6, 0xb1, 0x2f, 0x2f, 0x2f,
    0x2f, 0x2f, 0x2f, 0x27, 0x42, 0x0, 0x2e, 0x5f,
    0x7, 0x0, 0x0, 0x0, 0x0, 0xf3, 0x9f, 0x0,
    0x0, 0x0, 0x0, 0x0, 0x0, 0x33, 0xff, 0x51,
    0x0, 0x0, 0x0, 0x0, 0x0, 0x0, 0x0, 0xeb,
    0xa8, 0x0, 0x0, 0x0, 0x0, 0x0, 0x0, 0x62,
    0xff, 0x31, 0x0, 0x0, 0x0, 0x0, 0x0, 0x0,
    0x0, 0xc7, 0xf5, 0x96, 0x88, 0x87, 0x87, 0x87,
    0x90, 0xe9, 0xe4, 0x3, 0x0, 0x0, 0x0, 0x0,
    0x0, 0x0, 0x0, 0x38, 0xcd, 0xf5, 0xff, 0xff,
    0xff, 0xff, 0xfa, 0xd5, 0x42, 0x0,

    /* U+753B "画" */
    0x3, 0x77, 0x77, 0x77, 0x77, 0x77, 0x77, 0x77,
    0x77, 0x77, 0x77, 0x77, 0x77, 0x77, 0x77, 0x77,
    0x77, 0x30, 0x7, 0xf3, 0xf3, 0xf3, 0xf3, 0xf3,
    0xf3, 0xf3, 0xf3, 0xf3, 0xf3, 0xf3, 0xf3, 0xf3,
    0xf3, 0xf3, 0xf3, 0x63, 0x0, 0x0, 0x0, 0x0,
    0x0, 0x0, 0x0, 0x0, 0x0, 0x0, 0x0, 0x0,
    0x0, 0x0, 0x0, 0x0, 0x0, 0x0, 0x0, 0x0,
    0x0, 0x0, 0x0, 0x0, 0x0, 0x0, 0x0, 0x0,
    0x0, 0x0, 0x0, 0x0, 0x0, 0x0, 0x0, 0x0,
    0x0, 0x0, 0x0, 0x0, 0xe0, 0xf3, 0xf3, 0xf3,
    0xf3, 0xf3, 0xf3, 0xf3, 0xf3, 0xe0, 0x0, 0x3,
    0x2b, 0x12, 0xd, 0xa7, 0x4e, 0x0, 0xeb, 0x8f,
    0x4f, 0x4f, 0x97, 0xf2, 0x4f, 0x4f, 0x97, 0xeb,
    0x0, 0x13, 0xff, 0x6b, 0x13, 0xff, 0x77, 0x0,
    0xeb, 0x5b, 0x0, 0x0, 0x67, 0xeb, 0x0, 0x0,
    0x67, 0xeb, 0x0, 0x13, 0xff, 0x6b, 0x13, 0xff,
    0x77, 0x0, 0xeb, 0x5b, 0x0, 0x0, 0x67, 0xeb,
    0x0, 0x0, 0x67, 0xeb, 0x0, 0x13, 0xff, 0x6b,
    0x13, 0xff, 0x77, 0x0, 0xeb, 0xf8, 0xf3, 0xf3,
    0xf8, 0xff, 0xf3, 0xf3, 0xf8, 0xeb, 0x0, 0x13,
    0xff, 0x6b, 0x13, 0xff, 0x77, 0x0, 0xeb, 0x82,
    0x3b, 0x3b, 0x8b, 0xf0, 0x3b, 0x3b, 0x8b, 0xeb,
    0x0, 0x13, 0xff, 0x6b, 0x13, 0xff, 0x77, 0x0,
    0xeb, 0x5b, 0x0, 0x0, 0x67, 0xeb, 0x0, 0x0,
    0x67, 0xeb, 0x0, 0x13, 0xff, 0x6b, 0x13, 0xff,
    0x77, 0x0, 0xeb, 0x70, 0x1f, 0x1f, 0x7a, 0xee,
    0x1f, 0x1f, 0x7a, 0xeb, 0x0, 0x13, 0xff, 0x6b,
    0x13, 0xff, 0x77, 0x0, 0xeb, 0xff, 0xff, 0xff,
    0xff, 0xff, 0xff, 0xff, 0xff, 0xeb, 0x0, 0x13,
    0xff, 0x6b, 0x13, 0xff, 0x77, 0x0, 0x24, 0x27,
    0x27, 0x27, 0x27, 0x27, 0x27, 0x27, 0x27, 0x24,
    0x0, 0x13, 0xff, 0x6b, 0x13, 0xff, 0x77, 0x0,
    0x0, 0x0, 0x0, 0x0, 0x0, 0x0, 0x0, 0x0,
    0x0, 0x0, 0x0, 0x13, 0xff, 0x6b, 0x13, 0xff,
    0xf9, 0xf3, 0xf3, 0xf3, 0xf3, 0xf3, 0xf3, 0xf3,
    0xf3, 0xf3, 0xf3, 0xf3, 0xf3, 0xf4, 0xff, 0x6b,
    0x8, 0x6f, 0x6f, 0x6f, 0x6f, 0x6f, 0x6f, 0x6f,
    0x6f, 0x6f, 0x6f, 0x6f, 0x6f, 0x6f, 0x6f, 0x7b,
    0xff, 0x6b,

    /* U+76D8 "盘" */
    0x0, 0x0, 0x0, 0x0, 0x0, 0x0, 0x0, 0x0,
    0x3, 0xd4, 0x91, 0x0, 0x0, 0x0, 0x0, 0x0,
    0x0, 0x0, 0x0, 0x0, 0x0, 0x0, 0x0, 0x0,
    0x37, 0x47, 0x47, 0x47, 0x73, 0xff, 0x92, 0x47,
    0x47, 0x47, 0x47, 0x47, 0x16, 0x0, 0x0, 0x0,
    0x0, 0x0, 0x0, 0x0, 0xc3, 0xfc, 0xf3, 0xf3,
    0xf3, 0xf3, 0xf3, 0xf3, 0xf3, 0xf3, 0xf6, 0xff,
    0x4f, 0x0, 0x0, 0x0, 0x0, 0x0, 0x0, 0x0,
    0xc3, 0xbb, 0x0, 0x0, 0x7c, 0x58, 0x1, 0x0,
    0x0, 0x0, 0x2f, 0xff, 0x4f, 0x0, 0x0, 0x0,
    0x0, 0x0, 0x0, 0x0, 0xc3, 0xbb, 0x0, 0x0,
    0x66, 0xe9, 0xc4, 0x20, 0x0, 0x0, 0x2f, 0xff,
    0x4f, 0x0, 0x0, 0x0, 0x0, 0x0, 0x0, 0x0,
    0xc5, 0xba, 0x0, 0x0, 0x0, 0x12, 0xb3, 0x59,
    0x0, 0x0, 0x2f, 0xff, 0x4f, 0x0, 0x0, 0x0,
    0x0, 0xf7, 0xff, 0xff, 0xff, 0xff, 0xff, 0xff,
    0xff, 0xff, 0xff, 0xff, 0xff, 0xff, 0xff, 0xff,
    0xff, 0xff, 0xff, 0x1f, 0x0, 0x4d, 0x4f, 0x67,
    0xff, 0x99, 0x4f, 0x4f, 0x7f, 0x54, 0x4f, 0x4f,
    0x4f, 0x4f, 0x70, 0xff, 0x86, 0x4f, 0x4f, 0x9,
    0x0, 0x0, 0x0, 0x82, 0xfd, 0x1c, 0x0, 0x9,
    0xd4, 0xd9, 0x46, 0x0, 0x0, 0x0, 0x2f, 0xff,
    0x4f, 0x0, 0x0, 0x0, 0x0, 0x0, 0x2a, 0xf1,
    0xb5, 0x0, 0x0, 0x0, 0x6, 0x7c, 0xfa, 0x6f,
    0x6, 0x6, 0x46, 0xff, 0x4d, 0x0, 0x0, 0x0,
    0x0, 0x32, 0xea, 0xec, 0x1f, 0x0, 0x0, 0x0,
    0x0, 0x0, 0x3c, 0x24, 0x78, 0xff, 0xff, 0xee,
    0x1e, 0x0, 0x0, 0x0, 0x0, 0x9, 0x97, 0x54,
    0x37, 0x37, 0x37, 0x37, 0x37, 0x37, 0x37, 0x37,
    0x46, 0x71, 0x68, 0x42, 0x30, 0x0, 0x0, 0x0,
    0x0, 0x0, 0x0, 0xd3, 0xff, 0xff, 0xff, 0xff,
    0xff, 0xff, 0xff, 0xff, 0xff, 0xff, 0xff, 0xff,
    0xdb, 0x0, 0x0, 0x0, 0x0, 0x0, 0x0, 0xd3,
    0x8f, 0x0, 0x0, 0xc3, 0x9f, 0x0, 0x0, 0xb3,
    0xb3, 0x0, 0x0, 0x9b, 0xdb, 0x0, 0x0, 0x0,
    0x0, 0x0, 0x0, 0xd3, 0x8f, 0x0, 0x0, 0xc3,
    0x9f, 0x0, 0x0, 0xb3, 0xb3, 0x0, 0x0, 0x9b,
    0xdb, 0x0, 0x0, 0x0, 0x0, 0x0, 0x0, 0xd3,
    0x8f, 0x0, 0x0, 0xc3, 0x9f, 0x0, 0x0, 0xb3,
    0xb3, 0x0, 0x0, 0x9b, 0xdb, 0x0, 0x0, 0x0,
    0x8, 0x57, 0x57, 0xe3, 0xb6, 0x57, 0x57, 0xd8,
    0xc0, 0x57, 0x57, 0xce, 0xce, 0x57, 0x57, 0xbe,
    0xe8, 0x57, 0x57, 0x8, 0x17, 0xff, 0xff, 0xff,
    0xff, 0xff, 0xff, 0xff, 0xff, 0xff, 0xff, 0xff,
    0xff, 0xff, 0xff, 0xff, 0xff, 0xff, 0xff, 0x17,

    /* U+76EE "目" */
    0x7d, 0x87, 0x87, 0x87, 0x87, 0x87, 0x87, 0x87,
    0x87, 0x87, 0x87, 0x87, 0x87, 0x54, 0xeb, 0xfa,
    0xf3, 0xf3, 0xf3, 0xf3, 0xf3, 0xf3, 0xf3, 0xf3,
    0xf3, 0xf3, 0xff, 0x9f, 0xeb, 0x93, 0x0, 0x0,
    0x0, 0x0, 0x0, 0x0, 0x0, 0x0, 0x0, 0x0,
    0xeb, 0x9f, 0xeb, 0x93, 0x0, 0x0, 0x0, 0x0,
    0x0, 0x0, 0x0, 0x0, 0x0, 0x0, 0xeb, 0x9f,
    0xeb, 0x93, 0x0, 0x0, 0x0, 0x0, 0x0, 0x0,
    0x0, 0x0, 0x0, 0x0, 0xeb, 0x9f, 0xeb, 0xfa,
    0xf3, 0xf3, 0xf3, 0xf3, 0xf3, 0xf3, 0xf3, 0xf3,
    0xf3, 0xf3, 0xff, 0x9f, 0xeb, 0xc8, 0x7b, 0x7b,
    0x7b, 0x7b, 0x7b, 0x7b, 0x7b, 0x7b, 0x7b, 0x7b,
    0xf5, 0x9f, 0xeb, 0x93, 0x0, 0x0, 0x0, 0x0,
    0x0, 0x0, 0x0, 0x0, 0x0, 0x0, 0xeb, 0x9f,
    0xeb, 0x93, 0x0, 0x0, 0x0, 0x0, 0x0, 0x0,
    0x0, 0x0, 0x0, 0x0, 0xeb, 0x9f, 0xeb, 0x9e,
    0x17, 0x17, 0x17, 0x17, 0x17, 0x17, 0x17, 0x17,
    0x17, 0x17, 0xed, 0x9f, 0xeb, 0xff, 0xff, 0xff,
    0xff, 0xff, 0xff, 0xff, 0xff, 0xff, 0xff, 0xff,
    0xff, 0x9f, 0xeb, 0xb9, 0x57, 0x57, 0x57, 0x57,
    0x57, 0x57, 0x57, 0x57, 0x57, 0x57, 0xf2, 0x9f,
    0xeb, 0x93, 0x0, 0x0, 0x0, 0x0, 0x0, 0x0,
    0x0, 0x0, 0x0, 0x0, 0xeb, 0x9f, 0xeb, 0x93,
    0x0, 0x0, 0x0, 0x0, 0x0, 0x0, 0x0, 0x0,
    0x0, 0x0, 0xeb, 0x9f, 0xeb, 0xb9, 0x57, 0x57,
    0x57, 0x57, 0x57, 0x57, 0x57, 0x57, 0x57, 0x57,
    0xf2, 0x9f, 0xeb, 0xff, 0xff, 0xff, 0xff, 0xff,
    0xff, 0xff, 0xff, 0xff, 0xff, 0xff, 0xff, 0x9f,
    0xeb, 0xa1, 0x1f, 0x1f, 0x1f, 0x1f, 0x1f, 0x1f,
    0x1f, 0x1f, 0x1f, 0x1f, 0xee, 0x9f,

    /* U+76F8 "相" */
    0x0, 0x0, 0x0, 0x0, 0x44, 0x46, 0x0, 0x0,
    0x0, 0x0, 0x0, 0x0, 0x0, 0x0, 0x0, 0x0,
    0x0, 0x0, 0x0, 0x0, 0x0, 0x0, 0x0, 0xb7,
    0xbb, 0x0, 0x0, 0x0, 0x0, 0x0, 0x0, 0x0,
    0x0, 0x0, 0x0, 0x0, 0x0, 0x0, 0x0, 0x0,
    0x0, 0x0, 0xb7, 0xbb, 0x0, 0x0, 0x0, 0x41,
    0x77, 0x77, 0x77, 0x77, 0x77, 0x77, 0x77, 0x77,
    0x3d, 0x0, 0x0, 0x0, 0x0, 0xb7, 0xbb, 0x0,
    0x0, 0x0, 0x8b, 0xff, 0xf3, 0xf3, 0xf3, 0xf3,
    0xf3, 0xf3, 0xff, 0x83, 0x0, 0x0, 0x0, 0x0,
    0xb7, 0xbb, 0x0, 0x0, 0x0, 0x8b, 0xeb, 0x0,
    0x0, 0x0, 0x0, 0x0, 0x0, 0xff, 0x83, 0x0,
    0x79, 0x7f, 0x7f, 0xdb, 0xdd, 0x7f, 0x7f, 0x4b,
    0x8b, 0xeb, 0x0, 0x0, 0x0, 0x0, 0x0, 0x0,
    0xff, 0x83, 0x0, 0xca, 0xd3, 0xd3, 0xfd, 0xf4,
    0xd3, 0xd3, 0x7d, 0x8b, 0xeb, 0x0, 0x0, 0x0,
    0x0, 0x0, 0x0, 0xff, 0x83, 0x0, 0x0, 0x0,
    0x24, 0xff, 0xbb, 0x0, 0x0, 0x0, 0x8b, 0xff,
    0xf3, 0xf3, 0xf3, 0xf3, 0xf3, 0xf3, 0xff, 0x83,
    0x0, 0x0, 0x0, 0x7e, 0xff, 0xcc, 0x0, 0x0,
    0x0, 0x8b, 0xf4, 0x67, 0x67, 0x67, 0x67, 0x67,
    0x67, 0xff, 0x83, 0x0, 0x0, 0x0, 0xd7, 0xff,
    0xff, 0x86, 0x0, 0x0, 0x8b, 0xeb, 0x0, 0x0,
    0x0, 0x0, 0x0, 0x0, 0xff, 0x83, 0x0, 0x0,
    0x31, 0xf7, 0xc9, 0xe2, 0xfa, 0x5f, 0x0, 0x8b,
    0xeb, 0x0, 0x0, 0x0, 0x0, 0x0, 0x0, 0xff,
    0x83, 0x0, 0x0, 0x9d, 0xa0, 0xb7, 0xbb, 0x73,
    0xf8, 0x3a, 0x8b, 0xeb, 0x0, 0x0, 0x0, 0x0,
    0x0, 0x0, 0xff, 0x83, 0x0, 0x25, 0xfc, 0x39,
    0xb7, 0xbb, 0x1, 0xbf, 0x60, 0x8b, 0xff, 0xff,
    0xff, 0xff, 0xff, 0xff, 0xff, 0xff, 0x83, 0x1,
    0xbc, 0xc8, 0x0, 0xb7, 0xbb, 0x0, 0x11, 0x0,
    0x8b, 0xf3, 0x5f, 0x5f, 0x5f, 0x5f, 0x5f, 0x5f,
    0xff, 0x83, 0x44, 0xff, 0x3f, 0x0, 0xb7, 0xbb,
    0x0, 0x0, 0x0, 0x8b, 0xeb, 0x0, 0x0, 0x0,
    0x0, 0x0, 0x0, 0xff, 0x83, 0x3, 0x71, 0x0,
    0x0, 0xb7, 0xbb, 0x0, 0x0, 0x0, 0x8b, 0xeb,
    0x0, 0x0, 0x0, 0x0, 0x0, 0x0, 0xff, 0x83,
    0x0, 0x0, 0x0, 0x0, 0xb7, 0xbb, 0x0, 0x0,
    0x0, 0x8b, 0xee, 0x23, 0x23, 0x23, 0x23, 0x23,
    0x23, 0xff, 0x83, 0x0, 0x0, 0x0, 0x0, 0xb7,
    0xbb, 0x0, 0x0, 0x0, 0x8b, 0xff, 0xff, 0xff,
    0xff, 0xff, 0xff, 0xff, 0xff, 0x83, 0x0, 0x0,
    0x0, 0x0, 0xb7, 0xbb, 0x0, 0x0, 0x0, 0x8b,
    0xf0, 0x3b, 0x3b, 0x3b, 0x3b, 0x3b, 0x3b, 0xf3,
    0x7d,

    /* U+77E2 "矢" */
    0x0, 0x0, 0x0, 0x0, 0x0, 0x3, 0x0, 0x0,
    0x0, 0x0, 0x0, 0x0, 0x0, 0x0, 0x0, 0x0,
    0x0, 0x0, 0x0, 0x0, 0x0, 0x0, 0x0, 0x0,
    0x27, 0xf5, 0x67, 0x0, 0x0, 0x0, 0x0, 0x0,
    0x0, 0x0, 0x0, 0x0, 0x0, 0x0, 0x0, 0x0,
    0x0, 0x0, 0x0, 0x0, 0x8d, 0xff, 0x2c, 0x0,
    0x0, 0x0, 0x0, 0x0, 0x0, 0x0, 0x0, 0x0,
    0x0, 0x0, 0x0, 0x0, 0x0, 0x0, 0x0, 0x7,
    0xec, 0xf1, 0x73, 0x73, 0x73, 0x73, 0x73, 0x73,
    0x73, 0x73, 0x73, 0x73, 0x73, 0x36, 0x0, 0x0,
    0x0, 0x0, 0x0, 0x5a, 0xff, 0xff, 0xff, 0xff,
    0xff, 0xff, 0xff, 0xff, 0xff, 0xff, 0xff, 0xff,
    0xff, 0x77, 0x0, 0x0, 0x0, 0x0, 0x6, 0xd9,
    0xd5, 0xe, 0xb, 0xb, 0xb, 0xec, 0xac, 0xb,
    0xb, 0xb, 0xb, 0xb, 0xb, 0x5, 0x0, 0x0,
    0x0, 0x0, 0x80, 0xff, 0x4c, 0x0, 0x0, 0x0,
    0x0, 0xeb, 0xa7, 0x0, 0x0, 0x0, 0x0, 0x0,
    0x0, 0x0, 0x0, 0x0, 0x0, 0x4b, 0xfd, 0xb2,
    0x0, 0x0, 0x0, 0x0, 0x0, 0xeb, 0xa7, 0x0,
    0x0, 0x0, 0x0, 0x0, 0x0, 0x0, 0x0, 0x0,
    0x0, 0x38, 0xb9, 0x14, 0x0, 0x0, 0x0, 0x0,
    0x0, 0xec, 0xa7, 0x0, 0x0, 0x0, 0x0, 0x0,
    0x0, 0x0, 0x0, 0x0, 0x0, 0xa, 0xb, 0xb,
    0xb, 0xb, 0xb, 0xb, 0xb, 0xf4, 0xa4, 0xb,
    0xb, 0xb, 0xb, 0xb, 0xb, 0xb, 0xb, 0x0,
    0x0, 0xd7, 0xff, 0xff, 0xff, 0xff, 0xff, 0xff,
    0xff, 0xff, 0xff, 0xff, 0xff, 0xff, 0xff, 0xff,
    0xff, 0xff, 0xeb, 0x0, 0x0, 0x61, 0x73, 0x73,
    0x73, 0x73, 0x73, 0x73, 0x9a, 0xff, 0xff, 0xa2,
    0x73, 0x73, 0x73, 0x73, 0x73, 0x73, 0x6a, 0x0,
    0x0, 0x0, 0x0, 0x0, 0x0, 0x0, 0x0, 0x0,
    0x8e, 0xff, 0xf2, 0xb3, 0x0, 0x0, 0x0, 0x0,
    0x0, 0x0, 0x0, 0x0, 0x0, 0x0, 0x0, 0x0,
    0x0, 0x0, 0x0, 0x11, 0xe9, 0xc0, 0x70, 0xff,
    0x2f, 0x0, 0x0, 0x0, 0x0, 0x0, 0x0, 0x0,
    0x0, 0x0, 0x0, 0x0, 0x0, 0x0, 0x0, 0xb1,
    0xff, 0x4a, 0x7, 0xe1, 0xd1, 0xd, 0x0, 0x0,
    0x0, 0x0, 0x0, 0x0, 0x0, 0x0, 0x0, 0x0,
    0x0, 0x1, 0x89, 0xff, 0x8e, 0x0, 0x0, 0x47,
    0xfb, 0xb8, 0x4, 0x0, 0x0, 0x0, 0x0, 0x0,
    0x0, 0x0, 0x0, 0x0, 0x1a, 0xb2, 0xff, 0xac,
    0x3, 0x0, 0x0, 0x0, 0x63, 0xff, 0xcb, 0x2e,
    0x0, 0x0, 0x0, 0x0, 0x0, 0x0, 0x16, 0x86,
    0xf2, 0xf6, 0x6c, 0x0, 0x0, 0x0, 0x0, 0x0,
    0x0, 0x5e, 0xf0, 0xfa, 0x91, 0x35, 0x0, 0x0,
    0x8, 0xad, 0xfa, 0xfe, 0xaf, 0x29, 0x0, 0x0,
    0x0, 0x0, 0x0, 0x0, 0x0, 0x0, 0x1c, 0xaf,
    0xfd, 0xff, 0xdd, 0x15, 0x0, 0x78, 0x88, 0x27,
    0x0, 0x0, 0x0, 0x0, 0x0, 0x0, 0x0, 0x0,
    0x0, 0x0, 0x0, 0x0, 0x1a, 0x76, 0x70, 0x0,

    /* U+77E9 "矩" */
    0x0, 0x0, 0x37, 0xa5, 0x17, 0x0, 0x0, 0x0,
    0x0, 0x0, 0x0, 0x0, 0x0, 0x0, 0x0, 0x0,
    0x0, 0x0, 0x0, 0x0, 0x0, 0x76, 0xfc, 0x9,
    0x0, 0x0, 0x0, 0x0, 0x43, 0xc3, 0xc3, 0xc3,
    0xc3, 0xc3, 0xc3, 0xc3, 0xc3, 0x80, 0x0, 0x0,
    0xa9, 0xdd, 0x1f, 0x1f, 0x1f, 0x1f, 0xf, 0x57,
    0xff, 0xc7, 0xb7, 0xb7, 0xb7, 0xb7, 0xb7, 0xb7,
    0x78, 0x0, 0x0, 0xde, 0xff, 0xff, 0xff, 0xff,
    0xff, 0x7f, 0x57, 0xff, 0x37, 0x0, 0x0, 0x0,
    0x0, 0x0, 0x0, 0x0, 0x0, 0x29, 0xff, 0x78,
    0x84, 0xff, 0x55, 0x43, 0x21, 0x57, 0xff, 0x37,
    0x0, 0x0, 0x0, 0x0, 0x0, 0x0, 0x0, 0x0,
    0x87, 0xf3, 0x9, 0x57, 0xff, 0x17, 0x0, 0x0,
    0x57, 0xff, 0x5d, 0x2f, 0x2f, 0x2f, 0x2f, 0x2f,
    0x2c, 0x0, 0x6, 0xed, 0x97, 0x0, 0x57, 0xff,
    0x17, 0x0, 0x0, 0x57, 0xff, 0xff, 0xff, 0xff,
    0xff, 0xff, 0xff, 0xeb, 0x0, 0x0, 0x36, 0x20,
    0x0, 0x58, 0xff, 0x17, 0x0, 0x0, 0x57, 0xff,
    0x66, 0x3b, 0x3b, 0x3b, 0x3b, 0x9d, 0xeb, 0x0,
    0x0, 0x5a, 0x73, 0x73, 0xa5, 0xff, 0x7f, 0x73,
    0x72, 0x57, 0xff, 0x37, 0x0, 0x0, 0x0, 0x0,
    0x7f, 0xeb, 0x0, 0x0, 0xbe, 0xf3, 0xf3, 0xf9,
    0xff, 0xf3, 0xf3, 0xf0, 0x57, 0xff, 0x37, 0x0,
    0x0, 0x0, 0x0, 0x7f, 0xeb, 0x0, 0x0, 0x0,
    0x0, 0x0, 0x8c, 0xe5, 0x0, 0x0, 0x0, 0x57,
    0xff, 0x37, 0x0, 0x0, 0x0, 0x0, 0x7f, 0xeb,
    0x0, 0x0, 0x0, 0x0, 0x0, 0xb7, 0xd6, 0x2,
    0x0, 0x0, 0x57, 0xff, 0xf6, 0xf3, 0xf3, 0xf3,
    0xf3, 0xf9, 0xeb, 0x0, 0x0, 0x0, 0x0, 0x8,
    0xf2, 0xfe, 0x96, 0x0, 0x0, 0x57, 0xff, 0x92,
    0x73, 0x73, 0x73, 0x73, 0x73, 0x6a, 0x0, 0x0,
    0x0, 0x0, 0x53, 0xfc, 0x53, 0xf9, 0x74, 0x0,
    0x57, 0xff, 0x37, 0x0, 0x0, 0x0, 0x0, 0x0,
    0x0, 0x0, 0x0, 0x0, 0x2, 0xcb, 0xae, 0x0,
    0x6e, 0xfd, 0x4f, 0x57, 0xff, 0x37, 0x0, 0x0,
    0x0, 0x0, 0x0, 0x0, 0x0, 0x0, 0x0, 0x66,
    0xff, 0x41, 0x0, 0x0, 0xb9, 0xd1, 0x58, 0xff,
    0x37, 0x0, 0x0, 0x0, 0x0, 0x0, 0x0, 0x0,
    0x0, 0x44, 0xf7, 0xaa, 0x0, 0x0, 0x0, 0x1c,
    0x2f, 0x57, 0xff, 0x9b, 0x7f, 0x7f, 0x7f, 0x7f,
    0x7f, 0x7f, 0x7f, 0x12, 0xf0, 0xd3, 0x10, 0x0,
    0x0, 0x0, 0x0, 0x0, 0x53, 0xf3, 0xf3, 0xf3,
    0xf3, 0xf3, 0xf3, 0xf3, 0xf3, 0xf3, 0x0, 0x4a,
    0x15, 0x0, 0x0, 0x0, 0x0, 0x0, 0x0, 0x0,
    0x0, 0x0, 0x0, 0x0, 0x0, 0x0, 0x0, 0x0,
    0x0,

    /* U+786E "确" */
    0x0, 0x0, 0x0, 0x0, 0x0, 0x0, 0x0, 0x0,
    0x0, 0x0, 0x30, 0xb9, 0x1e, 0x0, 0x0, 0x0,
    0x0, 0x0, 0x0, 0x0, 0xad, 0xbb, 0xbb, 0xbb,
    0xbb, 0xbb, 0x98, 0x0, 0x0, 0xb2, 0xec, 0x27,
    0x23, 0x23, 0x25, 0x0, 0x0, 0x0, 0x0, 0x97,
    0xa3, 0xda, 0xf1, 0xa3, 0xa3, 0x85, 0x0, 0x35,
    0xff, 0xff, 0xff, 0xff, 0xff, 0xff, 0x7d, 0x0,
    0x0, 0x0, 0x0, 0x0, 0xc1, 0xa9, 0x0, 0x0,
    0x0, 0x1, 0xbd, 0xd8, 0x23, 0x1f, 0x1f, 0xa7,
    0xe6, 0x15, 0x0, 0x0, 0x0, 0x0, 0x7, 0xf8,
    0x66, 0x0, 0x0, 0x0, 0x79, 0xfb, 0x35, 0x0,
    0x0, 0x53, 0xfd, 0x42, 0x0, 0x0, 0x0, 0x0,
    0x0, 0x3d, 0xff, 0x23, 0x0, 0x0, 0x5f, 0xfd,
    0xfc, 0xeb, 0xeb, 0xeb, 0xfa, 0xfd, 0xeb, 0xeb,
    0xeb, 0x75, 0x0, 0x0, 0x7b, 0xe0, 0x0, 0x0,
    0x2, 0xd6, 0xca, 0xff, 0x82, 0x5f, 0x76, 0xff,
    0x7b, 0x5f, 0x5f, 0xf8, 0x7f, 0x0, 0x0, 0xcc,
    0xea, 0xb7, 0xb7, 0xb7, 0x43, 0x36, 0xff, 0x37,
    0x0, 0x23, 0xff, 0x2b, 0x0, 0x0, 0xf3, 0x7f,
    0x0, 0x35, 0xff, 0xec, 0xc3, 0xca, 0xff, 0x2b,
    0x2f, 0xff, 0x5d, 0x2f, 0x4d, 0xff, 0x53, 0x2f,
    0x2f, 0xf6, 0x7f, 0x0, 0xb5, 0xff, 0xab, 0x0,
    0x1b, 0xff, 0x2b, 0x2f, 0xff, 0xff, 0xff, 0xff,
    0xff, 0xff, 0xff, 0xff, 0xff, 0x7f, 0x33, 0xff,
    0xeb, 0xab, 0x0, 0x1b, 0xff, 0x2b, 0x31, 0xff,
    0x3a, 0x3, 0x27, 0xff, 0x2f, 0x3, 0x3, 0xf4,
    0x7f, 0x6, 0xb0, 0xa1, 0xab, 0x0, 0x1b, 0xff,
    0x2b, 0x39, 0xff, 0x30, 0x0, 0x23, 0xff, 0x2b,
    0x0, 0x0, 0xf3, 0x7f, 0x0, 0x7, 0x9f, 0xab,
    0x0, 0x1b, 0xff, 0x2b, 0x48, 0xff, 0x7a, 0x5f,
    0x76, 0xff, 0x7b, 0x5f, 0x5f, 0xf8, 0x7f, 0x0,
    0x0, 0x9f, 0xab, 0x0, 0x1b, 0xff, 0x2b, 0x6c,
    0xff, 0xef, 0xef, 0xf2, 0xff, 0xf2, 0xef, 0xef,
    0xff, 0x7f, 0x0, 0x0, 0x9f, 0xc2, 0x43, 0x58,
    0xff, 0x2b, 0x9f, 0xcd, 0x0, 0x0, 0x23, 0xff,
    0x2b, 0x0, 0x0, 0xf3, 0x7f, 0x0, 0x0, 0x9f,
    0xff, 0xff, 0xff, 0xff, 0x32, 0xef, 0x7d, 0x0,
    0x0, 0x23, 0xff, 0x2b, 0x0, 0x0, 0xf3, 0x7f,
    0x0, 0x0, 0x9f, 0xb2, 0x13, 0x13, 0x13, 0x6e,
    0xee, 0x1c, 0x0, 0x0, 0x23, 0xff, 0x35, 0x53,
    0x57, 0xfa, 0x77, 0x0, 0x0, 0x6d, 0x76, 0x0,
    0x0, 0x1a, 0xf3, 0x51, 0x0, 0x0, 0x0, 0x23,
    0xff, 0x2d, 0xe6, 0xf8, 0xd1, 0x28, 0x0, 0x0,
    0x0, 0x0, 0x0, 0x0, 0x0, 0x13, 0x0, 0x0,
    0x0, 0x0, 0x0, 0x0, 0x0, 0x0, 0x0, 0x0,
    0x0,

    /* U+793A "示" */
    0x0, 0x0, 0x0, 0x48, 0x4f, 0x4f, 0x4f, 0x4f,
    0x4f, 0x4f, 0x4f, 0x4f, 0x4f, 0x4f, 0x4f, 0x4f,
    0x4f, 0xc, 0x0, 0x0, 0x0, 0x0, 0xe7, 0xff,
    0xff, 0xff, 0xff, 0xff, 0xff, 0xff, 0xff, 0xff,
    0xff, 0xff, 0xff, 0xff, 0x27, 0x0, 0x0, 0x0,
    0x0, 0x24, 0x27, 0x27, 0x27, 0x27, 0x27, 0x27,
    0x27, 0x27, 0x27, 0x27, 0x27, 0x27, 0x27, 0x6,
    0x0, 0x0, 0x0, 0x0, 0x0, 0x0, 0x0, 0x0,
    0x0, 0x0, 0x0, 0x0, 0x0, 0x0, 0x0, 0x0,
    0x0, 0x0, 0x0, 0x0, 0x0, 0x0, 0x0, 0x0,
    0x0, 0x0, 0x0, 0x0, 0x0, 0x0, 0x0, 0x0,
    0x0, 0x0, 0x0, 0x0, 0x0, 0x0, 0x0, 0x0,
    0x4f, 0x73, 0x73, 0x73, 0x73, 0x73, 0x73, 0x73,
    0x73, 0x73, 0x73, 0x73, 0x73, 0x73, 0x73, 0x73,
    0x73, 0x6a, 0x0, 0xaf, 0xff, 0xff, 0xff, 0xff,
    0xff, 0xff, 0xff, 0xff, 0xff, 0xff, 0xff, 0xff,
    0xff, 0xff, 0xff, 0xff, 0xeb, 0x0, 0x2, 0x3,
    0x3, 0x3, 0x3, 0x3, 0x3, 0x3, 0xad, 0xf4,
    0x3, 0x3, 0x3, 0x3, 0x3, 0x3, 0x3, 0x3,
    0x0, 0x0, 0x0, 0x0, 0x9, 0x6, 0x0, 0x0,
    0x0, 0xab, 0xf3, 0x0, 0x0, 0x0, 0x0, 0x4,
    0x0, 0x0, 0x0, 0x0, 0x0, 0x0, 0x0, 0x93,
    0xf2, 0x1c, 0x0, 0x0, 0xab, 0xf3, 0x0, 0x0,
    0xb, 0xd3, 0x98, 0x0, 0x0, 0x0, 0x0, 0x0,
    0x0, 0x26, 0xfb, 0xa0, 0x0, 0x0, 0x0, 0xab,
    0xf3, 0x0, 0x0, 0x0, 0x7b, 0xff, 0x53, 0x0,
    0x0, 0x0, 0x0, 0x0, 0xb0, 0xf5, 0x1b, 0x0,
    0x0, 0x0, 0xab, 0xf3, 0x0, 0x0, 0x0, 0x3,
    0xc6, 0xee, 0x1e, 0x0, 0x0, 0x0, 0x75, 0xff,
    0x7a, 0x0, 0x0, 0x0, 0x0, 0xab, 0xf3, 0x0,
    0x0, 0x0, 0x0, 0x24, 0xf8, 0xaf, 0x0, 0x0,
    0x62, 0xff, 0xa9, 0x1, 0x0, 0x0, 0x0, 0x0,
    0xab, 0xf3, 0x0, 0x0, 0x0, 0x0, 0x0, 0x8b,
    0xff, 0x40, 0x7, 0xc6, 0xc5, 0x8, 0x0, 0x0,
    0x0, 0x0, 0x0, 0xab, 0xf3, 0x0, 0x0, 0x0,
    0x0, 0x0, 0x15, 0xf6, 0x84, 0x0, 0x2, 0xd,
    0x0, 0x0, 0xf, 0x8e, 0x87, 0x86, 0xe3, 0xe1,
    0x0, 0x0, 0x0, 0x0, 0x0, 0x0, 0x16, 0x0,
    0x0, 0x0, 0x0, 0x0, 0x0, 0x0, 0xd6, 0xfb,
    0xf4, 0xd3, 0x5c, 0x0, 0x0, 0x0, 0x0, 0x0,
    0x0, 0x0, 0x0,

    /* U+79BB "离" */
    0x0, 0x0, 0x0, 0x0, 0x0, 0x0, 0x0, 0xd,
    0xc0, 0x4e, 0x0, 0x0, 0x0, 0x0, 0x0, 0x0,
    0x0, 0x0, 0x0, 0x0, 0x0, 0x0, 0x0, 0x0,
    0x0, 0x0, 0xbe, 0xc9, 0x0, 0x0, 0x0, 0x0,
    0x0, 0x0, 0x0, 0x0, 0x89, 0xf3, 0xf3, 0xf3,
    0xf3, 0xf3, 0xf3, 0xf3, 0xfa, 0xff, 0xf4, 0xf3,
    0xf3, 0xf3, 0xf3, 0xf3, 0xf3, 0xe0, 0x33, 0x5b,
    0x5b, 0x5b, 0x5b, 0x5b, 0x60, 0x5b, 0x5b, 0x5b,
    0x5b, 0x61, 0x5b, 0x5b, 0x5b, 0x5b, 0x5b, 0x54,
    0x0, 0x0, 0x4c, 0xbb, 0x5, 0x35, 0xe5, 0x70,
    0x9, 0x0, 0x3f, 0xdb, 0x57, 0x0, 0x84, 0x95,
    0x0, 0x0, 0x0, 0x0, 0x67, 0xff, 0x7, 0x0,
    0x32, 0xad, 0xe5, 0xa9, 0xe0, 0x42, 0x0, 0x0,
    0xb3, 0xcb, 0x0, 0x0, 0x0, 0x0, 0x67, 0xff,
    0x7, 0x0, 0x20, 0x8d, 0xec, 0xc3, 0xe9, 0x72,
    0x8, 0x0, 0xb3, 0xcb, 0x0, 0x0, 0x0, 0x0,
    0x67, 0xff, 0x8, 0x99, 0xf3, 0x91, 0x1a, 0x0,
    0x37, 0xc1, 0xd4, 0x5, 0xb3, 0xcb, 0x0, 0x0,
    0x0, 0x0, 0x67, 0xff, 0x5d, 0x86, 0x71, 0x57,
    0x57, 0x57, 0x57, 0x58, 0x77, 0x57, 0xce, 0xcb,
    0x0, 0x0, 0x0, 0x0, 0x5a, 0xdf, 0xdf, 0xdf,
    0xdf, 0xdf, 0xf4, 0xff, 0xe2, 0xdf, 0xdf, 0xdf,
    0xdf, 0xb2, 0x0, 0x0, 0x0, 0x0, 0x0, 0x0,
    0x0, 0x0, 0x0, 0x12, 0xea, 0xb5, 0x0, 0x0,
    0x0, 0x0, 0x0, 0x0, 0x0, 0x0, 0x0, 0xa7,
    0xf3, 0xf3, 0xf3, 0xf3, 0xf3, 0xf7, 0xff, 0xf8,
    0xf3, 0xf3, 0xf3, 0xf3, 0xf3, 0xf3, 0xf3, 0xf,
    0x0, 0xaf, 0xdb, 0x57, 0x57, 0x57, 0x90, 0xff,
    0x86, 0x57, 0x5b, 0x9a, 0x57, 0x57, 0x57, 0x9e,
    0xff, 0xf, 0x0, 0xaf, 0xc7, 0x0, 0x0, 0x17,
    0xe2, 0x9b, 0x0, 0x0, 0x20, 0xeb, 0x6d, 0x0,
    0x0, 0x6b, 0xff, 0xf, 0x0, 0xaf, 0xc7, 0x0,
    0x25, 0xd4, 0xee, 0x6c, 0x7d, 0x94, 0xaa, 0xdf,
    0xfd, 0x43, 0x0, 0x6b, 0xff, 0xf, 0x0, 0xaf,
    0xc7, 0x0, 0x33, 0xfe, 0xdf, 0xbe, 0xa1, 0x85,
    0x6a, 0x4e, 0x8a, 0xb8, 0x0, 0x6b, 0xff, 0xf,
    0x0, 0xaf, 0xc7, 0x0, 0x0, 0xf, 0x0, 0x0,
    0x0, 0x0, 0x0, 0x0, 0x13, 0x31, 0x2b, 0x98,
    0xff, 0xb, 0x0, 0xaf, 0xc7, 0x0, 0x0, 0x0,
    0x0, 0x0, 0x0, 0x0, 0x0, 0x0, 0x17, 0xf9,
    0xfc, 0xe9, 0x98, 0x0, 0x0, 0x5, 0x6, 0x0,
    0x0, 0x0, 0x0, 0x0, 0x0, 0x0, 0x0, 0x0,
    0x0, 0x0, 0x0, 0x0, 0x0, 0x0,

    /* U+7B7E "签" */
    0x0, 0x0, 0x0, 0x96, 0x90, 0x0, 0x0, 0x0,
    0x0, 0x0, 0x5, 0xc1, 0x65, 0x0, 0x0, 0x0,
    0x0, 0x0, 0x0, 0x0, 0x0, 0x0, 0x1c, 0xfb,
    0x90, 0xb, 0xb, 0xb, 0xb, 0x4, 0x66, 0xff,
    0x4a, 0xb, 0xb, 0xb, 0xb, 0xb, 0x7, 0x0,
    0x0, 0x0, 0x86, 0xff, 0xff, 0xff, 0xff, 0xff,
    0xff, 0x77, 0xe6, 0xff, 0xff, 0xff, 0xff, 0xff,
    0xff, 0xff, 0x97, 0x0, 0x0, 0x27, 0xf4, 0x9f,
    0x55, 0xff, 0x7a, 0x33, 0x3d, 0xe0, 0xed, 0x41,
    0x33, 0xb0, 0xf1, 0x41, 0x33, 0x33, 0x1e, 0x0,
    0x7, 0xcf, 0xeb, 0x12, 0x0, 0xba, 0xc7, 0x0,
    0x0, 0xb0, 0xac, 0x1, 0x0, 0x16, 0xee, 0x95,
    0x0, 0x0, 0x0, 0x0, 0x2e, 0xe5, 0x4b, 0x0,
    0x0, 0x4c, 0xa1, 0x8, 0x89, 0xff, 0xe4, 0x25,
    0x0, 0x0, 0x6f, 0xa4, 0x4, 0x0, 0x0, 0x0,
    0x0, 0x7, 0x0, 0x0, 0x0, 0x0, 0x21, 0xb9,
    0xf4, 0x5a, 0x94, 0xf3, 0x67, 0x3, 0x0, 0x0,
    0x0, 0x0, 0x0, 0x0, 0x0, 0x0, 0x0, 0x0,
    0xe, 0x7b, 0xf5, 0xd2, 0x2b, 0x0, 0x0, 0x5b,
    0xec, 0xd5, 0x51, 0x2, 0x0, 0x0, 0x0, 0x0,
    0x0, 0x0, 0x1d, 0x83, 0xef, 0xf8, 0x83, 0x14,
    0xf, 0xf, 0xf, 0xf, 0x23, 0xa7, 0xfb, 0xde,
    0x75, 0x1e, 0x0, 0x0, 0x2c, 0xc0, 0xfe, 0xe1,
    0x76, 0x5d, 0xff, 0xff, 0xff, 0xff, 0xff, 0xff,
    0xff, 0xd7, 0x22, 0x99, 0xf6, 0xff, 0xb5, 0x1,
    0x5, 0x9b, 0x54, 0x3, 0x0, 0x10, 0x37, 0x37,
    0x37, 0x38, 0x37, 0x37, 0x37, 0x2f, 0x0, 0x0,
    0xd, 0x60, 0x39, 0x0, 0x0, 0x0, 0x0, 0x22,
    0x60, 0x0, 0x0, 0x0, 0x6c, 0xc1, 0x0, 0x0,
    0x0, 0x0, 0x39, 0xce, 0x23, 0x0, 0x0, 0x0,
    0x0, 0x0, 0x0, 0x4d, 0xff, 0x46, 0x0, 0x0,
    0x2b, 0xfe, 0x4e, 0x0, 0x0, 0x0, 0xb9, 0xd1,
    0x1, 0x0, 0x0, 0x0, 0x0, 0x0, 0x0, 0x0,
    0xaa, 0xe1, 0x7, 0x0, 0x0, 0xae, 0xc6, 0x0,
    0x0, 0x38, 0xff, 0x51, 0x0, 0x0, 0x0, 0x0,
    0x0, 0x0, 0x0, 0x0, 0x20, 0xfa, 0x70, 0x0,
    0x0, 0x4a, 0xff, 0x2a, 0x2, 0xc7, 0xc8, 0x1,
    0x0, 0x0, 0x0, 0x0, 0x0, 0x0, 0x0, 0x0,
    0x0, 0x75, 0x48, 0x0, 0x0, 0x3, 0x41, 0x1,
    0x6e, 0xfe, 0x37, 0x0, 0x0, 0x0, 0x0, 0x0,
    0x0, 0x51, 0x57, 0x57, 0x57, 0x57, 0x57, 0x57,
    0x57, 0x57, 0x57, 0x5d, 0xf3, 0xd3, 0x57, 0x57,
    0x57, 0x57, 0x2b, 0x0, 0x0, 0xeb, 0xff, 0xff,
    0xff, 0xff, 0xff, 0xff, 0xff, 0xff, 0xff, 0xff,
    0xff, 0xff, 0xff, 0xff, 0xff, 0xff, 0x7f, 0x0,

    /* U+7CFB "系" */
    0x0, 0x0, 0x0, 0x0, 0x0, 0x0, 0x0, 0x0,
    0x0, 0x0, 0x0, 0x4, 0x27, 0x58, 0x8a, 0x37,
    0x0, 0x0, 0x0, 0x14, 0x29, 0x3d, 0x50, 0x64,
    0x78, 0x8b, 0xa0, 0xbd, 0xdf, 0xfc, 0xff, 0xff,
    0xe4, 0x9c, 0x1, 0x0, 0x0, 0xb2, 0xff, 0xff,
    0xff, 0xf9, 0xea, 0xff, 0xf8, 0x9b, 0x7a, 0x5c,
    0x3d, 0x14, 0x0, 0x0, 0x0, 0x0, 0x0, 0x1d,
    0x2b, 0x1b, 0xa, 0x7, 0xa8, 0xf1, 0x40, 0x0,
    0x0, 0x0, 0xe, 0x7, 0x0, 0x0, 0x0, 0x0,
    0x0, 0x0, 0x0, 0x0, 0x13, 0xbf, 0xe2, 0x30,
    0x0, 0x0, 0x0, 0x41, 0xe1, 0xbe, 0x2, 0x0,
    0x0, 0x0, 0x0, 0x0, 0x0, 0x42, 0xe1, 0xb4,
    0x12, 0x0, 0x4, 0x13, 0x8e, 0xfe, 0xb5, 0x1d,
    0x0, 0x0, 0x0, 0x0, 0x0, 0x0, 0x88, 0xff,
    0xff, 0xe0, 0xea, 0xf6, 0xff, 0xff, 0xeb, 0x5b,
    0x0, 0x0, 0x0, 0x0, 0x0, 0x0, 0x0, 0x0,
    0x4c, 0x8a, 0x71, 0x5e, 0x68, 0xda, 0xfd, 0xa1,
    0x15, 0x0, 0x37, 0x81, 0x3, 0x0, 0x0, 0x0,
    0x0, 0x0, 0x0, 0x0, 0xe, 0x81, 0xf4, 0xae,
    0x2b, 0x0, 0x0, 0x0, 0x26, 0xe0, 0xac, 0x5,
    0x0, 0x0, 0x0, 0x0, 0x1c, 0x86, 0xee, 0xcf,
    0x5c, 0x37, 0x48, 0x59, 0x6a, 0x7a, 0x8b, 0xb7,
    0xff, 0xb4, 0x5, 0x0, 0x0, 0x9d, 0xfd, 0xff,
    0xff, 0xff, 0xff, 0xff, 0xff, 0xfd, 0xd5, 0xc3,
    0xb0, 0x9e, 0x8d, 0xf1, 0xa2, 0x0, 0x0, 0x5c,
    0x89, 0x68, 0x50, 0x3a, 0x24, 0xf, 0x94, 0xef,
    0x0, 0x0, 0x0, 0x0, 0x0, 0x52, 0xfd, 0x3f,
    0x0, 0x0, 0x0, 0x0, 0x90, 0x91, 0x9, 0x0,
    0x93, 0xef, 0x0, 0xe, 0xad, 0x79, 0x1, 0x0,
    0x1e, 0x0, 0x0, 0x0, 0x0, 0x89, 0xff, 0x7c,
    0x0, 0x0, 0x93, 0xef, 0x0, 0x0, 0x7b, 0xfe,
    0xad, 0xc, 0x0, 0x0, 0x0, 0x4, 0x8c, 0xff,
    0x96, 0x0, 0x0, 0x0, 0x93, 0xef, 0x0, 0x0,
    0x0, 0x52, 0xf5, 0xd3, 0x1c, 0x0, 0x1d, 0xc5,
    0xff, 0x8c, 0x2, 0x0, 0x0, 0x0, 0x93, 0xef,
    0x0, 0x0, 0x0, 0x0, 0x37, 0xed, 0xe2, 0x24,
    0x27, 0xcd, 0x61, 0x0, 0x0, 0x3d, 0x75, 0x71,
    0xcc, 0xe3, 0x0, 0x0, 0x0, 0x0, 0x0, 0x2f,
    0xd9, 0x49, 0x0, 0x0, 0x0, 0x0, 0x0, 0x35,
    0xfd, 0xf8, 0xda, 0x67, 0x0, 0x0, 0x0, 0x0,
    0x0, 0x0, 0x1, 0x0,

    /* U+7EBF "线" */
    0x0, 0x0, 0x0, 0x0, 0x12, 0x9, 0x0, 0x0,
    0x0, 0x0, 0x0, 0x1e, 0x63, 0xf, 0x0, 0x0,
    0x0, 0x0, 0x0, 0x0, 0x0, 0x0, 0x0, 0x0,
    0x8f, 0xe6, 0xb, 0x0, 0x0, 0x0, 0x0, 0x49,
    0xff, 0x2b, 0x81, 0xb4, 0x2f, 0x0, 0x0, 0x0,
    0x0, 0x0, 0x0, 0xc, 0xf1, 0xa5, 0x0, 0x0,
    0x0, 0x0, 0x0, 0x42, 0xff, 0x30, 0x1e, 0xa5,
    0xfb, 0x72, 0x0, 0x0, 0x0, 0x0, 0x0, 0x6b,
    0xfe, 0x2d, 0x0, 0x0, 0x0, 0x0, 0x0, 0x3b,
    0xff, 0x35, 0x0, 0x0, 0x53, 0x33, 0x0, 0x0,
    0x0, 0x0, 0x5, 0xdd, 0xac, 0x0, 0x6, 0x0,
    0x0, 0x0, 0x0, 0x34, 0xff, 0x73, 0x6b, 0x91,
    0xb7, 0xdd, 0x23, 0x0, 0x0, 0x0, 0x6e, 0xf5,
    0x1e, 0x0, 0x9b, 0xa9, 0x2b, 0xab, 0xd1, 0xf6,
    0xff, 0xff, 0xf1, 0xcb, 0xa5, 0x7e, 0x1b, 0x0,
    0x0, 0x1c, 0xf0, 0x75, 0x0, 0x2e, 0xfd, 0x72,
    0x23, 0xb8, 0x90, 0x73, 0xff, 0x66, 0x0, 0x0,
    0x0, 0x0, 0x0, 0x0, 0x1, 0xcf, 0xff, 0xbe,
    0xd2, 0xf2, 0xcc, 0x3, 0x0, 0x0, 0x0, 0x1,
    0xfb, 0x72, 0x0, 0x0, 0x0, 0x2, 0x12, 0x0,
    0x0, 0xaf, 0xbb, 0x92, 0xc6, 0xfb, 0x30, 0x0,
    0x0, 0x0, 0x0, 0x0, 0xe4, 0xa9, 0x67, 0x96,
    0xc6, 0xf4, 0xbd, 0x0, 0x0, 0x0, 0x0, 0x2b,
    0xf7, 0x75, 0x0, 0x0, 0x3a, 0x79, 0xa9, 0xd8,
    0xfe, 0xff, 0xf5, 0xc8, 0x99, 0x69, 0x33, 0x0,
    0x0, 0x0, 0xf, 0xd6, 0xb2, 0x1, 0x0, 0x0,
    0x9a, 0xec, 0xbc, 0x8c, 0xc4, 0xda, 0x2, 0x0,
    0x0, 0x3b, 0x2b, 0x0, 0x0, 0x6, 0xbb, 0xf3,
    0x65, 0x82, 0xb0, 0x94, 0x8, 0x0, 0x0, 0x0,
    0x74, 0xfa, 0x5, 0x0, 0x21, 0xee, 0xa8, 0x0,
    0x0, 0xb4, 0xff, 0xff, 0xfb, 0xcf, 0x9a, 0x4b,
    0x0, 0x0, 0x0, 0x0, 0x45, 0xff, 0x33, 0x17,
    0xd2, 0xd4, 0xb, 0x0, 0x0, 0x6e, 0x7d, 0x3d,
    0xa, 0x0, 0x0, 0x0, 0x0, 0x0, 0x0, 0x0,
    0xc, 0xfa, 0x97, 0xdd, 0xdf, 0x22, 0x0, 0x0,
    0x0, 0x0, 0x0, 0x0, 0x0, 0x0, 0x15, 0x3f,
    0x0, 0x0, 0x0, 0x0, 0x0, 0xcb, 0xff, 0xce,
    0x18, 0x0, 0x0, 0x0, 0x0, 0x0, 0x7, 0x40,
    0x86, 0xcd, 0xfe, 0xd9, 0x0, 0x0, 0x0, 0x30,
    0xbc, 0xff, 0xff, 0x3c, 0x0, 0x0, 0x5d, 0x1,
    0x0, 0xa3, 0xf6, 0xff, 0xde, 0x92, 0x46, 0x7,
    0x1, 0x41, 0xa7, 0xfd, 0xda, 0x58, 0xe9, 0xbf,
    0x3, 0x5, 0xf8, 0x2e, 0x0, 0x81, 0x7a, 0x2c,
    0x0, 0x0, 0x0, 0x1e, 0xdf, 0xff, 0xe1, 0x6f,
    0x5, 0x0, 0x5a, 0xff, 0xc2, 0x9f, 0xf2, 0x6,
    0x0, 0x0, 0x0, 0x0, 0x0, 0x0, 0x0, 0x0,
    0x74, 0x4f, 0x3, 0x0, 0x0, 0x0, 0x0, 0x60,
    0xdf, 0xf0, 0x6b, 0x0,

    /* U+7ED3 "结" */
    0x0, 0x0, 0x0, 0x0, 0x53, 0x32, 0x0, 0x0,
    0x0, 0x0, 0x0, 0x0, 0x1d, 0xbb, 0x46, 0x0,
    0x0, 0x0, 0x0, 0x0, 0x0, 0x0, 0xb, 0xef,
    0xcd, 0x0, 0x0, 0x0, 0x0, 0x0, 0x0, 0x27,
    0xff, 0x5f, 0x0, 0x0, 0x0, 0x0, 0x0, 0x0,
    0x0, 0x6b, 0xff, 0x4e, 0x0, 0x0, 0x18, 0x1f,
    0x1f, 0x1f, 0x42, 0xff, 0x73, 0x1f, 0x1f, 0x1f,
    0x1d, 0x0, 0x0, 0x2, 0xd9, 0xcf, 0x0, 0x0,
    0x0, 0xc7, 0xff, 0xff, 0xff, 0xff, 0xff, 0xff,
    0xff, 0xff, 0xff, 0xeb, 0x0, 0x0, 0x61, 0xff,
    0x43, 0x0, 0x39, 0x23, 0x3e, 0x4f, 0x4f, 0x4f,
    0x6b, 0xff, 0x91, 0x4f, 0x4f, 0x4f, 0x49, 0x0,
    0x11, 0xe7, 0xa2, 0x0, 0x6, 0xda, 0xdd, 0x4,
    0x0, 0x0, 0x0, 0x27, 0xff, 0x5f, 0x0, 0x0,
    0x0, 0x0, 0x7, 0xb1, 0xf7, 0x4c, 0x4b, 0x95,
    0xff, 0x48, 0x0, 0x0, 0x0, 0x0, 0x27, 0xff,
    0x5f, 0x0, 0x0, 0x0, 0x0, 0x2a, 0xff, 0xff,
    0xff, 0xff, 0xff, 0x96, 0x0, 0x22, 0x7b, 0x7b,
    0x7b, 0x90, 0xff, 0xad, 0x7b, 0x7b, 0x7b, 0x47,
    0x0, 0x62, 0x41, 0x2a, 0xd7, 0xd5, 0xb, 0x0,
    0x44, 0xf3, 0xf3, 0xf3, 0xf3, 0xf3, 0xf3, 0xf3,
    0xf3, 0xf3, 0x8d, 0x0, 0x0, 0x0, 0x9f, 0xeb,
    0x22, 0x0, 0x0, 0x0, 0x0, 0x0, 0x0, 0x0,
    0x0, 0x0, 0x0, 0x0, 0x0, 0x0, 0x0, 0x0,
    0x7a, 0xf9, 0x3d, 0x8, 0x2d, 0x56, 0x2, 0xf,
    0x13, 0x13, 0x13, 0x13, 0x13, 0x13, 0x13, 0x13,
    0x1, 0x5, 0x82, 0xff, 0xec, 0xdd, 0xfd, 0xff,
    0xf8, 0xf, 0xc3, 0xff, 0xff, 0xff, 0xff, 0xff,
    0xff, 0xff, 0xff, 0x13, 0x7, 0xee, 0xf8, 0xc8,
    0x94, 0x61, 0x2f, 0x5, 0x0, 0xc3, 0xc9, 0x47,
    0x47, 0x47, 0x47, 0x47, 0x95, 0xff, 0x13, 0x0,
    0x2f, 0x8, 0x0, 0x0, 0x0, 0x0, 0x0, 0x0,
    0xc3, 0xb3, 0x0, 0x0, 0x0, 0x0, 0x0, 0x6b,
    0xff, 0x13, 0x0, 0x0, 0x0, 0x0, 0x0, 0x0,
    0xe, 0x41, 0x7, 0xc3, 0xb3, 0x0, 0x0, 0x0,
    0x0, 0x0, 0x6b, 0xff, 0x13, 0x0, 0xb, 0x39,
    0x6c, 0xa1, 0xd6, 0xfe, 0xff, 0x20, 0xc3, 0xb3,
    0x0, 0x0, 0x0, 0x0, 0x0, 0x6b, 0xff, 0x13,
    0x27, 0xfe, 0xff, 0xff, 0xe9, 0xaf, 0x75, 0x3b,
    0x4, 0xc3, 0xd5, 0x6f, 0x6f, 0x6f, 0x6f, 0x6f,
    0xac, 0xff, 0x13, 0x7, 0x94, 0x5b, 0x22, 0x0,
    0x0, 0x0, 0x0, 0x0, 0xc3, 0xfa, 0xeb, 0xeb,
    0xeb, 0xeb, 0xeb, 0xf4, 0xff, 0x13,

    /* U+7EDF "统" */
    0x0, 0x0, 0x0, 0x0, 0x76, 0x8c, 0xa, 0x0,
    0x0, 0x0, 0x0, 0x3, 0xab, 0x6d, 0x0, 0x0,
    0x0, 0x0, 0x0, 0x0, 0x0, 0x0, 0x0, 0xa,
    0xec, 0xd2, 0x1, 0x0, 0x0, 0x0, 0x0, 0x0,
    0xa6, 0xeb, 0x9, 0x0, 0x0, 0x0, 0x0, 0x0,
    0x0, 0x0, 0x0, 0x6c, 0xff, 0x51, 0x0, 0x0,
    0x0, 0x0, 0x0, 0x0, 0x3e, 0xef, 0x3f, 0x0,
    0x0, 0x0, 0x0, 0x0, 0x0, 0x0, 0x5, 0xdf,
    0xcf, 0x1, 0x0, 0x0, 0xd1, 0xf3, 0xf3, 0xf3,
    0xf4, 0xf7, 0xf3, 0xf3, 0xf3, 0xf3, 0xe8, 0x0,
    0x0, 0x0, 0x70, 0xfd, 0x3a, 0x0, 0x66, 0x23,
    0x59, 0x67, 0x67, 0xb2, 0xff, 0x94, 0x67, 0x67,
    0x67, 0x67, 0x63, 0x0, 0x0, 0x1c, 0xf1, 0x92,
    0x0, 0x30, 0xfd, 0x94, 0x0, 0x0, 0x26, 0xf2,
    0xb3, 0x1, 0x7, 0x7c, 0x33, 0x0, 0x0, 0x0,
    0x14, 0xc8, 0xf8, 0x6a, 0x77, 0xd1, 0xe1, 0xd,
    0x0, 0xb, 0xd2, 0xdf, 0x13, 0x0, 0x1, 0xb6,
    0xdb, 0xd, 0x0, 0x0, 0x1d, 0xfe, 0xff, 0xf0,
    0xf4, 0xff, 0x46, 0x0, 0x8, 0xb0, 0xf6, 0x30,
    0x4, 0x17, 0x2c, 0x58, 0xfc, 0xa4, 0x0, 0x0,
    0x0, 0x40, 0x19, 0x2d, 0xf7, 0x92, 0x0, 0x1c,
    0xe9, 0xff, 0xf6, 0xed, 0xfe, 0xff, 0xff, 0xf8,
    0xe4, 0xff, 0x49, 0x0, 0x0, 0x0, 0xd, 0xd6,
    0xc2, 0x5, 0x0, 0x1, 0xab, 0x91, 0x9d, 0x7c,
    0x3f, 0x2a, 0x50, 0x1c, 0x0, 0xbc, 0xb2, 0x0,
    0x0, 0x5, 0xb7, 0xe8, 0x42, 0x5c, 0x8f, 0x40,
    0x0, 0x0, 0xd9, 0xa0, 0x0, 0xb, 0xff, 0x6f,
    0x0, 0x13, 0x2, 0x0, 0xc, 0xb8, 0xff, 0xff,
    0xff, 0xf8, 0xc6, 0x3b, 0x0, 0x0, 0xec, 0x8a,
    0x0, 0xb, 0xff, 0x6f, 0x0, 0x0, 0x0, 0x0,
    0x3, 0xe1, 0xba, 0x77, 0x3a, 0x7, 0x0, 0x0,
    0x0, 0x9, 0xfd, 0x74, 0x0, 0xb, 0xff, 0x6f,
    0x0, 0x0, 0x0, 0x0, 0x0, 0x7, 0x0, 0x0,
    0x0, 0x0, 0x1, 0x9, 0x0, 0x47, 0xff, 0x3e,
    0x0, 0xb, 0xff, 0x6f, 0x0, 0x2, 0x0, 0x0,
    0x0, 0x0, 0x0, 0xc, 0x50, 0x9c, 0xe7, 0x73,
    0x0, 0x9d, 0xf2, 0x5, 0x0, 0xb, 0xff, 0x6f,
    0x0, 0x2a, 0xcc, 0x12, 0x9, 0x72, 0xbb, 0xf9,
    0xff, 0xd5, 0x82, 0x24, 0x4e, 0xff, 0x8c, 0x0,
    0x0, 0xb, 0xff, 0x6f, 0x0, 0x38, 0xff, 0x13,
    0x5, 0xf5, 0xcc, 0x7a, 0x27, 0x0, 0xe, 0x88,
    0xf8, 0xd0, 0x7, 0x0, 0x0, 0x4, 0xff, 0xac,
    0x53, 0x94, 0xee, 0x1, 0x0, 0x14, 0x0, 0x0,
    0x0, 0x0, 0x58, 0xff, 0xb5, 0x17, 0x0, 0x0,
    0x0, 0x0, 0xa3, 0xf9, 0xff, 0xf8, 0x7e, 0x0,
    0x0, 0x0, 0x0, 0x0, 0x0, 0x0, 0x0, 0x29,
    0x0, 0x0, 0x0, 0x0, 0x0, 0x0, 0x0, 0x0,
    0x0, 0x0, 0x0, 0x0,

    /* U+7F16 "编" */
    0x0, 0x0, 0x0, 0x0, 0x62, 0x26, 0x0, 0x0,
    0x0, 0x0, 0x0, 0x3, 0x78, 0x51, 0x0, 0x0,
    0x0, 0x0, 0x0, 0x0, 0x0, 0x0, 0x22, 0xfe,
    0x78, 0x0, 0x0, 0x0, 0x0, 0x0, 0x0, 0xbe,
    0xe5, 0xa, 0x0, 0x0, 0x0, 0x0, 0x0, 0x0,
    0x0, 0x86, 0xf4, 0x11, 0x0, 0x0, 0x4d, 0x6b,
    0x6b, 0x6b, 0xa4, 0xff, 0xa2, 0x6b, 0x6b, 0x6b,
    0x2b, 0x0, 0x0, 0x4, 0xe7, 0x91, 0x0, 0x0,
    0x0, 0xb7, 0xf3, 0xdb, 0xdb, 0xdb, 0xdb, 0xdb,
    0xdb, 0xdb, 0xff, 0x67, 0x0, 0x0, 0x62, 0xf4,
    0x1b, 0xa, 0x43, 0x0, 0xb7, 0xa7, 0x0, 0x0,
    0x0, 0x0, 0x0, 0x0, 0x0, 0xff, 0x67, 0x0,
    0x8, 0xe0, 0x79, 0x0, 0x78, 0xf5, 0x16, 0xb7,
    0xbb, 0x37, 0x37, 0x37, 0x37, 0x37, 0x37, 0x37,
    0xff, 0x67, 0x0, 0x8b, 0xe7, 0x35, 0x4a, 0xef,
    0x7f, 0x0, 0xb8, 0xff, 0xff, 0xff, 0xff, 0xff,
    0xff, 0xff, 0xff, 0xff, 0x67, 0x1a, 0xff, 0xff,
    0xff, 0xff, 0xe2, 0xa, 0x0, 0xbc, 0xa7, 0xb,
    0xb, 0xb, 0xb, 0xb, 0xb, 0xb, 0xb, 0x4,
    0x0, 0x61, 0x3d, 0x50, 0xfe, 0x54, 0x0, 0x0,
    0xc2, 0xb0, 0x3b, 0x3b, 0x3b, 0x3b, 0x3b, 0x3b,
    0x3b, 0x3c, 0x26, 0x0, 0x0, 0x6, 0xd3, 0xa3,
    0x0, 0x0, 0x0, 0xcf, 0xf0, 0xff, 0xff, 0xff,
    0xff, 0xff, 0xff, 0xff, 0xff, 0x97, 0x0, 0x0,
    0x8e, 0xe1, 0xf, 0x17, 0x30, 0x0, 0xe8, 0xd6,
    0xcf, 0x0, 0xbb, 0x47, 0x13, 0xef, 0x0, 0x93,
    0x97, 0x0, 0x69, 0xff, 0xda, 0xe1, 0xff, 0xb9,
    0x4, 0xfd, 0xba, 0xcf, 0x0, 0xbb, 0x47, 0x13,
    0xef, 0x0, 0x93, 0x97, 0x4, 0xeb, 0xee, 0xae,
    0x6f, 0x31, 0x3, 0x2f, 0xff, 0x9a, 0xd2, 0xb,
    0xbf, 0x50, 0x1f, 0xf0, 0xb, 0x99, 0x97, 0x0,
    0x29, 0x4, 0x0, 0x0, 0x0, 0x1b, 0x68, 0xf9,
    0x68, 0xff, 0xff, 0xff, 0xff, 0xff, 0xff, 0xff,
    0xff, 0x97, 0x0, 0x0, 0x0, 0x34, 0x89, 0xe0,
    0xca, 0xa7, 0xc5, 0x5f, 0xd6, 0x23, 0xc5, 0x61,
    0x35, 0xf2, 0x23, 0xa3, 0x97, 0xf, 0x90, 0xe1,
    0xfa, 0xb3, 0x57, 0x1e, 0xf8, 0x81, 0x5f, 0xcf,
    0x0, 0xbb, 0x47, 0x13, 0xef, 0x0, 0x93, 0x97,
    0x4, 0xb5, 0x68, 0x13, 0x0, 0x0, 0x7b, 0xfb,
    0x1b, 0x5f, 0xcf, 0x0, 0xbb, 0x47, 0x13, 0xef,
    0x13, 0xa2, 0x97, 0x0, 0x0, 0x0, 0x0, 0x0,
    0x0, 0x3f, 0x93, 0x0, 0x5f, 0xcf, 0x0, 0xbb,
    0x47, 0x13, 0xec, 0x88, 0xf4, 0x5b, 0x0, 0x0,
    0x0, 0x0, 0x0, 0x0, 0x0, 0x0, 0x0, 0x0,
    0x0, 0x0, 0x0, 0x0, 0x0, 0x0, 0x0, 0x0,
    0x0,

    /* U+7F1D "缝" */
    0x0, 0x0, 0x0, 0x2c, 0x80, 0x12, 0x0, 0x0,
    0x0, 0x0, 0x0, 0x0, 0x18, 0xb3, 0x27, 0x0,
    0x0, 0x0, 0x0, 0x0, 0x0, 0x0, 0x0, 0x90,
    0xf8, 0x16, 0x27, 0xd8, 0x10, 0x0, 0x0, 0x0,
    0xaf, 0xeb, 0x31, 0x2b, 0x2c, 0x15, 0x0, 0x0,
    0x0, 0x0, 0x5, 0xeb, 0xa0, 0x0, 0x3, 0xe2,
    0x70, 0x0, 0x0, 0x73, 0xfe, 0xf3, 0xf3, 0xf3,
    0xfd, 0xc9, 0x0, 0x0, 0x0, 0x0, 0x52, 0xff,
    0x32, 0x0, 0x0, 0x80, 0xd7, 0x3, 0x90, 0xff,
    0xe4, 0x18, 0x0, 0x50, 0xfc, 0x44, 0x0, 0x0,
    0x0, 0x0, 0xc7, 0xb1, 0x0, 0x39, 0x15, 0x27,
    0xff, 0x40, 0xc2, 0x5a, 0x95, 0xd5, 0x55, 0xf8,
    0x8b, 0x0, 0x0, 0x0, 0x0, 0x4b, 0xfb, 0x27,
    0x8, 0xe4, 0xa1, 0x0, 0x3c, 0x2, 0x0, 0x0,
    0x8, 0xd6, 0xff, 0xc2, 0x1, 0x0, 0x0, 0x0,
    0x1c, 0xdf, 0xbb, 0x52, 0x9a, 0xf7, 0x1f, 0x0,
    0x0, 0x0, 0x20, 0x74, 0xe3, 0xe2, 0x88, 0xeb,
    0xd1, 0x6b, 0x1f, 0x0, 0x48, 0xff, 0xfa, 0xe8,
    0xff, 0x86, 0x8f, 0xcb, 0xcb, 0x65, 0xf3, 0xd3,
    0x71, 0x30, 0x7f, 0x18, 0x7c, 0xdc, 0x86, 0x0,
    0x3, 0x30, 0x4, 0xa3, 0xe1, 0xd, 0x51, 0x73,
    0xf5, 0x5f, 0x4e, 0x60, 0x5f, 0x91, 0xff, 0x69,
    0x5f, 0x60, 0x9, 0x0, 0x0, 0x0, 0x46, 0xfd,
    0x41, 0x0, 0x0, 0x0, 0xeb, 0x5f, 0x68, 0xaf,
    0xaf, 0xc8, 0xff, 0xb4, 0xaf, 0xaf, 0xd, 0x0,
    0x0, 0x15, 0xe4, 0x8e, 0xc, 0x39, 0x3d, 0x0,
    0xeb, 0x5f, 0x7, 0x27, 0x27, 0x6b, 0xff, 0x35,
    0x27, 0x17, 0x0, 0x0, 0x15, 0xc9, 0xff, 0xe4,
    0xfe, 0xfc, 0x8a, 0x0, 0xeb, 0x5f, 0x29, 0xdb,
    0xdb, 0xe7, 0xff, 0xde, 0xdb, 0x82, 0x0, 0x0,
    0xf, 0xe8, 0xad, 0x73, 0x3c, 0xa, 0x0, 0x0,
    0xeb, 0x5f, 0x0, 0x0, 0x0, 0x4f, 0xff, 0xf,
    0x0, 0x0, 0x0, 0x0, 0x0, 0x3, 0x0, 0x0,
    0x0, 0x0, 0x1, 0x0, 0xeb, 0x5f, 0xd1, 0xdb,
    0xdb, 0xe7, 0xff, 0xde, 0xdb, 0xdb, 0x60, 0x0,
    0x0, 0x0, 0x0, 0x23, 0x6b, 0xb5, 0xca, 0x0,
    0xec, 0x60, 0x39, 0x3b, 0x3b, 0x79, 0xff, 0x48,
    0x3b, 0x3b, 0x1a, 0x0, 0x1e, 0x95, 0xdb, 0xff,
    0xed, 0x9e, 0x50, 0x9f, 0xff, 0xe0, 0x37, 0x0,
    0x0, 0x4f, 0xff, 0xf, 0x0, 0x0, 0x0, 0x0,
    0x20, 0xeb, 0x9a, 0x46, 0x4, 0x2, 0xac, 0xe3,
    0x2b, 0x6d, 0xf9, 0xbb, 0x6b, 0x58, 0x56, 0x4b,
    0x52, 0x63, 0x75, 0x2, 0x0, 0x3, 0x0, 0x0,
    0x0, 0x5, 0xce, 0x3c, 0x0, 0x0, 0x26, 0x97,
    0xe0, 0xf8, 0xff, 0xff, 0xff, 0xf7, 0xc3, 0x0,
    0x0, 0x0, 0x0, 0x0, 0x0, 0x0, 0xc, 0x0,
    0x0, 0x0, 0x0, 0x0, 0x0, 0x0, 0xa, 0x7,
    0x1, 0x0, 0x0, 0x0,

    /* U+7F3A "缺" */
    0x0, 0x0, 0x56, 0xa2, 0x0, 0x0, 0x0, 0x0,
    0x0, 0x0, 0x0, 0x0, 0x26, 0xcb, 0x36, 0x0,
    0x0, 0x0, 0x0, 0x0, 0x0, 0x0, 0xa9, 0xb6,
    0x0, 0x0, 0x0, 0x0, 0x0, 0x0, 0x0, 0x0,
    0x2f, 0xff, 0x43, 0x0, 0x0, 0x0, 0x0, 0x0,
    0x0, 0x2, 0xec, 0xb9, 0x6f, 0x6f, 0x6f, 0x6f,
    0x49, 0x0, 0x0, 0x0, 0x2f, 0xff, 0x43, 0x0,
    0x0, 0x0, 0x0, 0x0, 0x0, 0x41, 0xff, 0xe3,
    0xf5, 0xf8, 0xe3, 0xe3, 0x95, 0x1d, 0x67, 0x67,
    0x84, 0xff, 0x90, 0x67, 0x67, 0x33, 0x0, 0x0,
    0x0, 0xba, 0xb8, 0x0, 0xa3, 0xb7, 0x0, 0x0,
    0x0, 0x47, 0xff, 0xff, 0xff, 0xff, 0xff, 0xff,
    0xff, 0x7f, 0x0, 0x0, 0x34, 0xff, 0x43, 0x0,
    0xa3, 0xb7, 0x0, 0x0, 0x0, 0x0, 0x0, 0x0,
    0x2f, 0xff, 0x43, 0x0, 0xeb, 0x7f, 0x0, 0x0,
    0x6, 0x5f, 0x0, 0x0, 0xa3, 0xb7, 0x0, 0x0,
    0x0, 0x0, 0x0, 0x0, 0x2f, 0xff, 0x43, 0x0,
    0xeb, 0x7f, 0x0, 0x0, 0xe, 0x63, 0x63, 0x63,
    0xc7, 0xd4, 0x63, 0x63, 0x63, 0x6, 0x0, 0x0,
    0x33, 0xff, 0x41, 0x0, 0xeb, 0x7f, 0x0, 0x0,
    0x22, 0xf3, 0xf3, 0xf3, 0xfb, 0xfc, 0xf3, 0xf3,
    0xf3, 0xf, 0x0, 0x0, 0x3c, 0xff, 0x3a, 0x0,
    0xeb, 0x7f, 0x0, 0x0, 0x0, 0x0, 0x0, 0x0,
    0xa3, 0xb7, 0x0, 0x0, 0x0, 0x57, 0x8b, 0x8b,
    0xaa, 0xff, 0xa4, 0x8b, 0xf6, 0xc5, 0x66, 0x0,
    0x0, 0x65, 0x92, 0x0, 0xa3, 0xb7, 0x0, 0x75,
    0x82, 0x7a, 0xc3, 0xc3, 0xde, 0xff, 0xfd, 0xc4,
    0xc3, 0xc3, 0x8f, 0x0, 0x0, 0x7f, 0xb7, 0x0,
    0xa3, 0xb7, 0x0, 0x93, 0xa3, 0x0, 0x0, 0x0,
    0x95, 0xfd, 0xff, 0x2d, 0x0, 0x0, 0x0, 0x0,
    0x0, 0x7f, 0xb7, 0x0, 0xa3, 0xb7, 0x0, 0x93,
    0xa3, 0x0, 0x0, 0x0, 0xd2, 0xb5, 0xdf, 0x89,
    0x0, 0x0, 0x0, 0x0, 0x0, 0x7f, 0xb7, 0x0,
    0xa3, 0xb7, 0x0, 0x93, 0xa3, 0x0, 0x0, 0x31,
    0xff, 0x69, 0x84, 0xf0, 0x12, 0x0, 0x0, 0x0,
    0x0, 0x7f, 0xb7, 0x0, 0xa3, 0xb7, 0xf, 0xa3,
    0xa3, 0x0, 0x0, 0xa6, 0xf0, 0xd, 0x19, 0xf5,
    0x91, 0x0, 0x0, 0x0, 0x0, 0x7f, 0xe8, 0xbc,
    0xee, 0xfe, 0xff, 0xfe, 0xa3, 0x0, 0x4b, 0xff,
    0x7b, 0x0, 0x0, 0x86, 0xff, 0x54, 0x0, 0x0,
    0x0, 0x63, 0xab, 0x86, 0x60, 0x3b, 0x16, 0x94,
    0xa3, 0x35, 0xef, 0xc4, 0x3, 0x0, 0x0, 0x7,
    0xcc, 0xf6, 0x5e, 0x0, 0x0, 0x0, 0x0, 0x0,
    0x0, 0x0, 0x0, 0x6, 0xa, 0xd8, 0xce, 0x15,
    0x0, 0x0, 0x0, 0x0, 0x1d, 0xd7, 0xdd, 0xb,
    0x0, 0x0, 0x0, 0x0, 0x0, 0x0, 0x0, 0x0,
    0x0, 0x2b, 0xf, 0x0, 0x0, 0x0, 0x0, 0x0,
    0x0, 0x11, 0x23, 0x0,

    /* U+80CC "背" */
    0x0, 0x0, 0x0, 0x0, 0x0, 0x54, 0xcf, 0x10,
    0x0, 0x0, 0xcb, 0x65, 0x0, 0x0, 0x0, 0x0,
    0x0, 0x0, 0x6, 0xf, 0xf, 0xf, 0xf, 0x71,
    0xff, 0x13, 0x0, 0x0, 0xff, 0x7f, 0x0, 0x3,
    0x4e, 0xb7, 0x4d, 0x0, 0x6b, 0xff, 0xff, 0xff,
    0xff, 0xff, 0xff, 0x13, 0x0, 0x0, 0xff, 0xae,
    0x9a, 0xea, 0xfb, 0xb3, 0x50, 0x0, 0x10, 0x27,
    0x27, 0x27, 0x27, 0x7f, 0xff, 0x13, 0x0, 0x0,
    0xff, 0xe9, 0x9e, 0x59, 0x13, 0x0, 0x0, 0x0,
    0x0, 0x0, 0x0, 0x0, 0x0, 0x71, 0xff, 0x13,
    0x0, 0x0, 0xff, 0x7f, 0x0, 0x0, 0x0, 0x0,
    0x4e, 0x30, 0x4c, 0x78, 0x9e, 0xc5, 0xee, 0xff,
    0xff, 0x13, 0x0, 0x0, 0xfa, 0x97, 0x2, 0x0,
    0x0, 0xa, 0xc6, 0xa8, 0xb7, 0xc1, 0x93, 0x64,
    0x36, 0x72, 0xff, 0x13, 0x0, 0x0, 0xb8, 0xff,
    0xfd, 0xfb, 0xfb, 0xfd, 0xfe, 0x52, 0x0, 0x0,
    0x0, 0x0, 0x0, 0x2d, 0x6f, 0x8, 0x0, 0x0,
    0x2, 0x2e, 0x3e, 0x3f, 0x3f, 0x3e, 0x20, 0x0,
    0x0, 0x0, 0xb, 0xef, 0xef, 0xef, 0xef, 0xef,
    0xef, 0xef, 0xef, 0xef, 0xef, 0xef, 0xef, 0x12,
    0x0, 0x0, 0x0, 0x0, 0xb, 0xff, 0x92, 0x37,
    0x37, 0x37, 0x37, 0x37, 0x37, 0x37, 0x37, 0x8f,
    0xff, 0x13, 0x0, 0x0, 0x0, 0x0, 0xb, 0xff,
    0x73, 0x0, 0x0, 0x0, 0x0, 0x0, 0x0, 0x0,
    0x0, 0x6f, 0xff, 0x13, 0x0, 0x0, 0x0, 0x0,
    0xb, 0xff, 0xf9, 0xf3, 0xf3, 0xf3, 0xf3, 0xf3,
    0xf3, 0xf3, 0xf3, 0xf9, 0xff, 0x13, 0x0, 0x0,
    0x0, 0x0, 0xb, 0xff, 0x87, 0x23, 0x23, 0x23,
    0x23, 0x23, 0x23, 0x23, 0x23, 0x84, 0xff, 0x13,
    0x0, 0x0, 0x0, 0x0, 0xb, 0xff, 0x73, 0x0,
    0x0, 0x0, 0x0, 0x0, 0x0, 0x0, 0x0, 0x6f,
    0xff, 0x13, 0x0, 0x0, 0x0, 0x0, 0xb, 0xff,
    0xf9, 0xf3, 0xf3, 0xf3, 0xf3, 0xf3, 0xf3, 0xf3,
    0xf3, 0xf9, 0xff, 0x13, 0x0, 0x0, 0x0, 0x0,
    0xb, 0xff, 0x87, 0x23, 0x23, 0x23, 0x23, 0x23,
    0x23, 0x23, 0x23, 0x84, 0xff, 0x13, 0x0, 0x0,
    0x0, 0x0, 0xb, 0xff, 0x73, 0x0, 0x0, 0x0,
    0x0, 0x0, 0x1b, 0x4b, 0x48, 0xa7, 0xfe, 0xc,
    0x0, 0x0, 0x0, 0x0, 0xb, 0xff, 0x73, 0x0,
    0x0, 0x0, 0x0, 0x0, 0x1d, 0xfd, 0xff, 0xea,
    0x94, 0x0, 0x0, 0x0, 0x0, 0x0, 0x0, 0x0,
    0x0, 0x0, 0x0, 0x0, 0x0, 0x0, 0x0, 0x5,
    0x1, 0x0, 0x0, 0x0, 0x0, 0x0,

    /* U+80FD "能" */
    0x0, 0x0, 0x11, 0xb6, 0x4f, 0x0, 0x0, 0x0,
    0x0, 0x0, 0xc0, 0x61, 0x0, 0x0, 0x0, 0x0,
    0x0, 0x0, 0x0, 0x0, 0x0, 0x8c, 0xf6, 0x27,
    0x40, 0x6c, 0x0, 0x0, 0x0, 0xfb, 0x7f, 0x0,
    0x0, 0x0, 0x23, 0x23, 0x0, 0x0, 0x0, 0x28,
    0xf8, 0x6c, 0x0, 0x4a, 0xfe, 0x48, 0x0, 0x0,
    0xfb, 0x7f, 0x4, 0x49, 0xaf, 0xfd, 0xcc, 0x4,
    0x0, 0xc, 0xd0, 0xba, 0x1, 0x0, 0x3, 0xa7,
    0xe7, 0xd, 0x0, 0xfb, 0xd5, 0xea, 0xf7, 0xb1,
    0x51, 0x5, 0x0, 0x0, 0xa9, 0xff, 0xe8, 0xe7,
    0xf5, 0xff, 0xff, 0xff, 0x7d, 0x0, 0xfb, 0xc4,
    0x4e, 0xa, 0x0, 0x0, 0x0, 0x0, 0x0, 0x4f,
    0x8c, 0x6e, 0x57, 0x43, 0x31, 0x1e, 0x91, 0xc1,
    0x0, 0xfb, 0x7f, 0x0, 0x0, 0x0, 0x0, 0x3c,
    0x91, 0x4, 0x0, 0x0, 0x0, 0x0, 0x0, 0x0,
    0x0, 0xc, 0x1, 0x0, 0xfb, 0x81, 0x0, 0x0,
    0x0, 0x0, 0x5d, 0xf9, 0x1, 0x0, 0xb3, 0xb3,
    0xb3, 0xb3, 0xb3, 0xb3, 0xb3, 0x19, 0x0, 0xeb,
    0xd0, 0x67, 0x5f, 0x5f, 0x61, 0xc7, 0xcd, 0x0,
    0x0, 0xff, 0xc4, 0x9b, 0x9b, 0x9b, 0xbe, 0xff,
    0x23, 0x0, 0x6a, 0xe5, 0xfa, 0xfb, 0xfb, 0xfb,
    0xe2, 0x47, 0x0, 0x0, 0xff, 0x67, 0x0, 0x0,
    0x0, 0x57, 0xff, 0x23, 0x0, 0xdc, 0x6f, 0x0,
    0x0, 0x0, 0x0, 0x0, 0x0, 0x0, 0x0, 0xff,
    0xf1, 0xe7, 0xe7, 0xe7, 0xf0, 0xff, 0x23, 0x0,
    0xfb, 0x7f, 0x0, 0x0, 0x0, 0x26, 0x5a, 0x0,
    0x0, 0x0, 0xff, 0x92, 0x47, 0x47, 0x47, 0x87,
    0xff, 0x23, 0x0, 0xfb, 0x7f, 0x0, 0x39, 0xa3,
    0xfc, 0xe3, 0x1c, 0x0, 0x0, 0xff, 0x67, 0x0,
    0x0, 0x0, 0x57, 0xff, 0x23, 0x0, 0xfb, 0xc9,
    0xda, 0xff, 0xcb, 0x5d, 0x5, 0x0, 0x0, 0x0,
    0xff, 0xf1, 0xe7, 0xe7, 0xe7, 0xf0, 0xff, 0x23,
    0x0, 0xfb, 0xd7, 0x71, 0x20, 0x0, 0x0, 0x0,
    0x0, 0x0, 0x0, 0xff, 0x92, 0x47, 0x47, 0x47,
    0x87, 0xff, 0x23, 0x0, 0xfb, 0x7f, 0x0, 0x0,
    0x0, 0x0, 0x14, 0x8a, 0x12, 0x0, 0xff, 0x67,
    0x0, 0x0, 0x0, 0x57, 0xff, 0x23, 0x0, 0xfb,
    0x80, 0x0, 0x0, 0x0, 0x0, 0x2f, 0xff, 0x2b,
    0x0, 0xff, 0x67, 0x0, 0x45, 0x63, 0xa5, 0xff,
    0x1b, 0x0, 0xea, 0xca, 0x5e, 0x57, 0x57, 0x58,
    0xa7, 0xf4, 0x8, 0x0, 0xff, 0x67, 0x0, 0x65,
    0xf3, 0xe5, 0x9c, 0x0, 0x0, 0x6c, 0xe9, 0xfd,
    0xff, 0xff, 0xff, 0xed, 0x6e, 0x0,

    /* U+81EA "自" */
    0x0, 0x0, 0x0, 0x0, 0x0, 0x0, 0xba, 0x86,
    0x0, 0x0, 0x0, 0x0, 0x0, 0x0, 0x0, 0x0,
    0x0, 0x0, 0x0, 0x0, 0x2e, 0xff, 0x7a, 0x0,
    0x0, 0x0, 0x0, 0x0, 0x0, 0x0, 0x9, 0xf,
    0xf, 0xf, 0xf, 0x7b, 0xfe, 0x2a, 0xf, 0xf,
    0xf, 0xf, 0xf, 0xf, 0x1, 0x97, 0xff, 0xff,
    0xff, 0xff, 0xff, 0xff, 0xff, 0xff, 0xff, 0xff,
    0xff, 0xff, 0xff, 0x13, 0x97, 0xf3, 0x5f, 0x5f,
    0x5f, 0x5f, 0x5f, 0x5f, 0x5f, 0x5f, 0x5f, 0x5f,
    0xaf, 0xff, 0x13, 0x97, 0xeb, 0x0, 0x0, 0x0,
    0x0, 0x0, 0x0, 0x0, 0x0, 0x0, 0x0, 0x7f,
    0xff, 0x13, 0x97, 0xeb, 0x0, 0x0, 0x0, 0x0,
    0x0, 0x0, 0x0, 0x0, 0x0, 0x0, 0x7f, 0xff,
    0x13, 0x97, 0xf5, 0x77, 0x77, 0x77, 0x77, 0x77,
    0x77, 0x77, 0x77, 0x77, 0x77, 0xbb, 0xff, 0x13,
    0x97, 0xff, 0xf3, 0xf3, 0xf3, 0xf3, 0xf3, 0xf3,
    0xf3, 0xf3, 0xf3, 0xf3, 0xf9, 0xff, 0x13, 0x97,
    0xeb, 0x0, 0x0, 0x0, 0x0, 0x0, 0x0, 0x0,
    0x0, 0x0, 0x0, 0x7f, 0xff, 0x13, 0x97, 0xeb,
    0x0, 0x0, 0x0, 0x0, 0x0, 0x0, 0x0, 0x0,
    0x0, 0x0, 0x7f, 0xff, 0x13, 0x97, 0xf1, 0x47,
    0x47, 0x47, 0x47, 0x47, 0x47, 0x47, 0x47, 0x47,
    0x47, 0xa3, 0xff, 0x13, 0x97, 0xff, 0xff, 0xff,
    0xff, 0xff, 0xff, 0xff, 0xff, 0xff, 0xff, 0xff,
    0xff, 0xff, 0x13, 0x97, 0xee, 0x1f, 0x1f, 0x1f,
    0x1f, 0x1f, 0x1f, 0x1f, 0x1f, 0x1f, 0x1f, 0x8f,
    0xff, 0x13, 0x97, 0xeb, 0x0, 0x0, 0x0, 0x0,
    0x0, 0x0, 0x0, 0x0, 0x0, 0x0, 0x7f, 0xff,
    0x13, 0x97, 0xeb, 0x0, 0x0, 0x0, 0x0, 0x0,
    0x0, 0x0, 0x0, 0x0, 0x0, 0x7f, 0xff, 0x13,
    0x97, 0xff, 0xf3, 0xf3, 0xf3, 0xf3, 0xf3, 0xf3,
    0xf3, 0xf3, 0xf3, 0xf3, 0xf9, 0xff, 0x13, 0x97,
    0xf5, 0x77, 0x77, 0x77, 0x77, 0x77, 0x77, 0x77,
    0x77, 0x77, 0x77, 0xbb, 0xff, 0x13,

    /* U+81F4 "致" */
    0x0, 0x0, 0x0, 0x0, 0x0, 0x0, 0x0, 0x0,
    0x0, 0x0, 0x0, 0x0, 0x94, 0x59, 0x0, 0x0,
    0x0, 0x0, 0x0, 0x0, 0x0, 0x6a, 0x6b, 0x6b,
    0x6b, 0x6b, 0x6b, 0x6b, 0x6b, 0x66, 0x0, 0x1b,
    0xff, 0x79, 0x0, 0x0, 0x0, 0x0, 0x0, 0x0,
    0x0, 0xf0, 0xf3, 0xf8, 0xff, 0xf8, 0xf3, 0xf3,
    0xf3, 0xe8, 0x0, 0x60, 0xff, 0x39, 0x0, 0x0,
    0x0, 0x0, 0x0, 0x0, 0x0, 0x0, 0x0, 0x9e,
    0xee, 0x16, 0x0, 0xc, 0x0, 0x0, 0x0, 0xa4,
    0xf7, 0x19, 0x13, 0x13, 0x13, 0x13, 0x13, 0x1,
    0x0, 0x0, 0x2a, 0xfc, 0x65, 0x0, 0x80, 0xd0,
    0x5, 0x0, 0x0, 0xe8, 0xff, 0xff, 0xff, 0xff,
    0xff, 0xff, 0xff, 0x17, 0x0, 0x2, 0xc0, 0xc6,
    0x1, 0x0, 0x19, 0xef, 0x81, 0x0, 0x3d, 0xff,
    0x8b, 0x4f, 0x4f, 0x4f, 0xf2, 0xbc, 0x4f, 0x7,
    0x0, 0x90, 0xff, 0xa8, 0x93, 0xa7, 0xbc, 0xed,
    0xf8, 0x20, 0xac, 0xff, 0x7a, 0x0, 0x0, 0x16,
    0xff, 0x6f, 0x0, 0x0, 0x0, 0xba, 0xf5, 0xd6,
    0xbc, 0xa2, 0x8a, 0x72, 0xdb, 0xb2, 0xfc, 0xfd,
    0xbb, 0x0, 0x0, 0x47, 0xff, 0x39, 0x0, 0x0,
    0x0, 0xe, 0x1, 0x0, 0x1e, 0x8b, 0x22, 0x0,
    0x20, 0xc7, 0xeb, 0x80, 0xf6, 0x6, 0x0, 0x78,
    0xfb, 0x9, 0x0, 0x0, 0x0, 0x0, 0x0, 0x0,
    0x37, 0xff, 0x3f, 0x0, 0x5, 0xb5, 0x64, 0x1f,
    0xff, 0x50, 0x0, 0xc1, 0xcd, 0x0, 0x0, 0x0,
    0x0, 0x2e, 0x43, 0x43, 0x6d, 0xff, 0x72, 0x43,
    0x43, 0x39, 0x2, 0x0, 0xd0, 0xb9, 0x1f, 0xfe,
    0x75, 0x0, 0x0, 0x0, 0x0, 0xaf, 0xff, 0xff,
    0xff, 0xff, 0xff, 0xff, 0xff, 0xbb, 0x0, 0x0,
    0x69, 0xfe, 0x9e, 0xf8, 0x14, 0x0, 0x0, 0x0,
    0x0, 0x15, 0x1f, 0x1f, 0x50, 0xff, 0x57, 0x1f,
    0x1f, 0x17, 0x0, 0x0, 0x9, 0xec, 0xff, 0xa1,
    0x0, 0x0, 0x0, 0x0, 0x0, 0x0, 0x0, 0x0,
    0x37, 0xff, 0x3f, 0x0, 0x0, 0x0, 0x0, 0x0,
    0x0, 0xb1, 0xff, 0x5f, 0x0, 0x0, 0x0, 0x0,
    0x0, 0x0, 0x0, 0x0, 0x37, 0xff, 0x40, 0x16,
    0x43, 0x6f, 0x12, 0x0, 0x73, 0xff, 0xfb, 0xeb,
    0x22, 0x0, 0x0, 0x0, 0x1, 0x1d, 0x46, 0x6f,
    0xab, 0xff, 0xf4, 0xff, 0xff, 0xfa, 0x26, 0x6a,
    0xfe, 0xae, 0x34, 0xf3, 0xd6, 0x16, 0x0, 0x0,
    0x28, 0xff, 0xff, 0xff, 0xe6, 0xb8, 0x8a, 0x5c,
    0x2e, 0x2b, 0xbc, 0xff, 0xb7, 0x6, 0x0, 0x4c,
    0xfc, 0xea, 0x53, 0x0, 0x5, 0x6d, 0x41, 0x13,
    0x0, 0x0, 0x0, 0x0, 0x5, 0xe3, 0xf8, 0x7a,
    0x4, 0x0, 0x0, 0x0, 0x3e, 0xe0, 0xf7, 0x21,
    0x0, 0x0, 0x0, 0x0, 0x0, 0x0, 0x0, 0x0,
    0x0, 0x45, 0x28, 0x0, 0x0, 0x0, 0x0, 0x0,
    0x0, 0xf, 0x3e, 0x0,

    /* U+8282 "节" */
    0x0, 0x0, 0x0, 0x0, 0x35, 0xf3, 0x4c, 0x0,
    0x0, 0x0, 0x0, 0x50, 0xf3, 0x39, 0x0, 0x0,
    0x0, 0x0, 0x0, 0x0, 0x0, 0x0, 0x37, 0xff,
    0x4f, 0x0, 0x0, 0x0, 0x0, 0x53, 0xff, 0x3b,
    0x0, 0x0, 0x0, 0x0, 0x9f, 0xaf, 0xaf, 0xaf,
    0xc1, 0xff, 0xc8, 0xaf, 0xaf, 0xaf, 0xaf, 0xca,
    0xff, 0xc2, 0xaf, 0xaf, 0xaf, 0xa2, 0xad, 0xbf,
    0xbf, 0xbf, 0xcd, 0xff, 0xd3, 0xbf, 0xbf, 0xbf,
    0xbf, 0xd4, 0xff, 0xce, 0xbf, 0xbf, 0xbf, 0xb0,
    0x0, 0x0, 0x0, 0x0, 0x37, 0xff, 0x4f, 0x0,
    0x0, 0x0, 0x0, 0x53, 0xff, 0x3b, 0x0, 0x0,
    0x0, 0x0, 0x0, 0x0, 0x0, 0x0, 0x37, 0xff,
    0x4f, 0x0, 0x0, 0x0, 0x0, 0x53, 0xff, 0x3b,
    0x0, 0x0, 0x0, 0x0, 0x0, 0x0, 0x0, 0x0,
    0x2, 0xb, 0x3, 0x0, 0x0, 0x0, 0x0, 0x3,
    0xb, 0x2, 0x0, 0x0, 0x0, 0x0, 0x5, 0x7f,
    0x7f, 0x7f, 0x7f, 0x7f, 0x7f, 0x7f, 0x7f, 0x7f,
    0x7f, 0x7f, 0x7f, 0x7f, 0x7f, 0x7d, 0x0, 0x0,
    0xb, 0xef, 0xef, 0xef, 0xef, 0xef, 0xfc, 0xfc,
    0xef, 0xef, 0xef, 0xef, 0xef, 0xef, 0xf8, 0xfb,
    0x0, 0x0, 0x0, 0x0, 0x0, 0x0, 0x0, 0x0,
    0xcb, 0xc7, 0x0, 0x0, 0x0, 0x0, 0x0, 0x0,
    0x8f, 0xfb, 0x0, 0x0, 0x0, 0x0, 0x0, 0x0,
    0x0, 0x0, 0xcb, 0xc7, 0x0, 0x0, 0x0, 0x0,
    0x0, 0x0, 0x8f, 0xfb, 0x0, 0x0, 0x0, 0x0,
    0x0, 0x0, 0x0, 0x0, 0xcb, 0xc7, 0x0, 0x0,
    0x0, 0x0, 0x0, 0x0, 0x8f, 0xfb, 0x0, 0x0,
    0x0, 0x0, 0x0, 0x0, 0x0, 0x0, 0xcb, 0xc7,
    0x0, 0x0, 0x0, 0x0, 0x0, 0x0, 0x8f, 0xfb,
    0x0, 0x0, 0x0, 0x0, 0x0, 0x0, 0x0, 0x0,
    0xcb, 0xc7, 0x0, 0x0, 0x0, 0x0, 0x0, 0x0,
    0x8f, 0xfb, 0x0, 0x0, 0x0, 0x0, 0x0, 0x0,
    0x0, 0x0, 0xcb, 0xc7, 0x0, 0x0, 0x1d, 0x97,
    0x93, 0x94, 0xdd, 0xe8, 0x0, 0x0, 0x0, 0x0,
    0x0, 0x0, 0x0, 0x0, 0xcb, 0xc7, 0x0, 0x0,
    0x4, 0xe6, 0xf0, 0xea, 0xcc, 0x5c, 0x0, 0x0,
    0x0, 0x0, 0x0, 0x0, 0x0, 0x0, 0xcb, 0xc7,
    0x0, 0x0, 0x0, 0x0, 0x0, 0x0, 0x0, 0x0,
    0x0, 0x0, 0x0, 0x0, 0x0, 0x0, 0x0, 0x0,
    0xcb, 0xc7, 0x0, 0x0, 0x0, 0x0, 0x0, 0x0,
    0x0, 0x0, 0x0, 0x0,

    /* U+884C "行" */
    0x0, 0x0, 0x0, 0x0, 0x9, 0x8a, 0x32, 0x0,
    0x0, 0x0, 0x0, 0x0, 0x0, 0x0, 0x0, 0x0,
    0x0, 0x0, 0x0, 0x0, 0x0, 0x0, 0x0, 0x3,
    0xad, 0xf6, 0x3d, 0x0, 0x26, 0x7b, 0x7b, 0x7b,
    0x7b, 0x7b, 0x7b, 0x7b, 0x7b, 0x7b, 0x41, 0x0,
    0x0, 0x0, 0x7, 0xa9, 0xfb, 0x4a, 0x0, 0x0,
    0x4c, 0xf3, 0xf3, 0xf3, 0xf3, 0xf3, 0xf3, 0xf3,
    0xf3, 0xf3, 0x81, 0x0, 0x0, 0x1b, 0xc9, 0xf9,
    0x57, 0x0, 0x0, 0x0, 0x0, 0x0, 0x0, 0x0,
    0x0, 0x0, 0x0, 0x0, 0x0, 0x0, 0x0, 0x0,
    0x18, 0xe7, 0xe9, 0x3b, 0x0, 0x9, 0x51, 0x7,
    0x0, 0x0, 0x0, 0x0, 0x0, 0x0, 0x0, 0x0,
    0x0, 0x0, 0x0, 0x0, 0x0, 0x7f, 0x1e, 0x0,
    0x0, 0xa3, 0xfb, 0x39, 0x0, 0x0, 0x0, 0x0,
    0x0, 0x0, 0x0, 0x0, 0x0, 0x0, 0x0, 0x0,
    0x0, 0x0, 0x0, 0x0, 0x6d, 0xff, 0x79, 0x3,
    0x13, 0x13, 0x13, 0x13, 0x13, 0x13, 0x13, 0x13,
    0x13, 0x13, 0x13, 0x1, 0x0, 0x0, 0x0, 0x3f,
    0xfa, 0xbb, 0x2, 0x2f, 0xff, 0xff, 0xff, 0xff,
    0xff, 0xff, 0xff, 0xff, 0xff, 0xff, 0xff, 0x17,
    0x0, 0x0, 0x50, 0xf5, 0xff, 0x50, 0x0, 0x11,
    0x5b, 0x5b, 0x5b, 0x5b, 0x5b, 0x5b, 0xa6, 0xff,
    0x68, 0x5b, 0x5b, 0x8, 0x0, 0x70, 0xfd, 0xec,
    0xff, 0x4f, 0x0, 0x0, 0x0, 0x0, 0x0, 0x0,
    0x0, 0x0, 0x73, 0xff, 0x13, 0x0, 0x0, 0x0,
    0x3f, 0xff, 0xc3, 0x3b, 0xff, 0x4f, 0x0, 0x0,
    0x0, 0x0, 0x0, 0x0, 0x0, 0x0, 0x73, 0xff,
    0x13, 0x0, 0x0, 0x0, 0x0, 0x56, 0x7, 0x27,
    0xff, 0x4f, 0x0, 0x0, 0x0, 0x0, 0x0, 0x0,
    0x0, 0x0, 0x73, 0xff, 0x13, 0x0, 0x0, 0x0,
    0x0, 0x0, 0x0, 0x27, 0xff, 0x4f, 0x0, 0x0,
    0x0, 0x0, 0x0, 0x0, 0x0, 0x0, 0x73, 0xff,
    0x13, 0x0, 0x0, 0x0, 0x0, 0x0, 0x0, 0x27,
    0xff, 0x4f, 0x0, 0x0, 0x0, 0x0, 0x0, 0x0,
    0x0, 0x0, 0x73, 0xff, 0x13, 0x0, 0x0, 0x0,
    0x0, 0x0, 0x0, 0x27, 0xff, 0x4f, 0x0, 0x0,
    0x0, 0x0, 0x0, 0x0, 0x0, 0x0, 0x73, 0xff,
    0x13, 0x0, 0x0, 0x0, 0x0, 0x0, 0x0, 0x27,
    0xff, 0x4f, 0x0, 0x0, 0x0, 0x0, 0x0, 0x0,
    0x0, 0x0, 0x73, 0xff, 0x13, 0x0, 0x0, 0x0,
    0x0, 0x0, 0x0, 0x27, 0xff, 0x4f, 0x0, 0x0,
    0x0, 0x0, 0x4, 0x76, 0x71, 0x6f, 0xbf, 0xfc,
    0x8, 0x0, 0x0, 0x0, 0x0, 0x0, 0x0, 0x27,
    0xff, 0x4f, 0x0, 0x0, 0x0, 0x0, 0x0, 0xc7,
    0xff, 0xfa, 0xdf, 0x82, 0x0, 0x0, 0x0, 0x0,

    /* U+8868 "表" */
    0x0, 0x0, 0x0, 0x0, 0x0, 0x0, 0x0, 0x0,
    0x3, 0xcb, 0x65, 0x0, 0x0, 0x0, 0x0, 0x0,
    0x0, 0x0, 0x0, 0x0, 0x0, 0x0, 0x3, 0x3,
    0x3, 0x3, 0x3, 0x3, 0x7, 0xff, 0x81, 0x3,
    0x3, 0x3, 0x3, 0x3, 0x3, 0x3, 0x0, 0x0,
    0x0, 0x1f, 0xff, 0xff, 0xff, 0xff, 0xff, 0xff,
    0xff, 0xff, 0xff, 0xff, 0xff, 0xff, 0xff, 0xff,
    0xff, 0xd3, 0x0, 0x0, 0x0, 0x8, 0x47, 0x47,
    0x47, 0x47, 0x47, 0x47, 0x4a, 0xff, 0xa3, 0x47,
    0x47, 0x47, 0x47, 0x47, 0x47, 0x3b, 0x0, 0x0,
    0x0, 0x0, 0x0, 0x3, 0x3, 0x3, 0x3, 0x3,
    0x7, 0xff, 0x81, 0x3, 0x3, 0x3, 0x3, 0x3,
    0x3, 0x0, 0x0, 0x0, 0x0, 0x0, 0x17, 0xff,
    0xff, 0xff, 0xff, 0xff, 0xff, 0xff, 0xff, 0xff,
    0xff, 0xff, 0xff, 0xff, 0xf3, 0x0, 0x0, 0x0,
    0x0, 0x0, 0x5, 0x37, 0x37, 0x37, 0x37, 0x37,
    0x3b, 0xff, 0x9b, 0x37, 0x37, 0x37, 0x37, 0x37,
    0x35, 0x0, 0x0, 0x0, 0x0, 0x0, 0x0, 0x0,
    0x0, 0x0, 0x0, 0x0, 0x3, 0xff, 0x7f, 0x0,
    0x0, 0x0, 0x0, 0x0, 0x0, 0x0, 0x0, 0x0,
    0x0, 0xeb, 0xff, 0xff, 0xff, 0xff, 0xff, 0xff,
    0xff, 0xff, 0xff, 0xff, 0xff, 0xff, 0xff, 0xff,
    0xff, 0xff, 0x77, 0x0, 0x0, 0x46, 0x4b, 0x4b,
    0x4b, 0x4b, 0x4f, 0xcb, 0xfe, 0xa2, 0xff, 0x7c,
    0x4b, 0x4b, 0x4b, 0x4b, 0x4b, 0x4b, 0x23, 0x0,
    0x0, 0x0, 0x0, 0x0, 0x0, 0x1c, 0xbb, 0xfb,
    0x63, 0x0, 0xcc, 0xaf, 0x0, 0x0, 0x0, 0xd,
    0xab, 0x5d, 0x0, 0x0, 0x0, 0x0, 0x0, 0xa,
    0x73, 0xf3, 0xe4, 0x3b, 0x0, 0x0, 0x52, 0xfe,
    0x42, 0x0, 0x24, 0xd2, 0xe9, 0x49, 0x0, 0x0,
    0x0, 0x1c, 0x88, 0xee, 0xfe, 0xff, 0x7b, 0x0,
    0x0, 0x0, 0x1, 0xbf, 0xe3, 0x65, 0xf2, 0xb8,
    0x17, 0x0, 0x0, 0x0, 0x35, 0xfb, 0xfa, 0x9e,
    0x37, 0xff, 0x7b, 0x0, 0x0, 0x0, 0x0, 0x18,
    0xe7, 0xff, 0x80, 0x1, 0x0, 0x0, 0x0, 0x0,
    0x0, 0x5a, 0x1c, 0x0, 0xf, 0xff, 0x7b, 0x0,
    0x0, 0x0, 0x0, 0x2, 0x3d, 0xf6, 0xdb, 0x32,
    0x0, 0x0, 0x0, 0x0, 0x0, 0x0, 0x0, 0x0,
    0x10, 0xff, 0x7b, 0x2, 0x38, 0x85, 0xd1, 0x77,
    0x0, 0x31, 0xe1, 0xf9, 0x7f, 0x15, 0x0, 0x0,
    0x0, 0x0, 0x0, 0x0, 0x42, 0xff, 0xd8, 0xea,
    0xff, 0xe6, 0x96, 0x32, 0x0, 0x0, 0x15, 0xae,
    0xfe, 0xf8, 0x9d, 0x3, 0x0, 0x0, 0x0, 0x0,
    0xaa, 0xff, 0xe3, 0x8f, 0x3b, 0x2, 0x0, 0x0,
    0x0, 0x0, 0x0, 0x0, 0x2b, 0xa1, 0x70, 0x0,
    0x0, 0x0, 0x0, 0x0, 0x2c, 0x44, 0x1, 0x0,
    0x0, 0x0, 0x0, 0x0, 0x0, 0x0, 0x0, 0x0,
    0x0, 0x0, 0x0, 0x0,

    /* U+89C8 "览" */
    0x0, 0x0, 0x0, 0x0, 0x0, 0x36, 0x97, 0xe,
    0x0, 0x0, 0x35, 0xae, 0x21, 0x0, 0x0, 0x0,
    0x0, 0x0, 0x0, 0x60, 0xa2, 0x0, 0x0, 0x5b,
    0xff, 0x17, 0x0, 0x0, 0x90, 0xf8, 0xb, 0x0,
    0x0, 0x0, 0x0, 0x0, 0x0, 0x8b, 0xeb, 0x0,
    0x0, 0x5b, 0xff, 0x17, 0x0, 0x1, 0xe4, 0xf5,
    0xc3, 0xc3, 0xc3, 0xc3, 0xc3, 0xa8, 0x0, 0x8b,
    0xeb, 0x0, 0x0, 0x5b, 0xff, 0x17, 0x0, 0x45,
    0xff, 0xa7, 0x93, 0x95, 0x93, 0x93, 0x93, 0x7f,
    0x0, 0x8b, 0xeb, 0x0, 0x0, 0x5b, 0xff, 0x17,
    0x3, 0xd2, 0xd7, 0x1, 0x92, 0xcb, 0x11, 0x0,
    0x0, 0x0, 0x0, 0x8b, 0xeb, 0x0, 0x0, 0x5b,
    0xff, 0x17, 0x6d, 0xff, 0x5a, 0x0, 0x1b, 0xdd,
    0xcb, 0x9, 0x0, 0x0, 0x0, 0x85, 0xe0, 0x0,
    0x0, 0x5b, 0xff, 0x17, 0x56, 0xa4, 0x0, 0x0,
    0x0, 0x28, 0xf5, 0x9c, 0x0, 0x0, 0x0, 0x0,
    0x0, 0x0, 0x0, 0x30, 0x87, 0xc, 0x0, 0x0,
    0x0, 0x0, 0x0, 0x0, 0x4e, 0x47, 0x0, 0x0,
    0x0, 0x0, 0x0, 0xe0, 0xf3, 0xf3, 0xf3, 0xf3,
    0xf3, 0xf3, 0xf3, 0xf3, 0xf3, 0xf3, 0xf3, 0x81,
    0x0, 0x0, 0x0, 0x0, 0x0, 0xeb, 0xbb, 0x63,
    0x63, 0x63, 0x63, 0x63, 0x63, 0x63, 0x63, 0x68,
    0xff, 0x87, 0x0, 0x0, 0x0, 0x0, 0x0, 0xeb,
    0x8f, 0x0, 0x0, 0x0, 0x81, 0x9e, 0x0, 0x0,
    0x0, 0x7, 0xff, 0x87, 0x0, 0x0, 0x0, 0x0,
    0x0, 0xeb, 0x8f, 0x0, 0x0, 0x0, 0xb4, 0xdb,
    0x0, 0x0, 0x0, 0x7, 0xff, 0x87, 0x0, 0x0,
    0x0, 0x0, 0x0, 0xeb, 0x8f, 0x0, 0x0, 0x0,
    0xcf, 0xc1, 0x0, 0x0, 0x0, 0x7, 0xff, 0x87,
    0x0, 0x0, 0x0, 0x0, 0x0, 0xeb, 0x8f, 0x0,
    0x0, 0x22, 0xfa, 0xd3, 0xf7, 0x36, 0x0, 0x7,
    0xff, 0x87, 0x0, 0x0, 0x0, 0x0, 0x0, 0x5f,
    0x3a, 0x0, 0x1d, 0xd2, 0xec, 0x64, 0xff, 0x37,
    0x0, 0x2, 0x47, 0x26, 0x11, 0x1, 0x0, 0x0,
    0x0, 0x0, 0xe, 0x77, 0xee, 0xe4, 0x34, 0x47,
    0xff, 0x37, 0x0, 0x0, 0x0, 0x0, 0x7b, 0xc2,
    0x0, 0x1f, 0x5e, 0xab, 0xf7, 0xf7, 0x8e, 0x12,
    0x0, 0x3e, 0xff, 0x85, 0x44, 0x43, 0x43, 0x4e,
    0xd1, 0xb1, 0x35, 0xfb, 0xfb, 0xc2, 0x6c, 0x11,
    0x0, 0x0, 0x0, 0x9, 0xb8, 0xf5, 0xff, 0xff,
    0xff, 0xfe, 0xe1, 0x3b, 0x0, 0x2f, 0xe, 0x0,
    0x0, 0x0, 0x0, 0x0, 0x0, 0x0, 0x0, 0x0,
    0x0, 0x0, 0x0, 0x0, 0x0, 0x0,

    /* U+8A00 "言" */
    0x0, 0x0, 0x0, 0x0, 0x0, 0x0, 0x0, 0x64,
    0xde, 0x27, 0x0, 0x0, 0x0, 0x0, 0x0, 0x0,
    0x0, 0x0, 0x0, 0x0, 0x0, 0x0, 0x0, 0x0,
    0x0, 0x0, 0x11, 0xdf, 0xd5, 0x7, 0x0, 0x0,
    0x0, 0x0, 0x0, 0x0, 0x0, 0x0, 0x0, 0x0,
    0x0, 0x0, 0x0, 0x0, 0x0, 0x0, 0x47, 0xff,
    0x6e, 0x0, 0x0, 0x0, 0x0, 0x0, 0x0, 0x0,
    0x0, 0xe0, 0xf3, 0xf3, 0xf3, 0xf3, 0xf3, 0xf3,
    0xf3, 0xf3, 0xff, 0xf4, 0xf3, 0xf3, 0xf3, 0xf3,
    0xf3, 0xf3, 0xf3, 0x3, 0x54, 0x5b, 0x5b, 0x5b,
    0x5b, 0x5b, 0x5b, 0x5b, 0x5b, 0x5b, 0x5b, 0x5b,
    0x5b, 0x5b, 0x5b, 0x5b, 0x5b, 0x5b, 0x1, 0x0,
    0x0, 0x0, 0x0, 0x0, 0x0, 0x0, 0x0, 0x0,
    0x0, 0x0, 0x0, 0x0, 0x0, 0x0, 0x0, 0x0,
    0x0, 0x0, 0x0, 0x0, 0x0, 0xf3, 0xf3, 0xf3,
    0xf3, 0xf3, 0xf3, 0xf3, 0xf3, 0xf3, 0xf3, 0xf3,
    0xf3, 0xf, 0x0, 0x0, 0x0, 0x0, 0x0, 0x0,
    0x4b, 0x4b, 0x4b, 0x4b, 0x4b, 0x4b, 0x4b, 0x4b,
    0x4b, 0x4b, 0x4b, 0x4b, 0x4, 0x0, 0x0, 0x0,
    0x0, 0x0, 0x0, 0x0, 0x0, 0x0, 0x0, 0x0,
    0x0, 0x0, 0x0, 0x0, 0x0, 0x0, 0x0, 0x0,
    0x0, 0x0, 0x0, 0x0, 0x0, 0x0, 0xf3, 0xf3,
    0xf3, 0xf3, 0xf3, 0xf3, 0xf3, 0xf3, 0xf3, 0xf3,
    0xf3, 0xf3, 0xf, 0x0, 0x0, 0x0, 0x0, 0x0,
    0x0, 0x4b, 0x4b, 0x4b, 0x4b, 0x4b, 0x4b, 0x4b,
    0x4b, 0x4b, 0x4b, 0x4b, 0x4b, 0x4, 0x0, 0x0,
    0x0, 0x0, 0x0, 0x0, 0x0, 0x0, 0x0, 0x0,
    0x0, 0x0, 0x0, 0x0, 0x0, 0x0, 0x0, 0x0,
    0x0, 0x0, 0x0, 0x0, 0x0, 0x0, 0x2f, 0xeb,
    0xeb, 0xeb, 0xeb, 0xeb, 0xeb, 0xeb, 0xeb, 0xeb,
    0xeb, 0xeb, 0xeb, 0x42, 0x0, 0x0, 0x0, 0x0,
    0x0, 0x33, 0xff, 0x8a, 0x5b, 0x5b, 0x5b, 0x5b,
    0x5b, 0x5b, 0x5b, 0x5b, 0x84, 0xff, 0x47, 0x0,
    0x0, 0x0, 0x0, 0x0, 0x33, 0xff, 0x47, 0x0,
    0x0, 0x0, 0x0, 0x0, 0x0, 0x0, 0x0, 0x3f,
    0xff, 0x47, 0x0, 0x0, 0x0, 0x0, 0x0, 0x33,
    0xff, 0x47, 0x0, 0x0, 0x0, 0x0, 0x0, 0x0,
    0x0, 0x0, 0x3f, 0xff, 0x47, 0x0, 0x0, 0x0,
    0x0, 0x0, 0x33, 0xff, 0x84, 0x53, 0x53, 0x53,
    0x53, 0x53, 0x53, 0x53, 0x53, 0x7e, 0xff, 0x47,
    0x0, 0x0, 0x0, 0x0, 0x0, 0x33, 0xff, 0xf7,
    0xf3, 0xf3, 0xf3, 0xf3, 0xf3, 0xf3, 0xf3, 0xf3,
    0xf2, 0xef, 0x43, 0x0, 0x0, 0x0,

    /* U+8B66 "警" */
    0x0, 0x0, 0x0, 0x6e, 0x8f, 0x0, 0x9, 0xc3,
    0x34, 0x0, 0x0, 0x0, 0x60, 0x8e, 0x0, 0x0,
    0x0, 0x0, 0x0, 0x0, 0x0, 0xd2, 0xe3, 0xf3,
    0xf8, 0xe3, 0xe5, 0xff, 0xeb, 0xe3, 0x80, 0x5,
    0xe1, 0x9c, 0x1f, 0x1f, 0x1f, 0x1f, 0x1f, 0x0,
    0x0, 0x16, 0x20, 0xbc, 0xa6, 0x17, 0x20, 0xcf,
    0x48, 0x17, 0xd, 0x68, 0xfe, 0xf3, 0xf3, 0xf3,
    0xfd, 0xfa, 0xf0, 0x0, 0x0, 0x0, 0x7c, 0xfe,
    0x98, 0x93, 0x93, 0x93, 0x93, 0x67, 0x42, 0xf8,
    0xfd, 0x48, 0x0, 0x17, 0xf6, 0x55, 0x0, 0x0,
    0x0, 0x43, 0xf6, 0x78, 0x57, 0x57, 0x57, 0x57,
    0xc5, 0xb2, 0xe5, 0x97, 0x7d, 0xe9, 0x19, 0xa2,
    0xd8, 0x2, 0x0, 0x0, 0x1c, 0xf5, 0xf1, 0xe9,
    0xd7, 0xdd, 0xfb, 0x0, 0xb8, 0x95, 0x21, 0x3,
    0x2, 0xbc, 0xe3, 0xf4, 0x2d, 0x0, 0x0, 0x0,
    0x0, 0x26, 0xa7, 0x6f, 0x0, 0x23, 0xfb, 0x0,
    0xd6, 0x7a, 0x0, 0x4, 0x56, 0xcd, 0xfd, 0xeb,
    0x63, 0x3, 0x0, 0x0, 0x0, 0x0, 0xa7, 0xe9,
    0xd7, 0xd7, 0xea, 0x70, 0xfd, 0x4b, 0x37, 0xe2,
    0xfc, 0x9b, 0x18, 0x76, 0xf5, 0xe1, 0x8c, 0x9,
    0x0, 0x0, 0x46, 0x2f, 0x0, 0x0, 0x41, 0x9e,
    0x6f, 0xbb, 0x76, 0x70, 0x1b, 0x0, 0x0, 0x0,
    0x15, 0x6f, 0x7e, 0x0, 0x0, 0x7a, 0xc3, 0xc3,
    0xc3, 0xc3, 0xc3, 0xc3, 0xc3, 0xed, 0xf9, 0xc3,
    0xc3, 0xc3, 0xc3, 0xc3, 0xc3, 0xc3, 0x77, 0x0,
    0x0, 0x2c, 0x47, 0x47, 0x47, 0x47, 0x47, 0x47,
    0x47, 0x47, 0x47, 0x47, 0x47, 0x47, 0x47, 0x47,
    0x47, 0x47, 0x2b, 0x0, 0x0, 0x0, 0x0, 0x1f,
    0xc7, 0xc7, 0xc7, 0xc7, 0xc7, 0xc7, 0xc7, 0xc7,
    0xc7, 0xc7, 0xc7, 0xc7, 0x2b, 0x0, 0x0, 0x0,
    0x0, 0x0, 0x0, 0x6, 0x27, 0x27, 0x27, 0x27,
    0x27, 0x27, 0x27, 0x27, 0x27, 0x27, 0x27, 0x27,
    0x8, 0x0, 0x0, 0x0, 0x0, 0x0, 0x0, 0x23,
    0xe3, 0xe3, 0xe3, 0xe3, 0xe3, 0xe3, 0xe3, 0xe3,
    0xe3, 0xe3, 0xe3, 0xe3, 0x31, 0x0, 0x0, 0x0,
    0x0, 0x0, 0x0, 0x0, 0x0, 0x0, 0x0, 0x0,
    0x0, 0x0, 0x0, 0x0, 0x0, 0x0, 0x0, 0x0,
    0x0, 0x0, 0x0, 0x0, 0x0, 0x0, 0x0, 0x4b,
    0xff, 0xea, 0xe7, 0xe7, 0xe7, 0xe7, 0xe7, 0xe7,
    0xe7, 0xe7, 0xe9, 0xff, 0x67, 0x0, 0x0, 0x0,
    0x0, 0x0, 0x0, 0x4b, 0xff, 0x1f, 0x0, 0x0,
    0x0, 0x0, 0x0, 0x0, 0x0, 0x0, 0xf, 0xff,
    0x67, 0x0, 0x0, 0x0, 0x0, 0x0, 0x0, 0x4b,
    0xff, 0xe7, 0xe3, 0xe3, 0xe3, 0xe3, 0xe3, 0xe3,
    0xe3, 0xe3, 0xe5, 0xfb, 0x66, 0x0, 0x0, 0x0,

    /* U+8BA4 "认" */
    0x0, 0x0, 0x15, 0x16, 0x0, 0x0, 0x0, 0x0,
    0x0, 0x0, 0x0, 0x4f, 0xbf, 0x13, 0x0, 0x0,
    0x0, 0x0, 0x0, 0x0, 0x0, 0xbb, 0xdc, 0x24,
    0x0, 0x0, 0x0, 0x0, 0x0, 0x0, 0x6d, 0xff,
    0x13, 0x0, 0x0, 0x0, 0x0, 0x0, 0x0, 0x0,
    0x1f, 0xdc, 0xe9, 0x2e, 0x0, 0x0, 0x0, 0x0,
    0x0, 0x71, 0xff, 0xc, 0x0, 0x0, 0x0, 0x0,
    0x0, 0x0, 0x0, 0x0, 0x1b, 0xdf, 0xce, 0x0,
    0x0, 0x0, 0x0, 0x0, 0x76, 0xff, 0x6, 0x0,
    0x0, 0x0, 0x0, 0x0, 0x0, 0x0, 0x0, 0x0,
    0x22, 0x23, 0x0, 0x0, 0x0, 0x0, 0x0, 0x7a,
    0xff, 0x0, 0x0, 0x0, 0x0, 0x0, 0x0, 0x0,
    0x0, 0x0, 0x0, 0x0, 0x0, 0x0, 0x0, 0x0,
    0x0, 0x0, 0x84, 0xf9, 0x0, 0x0, 0x0, 0x0,
    0x0, 0x0, 0x70, 0x7b, 0x7b, 0x7b, 0x72, 0x0,
    0x0, 0x0, 0x0, 0x0, 0x0, 0x9f, 0xf9, 0x1,
    0x0, 0x0, 0x0, 0x0, 0x0, 0xdd, 0xf3, 0xf3,
    0xfa, 0xeb, 0x0, 0x0, 0x0, 0x0, 0x0, 0x0,
    0xbb, 0xff, 0x1d, 0x0, 0x0, 0x0, 0x0, 0x0,
    0x0, 0x0, 0x0, 0x8b, 0xeb, 0x0, 0x0, 0x0,
    0x0, 0x0, 0x0, 0xd7, 0xff, 0x4f, 0x0, 0x0,
    0x0, 0x0, 0x0, 0x0, 0x0, 0x0, 0x8b, 0xeb,
    0x0, 0x0, 0x0, 0x0, 0x0, 0x0, 0xf3, 0xff,
    0x93, 0x0, 0x0, 0x0, 0x0, 0x0, 0x0, 0x0,
    0x0, 0x8b, 0xeb, 0x0, 0x0, 0x0, 0x0, 0x0,
    0x1e, 0xff, 0xeb, 0xdd, 0x0, 0x0, 0x0, 0x0,
    0x0, 0x0, 0x0, 0x0, 0x8b, 0xeb, 0x0, 0x0,
    0x0, 0x0, 0x0, 0x63, 0xff, 0x67, 0xff, 0x2a,
    0x0, 0x0, 0x0, 0x0, 0x0, 0x0, 0x0, 0x8b,
    0xeb, 0x0, 0x0, 0x0, 0x0, 0x0, 0xb1, 0xde,
    0x5, 0xec, 0xa0, 0x0, 0x0, 0x0, 0x0, 0x0,
    0x0, 0x0, 0x8b, 0xeb, 0x0, 0x4d, 0x74, 0x0,
    0x22, 0xfd, 0x7f, 0x0, 0x83, 0xfc, 0x27, 0x0,
    0x0, 0x0, 0x0, 0x0, 0x0, 0x8d, 0xf1, 0xa1,
    0xff, 0x85, 0x0, 0x9f, 0xf9, 0x18, 0x0, 0x16,
    0xf6, 0xa7, 0x0, 0x0, 0x0, 0x0, 0x0, 0x0,
    0xc4, 0xff, 0xe8, 0x4a, 0x0, 0x50, 0xff, 0x87,
    0x0, 0x0, 0x0, 0x72, 0xff, 0x5c, 0x0, 0x0,
    0x0, 0x0, 0x59, 0xff, 0xb6, 0x16, 0x0, 0x3e,
    0xf0, 0xd1, 0x6, 0x0, 0x0, 0x0, 0x1, 0xbf,
    0xf7, 0x50, 0x0, 0x0, 0x0, 0x20, 0x7b, 0x1,
    0x0, 0x25, 0xf8, 0xd7, 0x1d, 0x0, 0x0, 0x0,
    0x0, 0x0, 0x10, 0xc1, 0xfe, 0x3d, 0x0, 0x0,
    0x0, 0x0, 0x0, 0x0, 0x0, 0x59, 0x14, 0x0,
    0x0, 0x0, 0x0, 0x0, 0x0, 0x0, 0x7, 0x5d,
    0x0,

    /* U+8BD1 "译" */
    0x0, 0x0, 0x27, 0x31, 0x0, 0x0, 0x0, 0x0,
    0x0, 0x0, 0x0, 0x0, 0x0, 0x0, 0x0, 0x0,
    0x0, 0x0, 0x0, 0x0, 0x0, 0x0, 0xbb, 0xe1,
    0x13, 0x0, 0x0, 0x90, 0xf3, 0xf3, 0xf3, 0xf3,
    0xf3, 0xf3, 0xf3, 0xf3, 0xf3, 0xd7, 0xc, 0x0,
    0x0, 0x0, 0x21, 0xf1, 0xb1, 0x0, 0x0, 0x38,
    0x65, 0xf5, 0xb6, 0x5f, 0x5f, 0x5f, 0x5f, 0x81,
    0xff, 0x95, 0x0, 0x0, 0x0, 0x0, 0x0, 0x6a,
    0xff, 0x4f, 0x0, 0x0, 0x0, 0x6f, 0xf7, 0x2e,
    0x0, 0x0, 0xb, 0xd1, 0xe3, 0xe, 0x0, 0x0,
    0x0, 0x0, 0x0, 0x3, 0x8b, 0xf, 0x0, 0x0,
    0x0, 0x2, 0xbb, 0xe3, 0x29, 0x13, 0xc3, 0xf0,
    0x38, 0x0, 0x0, 0x0, 0x0, 0x0, 0x0, 0x0,
    0x0, 0x0, 0x0, 0x0, 0x0, 0x0, 0xc, 0xc8,
    0xeb, 0xdc, 0xee, 0x34, 0x0, 0x0, 0x0, 0x0,
    0x7, 0x7f, 0x7f, 0x7f, 0x7f, 0x19, 0x0, 0x0,
    0x0, 0x0, 0x32, 0xa7, 0xff, 0xff, 0xba, 0x2f,
    0x0, 0x0, 0x0, 0x0, 0xf, 0xf3, 0xf3, 0xf7,
    0xff, 0x33, 0x5, 0x3b, 0x7d, 0xcc, 0xff, 0xda,
    0x68, 0x56, 0xc9, 0xff, 0xc6, 0x79, 0x38, 0x4,
    0x0, 0x0, 0x0, 0x43, 0xff, 0x33, 0x52, 0xff,
    0xf4, 0xad, 0x51, 0x2, 0xae, 0x9d, 0x0, 0x3b,
    0x8b, 0xd3, 0xe6, 0x1e, 0x0, 0x0, 0x0, 0x43,
    0xff, 0x33, 0x0, 0x42, 0x8, 0x0, 0x0, 0x0,
    0xc7, 0xb3, 0x0, 0x0, 0x0, 0x0, 0x6, 0x0,
    0x0, 0x0, 0x0, 0x43, 0xff, 0x33, 0x0, 0x0,
    0x4c, 0x63, 0x63, 0x63, 0xdd, 0xd1, 0x63, 0x63,
    0x63, 0x46, 0x0, 0x0, 0x0, 0x0, 0x0, 0x43,
    0xff, 0x33, 0x0, 0x0, 0xba, 0xf3, 0xf3, 0xf3,
    0xfd, 0xfc, 0xf3, 0xf3, 0xf3, 0xab, 0x0, 0x0,
    0x0, 0x0, 0x0, 0x43, 0xff, 0x33, 0x0, 0x0,
    0x0, 0x0, 0x0, 0x0, 0xc7, 0xb3, 0x0, 0x0,
    0x0, 0x0, 0x0, 0x0, 0x0, 0x0, 0x0, 0x43,
    0xff, 0x33, 0x9, 0x0, 0x0, 0x0, 0x0, 0x0,
    0xc7, 0xb3, 0x0, 0x0, 0x0, 0x0, 0x0, 0x0,
    0x0, 0x0, 0x0, 0x45, 0xff, 0x72, 0xe1, 0xf1,
    0xff, 0xff, 0xff, 0xff, 0xff, 0xff, 0xff, 0xff,
    0xff, 0xff, 0xff, 0x0, 0x0, 0x0, 0x0, 0x79,
    0xff, 0xfe, 0x9b, 0x54, 0x57, 0x57, 0x57, 0x57,
    0xdb, 0xce, 0x57, 0x57, 0x57, 0x57, 0x57, 0x0,
    0x0, 0x0, 0x11, 0xeb, 0xd8, 0x3d, 0x0, 0x0,
    0x0, 0x0, 0x0, 0x0, 0xc7, 0xb3, 0x0, 0x0,
    0x0, 0x0, 0x0, 0x0, 0x0, 0x0, 0x0, 0x51,
    0x9, 0x0, 0x0, 0x0, 0x0, 0x0, 0x0, 0x0,
    0xc7, 0xb3, 0x0, 0x0, 0x0, 0x0, 0x0, 0x0,

    /* U+8BED "语" */
    0x0, 0x0, 0xd, 0x4, 0x0, 0x0, 0x0, 0x13,
    0x13, 0x13, 0x13, 0x13, 0x13, 0x13, 0x13, 0x13,
    0x13, 0x13, 0x8, 0x0, 0x0, 0x0, 0xc1, 0xb3,
    0x8, 0x0, 0x0, 0xf7, 0xff, 0xff, 0xff, 0xff,
    0xff, 0xff, 0xff, 0xff, 0xff, 0xff, 0x67, 0x0,
    0x0, 0x0, 0x43, 0xf5, 0xbd, 0x7, 0x0, 0x41,
    0x43, 0x43, 0x48, 0xfd, 0xa6, 0x43, 0x43, 0x43,
    0x43, 0x43, 0x1b, 0x0, 0x0, 0x0, 0x0, 0x43,
    0xfa, 0xa4, 0x0, 0x0, 0x0, 0x0, 0x2e, 0xff,
    0x59, 0x0, 0x0, 0x0, 0x0, 0x0, 0x0, 0x0,
    0x0, 0x0, 0x0, 0x0, 0x62, 0x5d, 0x0, 0x15,
    0x57, 0x57, 0x91, 0xff, 0x77, 0x57, 0x57, 0x59,
    0x61, 0x9, 0x0, 0x0, 0x0, 0x0, 0x0, 0x0,
    0x0, 0x0, 0x0, 0x3c, 0xf3, 0xf3, 0xfc, 0xfe,
    0xf3, 0xf3, 0xf3, 0xf9, 0xff, 0xa, 0x0, 0x0,
    0xa, 0x6f, 0x6f, 0x6f, 0x6f, 0x8, 0x0, 0x0,
    0x0, 0x0, 0xd0, 0xb5, 0x0, 0x0, 0x0, 0x7b,
    0xee, 0x0, 0x0, 0x0, 0x17, 0xfb, 0xfb, 0xfd,
    0xff, 0x13, 0x0, 0x0, 0x0, 0x14, 0xfe, 0x76,
    0x0, 0x0, 0x0, 0x96, 0xd4, 0x0, 0x0, 0x0,
    0x0, 0x0, 0x0, 0x4f, 0xff, 0x13, 0x45, 0x67,
    0x67, 0x93, 0xff, 0x91, 0x67, 0x67, 0x67, 0xce,
    0xd9, 0x67, 0x67, 0x8, 0x0, 0x0, 0x0, 0x4f,
    0xff, 0x13, 0xa3, 0xf3, 0xf3, 0xf3, 0xf3, 0xf3,
    0xf3, 0xf3, 0xf3, 0xf3, 0xf3, 0xf3, 0xf3, 0x13,
    0x0, 0x0, 0x0, 0x4f, 0xff, 0x13, 0x0, 0x0,
    0x0, 0x0, 0x0, 0x0, 0x0, 0x0, 0x0, 0x0,
    0x0, 0x0, 0x0, 0x0, 0x0, 0x0, 0x0, 0x4f,
    0xff, 0x13, 0x0, 0x1, 0x63, 0x63, 0x63, 0x63,
    0x63, 0x63, 0x63, 0x63, 0x63, 0x47, 0x0, 0x0,
    0x0, 0x0, 0x0, 0x4f, 0xff, 0x13, 0x0, 0x3,
    0xff, 0xf9, 0xf3, 0xf3, 0xf3, 0xf3, 0xf3, 0xf3,
    0xfd, 0xb7, 0x0, 0x0, 0x0, 0x0, 0x0, 0x4f,
    0xff, 0x13, 0x0, 0x19, 0xff, 0x6b, 0x0, 0x0,
    0x0, 0x0, 0x0, 0x0, 0xc3, 0xb7, 0x0, 0x0,
    0x0, 0x0, 0x0, 0x4f, 0xff, 0x26, 0xac, 0xab,
    0xff, 0x6b, 0x0, 0x0, 0x0, 0x0, 0x0, 0x0,
    0xc3, 0xb7, 0x0, 0x0, 0x0, 0x0, 0x0, 0x5f,
    0xff, 0xec, 0xe1, 0x41, 0xff, 0x6b, 0x0, 0x0,
    0x0, 0x0, 0x0, 0x0, 0xc3, 0xb7, 0x0, 0x0,
    0x0, 0x0, 0x0, 0xbf, 0xff, 0xad, 0x11, 0x3,
    0xff, 0xa1, 0x5b, 0x5b, 0x5b, 0x5b, 0x5b, 0x5b,
    0xd9, 0xb7, 0x0, 0x0, 0x0, 0x0, 0x0, 0xa1,
    0x70, 0x0, 0x0, 0x3, 0xff, 0xf9, 0xf3, 0xf3,
    0xf3, 0xf3, 0xf3, 0xf3, 0xf3, 0xaf, 0x0, 0x0,
    0x0, 0x0, 0x0, 0x3, 0x0, 0x0, 0x0, 0x0,
    0x0, 0x0, 0x0, 0x0, 0x0, 0x0, 0x0, 0x0,
    0x0, 0x0, 0x0, 0x0,

    /* U+8DF3 "跳" */
    0x0, 0x0, 0x0, 0x0, 0x0, 0x0, 0x0, 0x0,
    0x0, 0x0, 0x2, 0x1b, 0x8, 0x0, 0x1b, 0xc,
    0x0, 0x0, 0x0, 0x0, 0x0, 0x0, 0x0, 0x0,
    0x0, 0x0, 0x0, 0x0, 0x0, 0x0, 0x13, 0xff,
    0x4b, 0x0, 0xfb, 0x6f, 0x0, 0x0, 0x0, 0x0,
    0x0, 0x40, 0xf3, 0xf3, 0xf3, 0xf3, 0xf3, 0x63,
    0x0, 0x0, 0x13, 0xff, 0x4b, 0x0, 0xfb, 0x6f,
    0x0, 0x0, 0x0, 0x0, 0x0, 0x43, 0xff, 0x53,
    0x53, 0x53, 0xed, 0x67, 0x1e, 0x0, 0x13, 0xff,
    0x4b, 0x0, 0xfb, 0x6f, 0x0, 0x29, 0x11, 0x0,
    0x0, 0x43, 0xff, 0x0, 0x0, 0x0, 0xe3, 0x7e,
    0xf9, 0x50, 0x13, 0xff, 0x4b, 0x0, 0xfb, 0x6f,
    0x0, 0xbd, 0xd7, 0x1, 0x0, 0x43, 0xff, 0x0,
    0x0, 0x0, 0xe3, 0x67, 0xa5, 0xd7, 0x17, 0xff,
    0x4b, 0x0, 0xfb, 0x6f, 0x29, 0xff, 0x67, 0x0,
    0x0, 0x43, 0xff, 0x0, 0x0, 0x0, 0xe3, 0x67,
    0x2d, 0xff, 0x5d, 0xff, 0x4b, 0x0, 0xfb, 0x6f,
    0xa4, 0xda, 0x4, 0x0, 0x0, 0x43, 0xff, 0xf3,
    0xf3, 0xf3, 0xfe, 0x67, 0x0, 0xd9, 0xb5, 0xff,
    0x4b, 0x0, 0xfb, 0x9e, 0xfd, 0x4a, 0x0, 0x0,
    0x0, 0x16, 0x53, 0x53, 0xf2, 0x8c, 0x53, 0x22,
    0x0, 0x5a, 0x53, 0xff, 0x4b, 0x0, 0xfb, 0xa3,
    0x87, 0x0, 0x0, 0x0, 0x0, 0x4, 0x12, 0x0,
    0xeb, 0x53, 0x0, 0x0, 0x0, 0x0, 0x14, 0xff,
    0x49, 0x0, 0xfb, 0x6f, 0x0, 0x0, 0x0, 0x0,
    0x0, 0x37, 0xe7, 0x0, 0xeb, 0x6c, 0x23, 0x11,
    0x0, 0x0, 0x17, 0xff, 0x3e, 0x0, 0xfb, 0xd0,
    0x36, 0x0, 0x0, 0x0, 0x0, 0x37, 0xe7, 0x0,
    0xeb, 0xff, 0xff, 0x7b, 0x0, 0x31, 0xc9, 0xff,
    0x33, 0x0, 0xfb, 0xf1, 0xf8, 0x60, 0x0, 0x0,
    0x0, 0x37, 0xe7, 0x0, 0xeb, 0x76, 0x33, 0x2d,
    0x94, 0xfc, 0xd6, 0xff, 0x18, 0x0, 0xfb, 0x74,
    0x96, 0xff, 0x79, 0x0, 0x0, 0x37, 0xe7, 0x0,
    0xeb, 0x53, 0x0, 0xb1, 0xf5, 0x67, 0x66, 0xe3,
    0x0, 0x0, 0xfb, 0x6f, 0x0, 0x7c, 0xf3, 0x20,
    0x0, 0x37, 0xe7, 0x0, 0xeb, 0x53, 0x0, 0x20,
    0x26, 0x0, 0xab, 0xaf, 0x0, 0x0, 0xfb, 0x6f,
    0x0, 0x0, 0x1b, 0x0, 0x0, 0x37, 0xe7, 0x1,
    0xed, 0x9f, 0xa3, 0xc0, 0x0, 0x1e, 0xfb, 0x46,
    0x0, 0x0, 0xfb, 0x6f, 0x0, 0x0, 0x52, 0x6,
    0x15, 0x8f, 0xfa, 0xeb, 0xff, 0xe9, 0xa9, 0x65,
    0x6, 0xc6, 0xc0, 0x0, 0x0, 0x0, 0xfb, 0x70,
    0x0, 0x0, 0xf0, 0x52, 0x19, 0xee, 0xaf, 0x6d,
    0x2b, 0x0, 0x0, 0x23, 0xbe, 0xf2, 0x2f, 0x0,
    0x0, 0x0, 0xed, 0xb9, 0x5f, 0x6f, 0xff, 0x2d,
    0x0, 0x2, 0x0, 0x0, 0x0, 0x0, 0x0, 0xbf,
    0xe3, 0x3a, 0x0, 0x0, 0x0, 0x0, 0x87, 0xf7,
    0xff, 0xfd, 0xb3, 0x0, 0x0, 0x0, 0x0, 0x0,
    0x0, 0x0, 0x0, 0x13, 0xf, 0x0, 0x0, 0x0,
    0x0, 0x0, 0x0, 0x0, 0x0, 0x0, 0x0, 0x0,

    /* U+8F6C "转" */
    0x0, 0x0, 0x0, 0x0, 0xa9, 0x4b, 0x0, 0x0,
    0x0, 0x0, 0x0, 0x0, 0x0, 0x73, 0x99, 0x0,
    0x0, 0x0, 0x0, 0x0, 0x0, 0x0, 0x0, 0x22,
    0xff, 0x59, 0x0, 0x0, 0x0, 0x0, 0x0, 0x0,
    0x0, 0xd1, 0xb6, 0x0, 0x0, 0x0, 0x0, 0x0,
    0x8, 0x6f, 0x6f, 0x99, 0xff, 0x87, 0x6f, 0x6f,
    0x26, 0x4e, 0x6f, 0x6f, 0x73, 0xfe, 0xb9, 0x6f,
    0x6f, 0x6f, 0x32, 0x0, 0x13, 0xf3, 0xf3, 0xfc,
    0xfb, 0xf3, 0xf3, 0xf3, 0x53, 0xab, 0xf3, 0xf3,
    0xf9, 0xff, 0xf4, 0xf3, 0xf3, 0xf3, 0x6e, 0x0,
    0x0, 0x0, 0x0, 0xde, 0x7d, 0x0, 0x0, 0x0,
    0x0, 0x0, 0x0, 0x0, 0x9c, 0xeb, 0x1, 0x0,
    0x0, 0x0, 0x0, 0x0, 0x0, 0x0, 0x2d, 0xff,
    0x48, 0xdb, 0x41, 0x0, 0x0, 0x0, 0x0, 0x0,
    0xdd, 0xab, 0x0, 0x0, 0x0, 0x0, 0x0, 0x0,
    0x0, 0x0, 0x80, 0xd3, 0x23, 0xff, 0x4b, 0x0,
    0x3c, 0x7b, 0x7b, 0x83, 0xff, 0xbb, 0x7b, 0x7b,
    0x7b, 0x7b, 0x7b, 0x17, 0x0, 0x3, 0xdf, 0x6f,
    0x23, 0xff, 0x4b, 0x0, 0x74, 0xef, 0xef, 0xf8,
    0xff, 0xef, 0xef, 0xef, 0xef, 0xef, 0xef, 0x2c,
    0x0, 0x63, 0xfd, 0x3a, 0x46, 0xff, 0x68, 0x27,
    0xe, 0x0, 0x0, 0xbb, 0xd0, 0x0, 0x0, 0x0,
    0x0, 0x0, 0x0, 0x0, 0x0, 0xaf, 0xff, 0xff,
    0xff, 0xff, 0xff, 0xff, 0x5b, 0x0, 0x13, 0xfb,
    0x7c, 0x0, 0x0, 0x0, 0x0, 0x2, 0x0, 0x0,
    0x0, 0x23, 0x26, 0x18, 0x38, 0xff, 0x5c, 0x17,
    0x8, 0x0, 0x69, 0xff, 0xf7, 0xf3, 0xf3, 0xf3,
    0xf3, 0xeb, 0x26, 0x0, 0x0, 0x0, 0x0, 0x0,
    0x23, 0xff, 0x4b, 0x0, 0x0, 0x0, 0x4b, 0x6f,
    0x6f, 0x6f, 0x6f, 0x8d, 0xff, 0xa2, 0x0, 0x0,
    0x0, 0x0, 0x0, 0x0, 0x33, 0xff, 0x96, 0x8c,
    0xad, 0x0, 0x0, 0x0, 0x0, 0x0, 0x7, 0xca,
    0xd7, 0xb, 0x0, 0x0, 0x13, 0x9b, 0xc3, 0xec,
    0xff, 0xff, 0xe6, 0xb3, 0x83, 0x0, 0x5, 0x87,
    0x35, 0x0, 0x9b, 0xf1, 0x28, 0x0, 0x0, 0x0,
    0x3, 0xbe, 0x9a, 0x6d, 0x5e, 0xff, 0x4b, 0x0,
    0x0, 0x0, 0x18, 0xb9, 0xfe, 0xbf, 0xfe, 0x4e,
    0x0, 0x0, 0x0, 0x0, 0x0, 0x0, 0x0, 0x0,
    0x23, 0xff, 0x4b, 0x0, 0x0, 0x0, 0x0, 0x0,
    0x5d, 0xeb, 0xf1, 0x47, 0x0, 0x0, 0x0, 0x0,
    0x0, 0x0, 0x0, 0x0, 0x23, 0xff, 0x4b, 0x0,
    0x0, 0x0, 0x0, 0x0, 0x0, 0x15, 0xb8, 0xfe,
    0x86, 0x2, 0x0, 0x0, 0x0, 0x0, 0x0, 0x0,
    0x23, 0xff, 0x4b, 0x0, 0x0, 0x0, 0x0, 0x0,
    0x0, 0x0, 0x1, 0x85, 0xb8, 0x5, 0x0, 0x0,
    0x0, 0x0, 0x0, 0x0, 0x0, 0x0, 0x0, 0x0,
    0x0, 0x0, 0x0, 0x0, 0x0, 0x0, 0x0, 0x0,
    0x3, 0x0, 0x0, 0x0,

    /* U+8F6E "轮" */
    0x0, 0x0, 0x0, 0x2d, 0xa9, 0x1b, 0x0, 0x0,
    0x0, 0x0, 0x0, 0x0, 0x4c, 0xb8, 0x2a, 0x0,
    0x0, 0x0, 0x0, 0x0, 0x0, 0x0, 0x0, 0x63,
    0xfc, 0xb, 0x0, 0x0, 0x0, 0x0, 0x0, 0x0,
    0xc4, 0xff, 0x4d, 0x0, 0x0, 0x0, 0x0, 0x0,
    0x6, 0x6f, 0x6f, 0xbc, 0xeb, 0x6f, 0x6f, 0x6f,
    0x1, 0x0, 0x0, 0x4a, 0xff, 0xeb, 0xda, 0x6,
    0x0, 0x0, 0x0, 0x0, 0xf, 0xff, 0xff, 0xff,
    0xff, 0xff, 0xff, 0xff, 0x3, 0x0, 0x7, 0xdc,
    0xc5, 0x25, 0xf4, 0x91, 0x0, 0x0, 0x0, 0x0,
    0x0, 0x0, 0xf, 0xfc, 0x48, 0x0, 0x0, 0x0,
    0x0, 0x0, 0x9b, 0xf8, 0x29, 0x0, 0x67, 0xff,
    0x57, 0x0, 0x0, 0x0, 0x0, 0x0, 0x52, 0xf5,
    0x58, 0xdc, 0x0, 0x0, 0x0, 0x6b, 0xff, 0x7a,
    0x0, 0x0, 0x0, 0xb6, 0xf9, 0x46, 0x0, 0x0,
    0x0, 0x0, 0x9c, 0xaf, 0x5b, 0xfb, 0x0, 0x0,
    0x6c, 0xfe, 0x9a, 0x1, 0x0, 0x0, 0x0, 0x12,
    0xd7, 0xf6, 0x5a, 0x0, 0x0, 0x8, 0xee, 0x56,
    0x5b, 0xfb, 0x0, 0x45, 0xff, 0x9d, 0x77, 0x49,
    0x0, 0x0, 0x0, 0x0, 0x1e, 0xda, 0xe1, 0xb,
    0x0, 0x6a, 0xfc, 0x51, 0x8a, 0xfd, 0x47, 0x47,
    0x62, 0x2, 0xeb, 0x93, 0x0, 0x0, 0x0, 0x13,
    0x42, 0x15, 0x26, 0x0, 0x0, 0xb6, 0xff, 0xff,
    0xff, 0xff, 0xff, 0xfb, 0x0, 0x0, 0xeb, 0x93,
    0x0, 0x0, 0x48, 0xe6, 0xf7, 0x20, 0x0, 0x0,
    0x0, 0x24, 0x20, 0x14, 0x68, 0xfc, 0x13, 0x13,
    0x0, 0x0, 0xeb, 0x93, 0x1b, 0xa5, 0xff, 0xd8,
    0x42, 0x0, 0x0, 0x0, 0x0, 0x0, 0x0, 0x0,
    0x5b, 0xfb, 0x0, 0x0, 0x0, 0x0, 0xeb, 0xd8,
    0xf3, 0xf0, 0x79, 0x6, 0x0, 0x0, 0x0, 0x0,
    0x0, 0x0, 0x0, 0x0, 0x5b, 0xfc, 0x56, 0x83,
    0x31, 0x0, 0xeb, 0xf5, 0x88, 0x12, 0x0, 0x0,
    0x0, 0x0, 0x0, 0x0, 0x10, 0x7c, 0xa6, 0xcf,
    0xf7, 0xff, 0xfb, 0xd1, 0x3d, 0x0, 0xeb, 0x94,
    0x0, 0x0, 0x0, 0x0, 0x0, 0x2, 0x0, 0x0,
    0x8, 0xf4, 0xd1, 0xa0, 0xa8, 0xfc, 0x9, 0x0,
    0x0, 0x0, 0xeb, 0x93, 0x0, 0x0, 0x0, 0x0,
    0x0, 0xd7, 0x46, 0x0, 0x0, 0x4, 0x0, 0x0,
    0x5b, 0xfb, 0x0, 0x0, 0x0, 0x0, 0xeb, 0x95,
    0x0, 0x0, 0x0, 0x0, 0x9, 0xfe, 0x5c, 0x0,
    0x0, 0x0, 0x0, 0x0, 0x5b, 0xfb, 0x0, 0x0,
    0x0, 0x0, 0xd7, 0xd9, 0x5f, 0x5b, 0x5b, 0x5b,
    0x93, 0xff, 0x2a, 0x0, 0x0, 0x0, 0x0, 0x0,
    0x5b, 0xfb, 0x0, 0x0, 0x0, 0x0, 0x58, 0xe2,
    0xfc, 0xff, 0xff, 0xff, 0xf1, 0x91, 0x0, 0x0,

    /* U+8F7D "载" */
    0x0, 0x0, 0x0, 0x0, 0xf, 0xcb, 0x49, 0x0,
    0x0, 0x0, 0x0, 0x9d, 0x7e, 0x0, 0x2b, 0x5,
    0x0, 0x0, 0x0, 0x0, 0x2f, 0x33, 0x33, 0x43,
    0xff, 0x7d, 0x33, 0x33, 0x2e, 0x0, 0xc9, 0xa7,
    0x10, 0xe5, 0xb9, 0xc, 0x0, 0x0, 0x0, 0xe7,
    0xff, 0xff, 0xff, 0xff, 0xff, 0xff, 0xff, 0xe3,
    0x0, 0xc4, 0xab, 0x0, 0x27, 0xe8, 0xb8, 0x4,
    0x0, 0x0, 0x0, 0x0, 0x0, 0x13, 0xff, 0x5b,
    0x0, 0x0, 0x0, 0x0, 0xbe, 0xae, 0x0, 0x0,
    0x3b, 0xaf, 0x10, 0x0, 0x3e, 0x43, 0x43, 0x43,
    0x52, 0xff, 0x87, 0x43, 0x43, 0x43, 0x43, 0xcc,
    0xc7, 0x43, 0x43, 0x43, 0x43, 0x43, 0x1, 0xe0,
    0xf3, 0xf3, 0xf3, 0xf3, 0xf3, 0xf3, 0xf3, 0xf3,
    0xf3, 0xf3, 0xfb, 0xfd, 0xf3, 0xf3, 0xf3, 0xf3,
    0xf3, 0x3, 0x0, 0x0, 0x0, 0x3f, 0xd9, 0x33,
    0x0, 0x0, 0x0, 0x0, 0x0, 0x9a, 0xd3, 0x0,
    0x0, 0x0, 0x0, 0x0, 0x0, 0x9, 0xf, 0xf,
    0xa1, 0xef, 0x17, 0xf, 0xf, 0xf, 0xf, 0xa,
    0x81, 0xe9, 0x0, 0x0, 0x65, 0xc8, 0x4, 0x0,
    0x9f, 0xff, 0xff, 0xff, 0xff, 0xff, 0xff, 0xff,
    0xff, 0xff, 0xa7, 0x68, 0xfd, 0x3, 0x0, 0xb9,
    0xb4, 0x0, 0x0, 0x1d, 0x2f, 0xa0, 0xee, 0x36,
    0x6f, 0xe7, 0x3b, 0x2f, 0x2f, 0x1f, 0x4f, 0xff,
    0x19, 0x11, 0xfa, 0x59, 0x0, 0x0, 0x0, 0x10,
    0xed, 0x77, 0x0, 0x57, 0xff, 0xf, 0x0, 0x0,
    0x0, 0x31, 0xff, 0x3e, 0x74, 0xf4, 0xa, 0x0,
    0x0, 0x1, 0xa7, 0xfc, 0x66, 0x5b, 0x94, 0xff,
    0x66, 0x5b, 0x5b, 0x15, 0x7, 0xfa, 0x6d, 0xe4,
    0x8c, 0x0, 0x0, 0x0, 0x0, 0xd0, 0xf9, 0xf0,
    0xef, 0xf5, 0xff, 0xf0, 0xef, 0xef, 0x38, 0x0,
    0xce, 0xe3, 0xf1, 0x13, 0x0, 0x0, 0x0, 0x0,
    0xe, 0x0, 0x0, 0x0, 0x57, 0xff, 0xf, 0x0,
    0x0, 0x0, 0x0, 0x9b, 0xff, 0x7e, 0x0, 0x0,
    0x9, 0x0, 0x4, 0x14, 0x26, 0x38, 0x4a, 0x93,
    0xff, 0x88, 0x93, 0xa7, 0x82, 0xd, 0xcd, 0xff,
    0x3c, 0x0, 0x1, 0xe3, 0x23, 0xa3, 0xff, 0xfe,
    0xec, 0xd5, 0xd8, 0xff, 0x98, 0x7c, 0x66, 0x44,
    0xbd, 0xe4, 0xe3, 0xbc, 0x1, 0x1c, 0xff, 0x1d,
    0x17, 0x18, 0x4, 0x0, 0x0, 0x57, 0xff, 0xf,
    0x0, 0x25, 0xd0, 0xd8, 0x1e, 0x52, 0xff, 0xbd,
    0xac, 0xe3, 0x1, 0x0, 0x0, 0x0, 0x0, 0x0,
    0x57, 0xff, 0xf, 0x0, 0x78, 0xca, 0x14, 0x0,
    0x0, 0x60, 0xe1, 0xed, 0x59, 0x0, 0x0, 0x0,
    0x0, 0x0, 0x0, 0x0, 0x0, 0x0, 0x0, 0x0,
    0x4, 0x0, 0x0, 0x0, 0x0, 0x0, 0x0, 0x0,
    0x0,

    /* U+8F91 "辑" */
    0x0, 0x0, 0x0, 0x1f, 0xac, 0x2c, 0x0, 0x0,
    0x0, 0xe, 0x27, 0x27, 0x27, 0x27, 0x27, 0x27,
    0x27, 0x18, 0x0, 0x0, 0x0, 0x0, 0x54, 0xff,
    0x28, 0x0, 0x0, 0x0, 0x5b, 0xff, 0xfc, 0xfb,
    0xfb, 0xfb, 0xfb, 0xff, 0x9f, 0x0, 0x6, 0x6f,
    0x6f, 0xb4, 0xfd, 0x71, 0x6f, 0x6f, 0x1a, 0x5b,
    0xff, 0x3, 0x0, 0x0, 0x0, 0x0, 0xd7, 0x9f,
    0x0, 0xf, 0xff, 0xff, 0xff, 0xff, 0xff, 0xff,
    0xff, 0x3b, 0x5b, 0xff, 0x3, 0x0, 0x0, 0x0,
    0x0, 0xd7, 0x9f, 0x0, 0x0, 0x0, 0xa, 0xf7,
    0x64, 0x0, 0x0, 0x0, 0x0, 0x46, 0xc3, 0xc3,
    0xc3, 0xc3, 0xc3, 0xc3, 0xc3, 0x7a, 0x0, 0x0,
    0x0, 0x4d, 0xfc, 0x31, 0xdf, 0x37, 0x0, 0x0,
    0x0, 0x0, 0x0, 0x0, 0x0, 0x0, 0x0, 0x0,
    0x0, 0x0, 0x0, 0x0, 0x9e, 0xba, 0x1f, 0xff,
    0x3f, 0x0, 0x81, 0xeb, 0xeb, 0xeb, 0xeb, 0xeb,
    0xeb, 0xeb, 0xeb, 0xeb, 0xc7, 0x0, 0xd, 0xf2,
    0x56, 0x1f, 0xff, 0x3f, 0x0, 0x30, 0x77, 0xff,
    0x77, 0x57, 0x57, 0x57, 0x57, 0xf2, 0xa9, 0x4a,
    0x0, 0x86, 0xff, 0x87, 0x8f, 0xff, 0x9f, 0x7f,
    0xb, 0x2f, 0xff, 0x2f, 0x0, 0x0, 0x0, 0x0,
    0xeb, 0x7b, 0x0, 0x0, 0x9c, 0xe9, 0xdc, 0xe0,
    0xff, 0xe4, 0xdb, 0x14, 0x2f, 0xff, 0xf2, 0xef,
    0xef, 0xef, 0xef, 0xfe, 0x7b, 0x0, 0x0, 0x7,
    0x0, 0x0, 0x1f, 0xff, 0x3f, 0x0, 0x0, 0x2f,
    0xff, 0x5a, 0x33, 0x33, 0x33, 0x33, 0xf0, 0x7b,
    0x0, 0x0, 0x0, 0x0, 0x0, 0x1f, 0xff, 0x3f,
    0x0, 0x0, 0x2f, 0xff, 0x2f, 0x0, 0x0, 0x0,
    0x0, 0xeb, 0x7b, 0x0, 0x0, 0x0, 0x0, 0x0,
    0x32, 0xff, 0x98, 0x9e, 0x5d, 0x2f, 0xff, 0xf6,
    0xf3, 0xf3, 0xf3, 0xf3, 0xff, 0x7b, 0x0, 0x12,
    0x98, 0xc2, 0xed, 0xff, 0xff, 0xe0, 0xad, 0x48,
    0x2f, 0xff, 0x56, 0x2f, 0x2f, 0x2f, 0x2f, 0xef,
    0x7b, 0x0, 0x3, 0xc1, 0x9a, 0x6a, 0x55, 0xff,
    0x3f, 0x0, 0x0, 0x2f, 0xff, 0x33, 0x14, 0x26,
    0x39, 0x4c, 0xf2, 0xb7, 0x7d, 0x0, 0x0, 0x0,
    0x0, 0x1f, 0xff, 0x3f, 0x0, 0xc5, 0xe9, 0xff,
    0xff, 0xff, 0xff, 0xfa, 0xe7, 0xfd, 0xdc, 0xa8,
    0x0, 0x0, 0x0, 0x0, 0x1f, 0xff, 0x3f, 0x0,
    0x58, 0x5b, 0x48, 0x35, 0x21, 0xe, 0x0, 0x0,
    0xeb, 0x7b, 0x0, 0x0, 0x0, 0x0, 0x0, 0x1f,
    0xff, 0x3f, 0x0, 0x0, 0x0, 0x0, 0x0, 0x0,
    0x0, 0x0, 0x0, 0xeb, 0x7b, 0x0,

    /* U+8F93 "输" */
    0x0, 0x0, 0x0, 0x89, 0x68, 0x0, 0x0, 0x0,
    0x0, 0x0, 0x0, 0x0, 0x29, 0xb0, 0x1f, 0x0,
    0x0, 0x0, 0x0, 0x0, 0x0, 0x0, 0x0, 0xdb,
    0x86, 0x0, 0x0, 0x0, 0x0, 0x0, 0x0, 0x16,
    0xda, 0xfa, 0x2e, 0x0, 0x0, 0x0, 0x0, 0x0,
    0x6, 0x67, 0x67, 0xfa, 0xa1, 0x67, 0x67, 0x23,
    0x0, 0x0, 0x24, 0xdc, 0xb8, 0xbf, 0xf1, 0x47,
    0x0, 0x0, 0x0, 0x0, 0xf, 0xf3, 0xf7, 0xff,
    0xf4, 0xf3, 0xf3, 0x53, 0x0, 0x5c, 0xf0, 0xa0,
    0x4, 0x7, 0xa7, 0xfc, 0x7b, 0x9, 0x0, 0x0,
    0x0, 0x0, 0x65, 0xe9, 0x1, 0x0, 0x0, 0x35,
    0xba, 0xff, 0x85, 0x0, 0x0, 0x0, 0x0, 0x61,
    0xf1, 0xe6, 0x6b, 0x6, 0x0, 0x0, 0xa3, 0xa5,
    0x8b, 0x9d, 0x0, 0xc1, 0xc0, 0xbe, 0xf3, 0xf3,
    0xf3, 0xf3, 0xf3, 0xf3, 0xd7, 0x85, 0xd3, 0x12,
    0x0, 0x0, 0xe3, 0x5e, 0x9f, 0xb3, 0x0, 0x17,
    0x4, 0x30, 0x47, 0x47, 0x47, 0x47, 0x47, 0x47,
    0x3c, 0x19, 0xb, 0x0, 0x0, 0x32, 0xfa, 0x11,
    0x9f, 0xb3, 0x0, 0x0, 0x81, 0x8b, 0x8b, 0x8b,
    0x8b, 0x30, 0x0, 0x0, 0x0, 0xeb, 0x4b, 0x0,
    0x0, 0x97, 0xd3, 0x47, 0xba, 0xc9, 0x47, 0x15,
    0xeb, 0xe7, 0xdb, 0xdb, 0xfd, 0x57, 0x3c, 0xe0,
    0x0, 0xeb, 0x4b, 0x0, 0x1, 0xe5, 0xff, 0xff,
    0xff, 0xff, 0xff, 0x4b, 0xeb, 0x53, 0x0, 0x0,
    0xeb, 0x57, 0x3f, 0xeb, 0x0, 0xeb, 0x4b, 0x0,
    0x0, 0x30, 0x23, 0x1b, 0xaa, 0xbc, 0x1b, 0x8,
    0xeb, 0xb4, 0x8f, 0x8f, 0xf7, 0x57, 0x3f, 0xeb,
    0x0, 0xeb, 0x4b, 0x0, 0x0, 0x0, 0x0, 0x0,
    0x9f, 0xb3, 0x0, 0x0, 0xeb, 0xbc, 0x9b, 0x9b,
    0xf8, 0x57, 0x3f, 0xeb, 0x0, 0xeb, 0x4b, 0x0,
    0x0, 0x0, 0x0, 0x0, 0xa7, 0xd7, 0x9e, 0x34,
    0xeb, 0x53, 0x0, 0x0, 0xeb, 0x57, 0x3f, 0xeb,
    0x0, 0xeb, 0x4b, 0x0, 0xb, 0x7c, 0xb1, 0xeb,
    0xff, 0xf5, 0xb1, 0x2a, 0xeb, 0xd4, 0xbf, 0xbf,
    0xfa, 0x57, 0x3f, 0xeb, 0x0, 0xeb, 0x4b, 0x0,
    0x3, 0xe7, 0xb8, 0x76, 0xbb, 0xb3, 0x0, 0x0,
    0xeb, 0x94, 0x5f, 0x5f, 0xf3, 0x57, 0x3f, 0xeb,
    0x0, 0xeb, 0x4b, 0x0, 0x0, 0x2, 0x0, 0x0,
    0x9f, 0xb3, 0x0, 0x0, 0xeb, 0x53, 0x0, 0x0,
    0xeb, 0x57, 0x11, 0x42, 0x0, 0xeb, 0x4b, 0x0,
    0x0, 0x0, 0x0, 0x0, 0x9f, 0xb3, 0x0, 0x0,
    0xeb, 0x53, 0x14, 0x2b, 0xf2, 0x55, 0x0, 0x36,
    0x3c, 0xf5, 0x46, 0x0, 0x0, 0x0, 0x0, 0x0,
    0x9f, 0xb3, 0x0, 0x0, 0xdd, 0x4e, 0x43, 0xff,
    0xe6, 0x21, 0x0, 0xc0, 0xf8, 0xca, 0x14, 0x0,
    0x0, 0x0, 0x0, 0x0, 0x0, 0x0, 0x0, 0x0,
    0x0, 0x0, 0x1, 0xc, 0x0, 0x0, 0x0, 0x0,
    0x0, 0x0, 0x0, 0x0,

    /* U+8FBE "达" */
    0x0, 0x3, 0x48, 0x0, 0x0, 0x0, 0x0, 0x0,
    0x0, 0x0, 0x0, 0x92, 0xb2, 0x0, 0x0, 0x0,
    0x0, 0x0, 0x0, 0x0, 0x4a, 0xff, 0x70, 0x0,
    0x0, 0x0, 0x0, 0x0, 0x0, 0x0, 0xbb, 0xcc,
    0x0, 0x0, 0x0, 0x0, 0x0, 0x0, 0x0, 0x0,
    0x9d, 0xf9, 0x2e, 0x0, 0x0, 0x0, 0x0, 0x0,
    0x0, 0xc6, 0xc0, 0x0, 0x0, 0x0, 0x0, 0x0,
    0x0, 0x0, 0x0, 0xd, 0xe9, 0xbe, 0x0, 0x0,
    0x0, 0x0, 0x0, 0x0, 0xd2, 0xb5, 0x0, 0x0,
    0x0, 0x0, 0x0, 0x0, 0x0, 0x0, 0x0, 0x6b,
    0xb3, 0xc, 0xe0, 0xf3, 0xf3, 0xf3, 0xf3, 0xfe,
    0xfc, 0xf3, 0xf3, 0xf3, 0xf3, 0xf3, 0x72, 0x0,
    0x0, 0x0, 0x0, 0x0, 0x0, 0x75, 0x7f, 0x7f,
    0x7f, 0x86, 0xff, 0xbf, 0x7f, 0x7f, 0x7f, 0x7f,
    0x7f, 0x3b, 0x0, 0x0, 0x0, 0x0, 0x0, 0x0,
    0x0, 0x0, 0x0, 0x0, 0x32, 0xff, 0x63, 0x0,
    0x0, 0x0, 0x0, 0x0, 0x0, 0x13, 0x57, 0x57,
    0x57, 0x57, 0x6, 0x0, 0x0, 0x0, 0x0, 0x65,
    0xff, 0xd1, 0x11, 0x0, 0x0, 0x0, 0x0, 0x0,
    0x37, 0xff, 0xff, 0xff, 0xff, 0x13, 0x0, 0x0,
    0x0, 0x0, 0xaf, 0xf1, 0xf5, 0xc7, 0xc, 0x0,
    0x0, 0x0, 0x0, 0x5, 0x17, 0x17, 0x79, 0xff,
    0x13, 0x0, 0x0, 0x0, 0x19, 0xfb, 0x96, 0x4a,
    0xfb, 0xbc, 0x7, 0x0, 0x0, 0x0, 0x0, 0x0,
    0x0, 0x6b, 0xff, 0x13, 0x0, 0x0, 0x0, 0x90,
    0xfe, 0x33, 0x0, 0x60, 0xff, 0xb0, 0x2, 0x0,
    0x0, 0x0, 0x0, 0x0, 0x6b, 0xff, 0x13, 0x0,
    0x0, 0x4e, 0xff, 0xa0, 0x0, 0x0, 0x0, 0x78,
    0xff, 0x8d, 0x0, 0x0, 0x0, 0x0, 0x0, 0x6b,
    0xff, 0x13, 0x0, 0x4b, 0xef, 0xda, 0x14, 0x0,
    0x0, 0x0, 0x0, 0x9f, 0xff, 0x61, 0x0, 0x0,
    0x0, 0x0, 0x6b, 0xff, 0x14, 0x8e, 0xff, 0xdc,
    0x1d, 0x0, 0x0, 0x0, 0x0, 0x0, 0x7, 0xca,
    0xf6, 0x27, 0x0, 0x0, 0x9, 0xa9, 0xff, 0x39,
    0x6c, 0x96, 0xc, 0x0, 0x0, 0x0, 0x0, 0x0,
    0x0, 0x0, 0x22, 0x86, 0x4, 0x0, 0x1f, 0xd8,
    0xe9, 0xc1, 0xf5, 0x67, 0x7, 0x0, 0x0, 0x0,
    0x0, 0x0, 0x0, 0x0, 0x0, 0x0, 0x0, 0x0,
    0x1a, 0xdc, 0xe7, 0x1e, 0x0, 0x61, 0xf7, 0xee,
    0x97, 0x6e, 0x5e, 0x50, 0x50, 0x58, 0x60, 0x69,
    0x7a, 0x8e, 0x85, 0x1f, 0xeb, 0x3f, 0x0, 0x0,
    0x0, 0x13, 0x74, 0xd3, 0xfa, 0xff, 0xff, 0xff,
    0xff, 0xff, 0xff, 0xfc, 0xf1, 0x85, 0x0, 0x18,
    0x0, 0x0, 0x0, 0x0, 0x0, 0x0, 0x0, 0x2,
    0x10, 0x16, 0x16, 0x12, 0xc, 0x5, 0x0, 0x0,
    0x0,

    /* U+8FC7 "过" */
    0x0, 0x0, 0x4, 0x0, 0x0, 0x0, 0x0, 0x0,
    0x0, 0x0, 0x0, 0x0, 0x0, 0x0, 0x35, 0x8f,
    0x14, 0x0, 0x0, 0x0, 0x0, 0x22, 0xe1, 0x6c,
    0x0, 0x0, 0x0, 0x0, 0x0, 0x0, 0x0, 0x0,
    0x0, 0x0, 0x5f, 0xff, 0x23, 0x0, 0x0, 0x0,
    0x0, 0x0, 0x8d, 0xff, 0x7b, 0x0, 0x0, 0x0,
    0x0, 0x0, 0x0, 0x0, 0x0, 0x0, 0x5f, 0xff,
    0x23, 0x0, 0x0, 0x0, 0x0, 0x0, 0x0, 0x9a,
    0xff, 0x62, 0x7, 0x33, 0x33, 0x33, 0x33, 0x33,
    0x33, 0x33, 0x80, 0xff, 0x50, 0x33, 0x2f, 0x0,
    0x0, 0x0, 0x0, 0x6, 0xb2, 0x53, 0x23, 0xff,
    0xff, 0xff, 0xff, 0xff, 0xff, 0xff, 0xff, 0xff,
    0xff, 0xff, 0xeb, 0x0, 0x0, 0x0, 0x0, 0x0,
    0x0, 0x0, 0x7, 0x37, 0x37, 0x37, 0x37, 0x37,
    0x37, 0x37, 0x82, 0xff, 0x54, 0x37, 0x33, 0x0,
    0x0, 0x0, 0x0, 0x0, 0x0, 0x0, 0x0, 0x0,
    0x7, 0x6, 0x0, 0x0, 0x0, 0x0, 0x5f, 0xff,
    0x23, 0x0, 0x0, 0x0, 0x0, 0x4b, 0x4b, 0x4b,
    0x4b, 0x11, 0x0, 0x4, 0xd3, 0x98, 0x0, 0x0,
    0x0, 0x0, 0x5f, 0xff, 0x23, 0x0, 0x0, 0x0,
    0x0, 0xff, 0xff, 0xff, 0xff, 0x3b, 0x0, 0x0,
    0x5b, 0xff, 0x62, 0x0, 0x0, 0x0, 0x5f, 0xff,
    0x23, 0x0, 0x0, 0x0, 0x0, 0x17, 0x17, 0x4e,
    0xff, 0x3b, 0x0, 0x0, 0x0, 0x9e, 0xf4, 0x23,
    0x0, 0x0, 0x5f, 0xff, 0x23, 0x0, 0x0, 0x0,
    0x0, 0x0, 0x0, 0x3b, 0xff, 0x3b, 0x0, 0x0,
    0x0, 0x10, 0xe7, 0xaa, 0x0, 0x0, 0x5f, 0xff,
    0x23, 0x0, 0x0, 0x0, 0x0, 0x0, 0x0, 0x3b,
    0xff, 0x3b, 0x0, 0x0, 0x0, 0x0, 0x30, 0xc,
    0x0, 0x0, 0x5f, 0xff, 0x23, 0x0, 0x0, 0x0,
    0x0, 0x0, 0x0, 0x3b, 0xff, 0x3b, 0x0, 0x0,
    0x0, 0x0, 0x0, 0x0, 0x0, 0x0, 0x5f, 0xff,
    0x23, 0x0, 0x0, 0x0, 0x0, 0x0, 0x0, 0x3b,
    0xff, 0x3b, 0x0, 0x0, 0x0, 0x0, 0xb, 0x7a,
    0x74, 0x71, 0xb7, 0xff, 0xf, 0x0, 0x0, 0x0,
    0x0, 0x0, 0xb, 0x9c, 0xff, 0x7f, 0x0, 0x0,
    0x0, 0x0, 0x0, 0xd4, 0xff, 0xfe, 0xe0, 0x80,
    0x0, 0x0, 0x0, 0x0, 0x0, 0x18, 0xd8, 0xf5,
    0xb2, 0xfa, 0xa9, 0x2d, 0x0, 0x0, 0x0, 0x7,
    0x7, 0x2, 0x0, 0x0, 0x0, 0x0, 0x0, 0x0,
    0xf, 0xd3, 0xf9, 0x3c, 0x0, 0x30, 0xda, 0xff,
    0xcc, 0x8f, 0x7e, 0x6d, 0x67, 0x6e, 0x75, 0x7e,
    0x8b, 0x9e, 0xb6, 0x4d, 0x6, 0xcb, 0x68, 0x0,
    0x0, 0x0, 0x2, 0x49, 0xab, 0xe2, 0xfc, 0xff,
    0xff, 0xff, 0xff, 0xfb, 0xf4, 0xec, 0xe2, 0x21,
    0x0, 0x12, 0x0, 0x0, 0x0, 0x0, 0x0, 0x0,
    0x0, 0x0, 0x0, 0x4, 0x7, 0x4, 0x0, 0x0,
    0x0, 0x0, 0x0, 0x0,

    /* U+8FD0 "运" */
    0x0, 0xd, 0x71, 0x8, 0x0, 0x0, 0x0, 0x32,
    0x77, 0x77, 0x77, 0x77, 0x77, 0x77, 0x77, 0x77,
    0x77, 0x4e, 0x0, 0x0, 0x0, 0x47, 0xf2, 0xd8,
    0x36, 0x0, 0x0, 0x66, 0xf3, 0xf3, 0xf3, 0xf3,
    0xf3, 0xf3, 0xf3, 0xf3, 0xf3, 0xa0, 0x0, 0x0,
    0x0, 0x0, 0x21, 0xc6, 0xfa, 0x71, 0x0, 0x0,
    0x0, 0x0, 0x0, 0x0, 0x0, 0x0, 0x0, 0x0,
    0x0, 0x0, 0x0, 0x0, 0x0, 0x0, 0x0, 0x5,
    0x8e, 0x4f, 0x0, 0x0, 0x0, 0x0, 0x0, 0x0,
    0x0, 0x0, 0x0, 0x0, 0x0, 0x0, 0x0, 0x0,
    0x0, 0x0, 0x0, 0x0, 0x0, 0x0, 0xe, 0x13,
    0x13, 0x13, 0x13, 0x13, 0x13, 0x13, 0x13, 0x13,
    0x13, 0x13, 0x13, 0x1, 0x0, 0x0, 0x0, 0x0,
    0x0, 0x0, 0xbb, 0xff, 0xff, 0xff, 0xff, 0xff,
    0xff, 0xff, 0xff, 0xff, 0xff, 0xff, 0xff, 0x13,
    0x26, 0xf3, 0xf3, 0xf3, 0xf3, 0xb, 0x34, 0x47,
    0x47, 0x48, 0xe6, 0xee, 0x4a, 0x47, 0x47, 0x47,
    0x47, 0x47, 0x47, 0x5, 0x11, 0x6f, 0x6f, 0xac,
    0xff, 0xb, 0x0, 0x0, 0x0, 0x41, 0xff, 0x7d,
    0x0, 0xf, 0x92, 0x2e, 0x0, 0x0, 0x0, 0x0,
    0x0, 0x0, 0x0, 0x6b, 0xff, 0xb, 0x0, 0x0,
    0x0, 0xb4, 0xf0, 0xf, 0x0, 0x3, 0xd2, 0xc6,
    0x1, 0x0, 0x0, 0x0, 0x0, 0x0, 0x0, 0x6b,
    0xff, 0xb, 0x0, 0x0, 0x34, 0xfe, 0x75, 0x0,
    0x0, 0x0, 0x3e, 0xff, 0x65, 0x0, 0x0, 0x0,
    0x0, 0x0, 0x0, 0x6b, 0xff, 0xb, 0x0, 0x1,
    0xc4, 0xd5, 0x5, 0x0, 0x0, 0x0, 0x0, 0xa4,
    0xee, 0x14, 0x0, 0x0, 0x0, 0x0, 0x0, 0x6b,
    0xff, 0xb, 0x0, 0x86, 0xff, 0x9a, 0x71, 0x84,
    0x98, 0xab, 0xbf, 0xde, 0xff, 0x99, 0x0, 0x0,
    0x0, 0x0, 0x0, 0x6b, 0xff, 0xb, 0x0, 0xd2,
    0xff, 0xff, 0xfb, 0xe5, 0xce, 0xb7, 0xa0, 0x8a,
    0xad, 0xfd, 0x2c, 0x0, 0x0, 0x0, 0x0, 0x73,
    0xff, 0x1c, 0x0, 0x3a, 0x37, 0x17, 0x2, 0x0,
    0x0, 0x0, 0x0, 0x0, 0x10, 0xc6, 0x3c, 0x0,
    0x0, 0x5, 0x89, 0xfa, 0xff, 0xef, 0x6f, 0x11,
    0x0, 0x0, 0x0, 0x0, 0x0, 0x0, 0x0, 0x0,
    0x0, 0x0, 0x0, 0x0, 0xc, 0xba, 0xff, 0x81,
    0x19, 0x7e, 0xf7, 0xfb, 0xbc, 0x8d, 0x7f, 0x72,
    0x6e, 0x74, 0x7b, 0x82, 0x8c, 0x99, 0xa7, 0x26,
    0x7, 0xcc, 0x85, 0x0, 0x0, 0x0, 0x16, 0x69,
    0xbe, 0xec, 0xff, 0xff, 0xff, 0xff, 0xff, 0xfc,
    0xf4, 0xea, 0xd5, 0x5, 0x0, 0x14, 0x0, 0x0,
    0x0, 0x0, 0x0, 0x0, 0x0, 0x0, 0x3, 0x9,
    0xa, 0x8, 0x3, 0x0, 0x0, 0x0, 0x0, 0x0,

    /* U+8FDB "进" */
    0x0, 0x0, 0x7, 0x0, 0x0, 0x0, 0x0, 0x0,
    0x0, 0xd, 0x27, 0x5, 0x0, 0x0, 0x16, 0x25,
    0x0, 0x0, 0x0, 0x0, 0x0, 0x1f, 0xe6, 0x66,
    0x0, 0x0, 0x0, 0x0, 0x0, 0x57, 0xff, 0x23,
    0x0, 0x0, 0x8f, 0xef, 0x0, 0x0, 0x0, 0x0,
    0x0, 0x0, 0x8c, 0xff, 0x6e, 0x0, 0x0, 0x0,
    0x0, 0x57, 0xff, 0x23, 0x0, 0x0, 0x8f, 0xef,
    0x0, 0x0, 0x0, 0x0, 0x0, 0x0, 0x0, 0x98,
    0xfe, 0x59, 0x0, 0x0, 0x0, 0x57, 0xff, 0x23,
    0x0, 0x0, 0x8f, 0xef, 0x0, 0x0, 0x0, 0x0,
    0x0, 0x0, 0x0, 0x5, 0xb9, 0x5d, 0x29, 0xef,
    0xef, 0xf5, 0xff, 0xf2, 0xef, 0xef, 0xf8, 0xfe,
    0xef, 0xef, 0x7b, 0x0, 0x0, 0x0, 0x0, 0x0,
    0x0, 0x0, 0x15, 0x7f, 0x7f, 0xab, 0xff, 0x91,
    0x7f, 0x7f, 0xc7, 0xf7, 0x7f, 0x7f, 0x41, 0x0,
    0x0, 0x0, 0x0, 0x0, 0x0, 0x0, 0x0, 0x0,
    0x0, 0x57, 0xff, 0x23, 0x0, 0x0, 0x8f, 0xef,
    0x0, 0x0, 0x0, 0x0, 0x0, 0x53, 0x53, 0x53,
    0x53, 0x13, 0x0, 0x0, 0x0, 0x58, 0xff, 0x23,
    0x0, 0x0, 0x8f, 0xef, 0x0, 0x0, 0x0, 0x0,
    0x0, 0xff, 0xff, 0xff, 0xff, 0x3b, 0x0, 0x0,
    0x0, 0x5e, 0xff, 0x1f, 0x0, 0x0, 0x8f, 0xef,
    0x0, 0x0, 0x0, 0x0, 0x0, 0xf, 0xf, 0x48,
    0xff, 0x3b, 0x46, 0xeb, 0xeb, 0xf3, 0xff, 0xee,
    0xeb, 0xeb, 0xf7, 0xfe, 0xeb, 0xeb, 0xd9, 0x0,
    0x0, 0x0, 0x0, 0x3b, 0xff, 0x3b, 0x28, 0x87,
    0x87, 0xd3, 0xef, 0x87, 0x87, 0x87, 0xcb, 0xf8,
    0x87, 0x87, 0x7d, 0x0, 0x0, 0x0, 0x0, 0x3b,
    0xff, 0x3b, 0x0, 0x0, 0x1, 0xe2, 0x9f, 0x0,
    0x0, 0x0, 0x8f, 0xef, 0x0, 0x0, 0x0, 0x0,
    0x0, 0x0, 0x0, 0x3b, 0xff, 0x3b, 0x0, 0x0,
    0x41, 0xff, 0x4e, 0x0, 0x0, 0x0, 0x8f, 0xef,
    0x0, 0x0, 0x0, 0x0, 0x0, 0x0, 0x0, 0x3b,
    0xff, 0x3b, 0x0, 0xa, 0xd3, 0xe0, 0x8, 0x0,
    0x0, 0x0, 0x8f, 0xef, 0x0, 0x0, 0x0, 0x0,
    0x0, 0x0, 0x0, 0x44, 0xff, 0x3d, 0x0, 0xb4,
    0xf9, 0x41, 0x0, 0x0, 0x0, 0x0, 0x8f, 0xef,
    0x0, 0x0, 0x0, 0x0, 0x0, 0x1, 0x76, 0xf1,
    0xe4, 0xde, 0x4b, 0x33, 0x48, 0x0, 0x0, 0x0,
    0x0, 0x0, 0x59, 0x95, 0x0, 0x0, 0x0, 0x0,
    0x6, 0xa5, 0xfd, 0x58, 0x0, 0x59, 0xf0, 0xe4,
    0x94, 0x64, 0x57, 0x4a, 0x47, 0x4e, 0x56, 0x5e,
    0x6c, 0x7e, 0x95, 0x26, 0x9, 0xd4, 0x77, 0x0,
    0x0, 0x0, 0xf, 0x68, 0xc8, 0xf8, 0xff, 0xff,
    0xff, 0xff, 0xff, 0xff, 0xff, 0xf8, 0xe7, 0x9,
    0x0, 0x19, 0x0, 0x0, 0x0, 0x0, 0x0, 0x0,
    0x0, 0x1, 0x11, 0x19, 0x1a, 0x17, 0x11, 0xa,
    0x2, 0x0, 0x0, 0x0,

    /* U+8FDE "连" */
    0x0, 0x0, 0x0, 0x0, 0x0, 0x0, 0x0, 0x0,
    0x0, 0x0, 0x0, 0x0, 0x0, 0x0, 0x0, 0x0,
    0x0, 0x0, 0x0, 0x0, 0x0, 0x9, 0x8b, 0x24,
    0x0, 0x0, 0x0, 0x0, 0x0, 0x0, 0x99, 0xbb,
    0x3, 0x0, 0x0, 0x0, 0x0, 0x0, 0x0, 0x0,
    0x0, 0x15, 0xe4, 0xda, 0x12, 0x0, 0x0, 0x0,
    0x0, 0x4, 0xed, 0xad, 0x0, 0x0, 0x0, 0x0,
    0x0, 0x0, 0x0, 0x0, 0x0, 0x0, 0x3c, 0xfb,
    0xb9, 0x1, 0x65, 0xef, 0xef, 0xf1, 0xff, 0xf7,
    0xef, 0xef, 0xef, 0xef, 0xef, 0xef, 0x7f, 0x0,
    0x0, 0x0, 0x0, 0x82, 0xff, 0x72, 0x28, 0x5f,
    0x5f, 0xda, 0xe2, 0x5f, 0x5f, 0x5f, 0x5f, 0x5f,
    0x5f, 0x5f, 0x32, 0x0, 0x0, 0x0, 0x0, 0x8,
    0xbf, 0x2e, 0x0, 0x0, 0x1a, 0xfc, 0x75, 0x0,
    0xc, 0x17, 0x0, 0x0, 0x0, 0x0, 0x0, 0x0,
    0x0, 0x0, 0x0, 0x0, 0x0, 0x0, 0x0, 0x0,
    0x82, 0xf4, 0x11, 0x0, 0x83, 0xff, 0x3, 0x0,
    0x0, 0x0, 0x0, 0x0, 0x0, 0x0, 0x0, 0x0,
    0x0, 0x0, 0x0, 0x13, 0xee, 0x95, 0x0, 0x0,
    0x83, 0xff, 0x3, 0x0, 0x0, 0x0, 0x0, 0x0,
    0x14, 0xd7, 0xd7, 0xd7, 0xcd, 0x0, 0x0, 0xa9,
    0xff, 0xc8, 0xaf, 0xaf, 0xd9, 0xff, 0xb1, 0xaf,
    0xaf, 0x98, 0x0, 0x0, 0xc, 0x87, 0x87, 0xc2,
    0xf3, 0x0, 0x0, 0x84, 0xc1, 0xb1, 0xaf, 0xaf,
    0xd9, 0xff, 0xb1, 0xaf, 0xaf, 0x97, 0x0, 0x0,
    0x0, 0x0, 0x0, 0x7b, 0xf3, 0x0, 0x0, 0x0,
    0x0, 0x0, 0x0, 0x0, 0x83, 0xff, 0x3, 0x0,
    0x0, 0x0, 0x0, 0x0, 0x0, 0x0, 0x0, 0x7b,
    0xf3, 0x0, 0x0, 0x0, 0x0, 0x0, 0x0, 0x0,
    0x83, 0xff, 0x3, 0x0, 0x0, 0x0, 0x0, 0x0,
    0x0, 0x0, 0x0, 0x7b, 0xf3, 0x0, 0x5c, 0x9f,
    0x9f, 0x9f, 0x9f, 0x9f, 0xd1, 0xff, 0xa1, 0x9f,
    0x9f, 0x9f, 0x93, 0x0, 0x0, 0x0, 0x0, 0x7b,
    0xf3, 0x0, 0x6c, 0xbb, 0xbb, 0xbb, 0xbb, 0xbb,
    0xdf, 0xff, 0xbd, 0xbb, 0xbb, 0xbb, 0xad, 0x0,
    0x0, 0x0, 0x0, 0x7b, 0xf3, 0x0, 0x0, 0x0,
    0x0, 0x0, 0x0, 0x0, 0x83, 0xff, 0x3, 0x0,
    0x0, 0x0, 0x0, 0x0, 0x0, 0x0, 0x0, 0x92,
    0xf6, 0x5, 0x0, 0x0, 0x0, 0x0, 0x0, 0x0,
    0x83, 0xff, 0x3, 0x0, 0x0, 0x0, 0x0, 0x0,
    0x0, 0x15, 0xb9, 0xff, 0xfe, 0xd5, 0x4e, 0x5,
    0x0, 0x0, 0x0, 0x0, 0x83, 0xff, 0x3, 0x0,
    0x0, 0x0, 0x0, 0x0, 0x1d, 0xd9, 0xfa, 0x53,
    0x1f, 0xa8, 0xff, 0xf1, 0xaa, 0x86, 0x79, 0x6d,
    0xb6, 0xff, 0x74, 0x76, 0x79, 0x7c, 0x77, 0x3a,
    0x11, 0xdf, 0x67, 0x0, 0x0, 0x0, 0x30, 0x87,
    0xd8, 0xfb, 0xff, 0xff, 0xff, 0xff, 0xff, 0xff,
    0xfe, 0xf6, 0xe9, 0x3c, 0x0, 0x1a, 0x0, 0x0,
    0x0, 0x0, 0x0, 0x0, 0x0, 0x2, 0x10, 0x15,
    0x16, 0x14, 0xf, 0x8, 0x1, 0x0, 0x0, 0x0,

    /* U+8FDF "迟" */
    0x0, 0xb, 0x6f, 0x5, 0x0, 0x0, 0x0, 0x0,
    0x0, 0x0, 0x0, 0x0, 0x0, 0x0, 0x0, 0x0,
    0x0, 0x0, 0x0, 0x0, 0x0, 0x3c, 0xf8, 0xad,
    0x4, 0x0, 0x0, 0x0, 0xd9, 0xf3, 0xf3, 0xf3,
    0xf3, 0xf3, 0xf3, 0xf3, 0xf3, 0x90, 0x0, 0x0,
    0x0, 0x0, 0x51, 0xfc, 0x9a, 0x0, 0x0, 0x0,
    0xe3, 0xd5, 0x83, 0x83, 0x83, 0x83, 0x83, 0x83,
    0xf6, 0x97, 0x0, 0x0, 0x0, 0x0, 0x0, 0x79,
    0xff, 0x5e, 0x0, 0x0, 0xe3, 0xa7, 0x0, 0x0,
    0x0, 0x0, 0x0, 0x0, 0xeb, 0x97, 0x0, 0x0,
    0x0, 0x0, 0x0, 0x2, 0x83, 0x16, 0x0, 0x0,
    0xe3, 0xa7, 0x0, 0x0, 0x0, 0x0, 0x0, 0x0,
    0xeb, 0x97, 0x0, 0x0, 0x0, 0x0, 0x0, 0x0,
    0x0, 0x0, 0x0, 0x0, 0xe4, 0xa7, 0x0, 0x0,
    0x0, 0x0, 0x0, 0x0, 0xeb, 0x97, 0x0, 0x0,
    0x0, 0x0, 0x0, 0x0, 0x0, 0x0, 0x0, 0x0,
    0xea, 0xe0, 0xa3, 0xa3, 0xa3, 0xa3, 0xa3, 0xa3,
    0xf8, 0x97, 0x0, 0x0, 0x14, 0x77, 0x77, 0x77,
    0x77, 0x9, 0x0, 0x0, 0xf3, 0xf2, 0xdf, 0xdf,
    0xdf, 0xdf, 0xdf, 0xdf, 0xdf, 0x84, 0x0, 0x0,
    0x29, 0xf3, 0xf3, 0xf9, 0xff, 0x13, 0x0, 0xc,
    0xff, 0x7c, 0x0, 0x0, 0x29, 0x31, 0x0, 0x0,
    0x0, 0x0, 0x0, 0x0, 0x0, 0x0, 0x0, 0x6b,
    0xff, 0x13, 0x0, 0x2d, 0xff, 0x52, 0x0, 0x2,
    0xcb, 0xed, 0x2e, 0x0, 0x0, 0x0, 0x0, 0x0,
    0x0, 0x0, 0x0, 0x6b, 0xff, 0x13, 0x0, 0x63,
    0xff, 0x27, 0x0, 0x0, 0x1a, 0xde, 0xea, 0x29,
    0x0, 0x0, 0x0, 0x0, 0x0, 0x0, 0x0, 0x6b,
    0xff, 0x13, 0x0, 0xad, 0xf6, 0x4, 0x0, 0x0,
    0x0, 0x22, 0xe6, 0xe6, 0x21, 0x0, 0x0, 0x0,
    0x0, 0x0, 0x0, 0x6b, 0xff, 0x13, 0x19, 0xf5,
    0xa5, 0x0, 0x0, 0x0, 0x0, 0x0, 0x2d, 0xf2,
    0xd7, 0x11, 0x0, 0x0, 0x0, 0x0, 0x0, 0x6b,
    0xff, 0x13, 0x9e, 0xff, 0x3e, 0x0, 0x0, 0x0,
    0x0, 0x0, 0x0, 0x4b, 0xfd, 0xb9, 0x2, 0x0,
    0x0, 0x0, 0x0, 0x8f, 0xff, 0x27, 0x85, 0xa5,
    0x0, 0x0, 0x0, 0x0, 0x0, 0x0, 0x0, 0x0,
    0x82, 0xb9, 0xd, 0x0, 0x0, 0x13, 0xbe, 0xfc,
    0xea, 0xeb, 0x5b, 0x9, 0x0, 0x0, 0x0, 0x0,
    0x0, 0x0, 0x0, 0x0, 0x2, 0x2, 0x0, 0x0,
    0x18, 0xd4, 0xf4, 0x3c, 0x5, 0x7d, 0xfc, 0xee,
    0x9d, 0x75, 0x66, 0x59, 0x58, 0x5f, 0x67, 0x70,
    0x7f, 0x91, 0xa3, 0x4, 0x15, 0xe5, 0x52, 0x0,
    0x0, 0x0, 0x1e, 0x7b, 0xd4, 0xfb, 0xff, 0xff,
    0xff, 0xff, 0xff, 0xff, 0xfd, 0xf3, 0xb3, 0x0,
    0x0, 0x17, 0x0, 0x0, 0x0, 0x0, 0x0, 0x0,
    0x0, 0x3, 0x12, 0x1a, 0x1a, 0x16, 0xf, 0x8,
    0x0, 0x0, 0x0, 0x0,

    /* U+8FF0 "述" */
    0x0, 0x0, 0x0, 0x0, 0x0, 0x0, 0x0, 0x0,
    0x0, 0x0, 0x0, 0x1, 0x5f, 0x2c, 0x0, 0x8,
    0x0, 0x0, 0x0, 0x0, 0x0, 0x27, 0x89, 0x6,
    0x0, 0x0, 0x0, 0x0, 0x0, 0x0, 0x0, 0x3,
    0xff, 0x77, 0x4e, 0xef, 0x4c, 0x0, 0x0, 0x0,
    0x0, 0x36, 0xf5, 0xaf, 0x4, 0x0, 0x0, 0x0,
    0x0, 0x0, 0x0, 0x3, 0xff, 0x77, 0x1, 0x93,
    0xfc, 0x58, 0x0, 0x0, 0x0, 0x0, 0x4d, 0xfd,
    0x93, 0x0, 0x0, 0x0, 0x0, 0x0, 0x0, 0x3,
    0xff, 0x77, 0x0, 0x0, 0x99, 0x9f, 0x0, 0x0,
    0x0, 0x0, 0x0, 0x81, 0xff, 0x53, 0x4d, 0xab,
    0xab, 0xab, 0xab, 0xad, 0xff, 0xd3, 0xab, 0xab,
    0xac, 0xab, 0x9e, 0x0, 0x0, 0x0, 0x0, 0x3,
    0x6d, 0xa, 0x55, 0xbb, 0xbb, 0xbb, 0xbb, 0xf3,
    0xff, 0xf3, 0xbb, 0xbb, 0xbb, 0xbb, 0xad, 0x0,
    0x0, 0x0, 0x0, 0x0, 0x0, 0x0, 0x0, 0x0,
    0x0, 0x0, 0x28, 0xfc, 0xff, 0xff, 0x5b, 0x0,
    0x0, 0x0, 0x0, 0x0, 0x5, 0x6f, 0x6f, 0x6f,
    0x6f, 0x22, 0x0, 0x0, 0x0, 0x0, 0xaa, 0xde,
    0xff, 0xdc, 0xf8, 0x3c, 0x0, 0x0, 0x0, 0x0,
    0xb, 0xf3, 0xf3, 0xf5, 0xff, 0x4f, 0x0, 0x0,
    0x0, 0x2f, 0xfe, 0x5b, 0xff, 0x78, 0xa9, 0xec,
    0x24, 0x0, 0x0, 0x0, 0x0, 0x0, 0x0, 0x1f,
    0xff, 0x4f, 0x0, 0x0, 0x0, 0xb2, 0xcf, 0x5,
    0xff, 0x77, 0xb, 0xd3, 0xd7, 0xb, 0x0, 0x0,
    0x0, 0x0, 0x0, 0x1f, 0xff, 0x4f, 0x0, 0x0,
    0x55, 0xff, 0x48, 0x3, 0xff, 0x77, 0x0, 0x24,
    0xf1, 0xa0, 0x0, 0x0, 0x0, 0x0, 0x0, 0x1f,
    0xff, 0x4f, 0x0, 0x27, 0xf2, 0xb5, 0x0, 0x3,
    0xff, 0x77, 0x0, 0x0, 0x62, 0xff, 0x52, 0x0,
    0x0, 0x0, 0x0, 0x1f, 0xff, 0x4f, 0x2a, 0xe5,
    0xe4, 0x14, 0x0, 0x3, 0xff, 0x77, 0x0, 0x0,
    0x0, 0xbe, 0xd3, 0x0, 0x0, 0x0, 0x0, 0x1f,
    0xff, 0x4f, 0x8c, 0xed, 0x30, 0x0, 0x0, 0x3,
    0xff, 0x77, 0x0, 0x0, 0x0, 0x26, 0x1d, 0x0,
    0x0, 0x0, 0x0, 0x1f, 0xff, 0x4f, 0x1, 0x21,
    0x0, 0x0, 0x0, 0x3, 0xff, 0x77, 0x0, 0x0,
    0x0, 0x0, 0x0, 0x0, 0x0, 0x0, 0x3f, 0xc8,
    0xfe, 0xd1, 0x46, 0x0, 0x0, 0x0, 0x0, 0x3,
    0xdf, 0x68, 0x0, 0x0, 0x0, 0x0, 0x0, 0x0,
    0x1, 0x7e, 0xfe, 0x8e, 0xd, 0x5c, 0xeb, 0xe2,
    0x99, 0x65, 0x57, 0x4a, 0x46, 0x4d, 0x53, 0x5b,
    0x68, 0x7a, 0x93, 0x2e, 0x7, 0xcf, 0x8b, 0x0,
    0x0, 0x0, 0xe, 0x61, 0xba, 0xed, 0xfc, 0xff,
    0xff, 0xff, 0xff, 0xff, 0xfe, 0xf5, 0xe6, 0x11,
    0x0, 0x14, 0x0, 0x0, 0x0, 0x0, 0x0, 0x0,
    0x0, 0x0, 0x1, 0xe, 0x17, 0x14, 0xf, 0x8,
    0x0, 0x0, 0x0, 0x0,

    /* U+900F "透" */
    0x0, 0x0, 0x0, 0x0, 0x0, 0x0, 0x0, 0x0,
    0x0, 0x0, 0x0, 0x0, 0x0, 0x0, 0x0, 0x3,
    0x28, 0xd, 0x0, 0x0, 0x0, 0x4b, 0xb0, 0x15,
    0x0, 0x0, 0xc, 0x47, 0x57, 0x68, 0x79, 0x89,
    0x9c, 0xb8, 0xd5, 0xf8, 0xfe, 0xa1, 0x0, 0x0,
    0x0, 0x30, 0xe7, 0xdf, 0x26, 0x0, 0xa, 0xcd,
    0xc4, 0xb5, 0xa7, 0xa8, 0xff, 0x98, 0x51, 0x31,
    0xb, 0x0, 0x0, 0x0, 0x0, 0x0, 0x21, 0xe4,
    0xe1, 0x1b, 0x11, 0x17, 0x17, 0x17, 0x17, 0x38,
    0xff, 0x5c, 0x17, 0x17, 0x17, 0x17, 0x17, 0x1,
    0x0, 0x0, 0x0, 0x33, 0xd3, 0x2e, 0xbb, 0xff,
    0xff, 0xff, 0xff, 0xff, 0xff, 0xff, 0xff, 0xff,
    0xff, 0xff, 0xff, 0xb, 0x0, 0x0, 0x0, 0x0,
    0x1, 0x0, 0xe, 0x13, 0x13, 0x18, 0xa5, 0xf8,
    0xff, 0xf4, 0xbb, 0x1f, 0x13, 0x13, 0x13, 0x0,
    0x0, 0x0, 0x0, 0x0, 0x0, 0x0, 0x0, 0x0,
    0x16, 0xc1, 0xdf, 0x4d, 0xff, 0x5d, 0xc3, 0xd2,
    0x22, 0x0, 0x0, 0x0, 0x0, 0x1b, 0x1f, 0x1f,
    0x1f, 0x0, 0x12, 0x7f, 0xed, 0xcb, 0x17, 0x23,
    0xff, 0x4b, 0x8, 0xac, 0xf6, 0x95, 0x22, 0x0,
    0x0, 0xdf, 0xff, 0xff, 0xff, 0x1d, 0xee, 0xec,
    0x7c, 0x15, 0xf, 0x20, 0x83, 0x32, 0xf, 0x8,
    0x4f, 0xd7, 0xf5, 0x1e, 0x0, 0x3e, 0x47, 0x95,
    0xff, 0x3, 0x3e, 0x35, 0xff, 0xff, 0xff, 0xff,
    0xff, 0xff, 0xff, 0x6b, 0x0, 0x4, 0x2f, 0x0,
    0x0, 0x0, 0x0, 0x6b, 0xff, 0x3, 0x0, 0x5,
    0x23, 0x25, 0xf3, 0x8c, 0x23, 0x41, 0xff, 0x59,
    0x2b, 0x2b, 0xf, 0x0, 0x0, 0x0, 0x0, 0x6b,
    0xff, 0x3, 0x0, 0x0, 0x0, 0x32, 0xff, 0x40,
    0x0, 0x5d, 0xf3, 0xf3, 0xf5, 0xff, 0x4c, 0x0,
    0x0, 0x0, 0x0, 0x6b, 0xff, 0x3, 0x0, 0x0,
    0x0, 0xa8, 0xde, 0x5, 0x0, 0x0, 0x0, 0x0,
    0x2e, 0xff, 0x2f, 0x0, 0x0, 0x0, 0x0, 0x6b,
    0xff, 0x3, 0x0, 0x0, 0x73, 0xfe, 0x5b, 0x0,
    0x0, 0x0, 0x0, 0x0, 0x59, 0xfe, 0xc, 0x0,
    0x0, 0x0, 0x0, 0x6b, 0xff, 0x3, 0x3a, 0xb5,
    0xff, 0x73, 0x0, 0x0, 0x0, 0x3c, 0x5d, 0x59,
    0xcb, 0xcf, 0x0, 0x0, 0x0, 0x0, 0x9, 0x9b,
    0xff, 0xa0, 0x8e, 0xb4, 0x35, 0x0, 0x0, 0x0,
    0x0, 0x4a, 0xc5, 0xcb, 0xb8, 0x38, 0x0, 0x0,
    0x0, 0x59, 0xe9, 0xe3, 0x6d, 0x93, 0xf8, 0xd7,
    0x99, 0x6e, 0x62, 0x58, 0x56, 0x5b, 0x60, 0x66,
    0x6e, 0x78, 0x82, 0x20, 0x2, 0xb9, 0xc6, 0x14,
    0x0, 0x0, 0x21, 0x79, 0xc7, 0xf3, 0xff, 0xff,
    0xff, 0xff, 0xff, 0xff, 0xff, 0xf7, 0xe5, 0xb,
    0x0, 0x11, 0x8, 0x0, 0x0, 0x0, 0x0, 0x0,
    0x0, 0x0, 0x3, 0x11, 0x16, 0x14, 0xf, 0x9,
    0x1, 0x0, 0x0, 0x0,

    /* U+9010 "逐" */
    0x0, 0x0, 0xe, 0x0, 0x0, 0x0, 0x0, 0x0,
    0x0, 0x0, 0x0, 0x0, 0x0, 0x0, 0x0, 0x0,
    0x0, 0x0, 0x0, 0x0, 0x0, 0x6f, 0xe9, 0x2b,
    0x0, 0x0, 0xe0, 0xf3, 0xf3, 0xf3, 0xf3, 0xf3,
    0xf3, 0xf3, 0xf3, 0xf3, 0xf3, 0xf3, 0x9c, 0x0,
    0x0, 0x18, 0xdc, 0xe9, 0x22, 0x0, 0x4d, 0x53,
    0x53, 0x53, 0x6b, 0xf4, 0xdc, 0x55, 0x53, 0x53,
    0x53, 0x53, 0x35, 0x0, 0x0, 0x0, 0x21, 0xee,
    0xd0, 0x9, 0x0, 0x0, 0x0, 0x2e, 0xe1, 0xe7,
    0x22, 0x0, 0x0, 0x0, 0x0, 0x0, 0x0, 0x0,
    0x0, 0x0, 0x0, 0x50, 0xd0, 0x19, 0x0, 0x1,
    0x5b, 0xf3, 0xf6, 0xe4, 0x19, 0x0, 0x0, 0x0,
    0x44, 0x9d, 0x11, 0x0, 0x0, 0x0, 0x0, 0x0,
    0x4, 0x0, 0x43, 0xcc, 0xff, 0xa3, 0x14, 0xc9,
    0xc9, 0x3, 0x0, 0x32, 0xf2, 0xb9, 0x8, 0x0,
    0x0, 0x0, 0x0, 0x0, 0x0, 0x27, 0xf9, 0xe0,
    0x55, 0x0, 0x5, 0xa9, 0xff, 0x62, 0x33, 0xed,
    0xb5, 0x8, 0x0, 0x0, 0x5, 0x6f, 0x6f, 0x6f,
    0x6a, 0x0, 0x36, 0x8, 0x0, 0x20, 0xc3, 0xd6,
    0xae, 0xe6, 0xf0, 0x9d, 0x4, 0x0, 0x0, 0x0,
    0xb, 0xf3, 0xf3, 0xf9, 0xf3, 0x0, 0x0, 0xf,
    0x7f, 0xf2, 0xa6, 0xb, 0x32, 0xff, 0xf6, 0x34,
    0x0, 0x0, 0x0, 0x0, 0x0, 0x0, 0x0, 0x7b,
    0xf3, 0x0, 0x5f, 0xee, 0xe0, 0x5a, 0x0, 0xa,
    0xc0, 0xff, 0xfa, 0xf5, 0x4f, 0x0, 0x0, 0x0,
    0x0, 0x0, 0x0, 0x7b, 0xf3, 0x0, 0x23, 0x71,
    0x7, 0x0, 0x21, 0xc9, 0xc4, 0xc2, 0xbd, 0x97,
    0xfd, 0x65, 0x0, 0x0, 0x0, 0x0, 0x0, 0x7b,
    0xf3, 0x0, 0x0, 0x0, 0x3, 0x66, 0xf1, 0x98,
    0x5, 0xa6, 0xd2, 0x0, 0x8e, 0xfe, 0x59, 0x0,
    0x0, 0x0, 0x0, 0x7b, 0xf3, 0x0, 0x8, 0x5b,
    0xd7, 0xf2, 0x64, 0x0, 0x0, 0xa6, 0xc7, 0x0,
    0x1, 0xa9, 0x9f, 0x0, 0x0, 0x0, 0x0, 0x7b,
    0xf3, 0x13, 0xe6, 0xf5, 0x94, 0x16, 0x0, 0x0,
    0x9, 0xe5, 0x96, 0x0, 0x0, 0x6, 0x1, 0x0,
    0x0, 0x0, 0x0, 0x7b, 0xf5, 0x1, 0x34, 0x10,
    0x0, 0x18, 0x84, 0x7d, 0xc7, 0xf9, 0x2f, 0x0,
    0x0, 0x0, 0x0, 0x0, 0x0, 0x0, 0x5a, 0xe7,
    0xff, 0xcb, 0x39, 0x0, 0x0, 0x4, 0xc5, 0xd0,
    0xb6, 0x3d, 0x0, 0x0, 0x0, 0x0, 0x0, 0x0,
    0x2, 0x91, 0xff, 0xa2, 0x4b, 0xad, 0xff, 0xd7,
    0x89, 0x5b, 0x4e, 0x41, 0x3e, 0x44, 0x4a, 0x51,
    0x5c, 0x6a, 0x7a, 0x14, 0xd, 0xde, 0x87, 0x0,
    0x0, 0x0, 0x35, 0x89, 0xd6, 0xf8, 0xff, 0xff,
    0xff, 0xff, 0xff, 0xff, 0xff, 0xf9, 0xdd, 0x2,
    0x0, 0x1a, 0x0, 0x0, 0x0, 0x0, 0x0, 0x0,
    0x0, 0x0, 0x7, 0x16, 0x1a, 0x18, 0x12, 0xb,
    0x2, 0x0, 0x0, 0x0,

    /* U+901A "通" */
    0x0, 0x0, 0x0, 0x0, 0x0, 0x0, 0x0, 0xe,
    0xf, 0xf, 0xf, 0xf, 0xf, 0xf, 0xf, 0xf,
    0xf, 0xd, 0x0, 0x0, 0x0, 0x4c, 0xc3, 0x1a,
    0x0, 0x0, 0x0, 0xeb, 0xff, 0xff, 0xff, 0xff,
    0xff, 0xff, 0xff, 0xff, 0xff, 0xec, 0x17, 0x0,
    0x0, 0x1d, 0xd5, 0xe3, 0x2a, 0x0, 0x0, 0x1d,
    0x1f, 0x41, 0x40, 0x1f, 0x1f, 0x1f, 0x4c, 0xd6,
    0xe7, 0x3e, 0x0, 0x0, 0x0, 0x0, 0x11, 0xc9,
    0xe8, 0x27, 0x0, 0x0, 0x3, 0xa2, 0xfb, 0xc2,
    0x66, 0x95, 0xf9, 0x97, 0x14, 0x0, 0x0, 0x0,
    0x0, 0x0, 0x0, 0x11, 0xcf, 0x5d, 0x0, 0x0,
    0x0, 0x0, 0x1a, 0x7b, 0xde, 0xff, 0xb5, 0x18,
    0x0, 0x0, 0x0, 0x0, 0x0, 0x0, 0x0, 0x0,
    0x4, 0x0, 0x0, 0xe4, 0xf3, 0xf3, 0xf3, 0xf3,
    0xf5, 0xff, 0xff, 0xfc, 0xf3, 0xf3, 0x53, 0x0,
    0x0, 0x0, 0x0, 0x0, 0x0, 0x0, 0x0, 0xef,
    0x96, 0x33, 0x33, 0x33, 0xf3, 0x8a, 0x33, 0x33,
    0x47, 0xff, 0x57, 0x0, 0xf, 0x6b, 0x6b, 0x6b,
    0x6b, 0xd, 0x0, 0xef, 0x7b, 0x0, 0x0, 0x0,
    0xef, 0x6b, 0x0, 0x0, 0x17, 0xff, 0x57, 0x0,
    0x23, 0xff, 0xff, 0xff, 0xff, 0x1f, 0x0, 0xef,
    0xf9, 0xf3, 0xf3, 0xf3, 0xff, 0xf9, 0xf3, 0xf3,
    0xf5, 0xff, 0x57, 0x0, 0x1, 0x7, 0x7, 0x55,
    0xff, 0x1f, 0x0, 0xef, 0x92, 0x2b, 0x2b, 0x2b,
    0xf2, 0x85, 0x2b, 0x2b, 0x3f, 0xff, 0x57, 0x0,
    0x0, 0x0, 0x0, 0x4f, 0xff, 0x1f, 0x0, 0xef,
    0x7b, 0x0, 0x0, 0x0, 0xef, 0x6b, 0x0, 0x0,
    0x17, 0xff, 0x57, 0x0, 0x0, 0x0, 0x0, 0x4f,
    0xff, 0x1f, 0x0, 0xef, 0xf9, 0xf3, 0xf3, 0xf3,
    0xff, 0xf9, 0xf3, 0xf3, 0xf5, 0xff, 0x57, 0x0,
    0x0, 0x0, 0x0, 0x4f, 0xff, 0x1f, 0x0, 0xef,
    0x9a, 0x3b, 0x3b, 0x3b, 0xf3, 0x8e, 0x3b, 0x3b,
    0x4e, 0xff, 0x57, 0x0, 0x0, 0x0, 0x0, 0x4f,
    0xff, 0x1f, 0x0, 0xef, 0x7b, 0x0, 0x0, 0x0,
    0xef, 0x6b, 0x0, 0x0, 0x17, 0xff, 0x57, 0x0,
    0x0, 0x0, 0x0, 0x53, 0xff, 0x21, 0x0, 0xef,
    0x7b, 0x0, 0x0, 0x0, 0xef, 0x6b, 0x27, 0x5c,
    0x7c, 0xff, 0x4b, 0x0, 0x0, 0x0, 0x68, 0xee,
    0xf5, 0xd7, 0x41, 0xbf, 0x62, 0x0, 0x0, 0x0,
    0x4e, 0x23, 0x2d, 0xd5, 0xce, 0x99, 0xb, 0x0,
    0x2, 0x95, 0xfc, 0x5b, 0x6, 0x71, 0xf6, 0xde,
    0x8d, 0x5f, 0x52, 0x45, 0x43, 0x49, 0x50, 0x57,
    0x62, 0x71, 0x82, 0x29, 0xb, 0xd8, 0x69, 0x0,
    0x0, 0x0, 0x14, 0x69, 0xbf, 0xec, 0xff, 0xff,
    0xff, 0xff, 0xff, 0xfe, 0xf6, 0xec, 0xdd, 0x11,
    0x0, 0x14, 0x0, 0x0, 0x0, 0x0, 0x0, 0x0,
    0x0, 0x0, 0x2, 0x9, 0xa, 0x8, 0x3, 0x0,
    0x0, 0x0, 0x0, 0x0,

    /* U+901F "速" */
    0x0, 0x0, 0x6, 0x0, 0x0, 0x0, 0x0, 0x0,
    0x0, 0x0, 0x0, 0x36, 0xe7, 0x32, 0x0, 0x0,
    0x0, 0x0, 0x0, 0x0, 0x0, 0x4f, 0xe9, 0x3b,
    0x0, 0x0, 0x0, 0x0, 0x0, 0x0, 0x0, 0x3b,
    0xff, 0x37, 0x0, 0x0, 0x0, 0x0, 0x0, 0x0,
    0x0, 0x9, 0xbd, 0xf4, 0x3f, 0x0, 0x95, 0xef,
    0xef, 0xef, 0xef, 0xf3, 0xff, 0xf3, 0xef, 0xef,
    0xef, 0xef, 0xdd, 0x0, 0x0, 0x0, 0xa, 0xc8,
    0xee, 0x28, 0x39, 0x5b, 0x5b, 0x5b, 0x5b, 0x82,
    0xff, 0x7f, 0x5b, 0x5b, 0x5b, 0x5b, 0x54, 0x0,
    0x0, 0x0, 0x0, 0x1a, 0xd1, 0x41, 0x0, 0x0,
    0x0, 0x0, 0x0, 0x3b, 0xff, 0x37, 0x0, 0x0,
    0x0, 0x0, 0x0, 0x0, 0x0, 0x0, 0x0, 0x0,
    0x1, 0x0, 0x0, 0xca, 0xf3, 0xf3, 0xf3, 0xf6,
    0xff, 0xf6, 0xf3, 0xf3, 0xf3, 0xf3, 0x0, 0x0,
    0x0, 0x0, 0x0, 0x0, 0x0, 0x0, 0x0, 0xd3,
    0xae, 0x3f, 0x3f, 0x6c, 0xff, 0x69, 0x3f, 0x3f,
    0x93, 0xff, 0x0, 0x0, 0x9, 0xc7, 0xc7, 0xc7,
    0xc7, 0x3e, 0x0, 0xd3, 0x93, 0x0, 0x0, 0x3b,
    0xff, 0x37, 0x0, 0x0, 0x6f, 0xff, 0x0, 0x0,
    0x8, 0xb7, 0xb7, 0xc0, 0xff, 0x4f, 0x0, 0xd3,
    0x93, 0x0, 0x0, 0x3b, 0xff, 0x37, 0x0, 0x0,
    0x6f, 0xff, 0x0, 0x0, 0x0, 0x0, 0x0, 0x1f,
    0xff, 0x4f, 0x0, 0xd3, 0xff, 0xff, 0xff, 0xff,
    0xff, 0xff, 0xff, 0xff, 0xff, 0xff, 0x0, 0x0,
    0x0, 0x0, 0x0, 0x1f, 0xff, 0x4f, 0x0, 0x2b,
    0x33, 0x33, 0x6c, 0xfe, 0xff, 0xf7, 0x70, 0x33,
    0x33, 0x33, 0x0, 0x0, 0x0, 0x0, 0x0, 0x1f,
    0xff, 0x4f, 0x0, 0x0, 0x0, 0x31, 0xef, 0xc6,
    0xff, 0xbb, 0xfc, 0x80, 0x3, 0x0, 0x0, 0x0,
    0x0, 0x0, 0x0, 0x1f, 0xff, 0x4f, 0x0, 0x0,
    0x37, 0xeb, 0xa4, 0x3d, 0xff, 0x37, 0x56, 0xf2,
    0xc0, 0x15, 0x0, 0x0, 0x0, 0x0, 0x0, 0x1f,
    0xff, 0x4f, 0xe, 0x85, 0xfb, 0xa9, 0x4, 0x3b,
    0xff, 0x37, 0x0, 0x27, 0xdb, 0xde, 0x24, 0x0,
    0x0, 0x0, 0x0, 0x22, 0xff, 0x50, 0x8e, 0xf1,
    0x61, 0x0, 0x0, 0x3b, 0xff, 0x37, 0x0, 0x0,
    0x13, 0xb9, 0x2d, 0x0, 0x0, 0x0, 0x51, 0xdf,
    0xff, 0xe3, 0x5d, 0x1e, 0x0, 0x0, 0x0, 0x35,
    0xe3, 0x31, 0x0, 0x0, 0x0, 0x0, 0x0, 0x0,
    0x1, 0x83, 0xff, 0xad, 0x39, 0x87, 0xf8, 0xea,
    0x9c, 0x66, 0x57, 0x4a, 0x46, 0x4b, 0x51, 0x58,
    0x62, 0x6f, 0x7e, 0x17, 0x5, 0xcc, 0x98, 0x1,
    0x0, 0x0, 0x1e, 0x74, 0xc4, 0xf0, 0xfe, 0xff,
    0xff, 0xff, 0xff, 0xff, 0xfc, 0xf2, 0xda, 0x3,
    0x0, 0x14, 0x1, 0x0, 0x0, 0x0, 0x0, 0x0,
    0x0, 0x0, 0x1, 0xf, 0x17, 0x13, 0xd, 0x5,
    0x0, 0x0, 0x0, 0x0,

    /* U+903B "逻" */
    0x0, 0x0, 0x18, 0x0, 0x0, 0x0, 0x0, 0x2c,
    0x2f, 0x2f, 0x2f, 0x2f, 0x2f, 0x2f, 0x2f, 0x2f,
    0x2f, 0x2f, 0x14, 0x0, 0x0, 0x24, 0xf6, 0x81,
    0x0, 0x0, 0x0, 0xeb, 0xff, 0xff, 0xff, 0xff,
    0xff, 0xff, 0xff, 0xff, 0xff, 0xff, 0x6b, 0x0,
    0x0, 0x0, 0x6f, 0xff, 0x7f, 0x0, 0x0, 0xeb,
    0x6b, 0xb, 0x45, 0xd9, 0xb, 0x2a, 0xec, 0xb,
    0xb, 0xec, 0x6b, 0x0, 0x0, 0x0, 0x0, 0x81,
    0xff, 0x5f, 0x0, 0xeb, 0x63, 0x0, 0x3b, 0xd7,
    0x0, 0x1f, 0xeb, 0x0, 0x0, 0xeb, 0x6b, 0x0,
    0x0, 0x0, 0x0, 0x1, 0x9e, 0x4f, 0x0, 0xeb,
    0x6d, 0xf, 0x48, 0xda, 0xf, 0x2d, 0xed, 0xf,
    0xf, 0xed, 0x6b, 0x0, 0x0, 0x0, 0x0, 0x0,
    0x0, 0x0, 0x0, 0xeb, 0xff, 0xff, 0xff, 0xff,
    0xff, 0xff, 0xff, 0xff, 0xff, 0xff, 0x6b, 0x0,
    0x0, 0x3, 0x3, 0x3, 0x3, 0x0, 0x0, 0x2c,
    0x2f, 0x2f, 0x58, 0xfe, 0x68, 0x2f, 0x2f, 0x2f,
    0x2f, 0x2f, 0x14, 0x0, 0xb, 0xff, 0xff, 0xff,
    0xff, 0x3b, 0x0, 0x0, 0x0, 0x8, 0xc8, 0xea,
    0x33, 0x2f, 0x2f, 0x2f, 0x31, 0x4, 0x0, 0x0,
    0x4, 0x5f, 0x5f, 0x80, 0xff, 0x3b, 0x0, 0x0,
    0x9, 0xb1, 0xff, 0xff, 0xff, 0xff, 0xff, 0xff,
    0xff, 0x7b, 0x0, 0x0, 0x0, 0x0, 0x0, 0x33,
    0xff, 0x3b, 0x0, 0x31, 0xd6, 0xf5, 0x4f, 0xb,
    0xb, 0xb, 0xb, 0x7a, 0xeb, 0xf, 0x0, 0x0,
    0x0, 0x0, 0x0, 0x33, 0xff, 0x3b, 0x41, 0xf9,
    0xde, 0x3d, 0x99, 0x55, 0x0, 0x0, 0x23, 0xf4,
    0x6a, 0x0, 0x0, 0x0, 0x0, 0x0, 0x0, 0x33,
    0xff, 0x3b, 0x1, 0x60, 0xb, 0x1, 0x85, 0xfe,
    0x7d, 0x20, 0xdf, 0xad, 0x4, 0x0, 0x0, 0x0,
    0x0, 0x0, 0x0, 0x33, 0xff, 0x3b, 0x0, 0x0,
    0x0, 0x0, 0x0, 0x5e, 0xf9, 0xf6, 0xa1, 0x3,
    0x0, 0x0, 0x0, 0x0, 0x0, 0x0, 0x0, 0x33,
    0xff, 0x3b, 0x0, 0x0, 0x0, 0x0, 0x2e, 0xa4,
    0xf3, 0x80, 0x1, 0x0, 0x0, 0x0, 0x0, 0x0,
    0x0, 0x0, 0x0, 0x52, 0xff, 0x3d, 0x0, 0x2b,
    0x73, 0xbf, 0xfd, 0xa4, 0x1d, 0x0, 0x0, 0x0,
    0x0, 0x0, 0x0, 0x0, 0x0, 0x13, 0xae, 0xff,
    0xfd, 0xe3, 0x61, 0xd6, 0xcf, 0x79, 0x23, 0x0,
    0x0, 0x0, 0x0, 0x0, 0x0, 0x0, 0x0, 0x0,
    0x23, 0xdb, 0xf8, 0x56, 0x13, 0x90, 0xfd, 0xfa,
    0xac, 0x83, 0x76, 0x69, 0x67, 0x6e, 0x75, 0x7c,
    0x87, 0x95, 0xa3, 0x20, 0x16, 0xe4, 0x54, 0x0,
    0x0, 0x0, 0x23, 0x7b, 0xcf, 0xf5, 0xff, 0xff,
    0xff, 0xff, 0xff, 0xfd, 0xf4, 0xea, 0xce, 0x2,
    0x0, 0x12, 0x0, 0x0, 0x0, 0x0, 0x0, 0x0,
    0x0, 0x0, 0x8, 0xe, 0xe, 0xa, 0x4, 0x0,
    0x0, 0x0, 0x0, 0x0,

    /* U+90E8 "部" */
    0x0, 0x0, 0x0, 0x1, 0x9c, 0x60, 0x0, 0x0,
    0x0, 0x0, 0x0, 0x0, 0x0, 0x0, 0x0, 0x0,
    0x0, 0x0, 0x0, 0x0, 0x0, 0x0, 0xa9, 0xd8,
    0x1, 0x0, 0x0, 0x0, 0x0, 0x49, 0xb3, 0xb3,
    0xb3, 0xb3, 0xb6, 0x6b, 0x2a, 0x67, 0x67, 0x67,
    0x9b, 0xff, 0x84, 0x67, 0x67, 0x67, 0x4, 0x67,
    0xf9, 0xab, 0xab, 0xab, 0xf9, 0xbe, 0x63, 0xf3,
    0xf3, 0xf3, 0xf3, 0xf3, 0xf3, 0xf3, 0xf3, 0xf3,
    0xb, 0x67, 0xeb, 0x0, 0x0, 0x29, 0xff, 0x53,
    0x0, 0xb, 0xb5, 0x45, 0x0, 0x0, 0x0, 0x71,
    0xb9, 0x8, 0x0, 0x67, 0xeb, 0x0, 0x0, 0x85,
    0xe5, 0x4, 0x0, 0x0, 0xbc, 0xbf, 0x0, 0x0,
    0x0, 0xd0, 0xb0, 0x0, 0x0, 0x67, 0xeb, 0x0,
    0x3, 0xe2, 0x7e, 0x0, 0x0, 0x0, 0x56, 0xff,
    0x1f, 0x0, 0x2f, 0xff, 0x44, 0x0, 0x0, 0x67,
    0xeb, 0x0, 0x4e, 0xfb, 0x19, 0x0, 0xb, 0xb,
    0x1b, 0xce, 0x40, 0xb, 0x9d, 0xdc, 0xd, 0xb,
    0x5, 0x67, 0xeb, 0x0, 0xb8, 0xad, 0x0, 0x0,
    0xfb, 0xff, 0xff, 0xff, 0xff, 0xff, 0xff, 0xff,
    0xff, 0xff, 0x7f, 0x67, 0xeb, 0x0, 0x86, 0xeb,
    0x21, 0x0, 0x56, 0x57, 0x57, 0x57, 0x57, 0x57,
    0x57, 0x57, 0x57, 0x57, 0x2b, 0x67, 0xeb, 0x0,
    0x1, 0xb5, 0xca, 0x1, 0x0, 0x0, 0x0, 0x0,
    0x0, 0x0, 0x0, 0x0, 0x0, 0x0, 0x0, 0x67,
    0xeb, 0x0, 0x0, 0x22, 0xfd, 0x51, 0x0, 0xca,
    0xf3, 0xf3, 0xf3, 0xf3, 0xf3, 0xf3, 0xf3, 0x8d,
    0x0, 0x67, 0xeb, 0x0, 0x0, 0x0, 0xc7, 0x9f,
    0x0, 0xd3, 0xc2, 0x67, 0x67, 0x67, 0x67, 0x67,
    0xf4, 0x93, 0x0, 0x67, 0xeb, 0x0, 0x0, 0x0,
    0xaa, 0xbc, 0x0, 0xd3, 0x97, 0x0, 0x0, 0x0,
    0x0, 0x0, 0xeb, 0x93, 0x0, 0x67, 0xeb, 0x0,
    0x0, 0x3, 0xd4, 0xa4, 0x0, 0xd3, 0x97, 0x0,
    0x0, 0x0, 0x0, 0x0, 0xeb, 0x93, 0x0, 0x67,
    0xeb, 0x53, 0xc8, 0xe4, 0xff, 0x51, 0x0, 0xd3,
    0x97, 0x0, 0x0, 0x0, 0x0, 0x0, 0xeb, 0x93,
    0x0, 0x67, 0xeb, 0x1e, 0x9a, 0x92, 0x49, 0x0,
    0x0, 0xd3, 0xfb, 0xf3, 0xf3, 0xf3, 0xf3, 0xf3,
    0xff, 0x93, 0x0, 0x67, 0xeb, 0x0, 0x0, 0x0,
    0x0, 0x0, 0x0, 0xd3, 0xc2, 0x67, 0x67, 0x67,
    0x67, 0x67, 0xf4, 0x93, 0x0, 0x67, 0xeb, 0x0,
    0x0, 0x0, 0x0, 0x0,

    /* U+91CD "重" */
    0x0, 0x0, 0x0, 0x0, 0x0, 0x0, 0x0, 0x2,
    0xd, 0x1f, 0x37, 0x4f, 0x69, 0x8c, 0xb0, 0x51,
    0x0, 0x0, 0x0, 0x2d, 0xc1, 0xce, 0xdb, 0xe7,
    0xf4, 0xff, 0xff, 0xff, 0xff, 0xf0, 0xd7, 0xbb,
    0x97, 0x61, 0x0, 0x0, 0x0, 0x9, 0x72, 0x68,
    0x5e, 0x53, 0x49, 0x3f, 0xdd, 0xb4, 0x8, 0x0,
    0x0, 0x0, 0x0, 0x0, 0x0, 0x0, 0x38, 0x43,
    0x43, 0x43, 0x43, 0x43, 0x43, 0x43, 0xdf, 0xc2,
    0x43, 0x43, 0x43, 0x43, 0x43, 0x43, 0x43, 0x3c,
    0xd0, 0xfb, 0xfb, 0xfb, 0xfb, 0xfb, 0xfb, 0xfb,
    0xff, 0xfe, 0xfb, 0xfb, 0xfb, 0xfb, 0xfb, 0xfb,
    0xfb, 0xe0, 0x0, 0x0, 0x0, 0x0, 0x0, 0x0,
    0x0, 0x0, 0xd3, 0xab, 0x0, 0x0, 0x0, 0x0,
    0x0, 0x0, 0x0, 0x0, 0x0, 0x0, 0xca, 0xf3,
    0xf3, 0xf3, 0xf3, 0xf3, 0xfd, 0xfc, 0xf3, 0xf3,
    0xf3, 0xf3, 0xf3, 0xec, 0x0, 0x0, 0x0, 0x0,
    0xd3, 0xaf, 0x1f, 0x1f, 0x1f, 0x1f, 0xd9, 0xb6,
    0x1f, 0x1f, 0x1f, 0x1f, 0x9d, 0xf7, 0x0, 0x0,
    0x0, 0x0, 0xd3, 0xa9, 0xf, 0xf, 0xf, 0xf,
    0xd6, 0xb1, 0xf, 0xf, 0xf, 0xf, 0x96, 0xf7,
    0x0, 0x0, 0x0, 0x0, 0xd3, 0xfb, 0xf3, 0xf3,
    0xf3, 0xf3, 0xfd, 0xfc, 0xf3, 0xf3, 0xf3, 0xf3,
    0xfa, 0xf7, 0x0, 0x0, 0x0, 0x0, 0xd3, 0xa3,
    0x0, 0x0, 0x0, 0x0, 0xd3, 0xab, 0x0, 0x0,
    0x0, 0x0, 0x8f, 0xf7, 0x0, 0x0, 0x0, 0x0,
    0xd3, 0xf7, 0xe7, 0xe7, 0xe7, 0xe7, 0xfb, 0xf8,
    0xe7, 0xe7, 0xe7, 0xe7, 0xf5, 0xf7, 0x0, 0x0,
    0x0, 0x0, 0x2b, 0x33, 0x33, 0x33, 0x33, 0x33,
    0xdc, 0xbd, 0x33, 0x33, 0x33, 0x33, 0x33, 0x32,
    0x0, 0x0, 0x0, 0x18, 0x33, 0x33, 0x33, 0x33,
    0x33, 0x33, 0xdc, 0xbd, 0x33, 0x33, 0x33, 0x33,
    0x33, 0x33, 0x25, 0x0, 0x0, 0x77, 0xff, 0xff,
    0xff, 0xff, 0xff, 0xff, 0xff, 0xff, 0xff, 0xff,
    0xff, 0xff, 0xff, 0xff, 0xb7, 0x0, 0x0, 0x0,
    0x0, 0x0, 0x0, 0x0, 0x0, 0x0, 0xd3, 0xab,
    0x0, 0x0, 0x0, 0x0, 0x0, 0x0, 0x0, 0x0,
    0x35, 0x37, 0x37, 0x37, 0x37, 0x37, 0x37, 0x37,
    0xdd, 0xbe, 0x37, 0x37, 0x37, 0x37, 0x37, 0x37,
    0x37, 0x37, 0xf3, 0xff, 0xff, 0xff, 0xff, 0xff,
    0xff, 0xff, 0xff, 0xff, 0xff, 0xff, 0xff, 0xff,
    0xff, 0xff, 0xff, 0xfb,

    /* U+91CF "量" */
    0x0, 0x0, 0x0, 0x77, 0xff, 0xe3, 0xe3, 0xe3,
    0xe3, 0xe3, 0xe3, 0xe3, 0xe3, 0xe3, 0xe5, 0xff,
    0x6f, 0x0, 0x0, 0x0, 0x0, 0x0, 0x0, 0x77,
    0xff, 0x0, 0x0, 0x0, 0x0, 0x0, 0x0, 0x0,
    0x0, 0x0, 0xf, 0xff, 0x6f, 0x0, 0x0, 0x0,
    0x0, 0x0, 0x0, 0x77, 0xff, 0xe3, 0xe3, 0xe3,
    0xe3, 0xe3, 0xe3, 0xe3, 0xe3, 0xe3, 0xe5, 0xff,
    0x6f, 0x0, 0x0, 0x0, 0x0, 0x0, 0x0, 0x77,
    0xff, 0x0, 0x0, 0x0, 0x0, 0x0, 0x0, 0x0,
    0x0, 0x0, 0xf, 0xff, 0x6f, 0x0, 0x0, 0x0,
    0x0, 0x0, 0x0, 0x6c, 0xe7, 0xe7, 0xe7, 0xe7,
    0xe7, 0xe7, 0xe7, 0xe7, 0xe7, 0xe7, 0xe7, 0xe7,
    0x65, 0x0, 0x0, 0x0, 0x0, 0x36, 0x37, 0x37,
    0x37, 0x37, 0x37, 0x37, 0x37, 0x37, 0x37, 0x37,
    0x37, 0x37, 0x37, 0x37, 0x37, 0x37, 0x36, 0x0,
    0x0, 0xe4, 0xeb, 0xeb, 0xeb, 0xeb, 0xeb, 0xeb,
    0xeb, 0xeb, 0xeb, 0xeb, 0xeb, 0xeb, 0xeb, 0xeb,
    0xeb, 0xeb, 0xe4, 0x0, 0x0, 0x0, 0x0, 0x27,
    0x2f, 0x2f, 0x2f, 0x2f, 0x2f, 0x2f, 0x2f, 0x2f,
    0x2f, 0x2f, 0x2f, 0x2f, 0x2f, 0x0, 0x0, 0x0,
    0x0, 0x0, 0x0, 0xd3, 0xe7, 0xc3, 0xc3, 0xc3,
    0xc3, 0xf1, 0xee, 0xc3, 0xc3, 0xc3, 0xc3, 0xe0,
    0xff, 0x3, 0x0, 0x0, 0x0, 0x0, 0x0, 0xd3,
    0xa4, 0x1f, 0x1f, 0x1f, 0x1f, 0xcb, 0xbd, 0x1f,
    0x1f, 0x1f, 0x1f, 0x88, 0xff, 0x3, 0x0, 0x0,
    0x0, 0x0, 0x0, 0xd3, 0xe7, 0xc3, 0xc3, 0xc3,
    0xc3, 0xf1, 0xee, 0xc3, 0xc3, 0xc3, 0xc3, 0xe0,
    0xff, 0x3, 0x0, 0x0, 0x0, 0x0, 0x0, 0xd3,
    0xa0, 0x13, 0x13, 0x13, 0x13, 0xc8, 0xb9, 0x13,
    0x13, 0x13, 0x13, 0x82, 0xff, 0x3, 0x0, 0x0,
    0x0, 0x0, 0x0, 0xb2, 0xd7, 0xd7, 0xd7, 0xd7,
    0xd7, 0xf6, 0xf4, 0xd7, 0xd7, 0xd7, 0xd7, 0xd7,
    0xd7, 0x3, 0x0, 0x0, 0x0, 0x0, 0xa, 0x1b,
    0x1b, 0x1b, 0x1b, 0x1b, 0x1b, 0xca, 0xbc, 0x1b,
    0x1b, 0x1b, 0x1b, 0x1b, 0x1b, 0xc, 0x0, 0x0,
    0x0, 0x0, 0x5f, 0xf3, 0xf3, 0xf3, 0xf3, 0xf3,
    0xf3, 0xfd, 0xfc, 0xf3, 0xf3, 0xf3, 0xf3, 0xf3,
    0xf3, 0x6e, 0x0, 0x0, 0x2, 0x27, 0x27, 0x27,
    0x27, 0x27, 0x27, 0x27, 0x27, 0xcd, 0xbf, 0x27,
    0x27, 0x27, 0x27, 0x27, 0x27, 0x27, 0x27, 0x3,
    0xf, 0xff, 0xff, 0xff, 0xff, 0xff, 0xff, 0xff,
    0xff, 0xff, 0xff, 0xff, 0xff, 0xff, 0xff, 0xff,
    0xff, 0xff, 0xff, 0x17,

    /* U+9519 "错" */
    0x0, 0x0, 0x0, 0x76, 0x57, 0x0, 0x0, 0x0,
    0x0, 0x0, 0x23, 0xcb, 0x23, 0x0, 0x13, 0xcb,
    0x39, 0x0, 0x0, 0x0, 0x0, 0x0, 0x19, 0xf9,
    0x6c, 0x0, 0x0, 0x0, 0x0, 0x0, 0x2b, 0xff,
    0x2b, 0x0, 0x17, 0xff, 0x47, 0x0, 0x0, 0x0,
    0x0, 0x0, 0x87, 0xff, 0x72, 0x63, 0x63, 0x5d,
    0x6, 0x27, 0x4d, 0xff, 0x4d, 0x27, 0x3c, 0xff,
    0x64, 0x27, 0x18, 0x0, 0x0, 0x31, 0xf8, 0xff,
    0xff, 0xff, 0xff, 0xef, 0x2b, 0xff, 0xff, 0xff,
    0xff, 0xff, 0xff, 0xff, 0xff, 0xff, 0x9f, 0x0,
    0xe, 0xdc, 0xcd, 0xa, 0x3, 0x3, 0x3, 0x3,
    0x6, 0x27, 0x4d, 0xff, 0x4d, 0x27, 0x3c, 0xff,
    0x64, 0x27, 0x18, 0x0, 0x1f, 0xea, 0x24, 0x0,
    0x0, 0x0, 0x0, 0x0, 0x0, 0x0, 0x2b, 0xff,
    0x2b, 0x0, 0x17, 0xff, 0x47, 0x0, 0x0, 0x0,
    0x0, 0x1b, 0xe8, 0xef, 0xef, 0xef, 0xef, 0x99,
    0x22, 0x33, 0x57, 0xff, 0x57, 0x33, 0x47, 0xff,
    0x6d, 0x33, 0x33, 0x4, 0x0, 0x0, 0x68, 0x72,
    0xff, 0x9e, 0x6b, 0x45, 0xab, 0xff, 0xff, 0xff,
    0xff, 0xff, 0xff, 0xff, 0xff, 0xff, 0xff, 0x13,
    0x0, 0x0, 0x0, 0xb, 0xff, 0x57, 0x0, 0x0,
    0x1a, 0x27, 0x27, 0x27, 0x27, 0x27, 0x27, 0x27,
    0x27, 0x27, 0x27, 0x3, 0x0, 0x0, 0x0, 0xb,
    0xff, 0x57, 0x0, 0x0, 0x0, 0x20, 0x47, 0x47,
    0x47, 0x47, 0x47, 0x47, 0x47, 0x34, 0x0, 0x0,
    0x0, 0xcd, 0xf3, 0xf4, 0xff, 0xf8, 0xf3, 0xf3,
    0x13, 0x73, 0xff, 0xfb, 0xfb, 0xfb, 0xfb, 0xfb,
    0xfe, 0xbb, 0x0, 0x0, 0x0, 0x5b, 0x6b, 0x72,
    0xff, 0x9e, 0x6b, 0x6b, 0x8, 0x73, 0xeb, 0x0,
    0x0, 0x0, 0x0, 0x0, 0xab, 0xbb, 0x0, 0x0,
    0x0, 0x0, 0x0, 0xb, 0xff, 0x57, 0x0, 0x0,
    0x0, 0x73, 0xeb, 0x0, 0x0, 0x0, 0x0, 0x0,
    0xab, 0xbb, 0x0, 0x0, 0x0, 0x0, 0x0, 0xb,
    0xff, 0x57, 0x0, 0x0, 0x0, 0x73, 0xff, 0xf3,
    0xf3, 0xf3, 0xf3, 0xf3, 0xfc, 0xbb, 0x0, 0x0,
    0x0, 0x0, 0x0, 0xb, 0xff, 0x57, 0x4, 0x3e,
    0x0, 0x73, 0xf1, 0x43, 0x43, 0x43, 0x43, 0x43,
    0xc2, 0xbb, 0x0, 0x0, 0x0, 0x0, 0x0, 0x13,
    0xff, 0x95, 0xd6, 0xd5, 0x0, 0x73, 0xeb, 0x0,
    0x0, 0x0, 0x0, 0x0, 0xab, 0xbb, 0x0, 0x0,
    0x0, 0x0, 0x0, 0x5d, 0xff, 0xf5, 0x93, 0x21,
    0x0, 0x73, 0xf2, 0x53, 0x53, 0x53, 0x53, 0x53,
    0xc7, 0xbb, 0x0, 0x0, 0x0, 0x0, 0x0, 0xaa,
    0x87, 0x15, 0x0, 0x0, 0x0, 0x73, 0xfe, 0xeb,
    0xeb, 0xeb, 0xeb, 0xeb, 0xf9, 0xbb, 0x0, 0x0,

    /* U+95ED "闭" */
    0x0, 0x9, 0x23, 0x0, 0x0, 0x0, 0x0, 0x0,
    0x0, 0x0, 0x0, 0x0, 0x0, 0x0, 0x0, 0x0,
    0x0, 0x0, 0x0, 0x99, 0xed, 0x34, 0x0, 0x0,
    0x70, 0x7b, 0x7b, 0x7b, 0x7b, 0x7b, 0x7b, 0x7b,
    0x7b, 0x7b, 0x7b, 0x20, 0x0, 0x8, 0xbd, 0xed,
    0x21, 0x0, 0xd5, 0xeb, 0xeb, 0xeb, 0xeb, 0xeb,
    0xeb, 0xeb, 0xeb, 0xf0, 0xff, 0x43, 0x0, 0x0,
    0x11, 0xde, 0x88, 0x0, 0x0, 0x0, 0x0, 0x0,
    0x0, 0x0, 0x0, 0x0, 0x0, 0x37, 0xff, 0x43,
    0x31, 0xe3, 0x3c, 0xf, 0x0, 0x0, 0x0, 0x0,
    0x0, 0x0, 0x89, 0xab, 0x0, 0x0, 0x0, 0x37,
    0xff, 0x43, 0x37, 0xff, 0x43, 0x0, 0x0, 0x0,
    0x0, 0x0, 0x0, 0x0, 0xb3, 0xdf, 0x0, 0x0,
    0x0, 0x37, 0xff, 0x43, 0x37, 0xff, 0x43, 0x4,
    0x3b, 0x3b, 0x3b, 0x3b, 0x3b, 0x3b, 0xc5, 0xe7,
    0x3b, 0x3b, 0x2a, 0x37, 0xff, 0x43, 0x37, 0xff,
    0x43, 0x13, 0xff, 0xff, 0xff, 0xff, 0xff, 0xff,
    0xff, 0xff, 0xff, 0xff, 0xb3, 0x37, 0xff, 0x43,
    0x37, 0xff, 0x43, 0x3, 0x2f, 0x2f, 0x2f, 0x2f,
    0x35, 0xe0, 0xff, 0xe5, 0x2f, 0x2f, 0x21, 0x37,
    0xff, 0x43, 0x37, 0xff, 0x43, 0x0, 0x0, 0x0,
    0x0, 0x0, 0x8a, 0xfc, 0xe6, 0xdf, 0x0, 0x0,
    0x0, 0x37, 0xff, 0x43, 0x37, 0xff, 0x43, 0x0,
    0x0, 0x0, 0x0, 0x6e, 0xff, 0x67, 0xb3, 0xdf,
    0x0, 0x0, 0x0, 0x37, 0xff, 0x43, 0x37, 0xff,
    0x43, 0x0, 0x0, 0x2, 0x7c, 0xff, 0x82, 0x0,
    0xb3, 0xdf, 0x0, 0x0, 0x0, 0x37, 0xff, 0x43,
    0x37, 0xff, 0x43, 0x0, 0x22, 0xc4, 0xff, 0x92,
    0x0, 0x0, 0xb3, 0xdf, 0x0, 0x0, 0x0, 0x37,
    0xff, 0x43, 0x37, 0xff, 0x44, 0x64, 0xf3, 0xeb,
    0x51, 0x0, 0x0, 0x0, 0xb3, 0xdf, 0x0, 0x0,
    0x0, 0x37, 0xff, 0x43, 0x37, 0xff, 0x44, 0x86,
    0xb7, 0x18, 0x0, 0x0, 0x0, 0x0, 0xb3, 0xdf,
    0x0, 0x0, 0x0, 0x37, 0xff, 0x43, 0x37, 0xff,
    0x43, 0x0, 0x0, 0x0, 0x0, 0x59, 0x7a, 0x78,
    0xe1, 0xce, 0x0, 0x0, 0x0, 0x37, 0xff, 0x43,
    0x37, 0xff, 0x43, 0x0, 0x0, 0x0, 0x0, 0x70,
    0xf0, 0xea, 0xca, 0x4e, 0x0, 0x3b, 0x60, 0x93,
    0xff, 0x38, 0x37, 0xff, 0x43, 0x0, 0x0, 0x0,
    0x0, 0x0, 0x0, 0x0, 0x0, 0x0, 0x0, 0x5c,
    0xfd, 0xf3, 0xb1, 0x8, 0x0, 0x0, 0x0, 0x0,
    0x0, 0x0, 0x0, 0x0, 0x0, 0x0, 0x0, 0x0,
    0x0, 0x0, 0x0, 0x0, 0x0, 0x0,

    /* U+95F4 "间" */
    0x0, 0x3, 0x25, 0x0, 0x0, 0x0, 0x0, 0x0,
    0x0, 0x0, 0x0, 0x0, 0x0, 0x0, 0x0, 0x0,
    0x0, 0x0, 0x0, 0x68, 0xf9, 0x5e, 0x0, 0x0,
    0x59, 0x77, 0x77, 0x77, 0x77, 0x77, 0x77, 0x77,
    0x77, 0x77, 0x77, 0x38, 0x0, 0x0, 0x70, 0xfe,
    0x5e, 0x0, 0xb6, 0xf3, 0xf3, 0xf3, 0xf3, 0xf3,
    0xf3, 0xf3, 0xf3, 0xf4, 0xff, 0x77, 0x0, 0x0,
    0x0, 0x74, 0x7a, 0x1, 0x0, 0x0, 0x0, 0x0,
    0x0, 0x0, 0x0, 0x0, 0x0, 0x13, 0xff, 0x77,
    0x11, 0xe3, 0x6a, 0x0, 0x0, 0x0, 0x0, 0x0,
    0x0, 0x0, 0x0, 0x0, 0x0, 0x0, 0x0, 0x13,
    0xff, 0x77, 0x13, 0xff, 0x77, 0x0, 0x0, 0x9,
    0x13, 0x13, 0x13, 0x13, 0x13, 0x13, 0x12, 0x0,
    0x0, 0x13, 0xff, 0x77, 0x13, 0xff, 0x77, 0x0,
    0x0, 0x73, 0xff, 0xff, 0xff, 0xff, 0xff, 0xff,
    0xeb, 0x0, 0x0, 0x13, 0xff, 0x77, 0x13, 0xff,
    0x77, 0x0, 0x0, 0x73, 0xec, 0x2f, 0x2f, 0x2f,
    0x2f, 0x97, 0xeb, 0x0, 0x0, 0x13, 0xff, 0x77,
    0x13, 0xff, 0x77, 0x0, 0x0, 0x73, 0xe7, 0x0,
    0x0, 0x0, 0x0, 0x7f, 0xeb, 0x0, 0x0, 0x13,
    0xff, 0x77, 0x13, 0xff, 0x77, 0x0, 0x0, 0x73,
    0xeb, 0x27, 0x27, 0x27, 0x27, 0x93, 0xeb, 0x0,
    0x0, 0x13, 0xff, 0x77, 0x13, 0xff, 0x77, 0x0,
    0x0, 0x73, 0xff, 0xff, 0xff, 0xff, 0xff, 0xff,
    0xeb, 0x0, 0x0, 0x13, 0xff, 0x77, 0x13, 0xff,
    0x77, 0x0, 0x0, 0x73, 0xea, 0x17, 0x17, 0x17,
    0x17, 0x8b, 0xeb, 0x0, 0x0, 0x13, 0xff, 0x77,
    0x13, 0xff, 0x77, 0x0, 0x0, 0x73, 0xe7, 0x0,
    0x0, 0x0, 0x0, 0x7f, 0xeb, 0x0, 0x0, 0x13,
    0xff, 0x77, 0x13, 0xff, 0x77, 0x0, 0x0, 0x73,
    0xec, 0x33, 0x33, 0x33, 0x33, 0x99, 0xeb, 0x0,
    0x0, 0x13, 0xff, 0x77, 0x13, 0xff, 0x77, 0x0,
    0x0, 0x73, 0xff, 0xff, 0xff, 0xff, 0xff, 0xff,
    0xeb, 0x0, 0x0, 0x13, 0xff, 0x77, 0x13, 0xff,
    0x77, 0x0, 0x0, 0x5, 0xb, 0xb, 0xb, 0xb,
    0xb, 0xb, 0xb, 0x0, 0x0, 0x13, 0xff, 0x77,
    0x13, 0xff, 0x77, 0x0, 0x0, 0x0, 0x0, 0x0,
    0x0, 0x0, 0x0, 0x0, 0x0, 0x20, 0x5c, 0x77,
    0xff, 0x6e, 0x13, 0xff, 0x77, 0x0, 0x0, 0x0,
    0x0, 0x0, 0x0, 0x0, 0x0, 0x0, 0x0, 0x1a,
    0xfb, 0xf8, 0xcd, 0x22,

    /* U+9608 "阈" */
    0x0, 0x5, 0x88, 0x4a, 0x0, 0x0, 0xd, 0xf,
    0xf, 0xf, 0xf, 0xf, 0xf, 0xf, 0xf, 0xf,
    0xf, 0x8, 0x0, 0x0, 0x8d, 0xf6, 0x3b, 0x0,
    0xdb, 0xff, 0xff, 0xff, 0xff, 0xff, 0xff, 0xff,
    0xff, 0xff, 0xff, 0x83, 0x0, 0x0, 0x1, 0xa4,
    0xe9, 0x1b, 0x41, 0x4b, 0x4b, 0x4b, 0x4b, 0x4b,
    0x4b, 0x4b, 0x4b, 0x4b, 0xfa, 0x83, 0x9, 0x73,
    0x30, 0x9, 0xcc, 0x60, 0x0, 0x0, 0x0, 0x4d,
    0xbf, 0x21, 0x80, 0x8, 0x0, 0x0, 0xf7, 0x83,
    0x13, 0xff, 0x6b, 0x0, 0x3, 0x0, 0x0, 0x0,
    0x0, 0x54, 0xf3, 0xd, 0xc4, 0xc0, 0x1, 0x0,
    0xf7, 0x83, 0x13, 0xff, 0x6b, 0xb, 0x27, 0x27,
    0x27, 0x27, 0x27, 0x66, 0xfc, 0x27, 0x37, 0x6d,
    0x24, 0x0, 0xf7, 0x83, 0x13, 0xff, 0x6b, 0x47,
    0xff, 0xff, 0xff, 0xff, 0xff, 0xff, 0xff, 0xff,
    0xff, 0xff, 0xeb, 0x0, 0xf7, 0x83, 0x13, 0xff,
    0x6b, 0x4, 0xf, 0xf, 0xf, 0xf, 0xf, 0x2f,
    0xff, 0x2e, 0xf, 0x2f, 0x12, 0x0, 0xf7, 0x83,
    0x13, 0xff, 0x6b, 0x0, 0xbc, 0xe7, 0xe7, 0xe7,
    0x9b, 0x6, 0xfe, 0x3b, 0x1e, 0xfd, 0x2b, 0x0,
    0xf7, 0x83, 0x13, 0xff, 0x6b, 0x0, 0xcf, 0x2a,
    0xf, 0x71, 0xab, 0x0, 0xe5, 0x59, 0x7e, 0xd6,
    0x0, 0x0, 0xf7, 0x83, 0x13, 0xff, 0x6b, 0x0,
    0xcf, 0x1b, 0x0, 0x67, 0xab, 0x0, 0xc2, 0x86,
    0xdd, 0x7f, 0x0, 0x0, 0xf7, 0x83, 0x13, 0xff,
    0x6b, 0x0, 0xcf, 0xce, 0xc7, 0xde, 0xab, 0x0,
    0x8b, 0xe8, 0xf4, 0x16, 0x0, 0x0, 0xf7, 0x83,
    0x13, 0xff, 0x6b, 0x0, 0x2a, 0x33, 0x33, 0x33,
    0x22, 0x0, 0x52, 0xff, 0x85, 0x0, 0x2c, 0x0,
    0xf7, 0x83, 0x13, 0xff, 0x6b, 0x0, 0x0, 0x15,
    0x41, 0x6e, 0x9b, 0x19, 0x87, 0xff, 0x50, 0x0,
    0xb7, 0x41, 0xf7, 0x83, 0x13, 0xff, 0x6b, 0x5b,
    0xea, 0xff, 0xfa, 0xcf, 0x9e, 0x74, 0xf5, 0xc8,
    0xcb, 0x13, 0xe7, 0x18, 0xf7, 0x83, 0x13, 0xff,
    0x6b, 0x2d, 0x68, 0x34, 0x6, 0x0, 0x76, 0xe7,
    0x36, 0x14, 0xe9, 0xf8, 0xc7, 0x0, 0xf7, 0x83,
    0x13, 0xff, 0x6b, 0x0, 0x0, 0x0, 0x0, 0x1,
    0x66, 0x21, 0x0, 0x0, 0x3d, 0xd5, 0x7a, 0x5e,
    0xfd, 0x75, 0x13, 0xff, 0x6b, 0x0, 0x0, 0x0,
    0x0, 0x0, 0x0, 0x0, 0x0, 0x0, 0x10, 0xf5,
    0xfb, 0xef, 0xbf, 0x1f,

    /* U+9634 "阴" */
    0x7, 0x17, 0x17, 0x17, 0x17, 0x18, 0x9, 0x0,
    0x0, 0x0, 0x0, 0x0, 0x0, 0x0, 0x0, 0x0,
    0x0, 0x0, 0x4f, 0xff, 0xff, 0xff, 0xff, 0xff,
    0xe3, 0xc, 0x57, 0xf3, 0xf3, 0xf3, 0xf3, 0xf3,
    0xf3, 0xf3, 0xf3, 0x48, 0x4f, 0xff, 0x5b, 0x43,
    0x43, 0xd6, 0xcb, 0x0, 0x5b, 0xff, 0x73, 0x67,
    0x67, 0x67, 0x67, 0x7d, 0xff, 0x4b, 0x4f, 0xff,
    0x1f, 0x0, 0x13, 0xfb, 0x6d, 0x0, 0x5b, 0xff,
    0x13, 0x0, 0x0, 0x0, 0x0, 0x23, 0xff, 0x4b,
    0x4f, 0xff, 0x1f, 0x0, 0x63, 0xf9, 0x14, 0x0,
    0x5b, 0xff, 0x13, 0x0, 0x0, 0x0, 0x0, 0x23,
    0xff, 0x4b, 0x4f, 0xff, 0x1f, 0x0, 0xbd, 0xa8,
    0x0, 0x0, 0x5b, 0xff, 0x35, 0x23, 0x23, 0x23,
    0x23, 0x42, 0xff, 0x4b, 0x4f, 0xff, 0x1f, 0x1a,
    0xfd, 0x4d, 0x0, 0x0, 0x5b, 0xff, 0xff, 0xff,
    0xff, 0xff, 0xff, 0xff, 0xff, 0x4b, 0x4f, 0xff,
    0x1f, 0x6, 0xc7, 0xb8, 0x1, 0x0, 0x5b, 0xff,
    0x47, 0x37, 0x37, 0x37, 0x37, 0x54, 0xff, 0x4b,
    0x4f, 0xff, 0x1f, 0x0, 0x27, 0xfc, 0x52, 0x0,
    0x5c, 0xff, 0x13, 0x0, 0x0, 0x0, 0x0, 0x23,
    0xff, 0x4b, 0x4f, 0xff, 0x1f, 0x0, 0x0, 0xbd,
    0xac, 0x0, 0x62, 0xff, 0x10, 0x0, 0x0, 0x0,
    0x0, 0x23, 0xff, 0x4b, 0x4f, 0xff, 0x1f, 0x0,
    0x0, 0x8a, 0xd8, 0x0, 0x6b, 0xff, 0x53, 0x4b,
    0x4b, 0x4b, 0x4b, 0x65, 0xff, 0x4b, 0x4f, 0xff,
    0x1f, 0x0, 0x0, 0x87, 0xe6, 0x0, 0x83, 0xff,
    0xff, 0xff, 0xff, 0xff, 0xff, 0xff, 0xff, 0x4b,
    0x4f, 0xff, 0x1f, 0x4f, 0x8a, 0xed, 0xb7, 0x0,
    0xab, 0xd4, 0xf, 0xf, 0xf, 0xf, 0xf, 0x31,
    0xff, 0x4b, 0x4f, 0xff, 0x1f, 0x58, 0xda, 0xb0,
    0x24, 0x0, 0xde, 0x92, 0x0, 0x0, 0x0, 0x0,
    0x0, 0x23, 0xff, 0x4b, 0x4f, 0xff, 0x1f, 0x0,
    0x0, 0x0, 0x0, 0x3c, 0xff, 0x51, 0x0, 0x0,
    0x0, 0x0, 0x0, 0x23, 0xff, 0x4b, 0x4f, 0xff,
    0x1f, 0x0, 0x0, 0x0, 0x0, 0xa5, 0xf0, 0xf,
    0x0, 0x0, 0x0, 0x0, 0x0, 0x23, 0xff, 0x4b,
    0x4f, 0xff, 0x1f, 0x0, 0x0, 0x0, 0x56, 0xff,
    0x78, 0x0, 0x0, 0x0, 0x0, 0x56, 0x6c, 0x89,
    0xff, 0x3e, 0x4f, 0xff, 0x1f, 0x0, 0x0, 0x1,
    0xc1, 0xb2, 0x3, 0x0, 0x0, 0x0, 0x0, 0x8c,
    0xfe, 0xf1, 0xb1, 0xa, 0x0, 0x0, 0x0, 0x0,
    0x0, 0x0, 0x2, 0x7, 0x0, 0x0, 0x0, 0x0,
    0x0, 0x1, 0x0, 0x0, 0x0, 0x0,

    /* U+9694 "隔" */
    0x4, 0xb, 0xb, 0xb, 0xb, 0x7, 0x0, 0x0,
    0x0, 0x0, 0x0, 0x0, 0x0, 0x0, 0x0, 0x0,
    0x0, 0x0, 0x0, 0x63, 0xff, 0xff, 0xff, 0xff,
    0xe5, 0x2c, 0xf3, 0xf3, 0xf3, 0xf3, 0xf3, 0xf3,
    0xf3, 0xf3, 0xf3, 0xf3, 0xf3, 0x16, 0x63, 0xf2,
    0x4f, 0x4f, 0xc0, 0xd5, 0xa, 0x5b, 0x5b, 0x5b,
    0x5b, 0x5b, 0x5b, 0x5b, 0x5b, 0x5b, 0x5b, 0x5b,
    0x8, 0x63, 0xeb, 0x0, 0x1, 0xe5, 0x78, 0x0,
    0x6, 0x43, 0x43, 0x43, 0x43, 0x43, 0x43, 0x43,
    0x43, 0x41, 0x0, 0x0, 0x63, 0xeb, 0x0, 0x37,
    0xfe, 0x1e, 0x0, 0x17, 0xff, 0xe0, 0xd7, 0xd7,
    0xd7, 0xd7, 0xd7, 0xe7, 0xf7, 0x0, 0x0, 0x63,
    0xeb, 0x0, 0x8e, 0xc0, 0x0, 0x0, 0x17, 0xff,
    0x33, 0x0, 0x0, 0x0, 0x0, 0x0, 0x63, 0xf7,
    0x0, 0x0, 0x63, 0xeb, 0x2, 0xe6, 0x64, 0x0,
    0x0, 0x17, 0xff, 0x6d, 0x47, 0x47, 0x47, 0x47,
    0x47, 0x8f, 0xf7, 0x0, 0x0, 0x63, 0xeb, 0x5,
    0xc8, 0xa6, 0x0, 0x0, 0x13, 0xcf, 0xcf, 0xcf,
    0xcf, 0xcf, 0xcf, 0xcf, 0xcf, 0xc9, 0x0, 0x0,
    0x63, 0xeb, 0x0, 0x1e, 0xf7, 0x4d, 0x0, 0x39,
    0x3b, 0x3b, 0x3b, 0x3b, 0x3b, 0x3b, 0x3b, 0x3b,
    0x3b, 0x2d, 0x0, 0x63, 0xeb, 0x0, 0x0, 0xa3,
    0xb3, 0x0, 0xf3, 0xf8, 0xf3, 0xf3, 0xf3, 0xf3,
    0xf3, 0xf3, 0xf3, 0xfa, 0xc3, 0x0, 0x63, 0xeb,
    0x0, 0x0, 0x6c, 0xe2, 0x0, 0xf3, 0x57, 0x34,
    0x8b, 0x0, 0x0, 0x0, 0x8e, 0x26, 0x93, 0xc3,
    0x0, 0x63, 0xeb, 0x0, 0x0, 0x68, 0xf2, 0x0,
    0xf3, 0x57, 0xa, 0xd9, 0x62, 0x0, 0x54, 0xe4,
    0xe, 0x93, 0xc3, 0x0, 0x63, 0xeb, 0x3e, 0x8a,
    0xe2, 0xc0, 0x0, 0xf3, 0x57, 0x0, 0x47, 0xbd,
    0x5, 0xda, 0x50, 0x0, 0x93, 0xc3, 0x0, 0x63,
    0xeb, 0x34, 0xc0, 0x9f, 0x24, 0x0, 0xf3, 0x57,
    0xc6, 0xf3, 0xf4, 0xf5, 0xff, 0xf3, 0xa3, 0x93,
    0xc3, 0x0, 0x63, 0xeb, 0x0, 0x0, 0x0, 0x0,
    0x0, 0xf3, 0x57, 0x16, 0x1b, 0x58, 0xff, 0x1b,
    0x1b, 0x12, 0x93, 0xc3, 0x0, 0x63, 0xeb, 0x0,
    0x0, 0x0, 0x0, 0x0, 0xf3, 0x57, 0x0, 0x0,
    0x43, 0xff, 0x0, 0x0, 0x0, 0x93, 0xc3, 0x0,
    0x63, 0xeb, 0x0, 0x0, 0x0, 0x0, 0x0, 0xf3,
    0x57, 0x0, 0x0, 0x43, 0xff, 0x0, 0x13, 0x31,
    0xb2, 0xc1, 0x0, 0x63, 0xeb, 0x0, 0x0, 0x0,
    0x0, 0x0, 0xf3, 0x57, 0x0, 0x0, 0x43, 0xff,
    0x0, 0x33, 0xff, 0xf5, 0x73, 0x0, 0x0, 0x0,
    0x0, 0x0, 0x0, 0x0, 0x0, 0xb, 0x4, 0x0,
    0x0, 0x0, 0x0, 0x0, 0x0, 0x8, 0x1, 0x0,
    0x0,

    /* U+9762 "面" */
    0x66, 0x7b, 0x7b, 0x7b, 0x7b, 0x7b, 0x7b, 0x7b,
    0x7b, 0x7b, 0x7b, 0x7b, 0x7b, 0x7b, 0x7b, 0x7b,
    0x7b, 0x72, 0xca, 0xf3, 0xf3, 0xf3, 0xf3, 0xf3,
    0xf3, 0xf5, 0xff, 0xfb, 0xf3, 0xf3, 0xf3, 0xf3,
    0xf3, 0xf3, 0xf3, 0xe0, 0x0, 0x0, 0x0, 0x0,
    0x0, 0x0, 0x0, 0x39, 0xff, 0x7d, 0x0, 0x0,
    0x0, 0x0, 0x0, 0x0, 0x0, 0x0, 0x0, 0x0,
    0x0, 0x0, 0x0, 0x0, 0x0, 0x6f, 0xff, 0x30,
    0x0, 0x0, 0x0, 0x0, 0x0, 0x0, 0x0, 0x0,
    0x0, 0x65, 0x6f, 0x6f, 0x6f, 0x6f, 0x6f, 0xc6,
    0xf9, 0x70, 0x6f, 0x6f, 0x6f, 0x6f, 0x6f, 0x6f,
    0x68, 0x0, 0x0, 0xe7, 0xfa, 0xf3, 0xf3, 0xfa,
    0xfd, 0xf3, 0xf3, 0xf3, 0xf3, 0xff, 0xf9, 0xf3,
    0xf3, 0xfa, 0xef, 0x0, 0x0, 0xe7, 0x87, 0x0,
    0x0, 0x93, 0xcb, 0x0, 0x0, 0x0, 0x0, 0xf7,
    0x6b, 0x0, 0x0, 0x93, 0xef, 0x0, 0x0, 0xe7,
    0x87, 0x0, 0x0, 0x93, 0xcb, 0x0, 0x0, 0x0,
    0x0, 0xf7, 0x6b, 0x0, 0x0, 0x93, 0xef, 0x0,
    0x0, 0xe7, 0x87, 0x0, 0x0, 0x93, 0xfd, 0xf3,
    0xf3, 0xf3, 0xf3, 0xff, 0x6b, 0x0, 0x0, 0x93,
    0xef, 0x0, 0x0, 0xe7, 0x87, 0x0, 0x0, 0x93,
    0xd9, 0x43, 0x43, 0x43, 0x43, 0xfa, 0x6b, 0x0,
    0x0, 0x93, 0xef, 0x0, 0x0, 0xe7, 0x87, 0x0,
    0x0, 0x93, 0xcb, 0x0, 0x0, 0x0, 0x0, 0xf7,
    0x6b, 0x0, 0x0, 0x93, 0xef, 0x0, 0x0, 0xe7,
    0x87, 0x0, 0x0, 0x93, 0xd9, 0x43, 0x43, 0x43,
    0x43, 0xfa, 0x6b, 0x0, 0x0, 0x93, 0xef, 0x0,
    0x0, 0xe7, 0x87, 0x0, 0x0, 0x93, 0xfd, 0xf3,
    0xf3, 0xf3, 0xf3, 0xff, 0x6b, 0x0, 0x0, 0x93,
    0xef, 0x0, 0x0, 0xe7, 0x87, 0x0, 0x0, 0x93,
    0xcb, 0x0, 0x0, 0x0, 0x0, 0xf7, 0x6b, 0x0,
    0x0, 0x93, 0xef, 0x0, 0x0, 0xe7, 0x87, 0x0,
    0x0, 0x93, 0xcb, 0x0, 0x0, 0x0, 0x0, 0xf7,
    0x6b, 0x0, 0x0, 0x93, 0xef, 0x0, 0x0, 0xe7,
    0xfa, 0xf3, 0xf3, 0xfa, 0xfd, 0xf3, 0xf3, 0xf3,
    0xf3, 0xff, 0xf9, 0xf3, 0xf3, 0xfa, 0xef, 0x0,
    0x0, 0xe7, 0xbe, 0x73, 0x73, 0x73, 0x73, 0x73,
    0x73, 0x73, 0x73, 0x73, 0x73, 0x73, 0x73, 0xc4,
    0xef, 0x0,

    /* U+9884 "预" */
    0x0, 0x0, 0x0, 0x0, 0x0, 0x0, 0x0, 0x0,
    0x0, 0x6, 0x7, 0x7, 0x7, 0x7, 0x7, 0x7,
    0x7, 0x7, 0x7, 0x0, 0x0, 0xe0, 0xf3, 0xf3,
    0xf3, 0xf3, 0xf3, 0xf5, 0x58, 0xd3, 0xff, 0xff,
    0xff, 0xff, 0xff, 0xff, 0xff, 0xff, 0xff, 0x13,
    0x0, 0x5c, 0x63, 0x63, 0x63, 0x63, 0xce, 0xf1,
    0x1c, 0x45, 0x53, 0x53, 0x53, 0xc1, 0xf8, 0x56,
    0x53, 0x53, 0x53, 0x6, 0x0, 0x0, 0x0, 0x0,
    0x0, 0x40, 0xfd, 0x66, 0x0, 0x0, 0x0, 0x0,
    0x0, 0xd3, 0xb5, 0x0, 0x0, 0x0, 0x0, 0x0,
    0x0, 0x10, 0xcd, 0x65, 0x24, 0xea, 0x9d, 0x0,
    0x0, 0xb, 0x6b, 0x6b, 0x6e, 0xfd, 0xb0, 0x6b,
    0x6b, 0x6b, 0x1e, 0x0, 0x0, 0x1, 0x6f, 0xf6,
    0xf6, 0xbd, 0x4, 0x0, 0x0, 0x1b, 0xff, 0xf7,
    0xf3, 0xf3, 0xf3, 0xf3, 0xf6, 0xff, 0x47, 0x0,
    0x0, 0x0, 0x0, 0x25, 0xc9, 0xee, 0x57, 0x0,
    0x0, 0x1b, 0xff, 0x4b, 0x0, 0x0, 0x0, 0x0,
    0x2f, 0xff, 0x47, 0x0, 0x17, 0x63, 0x63, 0x63,
    0x68, 0xdb, 0xf8, 0x6b, 0x5d, 0x27, 0xff, 0x4b,
    0x0, 0x9a, 0x9e, 0x0, 0x2f, 0xff, 0x47, 0x0,
    0x39, 0xf3, 0xf3, 0xf3, 0xff, 0xf9, 0xf3, 0xf9,
    0xf5, 0x26, 0xff, 0x4b, 0x0, 0xb3, 0xb7, 0x0,
    0x2f, 0xff, 0x47, 0x0, 0x0, 0x0, 0x0, 0x0,
    0xef, 0x7f, 0x0, 0x9b, 0xa8, 0x1b, 0xff, 0x4b,
    0x0, 0xb3, 0xb7, 0x0, 0x2f, 0xff, 0x47, 0x0,
    0x0, 0x0, 0x0, 0x0, 0xef, 0x7f, 0x5, 0xec,
    0x4c, 0x1b, 0xff, 0x4b, 0x0, 0xb4, 0xb7, 0x0,
    0x2f, 0xff, 0x47, 0x0, 0x0, 0x0, 0x0, 0x0,
    0xef, 0x7f, 0x54, 0xe3, 0x3, 0x1b, 0xff, 0x4b,
    0x0, 0xc2, 0xa9, 0x0, 0x2f, 0xff, 0x47, 0x0,
    0x0, 0x0, 0x0, 0x0, 0xef, 0x7f, 0x5, 0x20,
    0x0, 0x1b, 0xff, 0x4b, 0x2, 0xe5, 0x90, 0x0,
    0x2f, 0xff, 0x47, 0x0, 0x0, 0x0, 0x0, 0x0,
    0xef, 0x7f, 0x0, 0x0, 0x0, 0x1b, 0xff, 0x4b,
    0x4b, 0xff, 0x41, 0x0, 0x2f, 0xff, 0x47, 0x0,
    0x0, 0x0, 0x0, 0x0, 0xef, 0x7f, 0x0, 0x0,
    0x0, 0x2, 0x17, 0x16, 0xd5, 0xd3, 0x11, 0x71,
    0xc, 0xf, 0x4, 0x0, 0x0, 0x0, 0x0, 0x0,
    0xef, 0x7f, 0x0, 0x0, 0x0, 0x0, 0x32, 0xd6,
    0xeb, 0x2b, 0x37, 0xe3, 0xdb, 0x3c, 0x0, 0x0,
    0x0, 0x40, 0x6c, 0x6f, 0xfa, 0x77, 0x0, 0x0,
    0x42, 0xab, 0xfe, 0xc3, 0x22, 0x0, 0x0, 0x12,
    0xb3, 0xfc, 0x7c, 0x1, 0x0, 0x54, 0xfd, 0xf4,
    0xc7, 0x25, 0x0, 0x0, 0x59, 0xbc, 0x50, 0x0,
    0x0, 0x0, 0x0, 0x0, 0x2, 0x8a, 0x8f, 0x0,
    0x0, 0x0, 0x0, 0x0, 0x0, 0x0, 0x0, 0x0,
    0x0, 0x0, 0x0, 0x0, 0x0, 0x0, 0x0, 0x0,
    0x0, 0x0, 0x0, 0x0,

    /* U+9891 "频" */
    0x0, 0x0, 0x0, 0x0, 0x0, 0x70, 0x6e, 0x0,
    0x0, 0x0, 0x0, 0x0, 0x0, 0x0, 0x0, 0x0,
    0x0, 0x0, 0x0, 0x0, 0x0, 0x0, 0x0, 0x0,
    0x0, 0xaf, 0xab, 0x0, 0x0, 0x0, 0x4a, 0x73,
    0x73, 0x73, 0x73, 0x73, 0x73, 0x73, 0x73, 0x0,
    0x0, 0x0, 0xa3, 0x75, 0x0, 0xaf, 0xc6, 0x4f,
    0x4f, 0x2e, 0x78, 0xbb, 0xbb, 0xbb, 0xf6, 0xe4,
    0xbb, 0xbb, 0xbb, 0x0, 0x0, 0x0, 0xb7, 0x83,
    0x0, 0xaf, 0xfc, 0xf3, 0xf3, 0x8d, 0x0, 0x0,
    0x0, 0x17, 0xfc, 0x5a, 0x0, 0x0, 0x0, 0x0,
    0x0, 0x0, 0xb7, 0x83, 0x0, 0xaf, 0xab, 0x0,
    0x0, 0x0, 0x3, 0x1f, 0x1f, 0x7b, 0xf7, 0x29,
    0x1f, 0x1f, 0xd, 0x0, 0x0, 0x0, 0xb7, 0x83,
    0x0, 0xaf, 0xab, 0x0, 0x0, 0x0, 0x1b, 0xff,
    0xff, 0xff, 0xff, 0xff, 0xff, 0xff, 0x6f, 0x0,
    0x16, 0x67, 0xd5, 0xb6, 0x67, 0xd0, 0xce, 0x67,
    0x67, 0x67, 0x20, 0xff, 0x46, 0x23, 0x23, 0x23,
    0x23, 0xee, 0x6f, 0x0, 0x35, 0xf3, 0xf3, 0xf3,
    0xf4, 0xff, 0xf7, 0xf3, 0xf3, 0xf3, 0x27, 0xff,
    0x27, 0x0, 0xd5, 0x3b, 0x0, 0xeb, 0x6f, 0x0,
    0x0, 0x0, 0x0, 0x0, 0xb, 0xff, 0x4f, 0x0,
    0x0, 0x0, 0x1b, 0xff, 0x27, 0x0, 0xff, 0x41,
    0x0, 0xeb, 0x6f, 0x0, 0x0, 0x0, 0x5b, 0x7f,
    0xb, 0xff, 0x4f, 0x0, 0x45, 0x49, 0x1b, 0xff,
    0x27, 0x5, 0xff, 0x3d, 0x0, 0xeb, 0x6f, 0x0,
    0x0, 0x0, 0xcd, 0x8f, 0xb, 0xff, 0x4f, 0x0,
    0xd2, 0x96, 0x1b, 0xff, 0x27, 0x10, 0xff, 0x30,
    0x0, 0xeb, 0x6f, 0x0, 0x0, 0x35, 0xff, 0x32,
    0xb, 0xff, 0x4f, 0x31, 0xff, 0x3b, 0x1b, 0xff,
    0x27, 0x1f, 0xff, 0x21, 0x0, 0xeb, 0x6f, 0x0,
    0x2, 0xcc, 0xb3, 0x0, 0xb, 0xff, 0x4f, 0xa6,
    0xdd, 0x1, 0x1b, 0xff, 0x27, 0x3f, 0xfd, 0x7,
    0x0, 0xeb, 0x6f, 0x0, 0x11, 0xb0, 0x24, 0x0,
    0xb, 0xff, 0xa3, 0xff, 0x4c, 0x0, 0x1b, 0xff,
    0x27, 0x70, 0xdc, 0x0, 0x0, 0xeb, 0x6f, 0x0,
    0x0, 0x0, 0x0, 0x0, 0x0, 0x2b, 0xed, 0xa0,
    0x0, 0x0, 0x7, 0x43, 0xa, 0xc5, 0x97, 0x4c,
    0x0, 0x33, 0x18, 0x0, 0x0, 0x0, 0x0, 0x0,
    0x4b, 0xf1, 0xc4, 0xf, 0x0, 0x0, 0x0, 0x0,
    0x5e, 0xfd, 0x59, 0xee, 0xae, 0xf, 0x0, 0x0,
    0x0, 0x0, 0x27, 0x98, 0xfd, 0xa1, 0x6, 0x0,
    0x0, 0x0, 0x8, 0x7a, 0xfc, 0x7e, 0x0, 0x22,
    0xd2, 0xdb, 0x28, 0x0, 0x0, 0xa3, 0xfe, 0xd5,
    0x5c, 0x0, 0x0, 0x0, 0x1, 0x91, 0xea, 0xeb,
    0x64, 0x0, 0x0, 0x0, 0xc, 0xb7, 0xee, 0x1f,
    0x0, 0x4a, 0x4f, 0x1, 0x0, 0x0, 0x0, 0x0,
    0x0, 0x5a, 0x5c, 0xb, 0x0, 0x0, 0x0, 0x0,
    0x0, 0x5, 0x62, 0x0,

    /* U+989D "额" */
    0x0, 0x0, 0x0, 0x0, 0x7d, 0x7c, 0x0, 0x0,
    0x0, 0x0, 0x0, 0x0, 0x0, 0x0, 0x0, 0x0,
    0x0, 0x0, 0x0, 0x0, 0x0, 0x0, 0x0, 0x0,
    0x6b, 0xf9, 0x1f, 0x0, 0x0, 0x0, 0x91, 0xab,
    0xab, 0xab, 0xab, 0xab, 0xab, 0xab, 0x9e, 0x0,
    0x0, 0xe0, 0xf3, 0xf3, 0xf6, 0xff, 0xf8, 0xf3,
    0xf3, 0xba, 0x8a, 0xa3, 0xa3, 0xb7, 0xff, 0xb1,
    0xa3, 0xa3, 0x97, 0x0, 0x0, 0xeb, 0x92, 0x47,
    0x4a, 0x47, 0x47, 0x47, 0xcc, 0xc3, 0x0, 0x0,
    0x0, 0x73, 0xe1, 0x2, 0x0, 0x0, 0x0, 0x0,
    0x0, 0xeb, 0x67, 0x43, 0xf6, 0x2e, 0x0, 0x0,
    0xb7, 0xc3, 0x26, 0x47, 0x47, 0xd4, 0xae, 0x47,
    0x47, 0x47, 0xd, 0x0, 0x0, 0xe, 0xa, 0xd3,
    0xf1, 0x5c, 0x5b, 0x5d, 0x37, 0xc, 0x87, 0xff,
    0xff, 0xff, 0xff, 0xff, 0xff, 0xff, 0x2f, 0x0,
    0x0, 0x1, 0x94, 0xfc, 0xd0, 0xcf, 0xd4, 0xff,
    0xa8, 0x0, 0x87, 0xce, 0x3b, 0x3b, 0x3b, 0x3b,
    0x57, 0xff, 0x2f, 0x0, 0x1, 0x99, 0xff, 0x6c,
    0x0, 0x0, 0x9e, 0xef, 0x19, 0x0, 0x87, 0xbf,
    0x0, 0x32, 0xaf, 0x6, 0x23, 0xff, 0x2f, 0x0,
    0x1b, 0xdb, 0x5d, 0xcd, 0xc0, 0x98, 0xf7, 0x3e,
    0x0, 0x0, 0x87, 0xbf, 0x0, 0x4e, 0xff, 0x2,
    0x23, 0xff, 0x2f, 0x0, 0x0, 0x2, 0x0, 0x39,
    0xf5, 0xff, 0xd5, 0x38, 0x0, 0x0, 0x87, 0xbf,
    0x0, 0x55, 0xf9, 0x0, 0x23, 0xff, 0x2f, 0x0,
    0x0, 0x24, 0x89, 0xf6, 0xc4, 0x46, 0xad, 0xff,
    0xb6, 0x2f, 0x87, 0xbf, 0x0, 0x63, 0xe7, 0x0,
    0x23, 0xff, 0x2f, 0x0, 0x27, 0xfe, 0xdf, 0x68,
    0x2, 0x0, 0x0, 0x3e, 0xca, 0x55, 0x87, 0xbf,
    0x0, 0x77, 0xcf, 0x0, 0x23, 0xff, 0x2f, 0x0,
    0x0, 0x3f, 0x8b, 0xdf, 0xdf, 0xdf, 0xdf, 0xdf,
    0x6c, 0x0, 0x87, 0xbf, 0x0, 0x99, 0x98, 0x0,
    0x23, 0xff, 0x2f, 0x0, 0x0, 0x0, 0x9b, 0xce,
    0x57, 0x57, 0x57, 0xf2, 0x7b, 0x0, 0x87, 0xbf,
    0x0, 0xd0, 0x5d, 0x0, 0x23, 0xff, 0x2f, 0x0,
    0x0, 0x0, 0x9b, 0xb3, 0x0, 0x0, 0x0, 0xeb,
    0x7b, 0x0, 0x1f, 0x2c, 0x27, 0xfb, 0x1e, 0x45,
    0x7, 0x33, 0x9, 0x0, 0x0, 0x0, 0x9b, 0xb3,
    0x0, 0x0, 0x0, 0xeb, 0x7b, 0x0, 0x0, 0x2,
    0xb4, 0x95, 0x20, 0xe8, 0xac, 0xe, 0x0, 0x0,
    0x0, 0x0, 0x9b, 0xc4, 0x37, 0x37, 0x37, 0xf0,
    0x7b, 0x0, 0xa, 0x9f, 0xb7, 0x7, 0x0, 0x12,
    0xa3, 0xd7, 0x1f, 0x0, 0x0, 0x0, 0x9b, 0xff,
    0xff, 0xff, 0xff, 0xf8, 0x79, 0x6c, 0xc5, 0x6e,
    0x2, 0x0, 0x0, 0x0, 0x0, 0x5d, 0xd3, 0xf,
    0x0, 0x0, 0x0, 0x0, 0x0, 0x0, 0x0, 0x0,
    0x0, 0x19, 0x4, 0x0, 0x0, 0x0, 0x0, 0x0,
    0x0, 0x0, 0x3, 0x0,

    /* U+9AD8 "高" */
    0x0, 0x0, 0x0, 0x0, 0x0, 0x0, 0x0, 0x0,
    0x0, 0x2, 0x0, 0x0, 0x0, 0x0, 0x0, 0x0,
    0x0, 0x0, 0x0, 0x0, 0x0, 0x0, 0x0, 0x0,
    0x0, 0x23, 0xea, 0x5e, 0x0, 0x0, 0x0, 0x0,
    0x0, 0x0, 0x0, 0x0, 0x0, 0x0, 0x0, 0x0,
    0x0, 0x0, 0x0, 0x1, 0xe2, 0xbd, 0x0, 0x0,
    0x0, 0x0, 0x0, 0x0, 0x0, 0x0, 0xdd, 0xef,
    0xef, 0xef, 0xef, 0xef, 0xef, 0xef, 0xfb, 0xff,
    0xef, 0xef, 0xef, 0xef, 0xef, 0xef, 0xef, 0x95,
    0x58, 0x5f, 0x5f, 0x5f, 0x5f, 0x5f, 0x5f, 0x5f,
    0x5f, 0x5f, 0x5f, 0x5f, 0x5f, 0x5f, 0x5f, 0x5f,
    0x5f, 0x3b, 0x0, 0x0, 0x0, 0x20, 0x23, 0x23,
    0x23, 0x23, 0x23, 0x23, 0x23, 0x23, 0x23, 0x23,
    0x1d, 0x0, 0x0, 0x0, 0x0, 0x0, 0x0, 0xe3,
    0xfb, 0xf3, 0xf3, 0xf3, 0xf3, 0xf3, 0xf3, 0xf3,
    0xf3, 0xfc, 0xd3, 0x0, 0x0, 0x0, 0x0, 0x0,
    0x0, 0xe3, 0x9b, 0x0, 0x0, 0x0, 0x0, 0x0,
    0x0, 0x0, 0x0, 0xbb, 0xd3, 0x0, 0x0, 0x0,
    0x0, 0x0, 0x0, 0xe3, 0xaa, 0x23, 0x23, 0x23,
    0x23, 0x23, 0x23, 0x23, 0x23, 0xc5, 0xd3, 0x0,
    0x0, 0x0, 0x0, 0x0, 0x0, 0xd9, 0xf3, 0xf3,
    0xf3, 0xf3, 0xf3, 0xf3, 0xf3, 0xf3, 0xf3, 0xf3,
    0xca, 0x0, 0x0, 0x0, 0x2, 0xf, 0xf, 0xf,
    0xf, 0xf, 0xf, 0xf, 0xf, 0xf, 0xf, 0xf,
    0xf, 0xf, 0xf, 0xf, 0xf, 0x0, 0x2f, 0xff,
    0xff, 0xff, 0xff, 0xff, 0xff, 0xff, 0xff, 0xff,
    0xff, 0xff, 0xff, 0xff, 0xff, 0xff, 0xfb, 0x0,
    0x2f, 0xff, 0x48, 0xb, 0xb, 0xb, 0xb, 0xb,
    0xb, 0xb, 0xb, 0xb, 0xb, 0xb, 0xb, 0x89,
    0xfb, 0x0, 0x2f, 0xff, 0x3f, 0x0, 0x72, 0xeb,
    0xeb, 0xeb, 0xeb, 0xeb, 0xeb, 0xeb, 0xeb, 0x3,
    0x0, 0x83, 0xfb, 0x0, 0x2f, 0xff, 0x3f, 0x0,
    0x7b, 0xf3, 0x33, 0x33, 0x33, 0x33, 0x33, 0x7a,
    0xff, 0x3, 0x0, 0x83, 0xfb, 0x0, 0x2f, 0xff,
    0x3f, 0x0, 0x7b, 0xef, 0x0, 0x0, 0x0, 0x0,
    0x0, 0x57, 0xff, 0x3, 0x0, 0x83, 0xfb, 0x0,
    0x2f, 0xff, 0x3f, 0x0, 0x7b, 0xfe, 0xeb, 0xeb,
    0xeb, 0xeb, 0xeb, 0xf2, 0xff, 0x3, 0x0, 0x83,
    0xfb, 0x0, 0x2f, 0xff, 0x3f, 0x0, 0x7b, 0xf3,
    0x33, 0x33, 0x33, 0x33, 0x33, 0x33, 0x33, 0x1d,
    0x1d, 0x9f, 0xf8, 0x0, 0x2f, 0xff, 0x3f, 0x0,
    0x19, 0x30, 0x0, 0x0, 0x0, 0x0, 0x0, 0x0,
    0x0, 0x9e, 0xfd, 0xf0, 0x9b, 0x0,

    /* U+9ED8 "默" */
    0x0, 0x0, 0x1f, 0x1f, 0x1f, 0x1f, 0x1f, 0x1f,
    0x1f, 0x1c, 0x0, 0x0, 0x0, 0x18, 0xc7, 0x28,
    0x0, 0x0, 0x0, 0x0, 0x0, 0x3, 0xff, 0xf4,
    0xf3, 0xfc, 0xf7, 0xf3, 0xf8, 0xe7, 0x0, 0x0,
    0x0, 0x1f, 0xff, 0x68, 0x7c, 0x0, 0x0, 0x0,
    0x0, 0x3, 0xff, 0x22, 0x3, 0xaf, 0x4b, 0x14,
    0x58, 0xe7, 0x0, 0x0, 0x0, 0x1f, 0xff, 0x55,
    0xf0, 0x63, 0x0, 0x0, 0x0, 0x3, 0xff, 0xa1,
    0x3d, 0xaf, 0x4b, 0xb7, 0x9f, 0xe7, 0x0, 0x0,
    0x0, 0x1f, 0xff, 0x33, 0x56, 0xf5, 0x25, 0x0,
    0x0, 0x3, 0xff, 0x60, 0x7f, 0xaf, 0x53, 0xe0,
    0x5d, 0xe7, 0x0, 0x0, 0x0, 0x20, 0xff, 0x33,
    0x0, 0xaf, 0x60, 0x0, 0x0, 0x3, 0xff, 0x38,
    0x9f, 0xaf, 0x99, 0x91, 0x57, 0xe7, 0x2, 0x3,
    0x3, 0x25, 0xff, 0x32, 0x3, 0x5, 0x3, 0x0,
    0x0, 0x3, 0xff, 0x27, 0x19, 0xb7, 0x67, 0x2b,
    0x67, 0xe7, 0xaf, 0xff, 0xff, 0xff, 0xff, 0xff,
    0xff, 0xff, 0xff, 0x37, 0x0, 0x3, 0xff, 0xff,
    0xff, 0xff, 0xff, 0xff, 0xff, 0xe7, 0x47, 0x67,
    0x67, 0x8c, 0xff, 0x8e, 0x67, 0x67, 0x67, 0x16,
    0x0, 0x0, 0x0, 0x0, 0x0, 0xdb, 0x73, 0x0,
    0x0, 0x0, 0x0, 0x0, 0x0, 0x57, 0xff, 0x6d,
    0x0, 0x0, 0x0, 0x0, 0x0, 0xc, 0x57, 0x57,
    0x57, 0xe8, 0xa4, 0x57, 0x57, 0x4f, 0x0, 0x0,
    0x0, 0x78, 0xff, 0xa6, 0x0, 0x0, 0x0, 0x0,
    0x0, 0x1f, 0xdf, 0xdf, 0xdf, 0xfb, 0xee, 0xdf,
    0xdf, 0xca, 0x0, 0x0, 0x0, 0xad, 0xff, 0xe3,
    0x1, 0x0, 0x0, 0x0, 0x0, 0x0, 0x0, 0x0,
    0x0, 0xdb, 0x7e, 0x1e, 0x2d, 0x3b, 0x0, 0x0,
    0x2, 0xee, 0xa4, 0xfe, 0x3b, 0x0, 0x0, 0x0,
    0x0, 0x72, 0xda, 0xe8, 0xf6, 0xff, 0xff, 0xff,
    0xff, 0xf5, 0x0, 0x0, 0x3d, 0xff, 0x41, 0xca,
    0x96, 0x0, 0x0, 0x0, 0x0, 0x44, 0x7c, 0x68,
    0x57, 0x45, 0x34, 0x23, 0x11, 0x2, 0x0, 0x0,
    0xae, 0xdd, 0x2, 0x6f, 0xf0, 0x14, 0x0, 0x0,
    0x0, 0x0, 0xbf, 0x2c, 0x96, 0xa, 0xa3, 0x12,
    0x8e, 0x51, 0x0, 0x28, 0xfe, 0x70, 0x0, 0xd,
    0xf1, 0x96, 0x0, 0x0, 0x0, 0x2a, 0xee, 0x5,
    0xd5, 0x29, 0xb1, 0x5c, 0x50, 0xa2, 0x2, 0xbe,
    0xda, 0x7, 0x0, 0x0, 0x7d, 0xfc, 0x3d, 0x0,
    0x0, 0x9f, 0x96, 0x0, 0xc3, 0x40, 0x7c, 0x96,
    0xd, 0x91, 0x82, 0xfd, 0x43, 0x0, 0x0, 0x0,
    0x5, 0xd3, 0xf2, 0x3a, 0x4, 0xc9, 0x29, 0x0,
    0x9f, 0x38, 0x35, 0x4e, 0x0, 0xb, 0xe7, 0x71,
    0x0, 0x0, 0x0, 0x0, 0x0, 0x20, 0xe1, 0x78,
    0x0, 0x0, 0x0, 0x0, 0x0, 0x0, 0x0, 0x0,
    0x0, 0x0, 0x16, 0x0, 0x0, 0x0, 0x0, 0x0,
    0x0, 0x0, 0x15, 0x0,

    /* U+F002 "" */
    0x0, 0x0, 0x0, 0x0, 0x0, 0xd, 0x4c, 0x6e,
    0x74, 0x58, 0x1b, 0x0, 0x0, 0x0, 0x0, 0x0,
    0x0, 0x0, 0x0, 0x0, 0x0, 0x0, 0x0, 0x1b,
    0x9d, 0xf9, 0xff, 0xff, 0xff, 0xff, 0xff, 0xbe,
    0x36, 0x0, 0x0, 0x0, 0x0, 0x0, 0x0, 0x0,
    0x0, 0x0, 0x3e, 0xeb, 0xff, 0xff, 0xff, 0xff,
    0xff, 0xff, 0xff, 0xff, 0xfc, 0x71, 0x0, 0x0,
    0x0, 0x0, 0x0, 0x0, 0x0, 0x30, 0xf4, 0xff,
    0xff, 0xad, 0x44, 0x15, 0xd, 0x32, 0x8e, 0xf8,
    0xff, 0xff, 0x67, 0x0, 0x0, 0x0, 0x0, 0x0,
    0x3, 0xd7, 0xff, 0xfc, 0x5b, 0x0, 0x0, 0x0,
    0x0, 0x0, 0x0, 0x30, 0xe5, 0xff, 0xf9, 0x22,
    0x0, 0x0, 0x0, 0x0, 0x5c, 0xff, 0xff, 0x79,
    0x0, 0x0, 0x0, 0x0, 0x0, 0x0, 0x0, 0x0,
    0x39, 0xfc, 0xff, 0x9c, 0x0, 0x0, 0x0, 0x0,
    0xb1, 0xff, 0xeb, 0x7, 0x0, 0x0, 0x0, 0x0,
    0x0, 0x0, 0x0, 0x0, 0x0, 0xb1, 0xff, 0xec,
    0x3, 0x0, 0x0, 0x0, 0xe3, 0xff, 0xa3, 0x0,
    0x0, 0x0, 0x0, 0x0, 0x0, 0x0, 0x0, 0x0,
    0x0, 0x63, 0xff, 0xff, 0x21, 0x0, 0x0, 0x0,
    0xf9, 0xff, 0x88, 0x0, 0x0, 0x0, 0x0, 0x0,
    0x0, 0x0, 0x0, 0x0, 0x0, 0x48, 0xff, 0xff,
    0x39, 0x0, 0x0, 0x0, 0xe7, 0xff, 0x9e, 0x0,
    0x0, 0x0, 0x0, 0x0, 0x0, 0x0, 0x0, 0x0,
    0x0, 0x5f, 0xff, 0xff, 0x2b, 0x0, 0x0, 0x0,
    0xba, 0xff, 0xe1, 0x3, 0x0, 0x0, 0x0, 0x0,
    0x0, 0x0, 0x0, 0x0, 0x0, 0xa2, 0xff, 0xf6,
    0x6, 0x0, 0x0, 0x0, 0x6a, 0xff, 0xff, 0x61,
    0x0, 0x0, 0x0, 0x0, 0x0, 0x0, 0x0, 0x0,
    0x26, 0xf7, 0xff, 0xad, 0x0, 0x0, 0x0, 0x0,
    0x9, 0xe4, 0xff, 0xf5, 0x3d, 0x0, 0x0, 0x0,
    0x0, 0x0, 0x0, 0x1b, 0xd5, 0xff, 0xfd, 0x36,
    0x0, 0x0, 0x0, 0x0, 0x0, 0x45, 0xfb, 0xff,
    0xfb, 0x8b, 0x21, 0x0, 0x0, 0xf, 0x6d, 0xeb,
    0xff, 0xff, 0xe1, 0x10, 0x0, 0x0, 0x0, 0x0,
    0x0, 0x0, 0x58, 0xf8, 0xff, 0xff, 0xff, 0xf0,
    0xe8, 0xff, 0xff, 0xff, 0xff, 0xff, 0xff, 0xcc,
    0x11, 0x0, 0x0, 0x0, 0x0, 0x0, 0x0, 0x32,
    0xc1, 0xff, 0xff, 0xff, 0xff, 0xff, 0xff, 0xe1,
    0x5a, 0xa3, 0xff, 0xff, 0xce, 0x12, 0x0, 0x0,
    0x0, 0x0, 0x0, 0x0, 0x0, 0x2b, 0x72, 0x93,
    0x9b, 0x7f, 0x44, 0x3, 0x0, 0x2, 0xa4, 0xff,
    0xff, 0xcf, 0x13, 0x0, 0x0, 0x0, 0x0, 0x0,
    0x0, 0x0, 0x0, 0x0, 0x0, 0x0, 0x0, 0x0,
    0x0, 0x0, 0x3, 0xa7, 0xff, 0xff, 0xd1, 0x14,
    0x0, 0x0, 0x0, 0x0, 0x0, 0x0, 0x0, 0x0,
    0x0, 0x0, 0x0, 0x0, 0x0, 0x0, 0x0, 0x3,
    0xa9, 0xff, 0xff, 0xc6, 0x0, 0x0, 0x0, 0x0,
    0x0, 0x0, 0x0, 0x0, 0x0, 0x0, 0x0, 0x0,
    0x0, 0x0, 0x0, 0x0, 0x4, 0xaa, 0xff, 0xe6,
    0x0, 0x0, 0x0, 0x0, 0x0, 0x0, 0x0, 0x0,
    0x0, 0x0, 0x0, 0x0, 0x0, 0x0, 0x0, 0x0,
    0x0, 0x3, 0x51, 0x26,

    /* U+F00C "" */
    0x0, 0x0, 0x0, 0x0, 0x0, 0x0, 0x0, 0x0,
    0x0, 0x0, 0x0, 0x0, 0x0, 0x0, 0x0, 0x74,
    0xad, 0x1e, 0x0, 0x0, 0x0, 0x0, 0x0, 0x0,
    0x0, 0x0, 0x0, 0x0, 0x0, 0x0, 0x0, 0x0,
    0x8a, 0xff, 0xff, 0x74, 0x0, 0x0, 0x0, 0x0,
    0x0, 0x0, 0x0, 0x0, 0x0, 0x0, 0x0, 0x0,
    0x0, 0x89, 0xff, 0xff, 0xe5, 0x1e, 0x0, 0x0,
    0x0, 0x0, 0x0, 0x0, 0x0, 0x0, 0x0, 0x0,
    0x0, 0x0, 0x89, 0xff, 0xff, 0xe5, 0x26, 0x0,
    0x0, 0x0, 0x0, 0x0, 0x0, 0x0, 0x0, 0x0,
    0x0, 0x0, 0x0, 0x88, 0xff, 0xff, 0xe5, 0x26,
    0x0, 0x0, 0x6d, 0xad, 0x26, 0x0, 0x0, 0x0,
    0x0, 0x0, 0x0, 0x0, 0x87, 0xff, 0xff, 0xe5,
    0x26, 0x0, 0x0, 0x0, 0xf3, 0xff, 0xe6, 0x26,
    0x0, 0x0, 0x0, 0x0, 0x0, 0x86, 0xff, 0xff,
    0xe5, 0x26, 0x0, 0x0, 0x0, 0x0, 0x81, 0xff,
    0xff, 0xe5, 0x24, 0x0, 0x0, 0x0, 0x85, 0xff,
    0xff, 0xe5, 0x26, 0x0, 0x0, 0x0, 0x0, 0x0,
    0x0, 0x88, 0xff, 0xff, 0xe3, 0x23, 0x0, 0x84,
    0xff, 0xff, 0xe5, 0x26, 0x0, 0x0, 0x0, 0x0,
    0x0, 0x0, 0x0, 0x0, 0x88, 0xff, 0xff, 0xe2,
    0x94, 0xff, 0xff, 0xe5, 0x26, 0x0, 0x0, 0x0,
    0x0, 0x0, 0x0, 0x0, 0x0, 0x0, 0x0, 0x88,
    0xff, 0xff, 0xff, 0xff, 0xe5, 0x26, 0x0, 0x0,
    0x0, 0x0, 0x0, 0x0, 0x0, 0x0, 0x0, 0x0,
    0x0, 0x0, 0x88, 0xff, 0xff, 0xe5, 0x26, 0x0,
    0x0, 0x0, 0x0, 0x0, 0x0, 0x0, 0x0, 0x0,
    0x0, 0x0, 0x0, 0x0, 0x0, 0x72, 0xad, 0x24,
    0x0, 0x0, 0x0, 0x0, 0x0, 0x0, 0x0, 0x0,
    0x0, 0x0,

    /* U+F013 "" */
    0x0, 0x0, 0x0, 0x0, 0x0, 0x0, 0x0, 0x2c,
    0x97, 0xaf, 0xa6, 0x7f, 0x2, 0x0, 0x0, 0x0,
    0x0, 0x0, 0x0, 0x0, 0x0, 0x0, 0x0, 0x0,
    0x0, 0x0, 0x0, 0xad, 0xff, 0xff, 0xff, 0xff,
    0x41, 0x0, 0x0, 0x0, 0x0, 0x0, 0x0, 0x0,
    0x0, 0x0, 0x0, 0x0, 0x0, 0x0, 0x0, 0xe4,
    0xff, 0xff, 0xff, 0xff, 0x77, 0x0, 0x0, 0x0,
    0x0, 0x0, 0x0, 0x0, 0x0, 0x0, 0x46, 0x35,
    0x0, 0x3, 0x6b, 0xff, 0xff, 0xff, 0xff, 0xff,
    0xd4, 0x2d, 0x0, 0xd, 0x4f, 0x1f, 0x0, 0x0,
    0x0, 0x50, 0xff, 0xff, 0xe1, 0xd5, 0xff, 0xff,
    0xff, 0xff, 0xff, 0xff, 0xff, 0xfc, 0xc2, 0xf8,
    0xff, 0xdb, 0xc, 0x0, 0xb, 0xe9, 0xff, 0xff,
    0xff, 0xff, 0xff, 0xff, 0xff, 0xff, 0xff, 0xff,
    0xff, 0xff, 0xff, 0xff, 0xff, 0xff, 0x87, 0x0,
    0x6b, 0xff, 0xff, 0xff, 0xff, 0xff, 0xff, 0xff,
    0xff, 0xff, 0xff, 0xff, 0xff, 0xff, 0xff, 0xff,
    0xff, 0xff, 0xef, 0xb, 0x82, 0xff, 0xff, 0xff,
    0xff, 0xff, 0xff, 0xff, 0x9c, 0x3b, 0x3b, 0x9a,
    0xff, 0xff, 0xff, 0xff, 0xff, 0xff, 0xf9, 0x18,
    0x5, 0xa9, 0xff, 0xff, 0xff, 0xff, 0xff, 0x8e,
    0x0, 0x0, 0x0, 0x0, 0x8b, 0xff, 0xff, 0xff,
    0xff, 0xf6, 0x48, 0x0, 0x0, 0x2, 0xc3, 0xff,
    0xff, 0xff, 0xfd, 0x13, 0x0, 0x0, 0x0, 0x0,
    0x12, 0xfb, 0xff, 0xff, 0xff, 0x56, 0x0, 0x0,
    0x0, 0x0, 0xb3, 0xff, 0xff, 0xff, 0xea, 0x0,
    0x0, 0x0, 0x0, 0x0, 0x0, 0xe6, 0xff, 0xff,
    0xff, 0x42, 0x0, 0x0, 0x0, 0x2, 0xc1, 0xff,
    0xff, 0xff, 0xfd, 0x13, 0x0, 0x0, 0x0, 0x0,
    0x12, 0xfb, 0xff, 0xff, 0xff, 0x58, 0x0, 0x0,
    0x5, 0xa7, 0xff, 0xff, 0xff, 0xff, 0xff, 0x8e,
    0x0, 0x0, 0x0, 0x0, 0x8b, 0xff, 0xff, 0xff,
    0xff, 0xf7, 0x4b, 0x0, 0x83, 0xff, 0xff, 0xff,
    0xff, 0xff, 0xff, 0xff, 0x9d, 0x3b, 0x3b, 0x9b,
    0xff, 0xff, 0xff, 0xff, 0xff, 0xff, 0xf9, 0x19,
    0x6d, 0xff, 0xff, 0xff, 0xff, 0xff, 0xff, 0xff,
    0xff, 0xff, 0xff, 0xff, 0xff, 0xff, 0xff, 0xff,
    0xff, 0xff, 0xef, 0xa, 0xb, 0xe9, 0xff, 0xff,
    0xff, 0xff, 0xff, 0xff, 0xff, 0xff, 0xff, 0xff,
    0xff, 0xff, 0xff, 0xff, 0xff, 0xff, 0x85, 0x0,
    0x0, 0x4f, 0xff, 0xff, 0xe2, 0xd8, 0xff, 0xff,
    0xff, 0xff, 0xff, 0xff, 0xff, 0xfe, 0xc4, 0xf8,
    0xff, 0xd8, 0xa, 0x0, 0x0, 0x0, 0x45, 0x35,
    0x0, 0x6, 0x6e, 0xff, 0xff, 0xff, 0xff, 0xff,
    0xd2, 0x36, 0x0, 0xd, 0x50, 0x1e, 0x0, 0x0,
    0x0, 0x0, 0x0, 0x0, 0x0, 0x0, 0x0, 0xe2,
    0xff, 0xff, 0xff, 0xff, 0x75, 0x0, 0x0, 0x0,
    0x0, 0x0, 0x0, 0x0, 0x0, 0x0, 0x0, 0x0,
    0x0, 0x0, 0x0, 0xad, 0xff, 0xff, 0xff, 0xff,
    0x40, 0x0, 0x0, 0x0, 0x0, 0x0, 0x0, 0x0,
    0x0, 0x0, 0x0, 0x0, 0x0, 0x0, 0x0, 0x2e,
    0x99, 0xb0, 0xa7, 0x7d, 0x2, 0x0, 0x0, 0x0,
    0x0, 0x0, 0x0, 0x0,

    /* U+F015 "" */
    0x0, 0x0, 0x0, 0x0, 0x0, 0x0, 0x0, 0x0,
    0x0, 0x0, 0x50, 0xa9, 0x3b, 0x0, 0x0, 0x0,
    0x0, 0x0, 0x0, 0x0, 0x0, 0x0, 0x0, 0x0,
    0x0, 0x0, 0x0, 0x0, 0x0, 0x0, 0x0, 0x0,
    0x76, 0xfe, 0xff, 0xf8, 0x57, 0x0, 0x0, 0x0,
    0x0, 0x0, 0x0, 0x0, 0x0, 0x0, 0x0, 0x0,
    0x0, 0x0, 0x0, 0x0, 0x0, 0x3, 0x98, 0xff,
    0xff, 0xff, 0xff, 0xfe, 0x74, 0x0, 0x0, 0x0,
    0x0, 0x0, 0x0, 0x0, 0x0, 0x0, 0x0, 0x0,
    0x0, 0x0, 0x0, 0xc, 0xb6, 0xff, 0xff, 0xff,
    0xff, 0xff, 0xff, 0xff, 0x93, 0x2, 0x0, 0x0,
    0x0, 0x0, 0x0, 0x0, 0x0, 0x0, 0x0, 0x0,
    0x0, 0x19, 0xce, 0xff, 0xff, 0xff, 0xff, 0xff,
    0xff, 0xff, 0xff, 0xff, 0xaf, 0x9, 0x0, 0x0,
    0x0, 0x0, 0x0, 0x0, 0x0, 0x0, 0x0, 0x2c,
    0xe2, 0xff, 0xff, 0xff, 0xff, 0xff, 0xff, 0xff,
    0xff, 0xff, 0xff, 0xff, 0xc7, 0x14, 0x0, 0x0,
    0x0, 0x0, 0x0, 0x0, 0x0, 0x43, 0xf0, 0xff,
    0xff, 0xff, 0xff, 0xff, 0xff, 0xff, 0xff, 0xff,
    0xff, 0xff, 0xff, 0xff, 0xdb, 0x23, 0x0, 0x0,
    0x0, 0x0, 0x0, 0x60, 0xfa, 0xff, 0xff, 0xff,
    0xff, 0xff, 0xff, 0xff, 0xff, 0xff, 0xff, 0xff,
    0xff, 0xff, 0xff, 0xff, 0xea, 0x37, 0x0, 0x0,
    0x0, 0x80, 0xff, 0xff, 0xff, 0xff, 0xff, 0xff,
    0xff, 0xff, 0xff, 0xff, 0xff, 0xff, 0xff, 0xff,
    0xff, 0xff, 0xff, 0xff, 0xf6, 0x4f, 0x0, 0x85,
    0xff, 0xff, 0xff, 0xff, 0xff, 0xff, 0xff, 0xff,
    0xff, 0xff, 0xff, 0xff, 0xff, 0xff, 0xff, 0xff,
    0xff, 0xff, 0xff, 0xff, 0xfd, 0x55, 0xc1, 0xff,
    0xff, 0xff, 0xff, 0xff, 0xff, 0xff, 0xff, 0xff,
    0xff, 0xff, 0xff, 0xff, 0xff, 0xff, 0xff, 0xff,
    0xff, 0xff, 0xff, 0xff, 0x97, 0x27, 0x86, 0xb2,
    0xff, 0xff, 0xff, 0xff, 0xff, 0xff, 0xff, 0xff,
    0xff, 0xff, 0xff, 0xff, 0xff, 0xff, 0xff, 0xff,
    0xff, 0x9f, 0x80, 0x14, 0x0, 0x0, 0x54, 0xff,
    0xff, 0xff, 0xff, 0xff, 0xff, 0xff, 0xff, 0xff,
    0xff, 0xff, 0xff, 0xff, 0xff, 0xff, 0xff, 0xff,
    0x2d, 0x0, 0x0, 0x0, 0x0, 0x54, 0xff, 0xff,
    0xff, 0xff, 0xff, 0xff, 0xff, 0xff, 0xff, 0xff,
    0xff, 0xff, 0xff, 0xff, 0xff, 0xff, 0xff, 0x2f,
    0x0, 0x0, 0x0, 0x0, 0x54, 0xff, 0xff, 0xff,
    0xff, 0xff, 0xff, 0x4e, 0xc, 0xc, 0xe, 0x70,
    0xff, 0xff, 0xff, 0xff, 0xff, 0xff, 0x31, 0x0,
    0x0, 0x0, 0x0, 0x54, 0xff, 0xff, 0xff, 0xff,
    0xff, 0xed, 0x0, 0x0, 0x0, 0x0, 0x16, 0xff,
    0xff, 0xff, 0xff, 0xff, 0xff, 0x33, 0x0, 0x0,
    0x0, 0x0, 0x54, 0xff, 0xff, 0xff, 0xff, 0xff,
    0xec, 0x0, 0x0, 0x0, 0x0, 0x14, 0xff, 0xff,
    0xff, 0xff, 0xff, 0xff, 0x35, 0x0, 0x0, 0x0,
    0x0, 0x54, 0xff, 0xff, 0xff, 0xff, 0xff, 0xec,
    0x0, 0x0, 0x0, 0x0, 0x14, 0xff, 0xff, 0xff,
    0xff, 0xff, 0xff, 0x36, 0x0, 0x0, 0x0, 0x0,
    0x52, 0xff, 0xff, 0xff, 0xff, 0xff, 0xea, 0x0,
    0x0, 0x0, 0x0, 0x12, 0xff, 0xff, 0xff, 0xff,
    0xff, 0xff, 0x2a, 0x0, 0x0, 0x0, 0x0, 0x1d,
    0xf1, 0xff, 0xff, 0xff, 0xff, 0xa6, 0x0, 0x0,
    0x0, 0x0, 0x0, 0xcd, 0xff, 0xff, 0xff, 0xff,
    0xde, 0x8, 0x0, 0x0, 0x0, 0x0, 0x0, 0x1a,
    0x4a, 0x4c, 0x4c, 0x41, 0x4, 0x0, 0x0, 0x0,
    0x0, 0x0, 0xb, 0x46, 0x4c, 0x4c, 0x48, 0x10,
    0x0, 0x0, 0x0,

    /* U+F017 "" */
    0x0, 0x0, 0x0, 0x0, 0x0, 0x0, 0x0, 0x1,
    0x24, 0x3e, 0x3e, 0x24, 0x1, 0x0, 0x0, 0x0,
    0x0, 0x0, 0x0, 0x0, 0x0, 0x0, 0x0, 0x0,
    0x0, 0x32, 0xa1, 0xf0, 0xff, 0xff, 0xff, 0xff,
    0xf0, 0xa1, 0x32, 0x0, 0x0, 0x0, 0x0, 0x0,
    0x0, 0x0, 0x0, 0xc, 0x9d, 0xff, 0xff, 0xff,
    0xff, 0xff, 0xff, 0xff, 0xff, 0xff, 0xff, 0x9d,
    0xc, 0x0, 0x0, 0x0, 0x0, 0x0, 0x14, 0xce,
    0xff, 0xff, 0xff, 0xff, 0xff, 0xff, 0xff, 0xff,
    0xff, 0xff, 0xff, 0xff, 0xcd, 0x14, 0x0, 0x0,
    0x0, 0x6, 0xc7, 0xff, 0xff, 0xff, 0xff, 0xff,
    0xff, 0xb9, 0xb9, 0xff, 0xff, 0xff, 0xff, 0xff,
    0xff, 0xc6, 0x5, 0x0, 0x0, 0x84, 0xff, 0xff,
    0xff, 0xff, 0xff, 0xff, 0xff, 0x18, 0x18, 0xff,
    0xff, 0xff, 0xff, 0xff, 0xff, 0xff, 0x83, 0x0,
    0x16, 0xf6, 0xff, 0xff, 0xff, 0xff, 0xff, 0xff,
    0xff, 0x10, 0x10, 0xff, 0xff, 0xff, 0xff, 0xff,
    0xff, 0xff, 0xf5, 0x15, 0x73, 0xff, 0xff, 0xff,
    0xff, 0xff, 0xff, 0xff, 0xff, 0x10, 0x10, 0xff,
    0xff, 0xff, 0xff, 0xff, 0xff, 0xff, 0xff, 0x71,
    0xbc, 0xff, 0xff, 0xff, 0xff, 0xff, 0xff, 0xff,
    0xff, 0x10, 0x10, 0xff, 0xff, 0xff, 0xff, 0xff,
    0xff, 0xff, 0xff, 0xbb, 0xe9, 0xff, 0xff, 0xff,
    0xff, 0xff, 0xff, 0xff, 0xff, 0x10, 0x10, 0xff,
    0xff, 0xff, 0xff, 0xff, 0xff, 0xff, 0xff, 0xe7,
    0xfb, 0xff, 0xff, 0xff, 0xff, 0xff, 0xff, 0xff,
    0xff, 0x12, 0x3, 0x95, 0xfe, 0xff, 0xff, 0xff,
    0xff, 0xff, 0xff, 0xfa, 0xf4, 0xff, 0xff, 0xff,
    0xff, 0xff, 0xff, 0xff, 0xff, 0x8d, 0x5, 0x0,
    0x42, 0xdf, 0xff, 0xff, 0xff, 0xff, 0xff, 0xf2,
    0xd2, 0xff, 0xff, 0xff, 0xff, 0xff, 0xff, 0xff,
    0xff, 0xff, 0xcf, 0x2f, 0x0, 0xc, 0xb1, 0xff,
    0xff, 0xff, 0xff, 0xd1, 0x96, 0xff, 0xff, 0xff,
    0xff, 0xff, 0xff, 0xff, 0xff, 0xff, 0xff, 0xfa,
    0x7f, 0x5, 0x6d, 0xff, 0xff, 0xff, 0xff, 0x95,
    0x3d, 0xff, 0xff, 0xff, 0xff, 0xff, 0xff, 0xff,
    0xff, 0xff, 0xff, 0xff, 0xff, 0xeb, 0xfc, 0xff,
    0xff, 0xff, 0xff, 0x3c, 0x0, 0xc5, 0xff, 0xff,
    0xff, 0xff, 0xff, 0xff, 0xff, 0xff, 0xff, 0xff,
    0xff, 0xff, 0xff, 0xff, 0xff, 0xff, 0xc4, 0x0,
    0x0, 0x2c, 0xf7, 0xff, 0xff, 0xff, 0xff, 0xff,
    0xff, 0xff, 0xff, 0xff, 0xff, 0xff, 0xff, 0xff,
    0xff, 0xf7, 0x2a, 0x0, 0x0, 0x0, 0x55, 0xfc,
    0xff, 0xff, 0xff, 0xff, 0xff, 0xff, 0xff, 0xff,
    0xff, 0xff, 0xff, 0xff, 0xfc, 0x54, 0x0, 0x0,
    0x0, 0x0, 0x0, 0x4e, 0xf1, 0xff, 0xff, 0xff,
    0xff, 0xff, 0xff, 0xff, 0xff, 0xff, 0xff, 0xf0,
    0x4d, 0x0, 0x0, 0x0, 0x0, 0x0, 0x0, 0x0,
    0x1d, 0xa3, 0xfc, 0xff, 0xff, 0xff, 0xff, 0xff,
    0xff, 0xfc, 0xa3, 0x1c, 0x0, 0x0, 0x0, 0x0,
    0x0, 0x0, 0x0, 0x0, 0x0, 0x0, 0x16, 0x62,
    0x96, 0xb0, 0xaf, 0x96, 0x62, 0x16, 0x0, 0x0,
    0x0, 0x0, 0x0, 0x0,

    /* U+F019 "" */
    0x0, 0x0, 0x0, 0x0, 0x0, 0x0, 0x0, 0x0,
    0x0, 0x25, 0x26, 0x0, 0x0, 0x0, 0x0, 0x0,
    0x0, 0x0, 0x0, 0x0, 0x0, 0x0, 0x0, 0x0,
    0x0, 0x0, 0x0, 0x0, 0x21, 0xfb, 0xfb, 0x21,
    0x0, 0x0, 0x0, 0x0, 0x0, 0x0, 0x0, 0x0,
    0x0, 0x0, 0x0, 0x0, 0x0, 0x0, 0x0, 0x0,
    0x3f, 0xff, 0xff, 0x3f, 0x0, 0x0, 0x0, 0x0,
    0x0, 0x0, 0x0, 0x0, 0x0, 0x0, 0x0, 0x0,
    0x0, 0x0, 0x0, 0x0, 0x3f, 0xff, 0xff, 0x3f,
    0x0, 0x0, 0x0, 0x0, 0x0, 0x0, 0x0, 0x0,
    0x0, 0x0, 0x0, 0x0, 0x0, 0x0, 0x0, 0x0,
    0x3f, 0xff, 0xff, 0x3f, 0x0, 0x0, 0x0, 0x0,
    0x0, 0x0, 0x0, 0x0, 0x0, 0x0, 0x0, 0x0,
    0x0, 0x0, 0x0, 0x0, 0x3f, 0xff, 0xff, 0x3f,
    0x0, 0x0, 0x0, 0x0, 0x0, 0x0, 0x0, 0x0,
    0x0, 0x0, 0x0, 0x0, 0x0, 0x0, 0x0, 0x0,
    0x3f, 0xff, 0xff, 0x3f, 0x0, 0x0, 0x0, 0x0,
    0x0, 0x0, 0x0, 0x0, 0x0, 0x0, 0x0, 0x0,
    0x0, 0x0, 0x0, 0x0, 0x3f, 0xff, 0xff, 0x3f,
    0x0, 0x0, 0x0, 0x0, 0x0, 0x0, 0x0, 0x0,
    0x0, 0x0, 0x0, 0x6, 0xa3, 0xa6, 0xf, 0x0,
    0x3f, 0xff, 0xff, 0x3f, 0x0, 0xe, 0xa4, 0xa5,
    0x6, 0x0, 0x0, 0x0, 0x0, 0x0, 0x0, 0x33,
    0xff, 0xff, 0xc9, 0xe, 0x3f, 0xff, 0xff, 0x3f,
    0xd, 0xc7, 0xff, 0xff, 0x33, 0x0, 0x0, 0x0,
    0x0, 0x0, 0x0, 0x2, 0xb4, 0xff, 0xff, 0xc6,
    0x4d, 0xff, 0xff, 0x4d, 0xc5, 0xff, 0xff, 0xb7,
    0x2, 0x0, 0x0, 0x0, 0x0, 0x0, 0x0, 0x0,
    0x7, 0xb6, 0xff, 0xff, 0xe7, 0xff, 0xff, 0xe7,
    0xff, 0xff, 0xb8, 0x8, 0x0, 0x0, 0x0, 0x0,
    0x0, 0x0, 0x0, 0x0, 0x0, 0x7, 0xb6, 0xff,
    0xff, 0xff, 0xff, 0xff, 0xff, 0xb9, 0x8, 0x0,
    0x0, 0x0, 0x0, 0x0, 0x0, 0x0, 0x0, 0x0,
    0x0, 0x0, 0x7, 0xb7, 0xff, 0xff, 0xff, 0xff,
    0xb9, 0x8, 0x0, 0x0, 0x0, 0x0, 0x0, 0x0,
    0x0, 0x45, 0x85, 0x8b, 0x8b, 0x8b, 0x6a, 0x8,
    0xb7, 0xff, 0xff, 0xba, 0x8, 0x64, 0x8b, 0x8b,
    0x8b, 0x85, 0x46, 0x0, 0x72, 0xff, 0xff, 0xff,
    0xff, 0xff, 0xff, 0x89, 0x8, 0x8f, 0x90, 0x8,
    0x82, 0xff, 0xff, 0xff, 0xff, 0xff, 0xff, 0x76,
    0xe7, 0xff, 0xff, 0xff, 0xff, 0xff, 0xff, 0xff,
    0xa0, 0x25, 0x25, 0x9f, 0xff, 0xff, 0xff, 0xff,
    0xcf, 0xe4, 0xff, 0xe8, 0xff, 0xff, 0xff, 0xff,
    0xff, 0xff, 0xff, 0xff, 0xff, 0xff, 0xff, 0xff,
    0xff, 0xff, 0xff, 0xfd, 0xd, 0x4b, 0xff, 0xff,
    0xee, 0xff, 0xff, 0xff, 0xff, 0xff, 0xff, 0xff,
    0xff, 0xff, 0xff, 0xff, 0xff, 0xff, 0xff, 0xff,
    0xac, 0xcc, 0xff, 0xef, 0x8f, 0xff, 0xff, 0xff,
    0xff, 0xff, 0xff, 0xff, 0xff, 0xff, 0xff, 0xff,
    0xff, 0xff, 0xff, 0xff, 0xff, 0xff, 0xff, 0x93,
    0x3, 0x6d, 0xad, 0xb3, 0xb3, 0xb3, 0xb3, 0xb3,
    0xb3, 0xb3, 0xb3, 0xb3, 0xb3, 0xb3, 0xb3, 0xb3,
    0xb3, 0xad, 0x6e, 0x4,

    /* U+F01E "" */
    0x0, 0x0, 0x0, 0x0, 0x0, 0x0, 0x16, 0x4f,
    0x6c, 0x6e, 0x53, 0x1c, 0x0, 0x0, 0x0, 0x0,
    0x39, 0x5d, 0x3, 0x0, 0x0, 0x0, 0x0, 0x2d,
    0xb1, 0xfc, 0xff, 0xff, 0xff, 0xff, 0xfe, 0xbc,
    0x39, 0x0, 0x8, 0xf7, 0xff, 0x58, 0x0, 0x0,
    0x0, 0x6c, 0xfa, 0xff, 0xff, 0xff, 0xff, 0xff,
    0xff, 0xff, 0xff, 0xfd, 0x7f, 0x14, 0xff, 0xff,
    0x6b, 0x0, 0x0, 0x74, 0xff, 0xff, 0xfc, 0x9e,
    0x44, 0x19, 0x17, 0x3e, 0x93, 0xf8, 0xff, 0xff,
    0xac, 0xff, 0xff, 0x6b, 0x0, 0x3f, 0xfe, 0xff,
    0xe5, 0x36, 0x0, 0x0, 0x0, 0x0, 0x0, 0x0,
    0x29, 0xd8, 0xff, 0xff, 0xff, 0xff, 0x6b, 0x1,
    0xd1, 0xff, 0xf5, 0x2e, 0x0, 0x0, 0x0, 0x0,
    0x0, 0x0, 0x39, 0x73, 0x8a, 0xfd, 0xff, 0xff,
    0xff, 0x6b, 0x3c, 0xff, 0xff, 0x7e, 0x0, 0x0,
    0x0, 0x0, 0x0, 0x0, 0x7, 0xf7, 0xff, 0xff,
    0xff, 0xff, 0xff, 0xff, 0x6a, 0x80, 0xff, 0xfe,
    0x18, 0x0, 0x0, 0x0, 0x0, 0x0, 0x0, 0x1,
    0xc7, 0xff, 0xff, 0xff, 0xff, 0xff, 0xf2, 0x30,
    0xa5, 0xff, 0xdf, 0x0, 0x0, 0x0, 0x0, 0x0,
    0x0, 0x0, 0x0, 0x0, 0xb, 0xb, 0xb, 0xb,
    0xb, 0x3, 0x0, 0xad, 0xff, 0xd2, 0x0, 0x0,
    0x0, 0x0, 0x0, 0x0, 0x0, 0x0, 0x0, 0x0,
    0x0, 0x0, 0x0, 0x0, 0x0, 0x0, 0x9a, 0xff,
    0xed, 0x1, 0x0, 0x0, 0x0, 0x0, 0x0, 0x0,
    0x0, 0x0, 0x0, 0x0, 0x0, 0x0, 0x0, 0x0,
    0x0, 0x68, 0xff, 0xff, 0x39, 0x0, 0x0, 0x0,
    0x0, 0x0, 0x0, 0x0, 0x0, 0x0, 0x0, 0x0,
    0x0, 0x0, 0x0, 0x0, 0x19, 0xfb, 0xff, 0xb9,
    0x0, 0x0, 0x0, 0x0, 0x0, 0x0, 0x0, 0x0,
    0x0, 0x0, 0x0, 0x0, 0x0, 0x0, 0x0, 0x0,
    0x9b, 0xff, 0xff, 0x7d, 0x0, 0x0, 0x0, 0x0,
    0x0, 0x0, 0x0, 0x0, 0x4b, 0x95, 0x1c, 0x0,
    0x0, 0x0, 0x0, 0x11, 0xe1, 0xff, 0xff, 0x9c,
    0x13, 0x0, 0x0, 0x0, 0x0, 0xd, 0x8a, 0xfe,
    0xff, 0x8d, 0x0, 0x0, 0x0, 0x0, 0x0, 0x29,
    0xe6, 0xff, 0xff, 0xf3, 0xab, 0x80, 0x7e, 0xa5,
    0xee, 0xff, 0xff, 0xef, 0x34, 0x0, 0x0, 0x0,
    0x0, 0x0, 0x0, 0x1d, 0xbf, 0xff, 0xff, 0xff,
    0xff, 0xff, 0xff, 0xff, 0xff, 0xcc, 0x28, 0x0,
    0x0, 0x0, 0x0, 0x0, 0x0, 0x0, 0x0, 0x0,
    0x4a, 0xab, 0xe8, 0xff, 0xff, 0xec, 0xb3, 0x55,
    0x2, 0x0, 0x0, 0x0, 0x0, 0x0, 0x0, 0x0,
    0x0, 0x0, 0x0, 0x0, 0x0, 0x0, 0x6, 0x7,
    0x0, 0x0, 0x0, 0x0, 0x0, 0x0, 0x0, 0x0,
    0x0,

    /* U+F023 "" */
    0x0, 0x0, 0x0, 0x0, 0x0, 0x0, 0xd, 0x51,
    0x76, 0x69, 0x2e, 0x0, 0x0, 0x0, 0x0, 0x0,
    0x0, 0x0, 0x0, 0x0, 0x0, 0x0, 0x0, 0x6e,
    0xf1, 0xff, 0xff, 0xff, 0xff, 0xc0, 0x20, 0x0,
    0x0, 0x0, 0x0, 0x0, 0x0, 0x0, 0x0, 0x0,
    0x86, 0xff, 0xff, 0xff, 0xff, 0xff, 0xff, 0xff,
    0xe8, 0x1d, 0x0, 0x0, 0x0, 0x0, 0x0, 0x0,
    0x0, 0x33, 0xfe, 0xff, 0xdf, 0x4f, 0xf, 0x25,
    0x94, 0xff, 0xff, 0xb1, 0x0, 0x0, 0x0, 0x0,
    0x0, 0x0, 0x0, 0x99, 0xff, 0xf9, 0x29, 0x0,
    0x0, 0x0, 0x0, 0xa0, 0xff, 0xfe, 0x1a, 0x0,
    0x0, 0x0, 0x0, 0x0, 0x0, 0xce, 0xff, 0xc0,
    0x0, 0x0, 0x0, 0x0, 0x0, 0x40, 0xff, 0xff,
    0x4d, 0x0, 0x0, 0x0, 0x0, 0x0, 0x0, 0xdf,
    0xff, 0xa0, 0x0, 0x0, 0x0, 0x0, 0x0, 0x20,
    0xff, 0xff, 0x5f, 0x0, 0x0, 0x0, 0x0, 0x0,
    0x0, 0xe0, 0xff, 0xa0, 0x0, 0x0, 0x0, 0x0,
    0x0, 0x20, 0xff, 0xff, 0x60, 0x0, 0x0, 0x0,
    0x1c, 0xb9, 0xf9, 0xff, 0xff, 0xff, 0xff, 0xff,
    0xff, 0xff, 0xff, 0xff, 0xff, 0xff, 0xff, 0xe5,
    0x6c, 0x0, 0xb8, 0xff, 0xff, 0xff, 0xff, 0xff,
    0xff, 0xff, 0xff, 0xff, 0xff, 0xff, 0xff, 0xff,
    0xff, 0xff, 0xff, 0x3b, 0xf9, 0xff, 0xff, 0xff,
    0xff, 0xff, 0xff, 0xff, 0xff, 0xff, 0xff, 0xff,
    0xff, 0xff, 0xff, 0xff, 0xff, 0x79, 0xff, 0xff,
    0xff, 0xff, 0xff, 0xff, 0xff, 0xff, 0xff, 0xff,
    0xff, 0xff, 0xff, 0xff, 0xff, 0xff, 0xff, 0x80,
    0xff, 0xff, 0xff, 0xff, 0xff, 0xff, 0xff, 0xff,
    0xff, 0xff, 0xff, 0xff, 0xff, 0xff, 0xff, 0xff,
    0xff, 0x80, 0xff, 0xff, 0xff, 0xff, 0xff, 0xff,
    0xff, 0xff, 0xff, 0xff, 0xff, 0xff, 0xff, 0xff,
    0xff, 0xff, 0xff, 0x80, 0xff, 0xff, 0xff, 0xff,
    0xff, 0xff, 0xff, 0xff, 0xff, 0xff, 0xff, 0xff,
    0xff, 0xff, 0xff, 0xff, 0xff, 0x80, 0xff, 0xff,
    0xff, 0xff, 0xff, 0xff, 0xff, 0xff, 0xff, 0xff,
    0xff, 0xff, 0xff, 0xff, 0xff, 0xff, 0xff, 0x80,
    0xff, 0xff, 0xff, 0xff, 0xff, 0xff, 0xff, 0xff,
    0xff, 0xff, 0xff, 0xff, 0xff, 0xff, 0xff, 0xff,
    0xff, 0x80, 0xff, 0xff, 0xff, 0xff, 0xff, 0xff,
    0xff, 0xff, 0xff, 0xff, 0xff, 0xff, 0xff, 0xff,
    0xff, 0xff, 0xff, 0x80, 0xe4, 0xff, 0xff, 0xff,
    0xff, 0xff, 0xff, 0xff, 0xff, 0xff, 0xff, 0xff,
    0xff, 0xff, 0xff, 0xff, 0xff, 0x65, 0x69, 0xff,
    0xff, 0xff, 0xff, 0xff, 0xff, 0xff, 0xff, 0xff,
    0xff, 0xff, 0xff, 0xff, 0xff, 0xff, 0xdd, 0xf,
    0x0, 0x3a, 0x79, 0x80, 0x80, 0x80, 0x80, 0x80,
    0x80, 0x80, 0x80, 0x80, 0x80, 0x80, 0x80, 0x65,
    0xf, 0x0,

    /* U+F029 "" */
    0x0, 0x2a, 0x40, 0x40, 0x40, 0x3c, 0xe, 0x0,
    0x0, 0x0, 0x0, 0x2a, 0x40, 0x40, 0x40, 0x3c,
    0xe, 0x0, 0x8e, 0xff, 0xff, 0xff, 0xff, 0xff,
    0xec, 0x23, 0x0, 0x0, 0x8e, 0xff, 0xff, 0xff,
    0xff, 0xff, 0xec, 0x23, 0xf6, 0xff, 0xff, 0xff,
    0xff, 0xff, 0xff, 0x76, 0x0, 0x0, 0xf6, 0xff,
    0xff, 0xff, 0xff, 0xff, 0xff, 0x76, 0xff, 0xff,
    0xa0, 0x40, 0x40, 0xff, 0xff, 0x80, 0x0, 0x0,
    0xff, 0xff, 0xa0, 0x40, 0x40, 0xff, 0xff, 0x80,
    0xff, 0xff, 0x80, 0x0, 0x0, 0xff, 0xff, 0x80,
    0x0, 0x0, 0xff, 0xff, 0x80, 0x0, 0x0, 0xff,
    0xff, 0x80, 0xff, 0xff, 0xba, 0x74, 0x74, 0xff,
    0xff, 0x80, 0x0, 0x0, 0xff, 0xff, 0xba, 0x74,
    0x74, 0xff, 0xff, 0x80, 0xee, 0xff, 0xff, 0xff,
    0xff, 0xff, 0xff, 0x6e, 0x0, 0x0, 0xee, 0xff,
    0xff, 0xff, 0xff, 0xff, 0xff, 0x6e, 0x62, 0xf2,
    0xff, 0xff, 0xff, 0xff, 0xc5, 0x11, 0x0, 0x0,
    0x62, 0xf2, 0xff, 0xff, 0xff, 0xff, 0xc5, 0x11,
    0x0, 0x2, 0xc, 0xc, 0xc, 0x8, 0x0, 0x0,
    0x0, 0x0, 0x0, 0x2, 0xc, 0xc, 0xc, 0x8,
    0x0, 0x0, 0x0, 0x0, 0x0, 0x0, 0x0, 0x0,
    0x0, 0x0, 0x0, 0x0, 0x0, 0x0, 0x0, 0x0,
    0x0, 0x0, 0x0, 0x0, 0x0, 0x6, 0x14, 0x14,
    0x14, 0x10, 0x0, 0x0, 0x0, 0x0, 0x9, 0x14,
    0x14, 0x4, 0x0, 0x0, 0x3, 0x0, 0x6c, 0xf8,
    0xff, 0xff, 0xff, 0xff, 0xd0, 0x14, 0x0, 0x0,
    0xef, 0xff, 0xff, 0xba, 0x0, 0x0, 0xba, 0x70,
    0xf1, 0xff, 0xff, 0xff, 0xff, 0xff, 0xff, 0x71,
    0x0, 0x0, 0xff, 0xff, 0xff, 0xff, 0xdf, 0xdf,
    0xff, 0x80, 0xff, 0xff, 0xb4, 0x68, 0x68, 0xff,
    0xff, 0x80, 0x0, 0x0, 0xff, 0xff, 0xff, 0xff,
    0xff, 0xff, 0xff, 0x80, 0xff, 0xff, 0x80, 0x0,
    0x0, 0xff, 0xff, 0x80, 0x0, 0x0, 0xff, 0xff,
    0xeb, 0xd4, 0xff, 0xff, 0xff, 0x7f, 0xff, 0xff,
    0xba, 0x74, 0x74, 0xff, 0xff, 0x80, 0x0, 0x0,
    0xff, 0xff, 0x83, 0x14, 0x86, 0x8c, 0x8b, 0x2c,
    0xef, 0xff, 0xff, 0xff, 0xff, 0xff, 0xff, 0x70,
    0x0, 0x0, 0xff, 0xff, 0x80, 0x1, 0x1c, 0x0,
    0x14, 0x8, 0x66, 0xf4, 0xff, 0xff, 0xff, 0xff,
    0xc8, 0x12, 0x0, 0x0, 0xeb, 0xff, 0x6d, 0x25,
    0xdf, 0x0, 0xa1, 0x62, 0x0, 0x2, 0xc, 0xc,
    0xc, 0x8, 0x0, 0x0, 0x0, 0x0, 0x5, 0xb,
    0x0, 0x0, 0x1, 0x0, 0x1, 0x0,

    /* U+F03A "" */
    0x0, 0x7c, 0x9f, 0x99, 0x28, 0x0, 0x0, 0x0,
    0x0, 0x0, 0x0, 0x0, 0x0, 0x0, 0x0, 0x0,
    0x0, 0x0, 0x0, 0x0, 0x0, 0x22, 0xff, 0xff,
    0xff, 0x92, 0x0, 0x40, 0xf1, 0xff, 0xff, 0xff,
    0xff, 0xff, 0xff, 0xff, 0xff, 0xff, 0xff, 0xff,
    0xd5, 0xd, 0x27, 0xff, 0xff, 0xff, 0x97, 0x0,
    0x75, 0xff, 0xff, 0xff, 0xff, 0xff, 0xff, 0xff,
    0xff, 0xff, 0xff, 0xff, 0xff, 0xff, 0x26, 0xf,
    0xf0, 0xff, 0xff, 0x6f, 0x0, 0xa, 0x70, 0x7f,
    0x7f, 0x7f, 0x7f, 0x7f, 0x7f, 0x7f, 0x7f, 0x7f,
    0x7f, 0x7f, 0x54, 0x0, 0x0, 0xb, 0x1f, 0x19,
    0x0, 0x0, 0x0, 0x0, 0x0, 0x0, 0x0, 0x0,
    0x0, 0x0, 0x0, 0x0, 0x0, 0x0, 0x0, 0x0,
    0x0, 0x0, 0x0, 0x0, 0x0, 0x0, 0x0, 0x0,
    0x0, 0x0, 0x0, 0x0, 0x0, 0x0, 0x0, 0x0,
    0x0, 0x0, 0x0, 0x0, 0x0, 0x0, 0x0, 0x12,
    0x2b, 0x25, 0x0, 0x0, 0x0, 0x0, 0x0, 0x0,
    0x0, 0x0, 0x0, 0x0, 0x0, 0x0, 0x0, 0x0,
    0x0, 0x0, 0x0, 0x10, 0xf5, 0xff, 0xff, 0x76,
    0x0, 0xe, 0x7d, 0x8b, 0x8b, 0x8b, 0x8b, 0x8b,
    0x8b, 0x8b, 0x8b, 0x8b, 0x8b, 0x8b, 0x61, 0x0,
    0x27, 0xff, 0xff, 0xff, 0x97, 0x0, 0x78, 0xff,
    0xff, 0xff, 0xff, 0xff, 0xff, 0xff, 0xff, 0xff,
    0xff, 0xff, 0xff, 0xff, 0x28, 0x21, 0xff, 0xff,
    0xff, 0x91, 0x0, 0x39, 0xe4, 0xf3, 0xf3, 0xf3,
    0xf3, 0xf3, 0xf3, 0xf3, 0xf3, 0xf3, 0xf3, 0xf3,
    0xc8, 0xb, 0x0, 0x70, 0x93, 0x8d, 0x23, 0x0,
    0x0, 0x0, 0x0, 0x0, 0x0, 0x0, 0x0, 0x0,
    0x0, 0x0, 0x0, 0x0, 0x0, 0x0, 0x0, 0x0,
    0x0, 0x0, 0x0, 0x0, 0x0, 0x0, 0x0, 0x0,
    0x0, 0x0, 0x0, 0x0, 0x0, 0x0, 0x0, 0x0,
    0x0, 0x0, 0x0, 0x0, 0x0, 0xb, 0x1f, 0x19,
    0x0, 0x0, 0x0, 0x0, 0x0, 0x0, 0x0, 0x0,
    0x0, 0x0, 0x0, 0x0, 0x0, 0x0, 0x0, 0x0,
    0x0, 0xf, 0xf0, 0xff, 0xff, 0x6f, 0x0, 0xb,
    0x71, 0x7f, 0x7f, 0x7f, 0x7f, 0x7f, 0x7f, 0x7f,
    0x7f, 0x7f, 0x7f, 0x7f, 0x55, 0x0, 0x27, 0xff,
    0xff, 0xff, 0x97, 0x0, 0x75, 0xff, 0xff, 0xff,
    0xff, 0xff, 0xff, 0xff, 0xff, 0xff, 0xff, 0xff,
    0xff, 0xff, 0x26, 0x22, 0xff, 0xff, 0xff, 0x92,
    0x0, 0x3e, 0xf0, 0xff, 0xff, 0xff, 0xff, 0xff,
    0xff, 0xff, 0xff, 0xff, 0xff, 0xff, 0xd4, 0xd,
    0x0, 0x7c, 0x9f, 0x99, 0x28, 0x0, 0x0, 0x0,
    0x0, 0x0, 0x0, 0x0, 0x0, 0x0, 0x0, 0x0,
    0x0, 0x0, 0x0, 0x0, 0x0,

    /* U+F048 "" */
    0x0, 0x0, 0x0, 0x0, 0x0, 0x0, 0x0, 0x0,
    0x0, 0x0, 0x0, 0x0, 0x0, 0xaa, 0xee, 0x3b,
    0x0, 0x0, 0x0, 0x0, 0x0, 0x0, 0x12, 0xb3,
    0xeb, 0x32, 0xfe, 0xff, 0x7e, 0x0, 0x0, 0x0,
    0x0, 0x0, 0x27, 0xdb, 0xff, 0xff, 0x7d, 0xff,
    0xff, 0x7f, 0x0, 0x0, 0x0, 0x0, 0x46, 0xef,
    0xff, 0xff, 0xff, 0x7f, 0xff, 0xff, 0x7f, 0x0,
    0x0, 0x0, 0x6c, 0xfc, 0xff, 0xff, 0xff, 0xff,
    0x7f, 0xff, 0xff, 0x7f, 0x0, 0x4, 0x98, 0xff,
    0xff, 0xff, 0xff, 0xff, 0xff, 0x7f, 0xff, 0xff,
    0x7f, 0x12, 0xbd, 0xff, 0xff, 0xff, 0xff, 0xff,
    0xff, 0xff, 0x7f, 0xff, 0xff, 0xa6, 0xdb, 0xff,
    0xff, 0xff, 0xff, 0xff, 0xff, 0xff, 0xff, 0x7f,
    0xff, 0xff, 0xff, 0xff, 0xff, 0xff, 0xff, 0xff,
    0xff, 0xff, 0xff, 0xff, 0x7f, 0xff, 0xff, 0xa4,
    0xd8, 0xff, 0xff, 0xff, 0xff, 0xff, 0xff, 0xff,
    0xff, 0x7f, 0xff, 0xff, 0x7f, 0x10, 0xbb, 0xff,
    0xff, 0xff, 0xff, 0xff, 0xff, 0xff, 0x7f, 0xff,
    0xff, 0x7f, 0x0, 0x4, 0x94, 0xff, 0xff, 0xff,
    0xff, 0xff, 0xff, 0x7f, 0xff, 0xff, 0x7f, 0x0,
    0x0, 0x0, 0x6a, 0xfb, 0xff, 0xff, 0xff, 0xff,
    0x7f, 0xff, 0xff, 0x7f, 0x0, 0x0, 0x0, 0x0,
    0x43, 0xee, 0xff, 0xff, 0xff, 0x7f, 0xfe, 0xff,
    0x7e, 0x0, 0x0, 0x0, 0x0, 0x0, 0x25, 0xd8,
    0xff, 0xff, 0x7d, 0xa9, 0xed, 0x3a, 0x0, 0x0,
    0x0, 0x0, 0x0, 0x0, 0x10, 0xb0, 0xe9, 0x32,
    0x0, 0x0, 0x0, 0x0, 0x0, 0x0, 0x0, 0x0,
    0x0, 0x0, 0x0, 0x0, 0x0,

    /* U+F04B "" */
    0x0, 0x2e, 0x20, 0x0, 0x0, 0x0, 0x0, 0x0,
    0x0, 0x0, 0x0, 0x0, 0x0, 0x0, 0x0, 0x83,
    0xff, 0xfd, 0x96, 0x11, 0x0, 0x0, 0x0, 0x0,
    0x0, 0x0, 0x0, 0x0, 0x0, 0x0, 0xf1, 0xff,
    0xff, 0xff, 0xe9, 0x5e, 0x0, 0x0, 0x0, 0x0,
    0x0, 0x0, 0x0, 0x0, 0x0, 0xff, 0xff, 0xff,
    0xff, 0xff, 0xff, 0xc1, 0x2b, 0x0, 0x0, 0x0,
    0x0, 0x0, 0x0, 0x0, 0xff, 0xff, 0xff, 0xff,
    0xff, 0xff, 0xff, 0xfa, 0x88, 0xb, 0x0, 0x0,
    0x0, 0x0, 0x0, 0xff, 0xff, 0xff, 0xff, 0xff,
    0xff, 0xff, 0xff, 0xff, 0xe1, 0x4f, 0x0, 0x0,
    0x0, 0x0, 0xff, 0xff, 0xff, 0xff, 0xff, 0xff,
    0xff, 0xff, 0xff, 0xff, 0xff, 0xb3, 0x20, 0x0,
    0x0, 0xff, 0xff, 0xff, 0xff, 0xff, 0xff, 0xff,
    0xff, 0xff, 0xff, 0xff, 0xff, 0xf6, 0x7a, 0x5,
    0xff, 0xff, 0xff, 0xff, 0xff, 0xff, 0xff, 0xff,
    0xff, 0xff, 0xff, 0xff, 0xff, 0xff, 0x9e, 0xff,
    0xff, 0xff, 0xff, 0xff, 0xff, 0xff, 0xff, 0xff,
    0xff, 0xff, 0xff, 0xff, 0xff, 0xee, 0xff, 0xff,
    0xff, 0xff, 0xff, 0xff, 0xff, 0xff, 0xff, 0xff,
    0xff, 0xff, 0xff, 0xff, 0x9f, 0xff, 0xff, 0xff,
    0xff, 0xff, 0xff, 0xff, 0xff, 0xff, 0xff, 0xff,
    0xff, 0xf5, 0x77, 0x4, 0xff, 0xff, 0xff, 0xff,
    0xff, 0xff, 0xff, 0xff, 0xff, 0xff, 0xff, 0xb1,
    0x1f, 0x0, 0x0, 0xff, 0xff, 0xff, 0xff, 0xff,
    0xff, 0xff, 0xff, 0xff, 0xe0, 0x4e, 0x0, 0x0,
    0x0, 0x0, 0xff, 0xff, 0xff, 0xff, 0xff, 0xff,
    0xff, 0xfa, 0x87, 0xa, 0x0, 0x0, 0x0, 0x0,
    0x0, 0xff, 0xff, 0xff, 0xff, 0xff, 0xff, 0xc0,
    0x2a, 0x0, 0x0, 0x0, 0x0, 0x0, 0x0, 0x0,
    0xf1, 0xff, 0xff, 0xff, 0xe9, 0x5e, 0x0, 0x0,
    0x0, 0x0, 0x0, 0x0, 0x0, 0x0, 0x0, 0x83,
    0xff, 0xfd, 0x97, 0x11, 0x0, 0x0, 0x0, 0x0,
    0x0, 0x0, 0x0, 0x0, 0x0, 0x0, 0x0, 0x2e,
    0x20, 0x0, 0x0, 0x0, 0x0, 0x0, 0x0, 0x0,
    0x0, 0x0, 0x0, 0x0, 0x0,

    /* U+F04C "" */
    0x56, 0xea, 0xff, 0xe9, 0x56, 0x0, 0x0, 0x27,
    0xd1, 0xff, 0xf6, 0x92, 0x0, 0xe9, 0xff, 0xff,
    0xff, 0xe9, 0x0, 0x0, 0xa1, 0xff, 0xff, 0xff,
    0xff, 0x31, 0xff, 0xff, 0xff, 0xff, 0xff, 0x0,
    0x0, 0xb7, 0xff, 0xff, 0xff, 0xff, 0x47, 0xff,
    0xff, 0xff, 0xff, 0xff, 0x0, 0x0, 0xb7, 0xff,
    0xff, 0xff, 0xff, 0x47, 0xff, 0xff, 0xff, 0xff,
    0xff, 0x0, 0x0, 0xb7, 0xff, 0xff, 0xff, 0xff,
    0x47, 0xff, 0xff, 0xff, 0xff, 0xff, 0x0, 0x0,
    0xb7, 0xff, 0xff, 0xff, 0xff, 0x47, 0xff, 0xff,
    0xff, 0xff, 0xff, 0x0, 0x0, 0xb7, 0xff, 0xff,
    0xff, 0xff, 0x47, 0xff, 0xff, 0xff, 0xff, 0xff,
    0x0, 0x0, 0xb7, 0xff, 0xff, 0xff, 0xff, 0x47,
    0xff, 0xff, 0xff, 0xff, 0xff, 0x0, 0x0, 0xb7,
    0xff, 0xff, 0xff, 0xff, 0x47, 0xff, 0xff, 0xff,
    0xff, 0xff, 0x0, 0x0, 0xb7, 0xff, 0xff, 0xff,
    0xff, 0x47, 0xff, 0xff, 0xff, 0xff, 0xff, 0x0,
    0x0, 0xb7, 0xff, 0xff, 0xff, 0xff, 0x47, 0xff,
    0xff, 0xff, 0xff, 0xff, 0x0, 0x0, 0xb7, 0xff,
    0xff, 0xff, 0xff, 0x47, 0xff, 0xff, 0xff, 0xff,
    0xff, 0x0, 0x0, 0xb7, 0xff, 0xff, 0xff, 0xff,
    0x47, 0xe9, 0xff, 0xff, 0xff, 0xea, 0x0, 0x0,
    0xa1, 0xff, 0xff, 0xff, 0xff, 0x31, 0x56, 0xe9,
    0xff, 0xe9, 0x56, 0x0, 0x0, 0x27, 0xd1, 0xff,
    0xf6, 0x91, 0x0,

    /* U+F04D "" */
    0x1c, 0xb9, 0xf9, 0xff, 0xff, 0xff, 0xff, 0xff,
    0xff, 0xff, 0xff, 0xff, 0xf9, 0xba, 0x1e, 0xb8,
    0xff, 0xff, 0xff, 0xff, 0xff, 0xff, 0xff, 0xff,
    0xff, 0xff, 0xff, 0xff, 0xff, 0xba, 0xf9, 0xff,
    0xff, 0xff, 0xff, 0xff, 0xff, 0xff, 0xff, 0xff,
    0xff, 0xff, 0xff, 0xff, 0xf9, 0xff, 0xff, 0xff,
    0xff, 0xff, 0xff, 0xff, 0xff, 0xff, 0xff, 0xff,
    0xff, 0xff, 0xff, 0xff, 0xff, 0xff, 0xff, 0xff,
    0xff, 0xff, 0xff, 0xff, 0xff, 0xff, 0xff, 0xff,
    0xff, 0xff, 0xff, 0xff, 0xff, 0xff, 0xff, 0xff,
    0xff, 0xff, 0xff, 0xff, 0xff, 0xff, 0xff, 0xff,
    0xff, 0xff, 0xff, 0xff, 0xff, 0xff, 0xff, 0xff,
    0xff, 0xff, 0xff, 0xff, 0xff, 0xff, 0xff, 0xff,
    0xff, 0xff, 0xff, 0xff, 0xff, 0xff, 0xff, 0xff,
    0xff, 0xff, 0xff, 0xff, 0xff, 0xff, 0xff, 0xff,
    0xff, 0xff, 0xff, 0xff, 0xff, 0xff, 0xff, 0xff,
    0xff, 0xff, 0xff, 0xff, 0xff, 0xff, 0xff, 0xff,
    0xff, 0xff, 0xff, 0xff, 0xff, 0xff, 0xff, 0xff,
    0xff, 0xff, 0xff, 0xff, 0xff, 0xff, 0xff, 0xff,
    0xff, 0xff, 0xff, 0xff, 0xff, 0xff, 0xff, 0xff,
    0xff, 0xff, 0xff, 0xff, 0xff, 0xff, 0xff, 0xff,
    0xff, 0xff, 0xff, 0xff, 0xff, 0xff, 0xff, 0xff,
    0xff, 0xff, 0xff, 0xff, 0xf9, 0xff, 0xff, 0xff,
    0xff, 0xff, 0xff, 0xff, 0xff, 0xff, 0xff, 0xff,
    0xff, 0xff, 0xf9, 0xb6, 0xff, 0xff, 0xff, 0xff,
    0xff, 0xff, 0xff, 0xff, 0xff, 0xff, 0xff, 0xff,
    0xff, 0xb9, 0x1b, 0xb6, 0xf9, 0xff, 0xff, 0xff,
    0xff, 0xff, 0xff, 0xff, 0xff, 0xff, 0xf9, 0xb8,
    0x1c,

    /* U+F051 "" */
    0x0, 0x0, 0x0, 0x0, 0x0, 0x0, 0x0, 0x0,
    0x0, 0x0, 0x0, 0x0, 0x0, 0xa1, 0xec, 0x61,
    0x0, 0x0, 0x0, 0x0, 0x0, 0x0, 0x0, 0xaa,
    0xee, 0x3b, 0xfd, 0xff, 0xff, 0x8c, 0x2, 0x0,
    0x0, 0x0, 0x0, 0x0, 0xfe, 0xff, 0x7e, 0xff,
    0xff, 0xff, 0xff, 0xb4, 0xd, 0x0, 0x0, 0x0,
    0x0, 0xff, 0xff, 0x80, 0xff, 0xff, 0xff, 0xff,
    0xff, 0xd3, 0x21, 0x0, 0x0, 0x0, 0xff, 0xff,
    0x80, 0xff, 0xff, 0xff, 0xff, 0xff, 0xff, 0xeb,
    0x3d, 0x0, 0x0, 0xff, 0xff, 0x80, 0xff, 0xff,
    0xff, 0xff, 0xff, 0xff, 0xff, 0xf9, 0x61, 0x0,
    0xff, 0xff, 0x80, 0xff, 0xff, 0xff, 0xff, 0xff,
    0xff, 0xff, 0xff, 0xff, 0x8a, 0xff, 0xff, 0x80,
    0xff, 0xff, 0xff, 0xff, 0xff, 0xff, 0xff, 0xff,
    0xff, 0xff, 0xff, 0xff, 0x80, 0xff, 0xff, 0xff,
    0xff, 0xff, 0xff, 0xff, 0xff, 0xff, 0x86, 0xff,
    0xff, 0x80, 0xff, 0xff, 0xff, 0xff, 0xff, 0xff,
    0xff, 0xf8, 0x5e, 0x0, 0xff, 0xff, 0x80, 0xff,
    0xff, 0xff, 0xff, 0xff, 0xff, 0xe9, 0x3a, 0x0,
    0x0, 0xff, 0xff, 0x80, 0xff, 0xff, 0xff, 0xff,
    0xff, 0xd1, 0x1f, 0x0, 0x0, 0x0, 0xff, 0xff,
    0x80, 0xff, 0xff, 0xff, 0xff, 0xb1, 0xc, 0x0,
    0x0, 0x0, 0x0, 0xff, 0xff, 0x80, 0xfd, 0xff,
    0xff, 0x89, 0x2, 0x0, 0x0, 0x0, 0x0, 0x0,
    0xfe, 0xff, 0x7e, 0x9f, 0xe9, 0x5d, 0x0, 0x0,
    0x0, 0x0, 0x0, 0x0, 0x0, 0xa9, 0xed, 0x3a,
    0x0, 0x0, 0x0, 0x0, 0x0, 0x0, 0x0, 0x0,
    0x0, 0x0, 0x0, 0x0, 0x0,

    /* U+F053 "" */
    0x0, 0x0, 0x0, 0x0, 0x0, 0x0, 0x0, 0x2,
    0x49, 0x21, 0x0, 0x0, 0x0, 0x0, 0x0, 0x0,
    0x3, 0xa4, 0xff, 0xe4, 0x0, 0x0, 0x0, 0x0,
    0x0, 0x3, 0xa4, 0xff, 0xff, 0xca, 0x0, 0x0,
    0x0, 0x0, 0x3, 0xa4, 0xff, 0xff, 0xd6, 0x18,
    0x0, 0x0, 0x0, 0x3, 0xa4, 0xff, 0xff, 0xd6,
    0x17, 0x0, 0x0, 0x0, 0x3, 0xa4, 0xff, 0xff,
    0xd5, 0x17, 0x0, 0x0, 0x0, 0x3, 0xa4, 0xff,
    0xff, 0xd4, 0x16, 0x0, 0x0, 0x0, 0x3, 0xa4,
    0xff, 0xff, 0xd4, 0x16, 0x0, 0x0, 0x0, 0x0,
    0x9b, 0xff, 0xff, 0xd3, 0x15, 0x0, 0x0, 0x0,
    0x0, 0x0, 0xf2, 0xff, 0xff, 0x47, 0x0, 0x0,
    0x0, 0x0, 0x0, 0x0, 0x69, 0xff, 0xff, 0xee,
    0x32, 0x0, 0x0, 0x0, 0x0, 0x0, 0x0, 0x6d,
    0xff, 0xff, 0xee, 0x34, 0x0, 0x0, 0x0, 0x0,
    0x0, 0x0, 0x6e, 0xff, 0xff, 0xef, 0x35, 0x0,
    0x0, 0x0, 0x0, 0x0, 0x0, 0x6e, 0xff, 0xff,
    0xf0, 0x36, 0x0, 0x0, 0x0, 0x0, 0x0, 0x0,
    0x6f, 0xff, 0xff, 0xf1, 0x38, 0x0, 0x0, 0x0,
    0x0, 0x0, 0x0, 0x70, 0xff, 0xff, 0xf1, 0x39,
    0x0, 0x0, 0x0, 0x0, 0x0, 0x0, 0x70, 0xff,
    0xff, 0xe4, 0x0, 0x0, 0x0, 0x0, 0x0, 0x0,
    0x0, 0x6f, 0xfd, 0xc9, 0x0, 0x0, 0x0, 0x0,
    0x0, 0x0, 0x0, 0x0, 0x14, 0x5,

    /* U+F054 "" */
    0x2, 0x49, 0x21, 0x0, 0x0, 0x0, 0x0, 0x0,
    0x0, 0x0, 0x0, 0x63, 0xff, 0xf1, 0x39, 0x0,
    0x0, 0x0, 0x0, 0x0, 0x0, 0x0, 0x49, 0xff,
    0xff, 0xf1, 0x39, 0x0, 0x0, 0x0, 0x0, 0x0,
    0x0, 0x0, 0x6c, 0xff, 0xff, 0xf1, 0x39, 0x0,
    0x0, 0x0, 0x0, 0x0, 0x0, 0x0, 0x6b, 0xff,
    0xff, 0xf1, 0x39, 0x0, 0x0, 0x0, 0x0, 0x0,
    0x0, 0x0, 0x6a, 0xfe, 0xff, 0xf1, 0x39, 0x0,
    0x0, 0x0, 0x0, 0x0, 0x0, 0x0, 0x69, 0xfe,
    0xff, 0xf1, 0x39, 0x0, 0x0, 0x0, 0x0, 0x0,
    0x0, 0x0, 0x67, 0xfe, 0xff, 0xf1, 0x39, 0x0,
    0x0, 0x0, 0x0, 0x0, 0x0, 0x0, 0x66, 0xfe,
    0xff, 0xf1, 0x2b, 0x0, 0x0, 0x0, 0x0, 0x0,
    0x0, 0x1, 0xc1, 0xff, 0xff, 0x72, 0x0, 0x0,
    0x0, 0x0, 0x0, 0x1, 0x9c, 0xff, 0xff, 0xd7,
    0x14, 0x0, 0x0, 0x0, 0x0, 0x2, 0x9d, 0xff,
    0xff, 0xd7, 0x18, 0x0, 0x0, 0x0, 0x0, 0x2,
    0x9f, 0xff, 0xff, 0xd8, 0x18, 0x0, 0x0, 0x0,
    0x0, 0x2, 0xa1, 0xff, 0xff, 0xd8, 0x19, 0x0,
    0x0, 0x0, 0x0, 0x2, 0xa2, 0xff, 0xff, 0xd8,
    0x19, 0x0, 0x0, 0x0, 0x0, 0x3, 0xa4, 0xff,
    0xff, 0xd9, 0x19, 0x0, 0x0, 0x0, 0x0, 0x0,
    0x63, 0xff, 0xff, 0xd9, 0x1a, 0x0, 0x0, 0x0,
    0x0, 0x0, 0x0, 0x4a, 0xfd, 0xd6, 0x1a, 0x0,
    0x0, 0x0, 0x0, 0x0, 0x0, 0x0, 0x0, 0x14,
    0x5, 0x0, 0x0, 0x0, 0x0, 0x0, 0x0, 0x0,
    0x0,

    /* U+F058 "" */
    0x0, 0x0, 0x0, 0x0, 0x0, 0x0, 0x0, 0x1,
    0x24, 0x3d, 0x3e, 0x24, 0x1, 0x0, 0x0, 0x0,
    0x0, 0x0, 0x0, 0x0, 0x0, 0x0, 0x0, 0x0,
    0x0, 0x32, 0xa1, 0xf0, 0xff, 0xff, 0xff, 0xff,
    0xf0, 0xa1, 0x32, 0x0, 0x0, 0x0, 0x0, 0x0,
    0x0, 0x0, 0x0, 0xc, 0x9c, 0xff, 0xff, 0xff,
    0xff, 0xff, 0xff, 0xff, 0xff, 0xff, 0xff, 0x9c,
    0xc, 0x0, 0x0, 0x0, 0x0, 0x0, 0x14, 0xce,
    0xff, 0xff, 0xff, 0xff, 0xff, 0xff, 0xff, 0xff,
    0xff, 0xff, 0xff, 0xff, 0xcd, 0x14, 0x0, 0x0,
    0x0, 0x6, 0xc7, 0xff, 0xff, 0xff, 0xff, 0xff,
    0xff, 0xff, 0xff, 0xff, 0xff, 0xff, 0xff, 0xff,
    0xff, 0xc6, 0x5, 0x0, 0x0, 0x83, 0xff, 0xff,
    0xff, 0xff, 0xff, 0xff, 0xff, 0xff, 0xff, 0xff,
    0xff, 0xff, 0xff, 0xff, 0xff, 0xff, 0x83, 0x0,
    0x16, 0xf6, 0xff, 0xff, 0xff, 0xff, 0xff, 0xff,
    0xff, 0xff, 0xff, 0xff, 0xff, 0xff, 0xff, 0xff,
    0xff, 0xff, 0xf5, 0x15, 0x72, 0xff, 0xff, 0xff,
    0xff, 0xff, 0xff, 0xff, 0xff, 0xff, 0xff, 0xff,
    0xef, 0x60, 0xb2, 0xff, 0xff, 0xff, 0xff, 0x71,
    0xbc, 0xff, 0xff, 0xff, 0xff, 0xff, 0xff, 0xff,
    0xff, 0xff, 0xff, 0xef, 0x34, 0x0, 0x6b, 0xff,
    0xff, 0xff, 0xff, 0xbb, 0xe9, 0xff, 0xff, 0xff,
    0xff, 0xf7, 0xdd, 0xff, 0xff, 0xff, 0xef, 0x34,
    0x0, 0x3f, 0xf4, 0xff, 0xff, 0xff, 0xff, 0xe7,
    0xfb, 0xff, 0xff, 0xff, 0xff, 0x69, 0x2, 0x9f,
    0xff, 0xef, 0x34, 0x0, 0x3f, 0xf4, 0xff, 0xff,
    0xff, 0xff, 0xff, 0xfa, 0xf3, 0xff, 0xff, 0xff,
    0xff, 0xb8, 0x5, 0x2, 0x93, 0x34, 0x0, 0x3f,
    0xf4, 0xff, 0xff, 0xff, 0xff, 0xff, 0xff, 0xf2,
    0xd2, 0xff, 0xff, 0xff, 0xff, 0xff, 0xb1, 0x5,
    0x0, 0x0, 0x3f, 0xf4, 0xff, 0xff, 0xff, 0xff,
    0xff, 0xff, 0xff, 0xd1, 0x96, 0xff, 0xff, 0xff,
    0xff, 0xff, 0xff, 0xb1, 0x7, 0x40, 0xf4, 0xff,
    0xff, 0xff, 0xff, 0xff, 0xff, 0xff, 0xff, 0x95,
    0x3d, 0xff, 0xff, 0xff, 0xff, 0xff, 0xff, 0xff,
    0xec, 0xfc, 0xff, 0xff, 0xff, 0xff, 0xff, 0xff,
    0xff, 0xff, 0xff, 0x3c, 0x0, 0xc5, 0xff, 0xff,
    0xff, 0xff, 0xff, 0xff, 0xff, 0xff, 0xff, 0xff,
    0xff, 0xff, 0xff, 0xff, 0xff, 0xff, 0xc4, 0x0,
    0x0, 0x2c, 0xf7, 0xff, 0xff, 0xff, 0xff, 0xff,
    0xff, 0xff, 0xff, 0xff, 0xff, 0xff, 0xff, 0xff,
    0xff, 0xf7, 0x2a, 0x0, 0x0, 0x0, 0x55, 0xfc,
    0xff, 0xff, 0xff, 0xff, 0xff, 0xff, 0xff, 0xff,
    0xff, 0xff, 0xff, 0xff, 0xfc, 0x54, 0x0, 0x0,
    0x0, 0x0, 0x0, 0x4e, 0xf1, 0xff, 0xff, 0xff,
    0xff, 0xff, 0xff, 0xff, 0xff, 0xff, 0xff, 0xf0,
    0x4d, 0x0, 0x0, 0x0, 0x0, 0x0, 0x0, 0x0,
    0x1d, 0xa2, 0xfc, 0xff, 0xff, 0xff, 0xff, 0xff,
    0xff, 0xfc, 0xa3, 0x1c, 0x0, 0x0, 0x0, 0x0,
    0x0, 0x0, 0x0, 0x0, 0x0, 0x0, 0x16, 0x62,
    0x96, 0xaf, 0xaf, 0x96, 0x62, 0x16, 0x0, 0x0,
    0x0, 0x0, 0x0, 0x0,

    /* U+F05E "" */
    0x0, 0x0, 0x0, 0x0, 0x0, 0x0, 0x0, 0x29,
    0x5d, 0x76, 0x77, 0x5e, 0x2a, 0x0, 0x0, 0x0,
    0x0, 0x0, 0x0, 0x0, 0x0, 0x0, 0x0, 0x0,
    0x5, 0x69, 0xd8, 0xff, 0xff, 0xff, 0xff, 0xff,
    0xff, 0xd8, 0x69, 0x5, 0x0, 0x0, 0x0, 0x0,
    0x0, 0x0, 0x0, 0x25, 0xcf, 0xff, 0xff, 0xff,
    0xff, 0xff, 0xff, 0xff, 0xff, 0xff, 0xff, 0xce,
    0x24, 0x0, 0x0, 0x0, 0x0, 0x0, 0x2f, 0xec,
    0xff, 0xff, 0xde, 0x73, 0x2d, 0xa, 0xe, 0x2f,
    0x74, 0xdd, 0xff, 0xff, 0xeb, 0x2f, 0x0, 0x0,
    0x0, 0x15, 0xe5, 0xff, 0xff, 0xe9, 0x11, 0x0,
    0x0, 0x0, 0x0, 0x0, 0x0, 0x5, 0x83, 0xfe,
    0xff, 0xe4, 0x14, 0x0, 0x0, 0xa6, 0xff, 0xff,
    0xff, 0xff, 0xbe, 0xa, 0x0, 0x0, 0x0, 0x0,
    0x0, 0x0, 0x0, 0x6c, 0xff, 0xff, 0xa5, 0x0,
    0x28, 0xfe, 0xff, 0xb7, 0xb5, 0xff, 0xff, 0xbe,
    0xa, 0x0, 0x0, 0x0, 0x0, 0x0, 0x0, 0x0,
    0xaa, 0xff, 0xfe, 0x28, 0x84, 0xff, 0xff, 0x2a,
    0x7, 0xb5, 0xff, 0xff, 0xc0, 0xb, 0x0, 0x0,
    0x0, 0x0, 0x0, 0x0, 0x24, 0xff, 0xff, 0x85,
    0xc5, 0xff, 0xcd, 0x0, 0x0, 0x7, 0xb6, 0xff,
    0xff, 0xc0, 0xb, 0x0, 0x0, 0x0, 0x0, 0x0,
    0x0, 0xcd, 0xff, 0xc6, 0xed, 0xff, 0x98, 0x0,
    0x0, 0x0, 0x7, 0xb6, 0xff, 0xff, 0xc1, 0xb,
    0x0, 0x0, 0x0, 0x0, 0x0, 0x9c, 0xff, 0xec,
    0xfb, 0xff, 0x86, 0x0, 0x0, 0x0, 0x0, 0x7,
    0xb6, 0xff, 0xff, 0xc2, 0xc, 0x0, 0x0, 0x0,
    0x0, 0x86, 0xff, 0xfb, 0xec, 0xff, 0x9b, 0x0,
    0x0, 0x0, 0x0, 0x0, 0x7, 0xb6, 0xff, 0xff,
    0xc3, 0xc, 0x0, 0x0, 0x0, 0x97, 0xff, 0xec,
    0xc4, 0xff, 0xce, 0x0, 0x0, 0x0, 0x0, 0x0,
    0x0, 0x7, 0xb7, 0xff, 0xff, 0xc3, 0xc, 0x0,
    0x0, 0xcb, 0xff, 0xc5, 0x83, 0xff, 0xff, 0x28,
    0x0, 0x0, 0x0, 0x0, 0x0, 0x0, 0x7, 0xb7,
    0xff, 0xff, 0xc4, 0xd, 0x25, 0xfe, 0xff, 0x84,
    0x27, 0xfd, 0xff, 0xaf, 0x0, 0x0, 0x0, 0x0,
    0x0, 0x0, 0x0, 0x8, 0xb8, 0xff, 0xff, 0xc5,
    0xb2, 0xff, 0xfd, 0x27, 0x0, 0xa4, 0xff, 0xff,
    0x76, 0x0, 0x0, 0x0, 0x0, 0x0, 0x0, 0x0,
    0x8, 0xb8, 0xff, 0xff, 0xff, 0xff, 0xa3, 0x0,
    0x0, 0x14, 0xe4, 0xff, 0xff, 0x8b, 0x7, 0x0,
    0x0, 0x0, 0x0, 0x0, 0x0, 0xe, 0xe5, 0xff,
    0xff, 0xe3, 0x13, 0x0, 0x0, 0x0, 0x2d, 0xea,
    0xff, 0xff, 0xe1, 0x7a, 0x32, 0x11, 0xe, 0x30,
    0x75, 0xdd, 0xff, 0xff, 0xea, 0x2d, 0x0, 0x0,
    0x0, 0x0, 0x0, 0x23, 0xcc, 0xff, 0xff, 0xff,
    0xff, 0xff, 0xff, 0xff, 0xff, 0xff, 0xff, 0xcc,
    0x23, 0x0, 0x0, 0x0, 0x0, 0x0, 0x0, 0x0,
    0x4, 0x66, 0xd5, 0xff, 0xff, 0xff, 0xff, 0xff,
    0xff, 0xd5, 0x66, 0x4, 0x0, 0x0, 0x0, 0x0,
    0x0, 0x0, 0x0, 0x0, 0x0, 0x0, 0x0, 0x26,
    0x5b, 0x74, 0x74, 0x5b, 0x27, 0x0, 0x0, 0x0,
    0x0, 0x0, 0x0, 0x0,

    /* U+F061 "" */
    0x0, 0x0, 0x0, 0x0, 0x0, 0x0, 0x0, 0x0,
    0x6, 0xa3, 0xa6, 0x10, 0x0, 0x0, 0x0, 0x0,
    0x0, 0x0, 0x0, 0x0, 0x0, 0x0, 0x0, 0x0,
    0x0, 0x0, 0x33, 0xff, 0xff, 0xca, 0x10, 0x0,
    0x0, 0x0, 0x0, 0x0, 0x0, 0x0, 0x0, 0x0,
    0x0, 0x0, 0x0, 0x0, 0x2, 0xb3, 0xff, 0xff,
    0xca, 0x10, 0x0, 0x0, 0x0, 0x0, 0x0, 0x0,
    0x0, 0x0, 0x0, 0x0, 0x0, 0x0, 0x0, 0x6,
    0xb3, 0xff, 0xff, 0xca, 0x10, 0x0, 0x0, 0x0,
    0x0, 0x0, 0x0, 0x0, 0x0, 0x0, 0x0, 0x0,
    0x0, 0x0, 0x6, 0xb1, 0xff, 0xff, 0xca, 0x10,
    0x0, 0x0, 0x0, 0x0, 0x0, 0x0, 0x0, 0x0,
    0x0, 0x0, 0x0, 0x0, 0x0, 0x5, 0xb0, 0xff,
    0xff, 0xca, 0x10, 0x0, 0x43, 0x8a, 0x8b, 0x8b,
    0x8b, 0x8b, 0x8b, 0x8b, 0x8b, 0x8b, 0x8b, 0x8b,
    0x91, 0xf8, 0xff, 0xff, 0xca, 0xe, 0xf0, 0xff,
    0xff, 0xff, 0xff, 0xff, 0xff, 0xff, 0xff, 0xff,
    0xff, 0xff, 0xff, 0xff, 0xff, 0xff, 0xff, 0x6f,
    0x9d, 0xf2, 0xf3, 0xf3, 0xf3, 0xf3, 0xf3, 0xf3,
    0xf3, 0xf3, 0xf3, 0xf3, 0xf3, 0xfd, 0xff, 0xff,
    0xf8, 0x35, 0x0, 0x0, 0x0, 0x0, 0x0, 0x0,
    0x0, 0x0, 0x0, 0x0, 0x0, 0x0, 0x52, 0xfa,
    0xff, 0xf8, 0x47, 0x0, 0x0, 0x0, 0x0, 0x0,
    0x0, 0x0, 0x0, 0x0, 0x0, 0x0, 0x0, 0x55,
    0xfb, 0xff, 0xf8, 0x47, 0x0, 0x0, 0x0, 0x0,
    0x0, 0x0, 0x0, 0x0, 0x0, 0x0, 0x0, 0x0,
    0x57, 0xfb, 0xff, 0xf8, 0x47, 0x0, 0x0, 0x0,
    0x0, 0x0, 0x0, 0x0, 0x0, 0x0, 0x0, 0x0,
    0x0, 0x59, 0xfc, 0xff, 0xf8, 0x47, 0x0, 0x0,
    0x0, 0x0, 0x0, 0x0, 0x0, 0x0, 0x0, 0x0,
    0x0, 0x0, 0x21, 0xfb, 0xff, 0xf8, 0x47, 0x0,
    0x0, 0x0, 0x0, 0x0, 0x0, 0x0, 0x0, 0x0,
    0x0, 0x0, 0x0, 0x0, 0x1b, 0xf4, 0xf6, 0x47,
    0x0, 0x0, 0x0, 0x0, 0x0, 0x0, 0x0, 0x0,
    0x0, 0x0, 0x0, 0x0, 0x0, 0x0, 0x0, 0x15,
    0x16, 0x0, 0x0, 0x0, 0x0, 0x0, 0x0, 0x0,

    /* U+F068 "" */
    0x1, 0x5a, 0x74, 0x74, 0x74, 0x74, 0x74, 0x74,
    0x74, 0x74, 0x74, 0x74, 0x74, 0x74, 0x74, 0x70,
    0x25, 0x4b, 0xff, 0xff, 0xff, 0xff, 0xff, 0xff,
    0xff, 0xff, 0xff, 0xff, 0xff, 0xff, 0xff, 0xff,
    0xff, 0xcc, 0x24, 0xe6, 0xff, 0xff, 0xff, 0xff,
    0xff, 0xff, 0xff, 0xff, 0xff, 0xff, 0xff, 0xff,
    0xff, 0xfd, 0x8f,

    /* U+F06E "" */
    0x0, 0x0, 0x0, 0x0, 0x0, 0x0, 0x0, 0x0,
    0x0, 0x0, 0xd, 0x29, 0x36, 0x1b, 0x3, 0x0,
    0x0, 0x0, 0x0, 0x0, 0x0, 0x0, 0x0, 0x0,
    0x0, 0x0, 0x0, 0x0, 0x0, 0x0, 0x0, 0x15,
    0x7b, 0xd3, 0xff, 0xff, 0xff, 0xff, 0xf5, 0xa8,
    0x4a, 0x0, 0x0, 0x0, 0x0, 0x0, 0x0, 0x0,
    0x0, 0x0, 0x0, 0x0, 0x0, 0x2, 0x73, 0xf1,
    0xff, 0xff, 0xff, 0xff, 0xff, 0xff, 0xff, 0xff,
    0xff, 0xbf, 0x2a, 0x0, 0x0, 0x0, 0x0, 0x0,
    0x0, 0x0, 0x0, 0x0, 0xf, 0xb5, 0xff, 0xff,
    0xff, 0xff, 0xff, 0xf7, 0xea, 0xff, 0xff, 0xff,
    0xff, 0xff, 0xf4, 0x55, 0x0, 0x0, 0x0, 0x0,
    0x0, 0x0, 0x0, 0xe, 0xca, 0xff, 0xff, 0xff,
    0xff, 0x9e, 0x2f, 0x1, 0x0, 0xc, 0x62, 0xe0,
    0xff, 0xff, 0xff, 0xfe, 0x5d, 0x0, 0x0, 0x0,
    0x0, 0x0, 0x2, 0xbb, 0xff, 0xff, 0xff, 0xfe,
    0x5a, 0x0, 0x0, 0x0, 0x27, 0x9, 0x0, 0x12,
    0xc5, 0xff, 0xff, 0xff, 0xfc, 0x43, 0x0, 0x0,
    0x0, 0x0, 0x7c, 0xff, 0xff, 0xff, 0xff, 0x88,
    0x0, 0x0, 0x0, 0x0, 0xd0, 0xf3, 0x71, 0x0,
    0x18, 0xec, 0xff, 0xff, 0xff, 0xe9, 0x16, 0x0,
    0x0, 0x23, 0xf8, 0xff, 0xff, 0xff, 0xf6, 0x12,
    0x0, 0x0, 0x0, 0x0, 0xdb, 0xff, 0xff, 0x60,
    0x0, 0x87, 0xff, 0xff, 0xff, 0xff, 0x9f, 0x0,
    0x0, 0xa0, 0xff, 0xff, 0xff, 0xff, 0xc0, 0x0,
    0x0, 0x0, 0x0, 0x56, 0xff, 0xff, 0xff, 0xd7,
    0x0, 0x40, 0xff, 0xff, 0xff, 0xff, 0xfd, 0x2a,
    0x0, 0xec, 0xff, 0xff, 0xff, 0xff, 0xa7, 0x0,
    0x46, 0x8c, 0xad, 0xfe, 0xff, 0xff, 0xff, 0xfa,
    0x0, 0x28, 0xff, 0xff, 0xff, 0xff, 0xff, 0x78,
    0x0, 0xa0, 0xff, 0xff, 0xff, 0xff, 0xc0, 0x0,
    0x52, 0xff, 0xff, 0xff, 0xff, 0xff, 0xff, 0xd6,
    0x0, 0x40, 0xff, 0xff, 0xff, 0xff, 0xfd, 0x2a,
    0x0, 0x23, 0xf7, 0xff, 0xff, 0xff, 0xf6, 0x12,
    0x3, 0xd4, 0xff, 0xff, 0xff, 0xff, 0xff, 0x5c,
    0x0, 0x87, 0xff, 0xff, 0xff, 0xff, 0x9e, 0x0,
    0x0, 0x0, 0x7a, 0xff, 0xff, 0xff, 0xff, 0x88,
    0x0, 0x19, 0xc3, 0xff, 0xff, 0xee, 0x6c, 0x0,
    0x19, 0xec, 0xff, 0xff, 0xff, 0xe8, 0x15, 0x0,
    0x0, 0x0, 0x2, 0xba, 0xff, 0xff, 0xff, 0xfe,
    0x5d, 0x0, 0x0, 0x24, 0x36, 0xc, 0x0, 0x13,
    0xc6, 0xff, 0xff, 0xff, 0xfb, 0x42, 0x0, 0x0,
    0x0, 0x0, 0x0, 0xd, 0xc9, 0xff, 0xff, 0xff,
    0xff, 0xa1, 0x31, 0x1, 0x0, 0xd, 0x64, 0xe2,
    0xff, 0xff, 0xff, 0xfd, 0x5b, 0x0, 0x0, 0x0,
    0x0, 0x0, 0x0, 0x0, 0xe, 0xb2, 0xff, 0xff,
    0xff, 0xff, 0xff, 0xf7, 0xe9, 0xff, 0xff, 0xff,
    0xff, 0xff, 0xf3, 0x52, 0x0, 0x0, 0x0, 0x0,
    0x0, 0x0, 0x0, 0x0, 0x0, 0x1, 0x71, 0xf0,
    0xff, 0xff, 0xff, 0xff, 0xff, 0xff, 0xff, 0xff,
    0xff, 0xbe, 0x28, 0x0, 0x0, 0x0, 0x0, 0x0,
    0x0, 0x0, 0x0, 0x0, 0x0, 0x0, 0x0, 0x15,
    0x7c, 0xd4, 0xff, 0xff, 0xff, 0xff, 0xf5, 0xa9,
    0x4a, 0x0, 0x0, 0x0, 0x0, 0x0, 0x0, 0x0,
    0x0, 0x0, 0x0, 0x0, 0x0, 0x0, 0x0, 0x0,
    0x0, 0x0, 0xe, 0x2a, 0x37, 0x1c, 0x3, 0x0,
    0x0, 0x0, 0x0, 0x0, 0x0, 0x0, 0x0, 0x0,

    /* U+F071 "" */
    0x0, 0x0, 0x0, 0x0, 0x0, 0x0, 0x0, 0x0,
    0x0, 0x0, 0x1c, 0x1e, 0x0, 0x0, 0x0, 0x0,
    0x0, 0x0, 0x0, 0x0, 0x0, 0x0, 0x0, 0x0,
    0x0, 0x0, 0x0, 0x0, 0x0, 0x0, 0x0, 0x48,
    0xfb, 0xfc, 0x51, 0x0, 0x0, 0x0, 0x0, 0x0,
    0x0, 0x0, 0x0, 0x0, 0x0, 0x0, 0x0, 0x0,
    0x0, 0x0, 0x0, 0x0, 0x9, 0xe0, 0xff, 0xff,
    0xe7, 0xd, 0x0, 0x0, 0x0, 0x0, 0x0, 0x0,
    0x0, 0x0, 0x0, 0x0, 0x0, 0x0, 0x0, 0x0,
    0x0, 0x0, 0x83, 0xff, 0xff, 0xff, 0xff, 0x8d,
    0x0, 0x0, 0x0, 0x0, 0x0, 0x0, 0x0, 0x0,
    0x0, 0x0, 0x0, 0x0, 0x0, 0x0, 0x0, 0x23,
    0xf8, 0xff, 0xff, 0xff, 0xff, 0xfa, 0x29, 0x0,
    0x0, 0x0, 0x0, 0x0, 0x0, 0x0, 0x0, 0x0,
    0x0, 0x0, 0x0, 0x0, 0x0, 0xb4, 0xff, 0xff,
    0xec, 0xec, 0xff, 0xff, 0xbc, 0x0, 0x0, 0x0,
    0x0, 0x0, 0x0, 0x0, 0x0, 0x0, 0x0, 0x0,
    0x0, 0x0, 0x4c, 0xff, 0xff, 0xff, 0x29, 0x29,
    0xff, 0xff, 0xff, 0x55, 0x0, 0x0, 0x0, 0x0,
    0x0, 0x0, 0x0, 0x0, 0x0, 0x0, 0x0, 0x7,
    0xdc, 0xff, 0xff, 0xff, 0x10, 0x10, 0xff, 0xff,
    0xff, 0xe2, 0xa, 0x0, 0x0, 0x0, 0x0, 0x0,
    0x0, 0x0, 0x0, 0x0, 0x0, 0x7d, 0xff, 0xff,
    0xff, 0xff, 0x10, 0x10, 0xff, 0xff, 0xff, 0xff,
    0x84, 0x0, 0x0, 0x0, 0x0, 0x0, 0x0, 0x0,
    0x0, 0x0, 0x1f, 0xf6, 0xff, 0xff, 0xff, 0xff,
    0x10, 0x10, 0xff, 0xff, 0xff, 0xff, 0xf8, 0x23,
    0x0, 0x0, 0x0, 0x0, 0x0, 0x0, 0x0, 0x0,
    0xae, 0xff, 0xff, 0xff, 0xff, 0xff, 0x10, 0x10,
    0xff, 0xff, 0xff, 0xff, 0xff, 0xb4, 0x0, 0x0,
    0x0, 0x0, 0x0, 0x0, 0x0, 0x46, 0xff, 0xff,
    0xff, 0xff, 0xff, 0xff, 0x51, 0x51, 0xff, 0xff,
    0xff, 0xff, 0xff, 0xff, 0x4c, 0x0, 0x0, 0x0,
    0x0, 0x0, 0x6, 0xd8, 0xff, 0xff, 0xff, 0xff,
    0xff, 0xff, 0xff, 0xff, 0xff, 0xff, 0xff, 0xff,
    0xff, 0xff, 0xdc, 0x7, 0x0, 0x0, 0x0, 0x0,
    0x78, 0xff, 0xff, 0xff, 0xff, 0xff, 0xff, 0xf8,
    0x63, 0x62, 0xf8, 0xff, 0xff, 0xff, 0xff, 0xff,
    0xff, 0x7c, 0x0, 0x0, 0x0, 0x1b, 0xf4, 0xff,
    0xff, 0xff, 0xff, 0xff, 0xff, 0xce, 0x0, 0x0,
    0xcd, 0xff, 0xff, 0xff, 0xff, 0xff, 0xff, 0xf5,
    0x1e, 0x0, 0x0, 0xa5, 0xff, 0xff, 0xff, 0xff,
    0xff, 0xff, 0xff, 0xff, 0x98, 0x98, 0xff, 0xff,
    0xff, 0xff, 0xff, 0xff, 0xff, 0xff, 0xa9, 0x0,
    0x0, 0xef, 0xff, 0xff, 0xff, 0xff, 0xff, 0xff,
    0xff, 0xff, 0xff, 0xff, 0xff, 0xff, 0xff, 0xff,
    0xff, 0xff, 0xff, 0xff, 0xf1, 0x0, 0x0, 0x86,
    0xfb, 0xff, 0xff, 0xff, 0xff, 0xff, 0xff, 0xff,
    0xff, 0xff, 0xff, 0xff, 0xff, 0xff, 0xff, 0xff,
    0xff, 0xfb, 0x89, 0x0, 0x0, 0x0, 0x6, 0xc,
    0xc, 0xc, 0xc, 0xc, 0xc, 0xc, 0xc, 0xc,
    0xc, 0xc, 0xc, 0xc, 0xc, 0xc, 0xc, 0x6,
    0x0, 0x0,

    /* U+F074 "" */
    0x0, 0x0, 0x0, 0x0, 0x0, 0x0, 0x0, 0x0,
    0x0, 0x0, 0x0, 0x0, 0x0, 0x0, 0x0, 0x4,
    0x12, 0x0, 0x0, 0x0, 0x0, 0x0, 0x0, 0x0,
    0x0, 0x0, 0x0, 0x0, 0x0, 0x0, 0x0, 0x0,
    0x0, 0x0, 0x0, 0xbd, 0xfc, 0x72, 0x0, 0x0,
    0x0, 0x0, 0x0, 0x0, 0x0, 0x0, 0x0, 0x0,
    0x0, 0x0, 0x0, 0x0, 0x0, 0x0, 0x0, 0xff,
    0xff, 0xff, 0x73, 0x0, 0x56, 0xa2, 0xa4, 0xa3,
    0x88, 0x30, 0x0, 0x0, 0x0, 0x0, 0x0, 0x7,
    0x65, 0x9b, 0xa4, 0xff, 0xff, 0xff, 0xff, 0x6f,
    0xf3, 0xff, 0xff, 0xff, 0xff, 0xfd, 0x6b, 0x0,
    0x0, 0x0, 0x14, 0xd1, 0xff, 0xff, 0xff, 0xff,
    0xff, 0xff, 0xff, 0xf2, 0x87, 0xda, 0xdc, 0xdd,
    0xfc, 0xff, 0xfd, 0x43, 0x0, 0x2, 0xba, 0xff,
    0xff, 0xeb, 0xdc, 0xff, 0xff, 0xff, 0xff, 0x9b,
    0x0, 0x0, 0x0, 0x0, 0x33, 0xf5, 0xff, 0xe8,
    0x17, 0x48, 0xff, 0xff, 0xa5, 0x2, 0x0, 0xff,
    0xff, 0xff, 0xa4, 0x3, 0x0, 0x0, 0x0, 0x0,
    0x0, 0x62, 0xff, 0xff, 0xbc, 0x3, 0xb2, 0xd5,
    0xa, 0x0, 0x0, 0xda, 0xff, 0xa5, 0x3, 0x0,
    0x0, 0x0, 0x0, 0x0, 0x0, 0x0, 0xa3, 0xff,
    0xff, 0x7d, 0x11, 0x28, 0x0, 0x0, 0x0, 0x17,
    0x40, 0x1, 0x0, 0x0, 0x0, 0x0, 0x0, 0x0,
    0x0, 0x0, 0xc, 0xd8, 0xff, 0xfc, 0x3f, 0x0,
    0x0, 0x0, 0x0, 0x0, 0x0, 0x0, 0x0, 0x0,
    0x0, 0x0, 0x0, 0x0, 0x0, 0x0, 0x16, 0x2e,
    0xf7, 0xff, 0xe6, 0x15, 0x0, 0x0, 0x0, 0x4,
    0x12, 0x0, 0x0, 0x0, 0x0, 0x0, 0x0, 0x0,
    0x0, 0x3e, 0xe8, 0x1d, 0x66, 0xff, 0xff, 0xb8,
    0x1, 0x0, 0x0, 0xbd, 0xfc, 0x72, 0x0, 0x0,
    0x0, 0x0, 0x0, 0x0, 0x16, 0xe4, 0xff, 0xbd,
    0x0, 0xa6, 0xff, 0xff, 0x7b, 0x0, 0x0, 0xff,
    0xff, 0xff, 0x73, 0x0, 0x56, 0xa2, 0xa4, 0xa5,
    0xe2, 0xff, 0xff, 0x68, 0x0, 0xd, 0xda, 0xff,
    0xff, 0xb7, 0xa4, 0xff, 0xff, 0xff, 0xff, 0x6f,
    0xf3, 0xff, 0xff, 0xff, 0xff, 0xff, 0x9f, 0x0,
    0x0, 0x0, 0x2d, 0xef, 0xff, 0xff, 0xff, 0xff,
    0xff, 0xff, 0xff, 0xf2, 0x87, 0xda, 0xdc, 0xdb,
    0xc0, 0x64, 0x1, 0x0, 0x0, 0x0, 0x0, 0x23,
    0x9e, 0xd3, 0xdc, 0xff, 0xff, 0xff, 0xff, 0x9b,
    0x0, 0x0, 0x0, 0x0, 0x0, 0x0, 0x0, 0x0,
    0x0, 0x0, 0x0, 0x0, 0x0, 0x0, 0x0, 0xff,
    0xff, 0xff, 0xa6, 0x3, 0x0, 0x0, 0x0, 0x0,
    0x0, 0x0, 0x0, 0x0, 0x0, 0x0, 0x0, 0x0,
    0x0, 0x0, 0x0, 0xdc, 0xff, 0xa7, 0x3, 0x0,
    0x0, 0x0, 0x0, 0x0, 0x0, 0x0, 0x0, 0x0,
    0x0, 0x0, 0x0, 0x0, 0x0, 0x0, 0x0, 0x1c,
    0x47, 0x2, 0x0, 0x0,

    /* U+F077 "" */
    0x0, 0x0, 0x0, 0x0, 0x0, 0x0, 0x0, 0xc,
    0x9a, 0x98, 0xa, 0x0, 0x0, 0x0, 0x0, 0x0,
    0x0, 0x0, 0x0, 0x0, 0x0, 0x0, 0x0, 0x0,
    0xc, 0xc3, 0xff, 0xff, 0xc0, 0xa, 0x0, 0x0,
    0x0, 0x0, 0x0, 0x0, 0x0, 0x0, 0x0, 0x0,
    0x0, 0xc, 0xc3, 0xff, 0xff, 0xff, 0xff, 0xc0,
    0xa, 0x0, 0x0, 0x0, 0x0, 0x0, 0x0, 0x0,
    0x0, 0x0, 0xc, 0xc3, 0xff, 0xff, 0xb5, 0xbb,
    0xff, 0xff, 0xc0, 0xa, 0x0, 0x0, 0x0, 0x0,
    0x0, 0x0, 0x0, 0xc, 0xc3, 0xff, 0xff, 0xb6,
    0x7, 0x9, 0xbc, 0xff, 0xff, 0xc0, 0xa, 0x0,
    0x0, 0x0, 0x0, 0x0, 0xc, 0xc3, 0xff, 0xff,
    0xb8, 0x7, 0x0, 0x0, 0x9, 0xbd, 0xff, 0xff,
    0xc0, 0xa, 0x0, 0x0, 0x0, 0xc, 0xc3, 0xff,
    0xff, 0xb9, 0x8, 0x0, 0x0, 0x0, 0x0, 0xa,
    0xbe, 0xff, 0xff, 0xc0, 0xa, 0x0, 0xc, 0xc3,
    0xff, 0xff, 0xba, 0x8, 0x0, 0x0, 0x0, 0x0,
    0x0, 0x0, 0xa, 0xbe, 0xff, 0xff, 0xc0, 0xa,
    0x9c, 0xff, 0xff, 0xbc, 0x9, 0x0, 0x0, 0x0,
    0x0, 0x0, 0x0, 0x0, 0x0, 0xa, 0xc0, 0xff,
    0xff, 0x96, 0x9a, 0xff, 0xbc, 0x9, 0x0, 0x0,
    0x0, 0x0, 0x0, 0x0, 0x0, 0x0, 0x0, 0x0,
    0xb, 0xbf, 0xff, 0x93, 0x4, 0x33, 0x3, 0x0,
    0x0, 0x0, 0x0, 0x0, 0x0, 0x0, 0x0, 0x0,
    0x0, 0x0, 0x0, 0x4, 0x33, 0x3,

    /* U+F078 "" */
    0x5, 0x34, 0x4, 0x0, 0x0, 0x0, 0x0, 0x0,
    0x0, 0x0, 0x0, 0x0, 0x0, 0x0, 0x0, 0x5,
    0x34, 0x4, 0x9b, 0xff, 0xbf, 0xa, 0x0, 0x0,
    0x0, 0x0, 0x0, 0x0, 0x0, 0x0, 0x0, 0x0,
    0xc, 0xc2, 0xff, 0x95, 0x9b, 0xff, 0xff, 0xbe,
    0xa, 0x0, 0x0, 0x0, 0x0, 0x0, 0x0, 0x0,
    0x0, 0xb, 0xc2, 0xff, 0xff, 0x94, 0xb, 0xc1,
    0xff, 0xff, 0xbd, 0x9, 0x0, 0x0, 0x0, 0x0,
    0x0, 0x0, 0xb, 0xc1, 0xff, 0xff, 0xbd, 0xa,
    0x0, 0xb, 0xc1, 0xff, 0xff, 0xbc, 0x9, 0x0,
    0x0, 0x0, 0x0, 0xb, 0xc0, 0xff, 0xff, 0xbd,
    0xa, 0x0, 0x0, 0x0, 0xb, 0xc1, 0xff, 0xff,
    0xba, 0x8, 0x0, 0x0, 0xa, 0xc0, 0xff, 0xff,
    0xbd, 0xa, 0x0, 0x0, 0x0, 0x0, 0x0, 0xb,
    0xc1, 0xff, 0xff, 0xb9, 0x8, 0xa, 0xbf, 0xff,
    0xff, 0xbd, 0xa, 0x0, 0x0, 0x0, 0x0, 0x0,
    0x0, 0x0, 0xb, 0xc1, 0xff, 0xff, 0xb8, 0xbe,
    0xff, 0xff, 0xbd, 0xa, 0x0, 0x0, 0x0, 0x0,
    0x0, 0x0, 0x0, 0x0, 0x0, 0xb, 0xc1, 0xff,
    0xff, 0xff, 0xff, 0xbd, 0xa, 0x0, 0x0, 0x0,
    0x0, 0x0, 0x0, 0x0, 0x0, 0x0, 0x0, 0x0,
    0xb, 0xc1, 0xff, 0xff, 0xbd, 0xa, 0x0, 0x0,
    0x0, 0x0, 0x0, 0x0, 0x0, 0x0, 0x0, 0x0,
    0x0, 0x0, 0x0, 0xb, 0x98, 0x96, 0xa, 0x0,
    0x0, 0x0, 0x0, 0x0, 0x0, 0x0,

    /* U+F07C "" */
    0x0, 0x0, 0xc, 0x39, 0x40, 0x40, 0x40, 0x40,
    0x2b, 0x1, 0x0, 0x0, 0x0, 0x0, 0x0, 0x0,
    0x0, 0x0, 0x0, 0x0, 0x0, 0x0, 0x0, 0x0,
    0x0, 0x3f, 0xee, 0xff, 0xff, 0xff, 0xff, 0xff,
    0xff, 0xc1, 0x13, 0x0, 0x0, 0x0, 0x0, 0x0,
    0x0, 0x0, 0x0, 0x0, 0x0, 0x0, 0x0, 0x0,
    0x0, 0xd3, 0xff, 0xff, 0xff, 0xff, 0xff, 0xff,
    0xff, 0xff, 0xd0, 0x21, 0x0, 0x0, 0x0, 0x0,
    0x0, 0x0, 0x0, 0x0, 0x0, 0x0, 0x0, 0x0,
    0x0, 0xfe, 0xff, 0xff, 0xff, 0xff, 0xff, 0xff,
    0xff, 0xff, 0xff, 0xf8, 0xcb, 0xc0, 0xc0, 0xc0,
    0xc0, 0xb1, 0x59, 0x0, 0x0, 0x0, 0x0, 0x0,
    0x0, 0xff, 0xff, 0xff, 0xff, 0xff, 0xff, 0xff,
    0xff, 0xff, 0xff, 0xff, 0xff, 0xff, 0xff, 0xff,
    0xff, 0xff, 0xff, 0x59, 0x0, 0x0, 0x0, 0x0,
    0x0, 0xff, 0xff, 0xff, 0xff, 0xff, 0xff, 0xff,
    0xff, 0xff, 0xff, 0xff, 0xff, 0xff, 0xff, 0xff,
    0xff, 0xff, 0xff, 0xb1, 0x0, 0x0, 0x0, 0x0,
    0x0, 0xff, 0xff, 0xff, 0xff, 0xff, 0xff, 0xff,
    0xff, 0xff, 0xff, 0xff, 0xff, 0xff, 0xff, 0xff,
    0xff, 0xff, 0xff, 0xc0, 0x0, 0x0, 0x0, 0x0,
    0x0, 0xff, 0xff, 0xff, 0xed, 0x4d, 0x6, 0x0,
    0x0, 0x0, 0x0, 0x0, 0x0, 0x0, 0x0, 0x0,
    0x0, 0x0, 0x0, 0x0, 0x0, 0x0, 0x0, 0x0,
    0x0, 0xff, 0xff, 0xff, 0x51, 0x4a, 0xe6, 0xf4,
    0xf4, 0xf4, 0xf4, 0xf4, 0xf4, 0xf4, 0xf4, 0xf4,
    0xf4, 0xf4, 0xf4, 0xf4, 0xf4, 0xf4, 0xde, 0x2e,
    0x0, 0xff, 0xff, 0xb5, 0xd, 0xe6, 0xff, 0xff,
    0xff, 0xff, 0xff, 0xff, 0xff, 0xff, 0xff, 0xff,
    0xff, 0xff, 0xff, 0xff, 0xff, 0xff, 0xff, 0x6c,
    0x0, 0xff, 0xf7, 0x23, 0x89, 0xff, 0xff, 0xff,
    0xff, 0xff, 0xff, 0xff, 0xff, 0xff, 0xff, 0xff,
    0xff, 0xff, 0xff, 0xff, 0xff, 0xff, 0xed, 0x13,
    0x0, 0xff, 0x80, 0x25, 0xf9, 0xff, 0xff, 0xff,
    0xff, 0xff, 0xff, 0xff, 0xff, 0xff, 0xff, 0xff,
    0xff, 0xff, 0xff, 0xff, 0xff, 0xff, 0x6b, 0x0,
    0x0, 0xdd, 0x8, 0xb4, 0xff, 0xff, 0xff, 0xff,
    0xff, 0xff, 0xff, 0xff, 0xff, 0xff, 0xff, 0xff,
    0xff, 0xff, 0xff, 0xff, 0xff, 0xd3, 0x3, 0x0,
    0x0, 0x4a, 0x49, 0xff, 0xff, 0xff, 0xff, 0xff,
    0xff, 0xff, 0xff, 0xff, 0xff, 0xff, 0xff, 0xff,
    0xff, 0xff, 0xff, 0xff, 0xff, 0x41, 0x0, 0x0,
    0x0, 0x5, 0xd8, 0xff, 0xff, 0xff, 0xff, 0xff,
    0xff, 0xff, 0xff, 0xff, 0xff, 0xff, 0xff, 0xff,
    0xff, 0xff, 0xff, 0xff, 0xab, 0x0, 0x0, 0x0,
    0x0, 0x74, 0xff, 0xff, 0xff, 0xff, 0xff, 0xff,
    0xff, 0xff, 0xff, 0xff, 0xff, 0xff, 0xff, 0xff,
    0xff, 0xff, 0xff, 0xf7, 0x1f, 0x0, 0x0, 0x0,
    0x0, 0xe9, 0xff, 0xff, 0xff, 0xff, 0xff, 0xff,
    0xff, 0xff, 0xff, 0xff, 0xff, 0xff, 0xff, 0xff,
    0xff, 0xff, 0xff, 0x81, 0x0, 0x0, 0x0, 0x0,
    0x0, 0xac, 0xff, 0xff, 0xff, 0xff, 0xff, 0xff,
    0xff, 0xff, 0xff, 0xff, 0xff, 0xff, 0xff, 0xff,
    0xff, 0xff, 0xc9, 0xa, 0x0, 0x0, 0x0, 0x0,
    0x0, 0x0, 0xa, 0xc, 0xc, 0xc, 0xc, 0xc,
    0xc, 0xc, 0xc, 0xc, 0xc, 0xc, 0xc, 0xc,
    0xc, 0xb, 0x0, 0x0, 0x0, 0x0, 0x0, 0x0,

    /* U+F0B0 "" */
    0x0, 0xa, 0x3b, 0x40, 0x40, 0x40, 0x40, 0x40,
    0x40, 0x40, 0x40, 0x40, 0x40, 0x40, 0x40, 0x40,
    0x40, 0x40, 0x40, 0x29, 0x0, 0x0, 0x9, 0xdb,
    0xff, 0xff, 0xff, 0xff, 0xff, 0xff, 0xff, 0xff,
    0xff, 0xff, 0xff, 0xff, 0xff, 0xff, 0xff, 0xff,
    0xff, 0xff, 0x75, 0x0, 0x21, 0xff, 0xff, 0xff,
    0xff, 0xff, 0xff, 0xff, 0xff, 0xff, 0xff, 0xff,
    0xff, 0xff, 0xff, 0xff, 0xff, 0xff, 0xff, 0xff,
    0xb2, 0x0, 0x0, 0xaa, 0xff, 0xff, 0xff, 0xff,
    0xff, 0xff, 0xff, 0xff, 0xff, 0xff, 0xff, 0xff,
    0xff, 0xff, 0xff, 0xff, 0xff, 0xfc, 0x41, 0x0,
    0x0, 0xb, 0xd1, 0xff, 0xff, 0xff, 0xff, 0xff,
    0xff, 0xff, 0xff, 0xff, 0xff, 0xff, 0xff, 0xff,
    0xff, 0xff, 0xff, 0x70, 0x0, 0x0, 0x0, 0x0,
    0x20, 0xec, 0xff, 0xff, 0xff, 0xff, 0xff, 0xff,
    0xff, 0xff, 0xff, 0xff, 0xff, 0xff, 0xff, 0xff,
    0x9e, 0x0, 0x0, 0x0, 0x0, 0x0, 0x0, 0x40,
    0xfb, 0xff, 0xff, 0xff, 0xff, 0xff, 0xff, 0xff,
    0xff, 0xff, 0xff, 0xff, 0xff, 0xc6, 0x7, 0x0,
    0x0, 0x0, 0x0, 0x0, 0x0, 0x0, 0x6b, 0xff,
    0xff, 0xff, 0xff, 0xff, 0xff, 0xff, 0xff, 0xff,
    0xff, 0xff, 0xe4, 0x18, 0x0, 0x0, 0x0, 0x0,
    0x0, 0x0, 0x0, 0x0, 0x0, 0x9a, 0xff, 0xff,
    0xff, 0xff, 0xff, 0xff, 0xff, 0xff, 0xff, 0xf6,
    0x34, 0x0, 0x0, 0x0, 0x0, 0x0, 0x0, 0x0,
    0x0, 0x0, 0x0, 0x5, 0xc3, 0xff, 0xff, 0xff,
    0xff, 0xff, 0xff, 0xff, 0xff, 0x5a, 0x0, 0x0,
    0x0, 0x0, 0x0, 0x0, 0x0, 0x0, 0x0, 0x0,
    0x0, 0x0, 0x16, 0xe2, 0xff, 0xff, 0xff, 0xff,
    0xff, 0xff, 0x88, 0x0, 0x0, 0x0, 0x0, 0x0,
    0x0, 0x0, 0x0, 0x0, 0x0, 0x0, 0x0, 0x0,
    0x0, 0x31, 0xf5, 0xff, 0xff, 0xff, 0xff, 0xb4,
    0x2, 0x0, 0x0, 0x0, 0x0, 0x0, 0x0, 0x0,
    0x0, 0x0, 0x0, 0x0, 0x0, 0x0, 0x0, 0x0,
    0xb8, 0xff, 0xff, 0xff, 0xff, 0x48, 0x0, 0x0,
    0x0, 0x0, 0x0, 0x0, 0x0, 0x0, 0x0, 0x0,
    0x0, 0x0, 0x0, 0x0, 0x0, 0x0, 0xb8, 0xff,
    0xff, 0xff, 0xff, 0x48, 0x0, 0x0, 0x0, 0x0,
    0x0, 0x0, 0x0, 0x0, 0x0, 0x0, 0x0, 0x0,
    0x0, 0x0, 0x0, 0x0, 0xb8, 0xff, 0xff, 0xff,
    0xff, 0x48, 0x0, 0x0, 0x0, 0x0, 0x0, 0x0,
    0x0, 0x0, 0x0, 0x0, 0x0, 0x0, 0x0, 0x0,
    0x0, 0x0, 0x99, 0xff, 0xff, 0xff, 0xff, 0x48,
    0x0, 0x0, 0x0, 0x0, 0x0, 0x0, 0x0, 0x0,
    0x0, 0x0, 0x0, 0x0, 0x0, 0x0, 0x0, 0x0,
    0xd, 0xab, 0xff, 0xff, 0xff, 0x48, 0x0, 0x0,
    0x0, 0x0, 0x0, 0x0, 0x0, 0x0, 0x0, 0x0,
    0x0, 0x0, 0x0, 0x0, 0x0, 0x0, 0x0, 0x0,
    0x6c, 0xf8, 0xf7, 0x20, 0x0, 0x0, 0x0, 0x0,
    0x0, 0x0, 0x0, 0x0, 0x0, 0x0, 0x0, 0x0,
    0x0, 0x0, 0x0, 0x0, 0x0, 0x0, 0x0, 0x1b,
    0x1f, 0x0, 0x0, 0x0, 0x0, 0x0, 0x0, 0x0,
    0x0, 0x0,

    /* U+F0C5 "" */
    0x0, 0x0, 0x0, 0x0, 0x0, 0x0, 0x0, 0x2c,
    0x48, 0x48, 0x48, 0x48, 0x46, 0x1d, 0x0, 0x0,
    0x0, 0x0, 0x0, 0x0, 0x0, 0x0, 0x0, 0x0,
    0x7d, 0xff, 0xff, 0xff, 0xff, 0xff, 0xff, 0xf9,
    0x5d, 0x0, 0x0, 0x0, 0x0, 0x0, 0x0, 0x0,
    0x0, 0x0, 0xe2, 0xff, 0xff, 0xff, 0xff, 0xff,
    0xff, 0xff, 0xfd, 0x5d, 0x0, 0x0, 0x0, 0x0,
    0x0, 0x0, 0x0, 0x0, 0xec, 0xff, 0xff, 0xff,
    0xff, 0xff, 0xff, 0xff, 0xff, 0xfd, 0x5d, 0x0,
    0x0, 0x0, 0x0, 0x0, 0x0, 0x0, 0xec, 0xff,
    0xff, 0xff, 0xff, 0xff, 0xff, 0xff, 0xff, 0xff,
    0xfa, 0x23, 0x0, 0x31, 0x48, 0x48, 0x48, 0x0,
    0xec, 0xff, 0xff, 0xff, 0xff, 0xff, 0xff, 0xff,
    0xff, 0xff, 0xff, 0x52, 0x92, 0xff, 0xff, 0xff,
    0xff, 0x0, 0xec, 0xff, 0xff, 0xff, 0xff, 0xff,
    0xff, 0xff, 0xff, 0xff, 0xff, 0x54, 0xf7, 0xff,
    0xff, 0xff, 0xff, 0x0, 0xec, 0xff, 0xff, 0xff,
    0xff, 0xff, 0xff, 0xff, 0xff, 0xff, 0xff, 0x54,
    0xff, 0xff, 0x9c, 0x38, 0x38, 0x0, 0xec, 0xff,
    0xff, 0xff, 0xff, 0xff, 0xff, 0xff, 0xff, 0xff,
    0xff, 0x54, 0xff, 0xff, 0x80, 0x0, 0x0, 0x0,
    0xec, 0xff, 0xff, 0xff, 0xff, 0xff, 0xff, 0xff,
    0xff, 0xff, 0xff, 0x54, 0xff, 0xff, 0x80, 0x0,
    0x0, 0x0, 0xec, 0xff, 0xff, 0xff, 0xff, 0xff,
    0xff, 0xff, 0xff, 0xff, 0xff, 0x54, 0xff, 0xff,
    0x80, 0x0, 0x0, 0x0, 0xec, 0xff, 0xff, 0xff,
    0xff, 0xff, 0xff, 0xff, 0xff, 0xff, 0xff, 0x54,
    0xff, 0xff, 0x80, 0x0, 0x0, 0x0, 0xec, 0xff,
    0xff, 0xff, 0xff, 0xff, 0xff, 0xff, 0xff, 0xff,
    0xff, 0x54, 0xff, 0xff, 0x80, 0x0, 0x0, 0x0,
    0xeb, 0xff, 0xff, 0xff, 0xff, 0xff, 0xff, 0xff,
    0xff, 0xff, 0xff, 0x53, 0xff, 0xff, 0x80, 0x0,
    0x0, 0x0, 0xbd, 0xff, 0xff, 0xff, 0xff, 0xff,
    0xff, 0xff, 0xff, 0xff, 0xfd, 0x28, 0xff, 0xff,
    0x80, 0x0, 0x0, 0x0, 0x1e, 0x9b, 0xb8, 0xb8,
    0xb8, 0xb8, 0xb8, 0xb8, 0xb8, 0xaf, 0x55, 0x0,
    0xff, 0xff, 0x80, 0x0, 0x0, 0x0, 0x0, 0x0,
    0x0, 0xb, 0x40, 0x40, 0x15, 0x0, 0x0, 0x0,
    0x0, 0x0, 0xff, 0xff, 0x80, 0x0, 0x0, 0x0,
    0x0, 0x0, 0x0, 0x2c, 0xff, 0xff, 0x54, 0x0,
    0x0, 0x0, 0x0, 0x0, 0xfc, 0xff, 0xff, 0xff,
    0xff, 0xff, 0xff, 0xff, 0xff, 0xff, 0xff, 0xff,
    0x50, 0x0, 0x0, 0x0, 0x0, 0x0, 0xb8, 0xff,
    0xff, 0xff, 0xff, 0xff, 0xff, 0xff, 0xff, 0xff,
    0xff, 0xf3, 0x18, 0x0, 0x0, 0x0, 0x0, 0x0,
    0xc, 0x6b, 0x80, 0x80, 0x80, 0x80, 0x80, 0x80,
    0x80, 0x80, 0x78, 0x29, 0x0, 0x0, 0x0, 0x0,
    0x0, 0x0,

    /* U+F0C8 "" */
    0x0, 0xc, 0x39, 0x40, 0x40, 0x40, 0x40, 0x40,
    0x40, 0x40, 0x40, 0x40, 0x40, 0x40, 0x40, 0x25,
    0x0, 0x0, 0x3d, 0xed, 0xff, 0xff, 0xff, 0xff,
    0xff, 0xff, 0xff, 0xff, 0xff, 0xff, 0xff, 0xff,
    0xff, 0xff, 0xab, 0x2, 0xd2, 0xff, 0xff, 0xff,
    0xff, 0xff, 0xff, 0xff, 0xff, 0xff, 0xff, 0xff,
    0xff, 0xff, 0xff, 0xff, 0xff, 0x53, 0xfe, 0xff,
    0xff, 0xff, 0xff, 0xff, 0xff, 0xff, 0xff, 0xff,
    0xff, 0xff, 0xff, 0xff, 0xff, 0xff, 0xff, 0x7e,
    0xff, 0xff, 0xff, 0xff, 0xff, 0xff, 0xff, 0xff,
    0xff, 0xff, 0xff, 0xff, 0xff, 0xff, 0xff, 0xff,
    0xff, 0x80, 0xff, 0xff, 0xff, 0xff, 0xff, 0xff,
    0xff, 0xff, 0xff, 0xff, 0xff, 0xff, 0xff, 0xff,
    0xff, 0xff, 0xff, 0x80, 0xff, 0xff, 0xff, 0xff,
    0xff, 0xff, 0xff, 0xff, 0xff, 0xff, 0xff, 0xff,
    0xff, 0xff, 0xff, 0xff, 0xff, 0x80, 0xff, 0xff,
    0xff, 0xff, 0xff, 0xff, 0xff, 0xff, 0xff, 0xff,
    0xff, 0xff, 0xff, 0xff, 0xff, 0xff, 0xff, 0x80,
    0xff, 0xff, 0xff, 0xff, 0xff, 0xff, 0xff, 0xff,
    0xff, 0xff, 0xff, 0xff, 0xff, 0xff, 0xff, 0xff,
    0xff, 0x80, 0xff, 0xff, 0xff, 0xff, 0xff, 0xff,
    0xff, 0xff, 0xff, 0xff, 0xff, 0xff, 0xff, 0xff,
    0xff, 0xff, 0xff, 0x80, 0xff, 0xff, 0xff, 0xff,
    0xff, 0xff, 0xff, 0xff, 0xff, 0xff, 0xff, 0xff,
    0xff, 0xff, 0xff, 0xff, 0xff, 0x80, 0xff, 0xff,
    0xff, 0xff, 0xff, 0xff, 0xff, 0xff, 0xff, 0xff,
    0xff, 0xff, 0xff, 0xff, 0xff, 0xff, 0xff, 0x80,
    0xff, 0xff, 0xff, 0xff, 0xff, 0xff, 0xff, 0xff,
    0xff, 0xff, 0xff, 0xff, 0xff, 0xff, 0xff, 0xff,
    0xff, 0x80, 0xff, 0xff, 0xff, 0xff, 0xff, 0xff,
    0xff, 0xff, 0xff, 0xff, 0xff, 0xff, 0xff, 0xff,
    0xff, 0xff, 0xff, 0x80, 0xff, 0xff, 0xff, 0xff,
    0xff, 0xff, 0xff, 0xff, 0xff, 0xff, 0xff, 0xff,
    0xff, 0xff, 0xff, 0xff, 0xff, 0x80, 0xfe, 0xff,
    0xff, 0xff, 0xff, 0xff, 0xff, 0xff, 0xff, 0xff,
    0xff, 0xff, 0xff, 0xff, 0xff, 0xff, 0xff, 0x7e,
    0xd1, 0xff, 0xff, 0xff, 0xff, 0xff, 0xff, 0xff,
    0xff, 0xff, 0xff, 0xff, 0xff, 0xff, 0xff, 0xff,
    0xff, 0x53, 0x3d, 0xed, 0xff, 0xff, 0xff, 0xff,
    0xff, 0xff, 0xff, 0xff, 0xff, 0xff, 0xff, 0xff,
    0xff, 0xff, 0xab, 0x2, 0x0, 0xc, 0x39, 0x40,
    0x40, 0x40, 0x40, 0x40, 0x40, 0x40, 0x40, 0x40,
    0x40, 0x40, 0x40, 0x25, 0x0, 0x0,

    /* U+F0E7 "" */
    0x0, 0x0, 0x0, 0x0, 0x0, 0x0, 0x0, 0x0,
    0x0, 0x0, 0x1b, 0x74, 0x1c, 0x0, 0x0, 0x0,
    0x0, 0x0, 0x0, 0x0, 0x0, 0x0, 0x0, 0x0,
    0x0, 0x32, 0xe6, 0xff, 0xad, 0x0, 0x0, 0x0,
    0x0, 0x0, 0x0, 0x0, 0x0, 0x0, 0x0, 0x0,
    0x49, 0xf3, 0xff, 0xff, 0x87, 0x0, 0x0, 0x0,
    0x0, 0x0, 0x0, 0x0, 0x0, 0x0, 0x0, 0x65,
    0xfc, 0xff, 0xff, 0xfc, 0x1f, 0x0, 0x0, 0x0,
    0x0, 0x0, 0x0, 0x0, 0x0, 0x1, 0x84, 0xff,
    0xff, 0xff, 0xff, 0xae, 0x0, 0x0, 0x0, 0x0,
    0x0, 0x0, 0x0, 0x0, 0x6, 0xa4, 0xff, 0xff,
    0xff, 0xff, 0xff, 0x42, 0x0, 0x0, 0x0, 0x0,
    0x0, 0x0, 0x0, 0x10, 0xbf, 0xff, 0xff, 0xff,
    0xff, 0xff, 0xd5, 0x0, 0x0, 0x0, 0x0, 0x0,
    0x0, 0x0, 0x1e, 0xd5, 0xff, 0xff, 0xff, 0xff,
    0xff, 0xff, 0x69, 0x0, 0x0, 0x0, 0x0, 0x0,
    0x0, 0x32, 0xe6, 0xff, 0xff, 0xff, 0xff, 0xff,
    0xff, 0xf1, 0xc, 0x0, 0x0, 0x0, 0x0, 0x0,
    0x3d, 0xf3, 0xff, 0xff, 0xff, 0xff, 0xff, 0xff,
    0xff, 0xee, 0xbf, 0xbf, 0xbf, 0xbf, 0x8f, 0x2,
    0xae, 0xff, 0xff, 0xff, 0xff, 0xff, 0xff, 0xff,
    0xff, 0xff, 0xff, 0xff, 0xff, 0xff, 0xff, 0x30,
    0x37, 0xb5, 0xbf, 0xbf, 0xbf, 0xcb, 0xff, 0xff,
    0xff, 0xff, 0xff, 0xff, 0xff, 0xff, 0xb2, 0x2,
    0x0, 0x0, 0x0, 0x0, 0x0, 0x72, 0xff, 0xff,
    0xff, 0xff, 0xff, 0xff, 0xff, 0x99, 0x3, 0x0,
    0x0, 0x0, 0x0, 0x0, 0x2, 0xdd, 0xff, 0xff,
    0xff, 0xff, 0xff, 0xfe, 0x79, 0x0, 0x0, 0x0,
    0x0, 0x0, 0x0, 0x0, 0x4d, 0xff, 0xff, 0xff,
    0xff, 0xff, 0xf9, 0x5a, 0x0, 0x0, 0x0, 0x0,
    0x0, 0x0, 0x0, 0x0, 0xbb, 0xff, 0xff, 0xff,
    0xff, 0xef, 0x40, 0x0, 0x0, 0x0, 0x0, 0x0,
    0x0, 0x0, 0x0, 0x2a, 0xff, 0xff, 0xff, 0xff,
    0xe0, 0x2a, 0x0, 0x0, 0x0, 0x0, 0x0, 0x0,
    0x0, 0x0, 0x0, 0x97, 0xff, 0xff, 0xff, 0xcd,
    0x18, 0x0, 0x0, 0x0, 0x0, 0x0, 0x0, 0x0,
    0x0, 0x0, 0xe, 0xf4, 0xff, 0xff, 0xb5, 0xb,
    0x0, 0x0, 0x0, 0x0, 0x0, 0x0, 0x0, 0x0,
    0x0, 0x0, 0x2c, 0xff, 0xff, 0x99, 0x3, 0x0,
    0x0, 0x0, 0x0, 0x0, 0x0, 0x0, 0x0, 0x0,
    0x0, 0x0, 0x0, 0x56, 0x58, 0x0, 0x0, 0x0,
    0x0, 0x0, 0x0, 0x0, 0x0, 0x0, 0x0, 0x0,

    /* U+F0EC "" */
    0x0, 0x0, 0x0, 0x0, 0x0, 0x0, 0x0, 0x0,
    0x0, 0x0, 0x0, 0x7, 0x40, 0x8, 0x0, 0x0,
    0x0, 0x0, 0x0, 0x0, 0x0, 0x0, 0x0, 0x0,
    0x0, 0x0, 0x0, 0x0, 0x0, 0x9d, 0xff, 0xca,
    0x10, 0x0, 0x0, 0x0, 0x0, 0x0, 0x0, 0x0,
    0x0, 0x0, 0x0, 0x0, 0x0, 0x0, 0x0, 0x91,
    0xff, 0xff, 0xca, 0x10, 0x0, 0x0, 0x0, 0x0,
    0x0, 0x0, 0x0, 0x0, 0x0, 0x0, 0x0, 0x0,
    0x0, 0x6, 0xb2, 0xff, 0xff, 0xca, 0x10, 0x0,
    0x43, 0x8a, 0x8b, 0x8b, 0x8b, 0x8b, 0x8b, 0x8b,
    0x8b, 0x8b, 0x8b, 0x8b, 0x91, 0xf8, 0xff, 0xff,
    0xca, 0xe, 0xf0, 0xff, 0xff, 0xff, 0xff, 0xff,
    0xff, 0xff, 0xff, 0xff, 0xff, 0xff, 0xff, 0xff,
    0xff, 0xff, 0xff, 0x6f, 0x9d, 0xf2, 0xf3, 0xf3,
    0xf3, 0xf3, 0xf3, 0xf3, 0xf3, 0xf3, 0xf3, 0xf3,
    0xf3, 0xfd, 0xff, 0xff, 0xf8, 0x35, 0x0, 0x0,
    0x0, 0x0, 0x0, 0x0, 0x0, 0x0, 0x0, 0x0,
    0x0, 0x0, 0x54, 0xfa, 0xff, 0xf8, 0x47, 0x0,
    0x0, 0x0, 0x0, 0x0, 0x0, 0x0, 0x0, 0x0,
    0x0, 0x0, 0x0, 0x50, 0xfc, 0xff, 0xf8, 0x47,
    0x0, 0x0, 0x0, 0x0, 0x0, 0x0, 0x0, 0x0,
    0x0, 0x0, 0x0, 0x0, 0x0, 0xb3, 0xff, 0xf8,
    0x47, 0x0, 0x0, 0x0, 0x0, 0x0, 0x0, 0x0,
    0x27, 0x28, 0x0, 0x0, 0x0, 0x0, 0x0, 0x38,
    0xa7, 0x40, 0x0, 0x0, 0x0, 0x0, 0x0, 0x0,
    0x0, 0x5b, 0xfc, 0xfc, 0x22, 0x0, 0x0, 0x0,
    0x0, 0x0, 0x0, 0x0, 0x0, 0x0, 0x0, 0x0,
    0x0, 0x0, 0x5b, 0xfc, 0xff, 0xf7, 0x1b, 0x0,
    0x0, 0x0, 0x0, 0x0, 0x0, 0x0, 0x0, 0x0,
    0x0, 0x0, 0x0, 0x5b, 0xfc, 0xff, 0xf6, 0x46,
    0x0, 0x0, 0x0, 0x0, 0x0, 0x0, 0x0, 0x0,
    0x0, 0x0, 0x0, 0x0, 0x58, 0xfc, 0xff, 0xff,
    0xc5, 0x8b, 0x8b, 0x8b, 0x8b, 0x8b, 0x8b, 0x8b,
    0x8b, 0x8b, 0x8b, 0x8b, 0x7b, 0xd, 0xef, 0xff,
    0xff, 0xff, 0xff, 0xff, 0xff, 0xff, 0xff, 0xff,
    0xff, 0xff, 0xff, 0xff, 0xff, 0xff, 0xff, 0x70,
    0xaa, 0xff, 0xff, 0xff, 0xf7, 0xf3, 0xf3, 0xf3,
    0xf3, 0xf3, 0xf3, 0xf3, 0xf3, 0xf3, 0xf3, 0xf3,
    0xe3, 0x34, 0x7, 0xb6, 0xff, 0xff, 0xc4, 0xd,
    0x0, 0x0, 0x0, 0x0, 0x0, 0x0, 0x0, 0x0,
    0x0, 0x0, 0x0, 0x0, 0x0, 0x7, 0xb6, 0xff,
    0xff, 0xc7, 0x6, 0x0, 0x0, 0x0, 0x0, 0x0,
    0x0, 0x0, 0x0, 0x0, 0x0, 0x0, 0x0, 0x0,
    0x7, 0xb7, 0xff, 0xff, 0x33, 0x0, 0x0, 0x0,
    0x0, 0x0, 0x0, 0x0, 0x0, 0x0, 0x0, 0x0,
    0x0, 0x0, 0x0, 0x7, 0x8c, 0x8d, 0x3, 0x0,
    0x0, 0x0, 0x0, 0x0, 0x0, 0x0, 0x0, 0x0,
    0x0, 0x0,

    /* U+F0EE "" */
    0x0, 0x0, 0x0, 0x0, 0x0, 0x0, 0x0, 0x1,
    0x33, 0x5c, 0x5a, 0x33, 0x0, 0x0, 0x0, 0x0,
    0x0, 0x0, 0x0, 0x0, 0x0, 0x0, 0x0, 0x0,
    0x0, 0x0, 0x0, 0x0, 0x0, 0x0, 0x0, 0x50,
    0xdc, 0xff, 0xff, 0xff, 0xff, 0xd7, 0x4d, 0x0,
    0x0, 0x0, 0x0, 0x0, 0x0, 0x0, 0x0, 0x0,
    0x0, 0x0, 0x0, 0x0, 0x0, 0x0, 0x0, 0x74,
    0xff, 0xff, 0xff, 0xff, 0xff, 0xff, 0xff, 0xfe,
    0x73, 0x0, 0x0, 0x0, 0x0, 0x0, 0x0, 0x0,
    0x0, 0x0, 0x0, 0x0, 0x0, 0x0, 0x0, 0x41,
    0xfe, 0xff, 0xff, 0xff, 0xff, 0xff, 0xff, 0xff,
    0xff, 0xfd, 0x7e, 0xc0, 0xe3, 0xc3, 0x52, 0x0,
    0x0, 0x0, 0x0, 0x0, 0x0, 0x0, 0x0, 0x0,
    0xc3, 0xff, 0xff, 0xff, 0xff, 0xff, 0xff, 0xff,
    0xff, 0xff, 0xff, 0xff, 0xff, 0xff, 0xff, 0xff,
    0x6a, 0x0, 0x0, 0x0, 0x0, 0x0, 0x0, 0x0,
    0x13, 0xfe, 0xff, 0xff, 0xff, 0xff, 0xff, 0xff,
    0xff, 0xff, 0xff, 0xff, 0xff, 0xff, 0xff, 0xff,
    0xff, 0xf2, 0x9, 0x0, 0x0, 0x0, 0x0, 0x0,
    0x0, 0x36, 0xff, 0xff, 0xff, 0xff, 0xff, 0xff,
    0xff, 0xc4, 0x42, 0xc2, 0xff, 0xff, 0xff, 0xff,
    0xff, 0xff, 0xff, 0x35, 0x0, 0x0, 0x0, 0x0,
    0x0, 0x2f, 0xbd, 0xff, 0xff, 0xff, 0xff, 0xff,
    0xff, 0xc3, 0xc, 0x0, 0xb, 0xc1, 0xff, 0xff,
    0xff, 0xff, 0xff, 0xff, 0x22, 0x0, 0x0, 0x0,
    0x0, 0x4e, 0xfa, 0xff, 0xff, 0xff, 0xff, 0xff,
    0xff, 0xc3, 0xc, 0x0, 0x0, 0x0, 0xb, 0xc1,
    0xff, 0xff, 0xff, 0xff, 0xff, 0xa1, 0x35, 0x0,
    0x0, 0x20, 0xf8, 0xff, 0xff, 0xff, 0xff, 0xff,
    0xff, 0xcb, 0xc, 0x0, 0x2c, 0x0, 0x2d, 0x0,
    0xb, 0xc9, 0xff, 0xff, 0xff, 0xff, 0xff, 0xfc,
    0x6a, 0x0, 0x98, 0xff, 0xff, 0xff, 0xff, 0xff,
    0xff, 0xff, 0x8b, 0x0, 0x88, 0x90, 0x0, 0x90,
    0x8a, 0x0, 0x88, 0xff, 0xff, 0xff, 0xff, 0xff,
    0xff, 0xff, 0x44, 0xd8, 0xff, 0xff, 0xff, 0xff,
    0xff, 0xff, 0xff, 0xfd, 0xdf, 0xff, 0x90, 0x0,
    0x90, 0xff, 0xdf, 0xfd, 0xff, 0xff, 0xff, 0xff,
    0xff, 0xff, 0xff, 0xb9, 0xf7, 0xff, 0xff, 0xff,
    0xff, 0xff, 0xff, 0xff, 0xff, 0xff, 0xff, 0x90,
    0x0, 0x90, 0xff, 0xff, 0xff, 0xff, 0xff, 0xff,
    0xff, 0xff, 0xff, 0xff, 0xf1, 0xde, 0xff, 0xff,
    0xff, 0xff, 0xff, 0xff, 0xff, 0xff, 0xff, 0xff,
    0x90, 0x0, 0x90, 0xff, 0xff, 0xff, 0xff, 0xff,
    0xff, 0xff, 0xff, 0xff, 0xff, 0xf4, 0x94, 0xff,
    0xff, 0xff, 0xff, 0xff, 0xff, 0xff, 0xff, 0xff,
    0xff, 0x96, 0x0, 0x96, 0xff, 0xff, 0xff, 0xff,
    0xff, 0xff, 0xff, 0xff, 0xff, 0xff, 0xc6, 0x1f,
    0xf3, 0xff, 0xff, 0xff, 0xff, 0xff, 0xff, 0xff,
    0xff, 0xff, 0xec, 0x86, 0xec, 0xff, 0xff, 0xff,
    0xff, 0xff, 0xff, 0xff, 0xff, 0xff, 0xff, 0x5e,
    0x0, 0x49, 0xf4, 0xff, 0xff, 0xff, 0xff, 0xff,
    0xff, 0xff, 0xff, 0xff, 0xff, 0xff, 0xff, 0xff,
    0xff, 0xff, 0xff, 0xff, 0xff, 0xff, 0xff, 0xa1,
    0x0, 0x0, 0x0, 0x24, 0xa0, 0xed, 0xff, 0xff,
    0xff, 0xff, 0xff, 0xff, 0xff, 0xff, 0xff, 0xff,
    0xff, 0xff, 0xff, 0xff, 0xff, 0xff, 0xd4, 0x66,
    0x1, 0x0, 0x0, 0x0, 0x0, 0x0, 0x0, 0xe,
    0x14, 0x14, 0x14, 0x14, 0x14, 0x14, 0x14, 0x14,
    0x14, 0x14, 0x14, 0x14, 0x14, 0x14, 0x7, 0x0,
    0x0, 0x0, 0x0,

    /* U+F1DA "" */
    0x0, 0x0, 0x0, 0x0, 0x0, 0x0, 0x0, 0x27,
    0x5a, 0x72, 0x76, 0x5d, 0x2b, 0x0, 0x0, 0x0,
    0x0, 0x0, 0x0, 0x0, 0xd, 0xb, 0x0, 0x0,
    0x3, 0x63, 0xd7, 0xff, 0xff, 0xff, 0xff, 0xff,
    0xff, 0xda, 0x69, 0x5, 0x0, 0x0, 0x0, 0x0,
    0xe2, 0xe0, 0x21, 0x20, 0xce, 0xff, 0xff, 0xff,
    0xff, 0xff, 0xff, 0xff, 0xff, 0xff, 0xff, 0xc5,
    0x1b, 0x0, 0x0, 0x0, 0xff, 0xff, 0xe2, 0xea,
    0xff, 0xff, 0xdd, 0x74, 0x2f, 0xe, 0xe, 0x2f,
    0x75, 0xde, 0xff, 0xff, 0xea, 0x2c, 0x0, 0x0,
    0xff, 0xff, 0xff, 0xff, 0xfe, 0x83, 0x5, 0x0,
    0x0, 0x0, 0x0, 0x0, 0x0, 0x6, 0x86, 0xff,
    0xff, 0xd9, 0xe, 0x0, 0xff, 0xff, 0xff, 0xff,
    0xea, 0x22, 0x0, 0x0, 0x0, 0x43, 0x43, 0x0,
    0x0, 0x0, 0x0, 0x70, 0xff, 0xff, 0xa2, 0x0,
    0xff, 0xff, 0xff, 0xff, 0xff, 0xe2, 0xb, 0x0,
    0x0, 0xe6, 0xe6, 0x0, 0x0, 0x0, 0x0, 0x0,
    0xac, 0xff, 0xfe, 0x29, 0xba, 0xfb, 0xfb, 0xfb,
    0xfb, 0xde, 0xd, 0x0, 0x0, 0xef, 0xef, 0x0,
    0x0, 0x0, 0x0, 0x0, 0x26, 0xff, 0xff, 0x87,
    0x0, 0x0, 0x0, 0x0, 0x0, 0x0, 0x0, 0x0,
    0x0, 0xef, 0xef, 0x0, 0x0, 0x0, 0x0, 0x0,
    0x0, 0xcf, 0xff, 0xc6, 0x0, 0x0, 0x0, 0x0,
    0x0, 0x0, 0x0, 0x0, 0x0, 0xef, 0xef, 0x0,
    0x0, 0x0, 0x0, 0x0, 0x0, 0x9c, 0xff, 0xed,
    0x0, 0x0, 0x0, 0x0, 0x0, 0x0, 0x0, 0x0,
    0x0, 0xe7, 0xfd, 0x5b, 0x0, 0x0, 0x0, 0x0,
    0x0, 0x87, 0xff, 0xfb, 0x0, 0x0, 0x0, 0x0,
    0x0, 0x0, 0x0, 0x0, 0x0, 0x50, 0xfa, 0xfd,
    0x5c, 0x0, 0x0, 0x0, 0x0, 0x9c, 0xff, 0xec,
    0x0, 0x0, 0x0, 0x0, 0x0, 0x0, 0x0, 0x0,
    0x0, 0x0, 0x52, 0xfa, 0xfd, 0x57, 0x0, 0x0,
    0x0, 0xcf, 0xff, 0xc5, 0x0, 0x0, 0x0, 0x0,
    0x0, 0x0, 0x0, 0x0, 0x0, 0x0, 0x0, 0x52,
    0xfa, 0xaa, 0x0, 0x0, 0x27, 0xff, 0xff, 0x85,
    0x0, 0x0, 0x0, 0x0, 0x0, 0x0, 0x0, 0x0,
    0x0, 0x0, 0x0, 0x0, 0x1f, 0xb, 0x0, 0x0,
    0xae, 0xff, 0xfd, 0x27, 0x0, 0x0, 0x0, 0x0,
    0x0, 0x0, 0x0, 0x0, 0x0, 0x0, 0x0, 0x0,
    0x0, 0x0, 0x0, 0x73, 0xff, 0xff, 0x9e, 0x0,
    0x0, 0x0, 0x0, 0x0, 0x6a, 0x6c, 0x6, 0x0,
    0x0, 0x0, 0x0, 0x0, 0x0, 0x7, 0x89, 0xff,
    0xff, 0xd6, 0xb, 0x0, 0x0, 0x0, 0x0, 0x31,
    0xff, 0xff, 0xdc, 0x75, 0x30, 0xd, 0x11, 0x32,
    0x78, 0xe0, 0xff, 0xff, 0xe7, 0x29, 0x0, 0x0,
    0x0, 0x0, 0x0, 0xa, 0xc8, 0xff, 0xff, 0xff,
    0xff, 0xff, 0xff, 0xff, 0xff, 0xff, 0xff, 0xc1,
    0x18, 0x0, 0x0, 0x0, 0x0, 0x0, 0x0, 0x0,
    0x2, 0x66, 0xd5, 0xff, 0xff, 0xff, 0xff, 0xff,
    0xff, 0xd7, 0x67, 0x4, 0x0, 0x0, 0x0, 0x0,
    0x0, 0x0, 0x0, 0x0, 0x0, 0x0, 0x0, 0x25,
    0x5b, 0x72, 0x73, 0x5b, 0x27, 0x0, 0x0, 0x0,
    0x0, 0x0, 0x0, 0x0,

    /* U+F1DE "" */
    0x0, 0x0, 0x0, 0x0, 0x0, 0x2c, 0xae, 0xd6,
    0xae, 0x2b, 0x0, 0x0, 0x0, 0x0, 0x0, 0x0,
    0x0, 0x0, 0x0, 0x0, 0x0, 0x0, 0x0, 0x0,
    0x19, 0xef, 0xff, 0xff, 0xff, 0xf0, 0x1b, 0x0,
    0x0, 0x0, 0x0, 0x0, 0x0, 0x0, 0x0, 0x0,
    0xb1, 0xfe, 0xff, 0xff, 0xff, 0xff, 0x8a, 0xa,
    0x88, 0xff, 0xff, 0xff, 0xff, 0xff, 0xff, 0xff,
    0xff, 0xff, 0xfe, 0xb3, 0xe0, 0xff, 0xff, 0xff,
    0xff, 0xff, 0x5f, 0x0, 0x5d, 0xff, 0xff, 0xff,
    0xff, 0xff, 0xff, 0xff, 0xff, 0xff, 0xff, 0xe2,
    0x16, 0x46, 0x47, 0x47, 0x61, 0xfe, 0xf7, 0xc2,
    0xf7, 0xfe, 0x63, 0x47, 0x47, 0x47, 0x47, 0x47,
    0x47, 0x47, 0x46, 0x16, 0x0, 0x0, 0x0, 0x0,
    0x0, 0x62, 0xee, 0xff, 0xef, 0x62, 0x0, 0x0,
    0x0, 0x0, 0x0, 0x0, 0x0, 0x0, 0x0, 0x0,
    0x0, 0x0, 0x0, 0x0, 0x0, 0x0, 0x6, 0x1f,
    0x6, 0x0, 0x0, 0x4, 0x7e, 0xca, 0xb2, 0x32,
    0x0, 0x0, 0x0, 0x0, 0x0, 0x0, 0x0, 0x0,
    0x0, 0x0, 0x0, 0x0, 0x0, 0x0, 0x0, 0x95,
    0xff, 0xff, 0xff, 0xf1, 0x24, 0x0, 0x0, 0x0,
    0x43, 0x8a, 0x8b, 0x8b, 0x8b, 0x8b, 0x8b, 0x8b,
    0x8b, 0x8b, 0x8e, 0xfc, 0xf3, 0x86, 0xbb, 0xff,
    0xc5, 0x8b, 0x8a, 0x44, 0xf0, 0xff, 0xff, 0xff,
    0xff, 0xff, 0xff, 0xff, 0xff, 0xff, 0xff, 0xff,
    0x8f, 0x0, 0xf, 0xff, 0xff, 0xff, 0xff, 0xf0,
    0x9d, 0xf2, 0xf3, 0xf3, 0xf3, 0xf3, 0xf3, 0xf3,
    0xf3, 0xf3, 0xf4, 0xff, 0xcc, 0x1e, 0x60, 0xff,
    0xfb, 0xf3, 0xf2, 0x9f, 0x0, 0x0, 0x0, 0x0,
    0x0, 0x0, 0x0, 0x0, 0x0, 0x0, 0x0, 0xbf,
    0xff, 0xff, 0xff, 0xfc, 0x45, 0x0, 0x0, 0x0,
    0x0, 0x0, 0x0, 0x0, 0x0, 0xd, 0x1c, 0x2,
    0x0, 0x0, 0x0, 0xc, 0x8c, 0xcc, 0xb8, 0x44,
    0x0, 0x0, 0x0, 0x0, 0x0, 0x0, 0x0, 0x4,
    0x94, 0xfb, 0xff, 0xdc, 0x38, 0x0, 0x0, 0x0,
    0x0, 0x0, 0x0, 0x0, 0x0, 0x0, 0x0, 0x0,
    0x16, 0x46, 0x47, 0x8e, 0xff, 0xe9, 0xc7, 0xff,
    0xe9, 0x4a, 0x47, 0x47, 0x47, 0x47, 0x47, 0x47,
    0x47, 0x47, 0x46, 0x17, 0xe1, 0xff, 0xff, 0xff,
    0xff, 0x1e, 0x0, 0x9c, 0xff, 0xff, 0xff, 0xff,
    0xff, 0xff, 0xff, 0xff, 0xff, 0xff, 0xff, 0xe3,
    0xaf, 0xfe, 0xff, 0xff, 0xff, 0x50, 0x10, 0xc0,
    0xff, 0xff, 0xff, 0xff, 0xff, 0xff, 0xff, 0xff,
    0xff, 0xff, 0xfe, 0xb1, 0x0, 0x0, 0x0, 0x4b,
    0xfe, 0xff, 0xff, 0xff, 0xc9, 0x2, 0x0, 0x0,
    0x0, 0x0, 0x0, 0x0, 0x0, 0x0, 0x0, 0x0,
    0x0, 0x0, 0x0, 0x0, 0x4e, 0xc1, 0xd5, 0x97,
    0x11, 0x0, 0x0, 0x0, 0x0, 0x0, 0x0, 0x0,
    0x0, 0x0, 0x0, 0x0,

    /* U+F1E6 "" */
    0x0, 0x0, 0x0, 0x35, 0x15, 0x0, 0x0, 0x0,
    0x0, 0x0, 0x15, 0x36, 0x0, 0x0, 0x0, 0x0,
    0x0, 0x5c, 0xff, 0xdd, 0x0, 0x0, 0x0, 0x0,
    0x0, 0xdc, 0xff, 0x5d, 0x0, 0x0, 0x0, 0x0,
    0x7f, 0xff, 0xff, 0x0, 0x0, 0x0, 0x0, 0x0,
    0xff, 0xff, 0x7f, 0x0, 0x0, 0x0, 0x0, 0x7f,
    0xff, 0xff, 0x0, 0x0, 0x0, 0x0, 0x0, 0xff,
    0xff, 0x7f, 0x0, 0x0, 0x0, 0x0, 0x7f, 0xff,
    0xff, 0x0, 0x0, 0x0, 0x0, 0x0, 0xff, 0xff,
    0x7f, 0x0, 0x0, 0x0, 0x0, 0x5b, 0xb7, 0xb7,
    0x0, 0x0, 0x0, 0x0, 0x0, 0xb7, 0xb7, 0x5b,
    0x0, 0x0, 0x31, 0x72, 0x73, 0x73, 0x73, 0x73,
    0x73, 0x73, 0x73, 0x73, 0x73, 0x73, 0x73, 0x72,
    0x32, 0xeb, 0xff, 0xff, 0xff, 0xff, 0xff, 0xff,
    0xff, 0xff, 0xff, 0xff, 0xff, 0xff, 0xff, 0xeb,
    0xb4, 0xff, 0xff, 0xff, 0xff, 0xff, 0xff, 0xff,
    0xff, 0xff, 0xff, 0xff, 0xff, 0xff, 0xb6, 0x0,
    0xc1, 0xff, 0xff, 0xff, 0xff, 0xff, 0xff, 0xff,
    0xff, 0xff, 0xff, 0xff, 0xc1, 0x0, 0x0, 0xba,
    0xff, 0xff, 0xff, 0xff, 0xff, 0xff, 0xff, 0xff,
    0xff, 0xff, 0xff, 0xba, 0x0, 0x0, 0x9a, 0xff,
    0xff, 0xff, 0xff, 0xff, 0xff, 0xff, 0xff, 0xff,
    0xff, 0xff, 0x9b, 0x0, 0x0, 0x51, 0xff, 0xff,
    0xff, 0xff, 0xff, 0xff, 0xff, 0xff, 0xff, 0xff,
    0xff, 0x53, 0x0, 0x0, 0x3, 0xd1, 0xff, 0xff,
    0xff, 0xff, 0xff, 0xff, 0xff, 0xff, 0xff, 0xd3,
    0x3, 0x0, 0x0, 0x0, 0x28, 0xeb, 0xff, 0xff,
    0xff, 0xff, 0xff, 0xff, 0xff, 0xec, 0x2a, 0x0,
    0x0, 0x0, 0x0, 0x0, 0x24, 0xc1, 0xff, 0xff,
    0xff, 0xff, 0xff, 0xc2, 0x25, 0x0, 0x0, 0x0,
    0x0, 0x0, 0x0, 0x0, 0x0, 0x32, 0xd8, 0xff,
    0xd8, 0x32, 0x0, 0x0, 0x0, 0x0, 0x0, 0x0,
    0x0, 0x0, 0x0, 0x0, 0x0, 0xbf, 0xff, 0xbf,
    0x0, 0x0, 0x0, 0x0, 0x0, 0x0, 0x0, 0x0,
    0x0, 0x0, 0x0, 0x0, 0xbf, 0xff, 0xbf, 0x0,
    0x0, 0x0, 0x0, 0x0, 0x0, 0x0, 0x0, 0x0,
    0x0, 0x0, 0x0, 0x9e, 0xff, 0x9f, 0x0, 0x0,
    0x0, 0x0, 0x0, 0x0, 0x0, 0x0, 0x0, 0x0,
    0x0, 0x0, 0x8, 0x41, 0x8, 0x0, 0x0, 0x0,
    0x0, 0x0, 0x0,

    /* U+F1EB "" */
    0x0, 0x0, 0x0, 0x0, 0x0, 0x0, 0x0, 0x0,
    0x0, 0x2, 0x1d, 0x31, 0x3c, 0x31, 0x1d, 0x2,
    0x0, 0x0, 0x0, 0x0, 0x0, 0x0, 0x0, 0x0,
    0x0, 0x0, 0x0, 0x0, 0x0, 0x0, 0x0, 0x30,
    0x85, 0xc5, 0xf7, 0xff, 0xff, 0xff, 0xff, 0xff,
    0xf7, 0xc6, 0x85, 0x30, 0x0, 0x0, 0x0, 0x0,
    0x0, 0x0, 0x0, 0x0, 0x0, 0x0, 0x3e, 0xc6,
    0xff, 0xff, 0xff, 0xff, 0xff, 0xff, 0xff, 0xff,
    0xff, 0xff, 0xff, 0xff, 0xff, 0xc6, 0x3f, 0x0,
    0x0, 0x0, 0x0, 0x0, 0x0, 0x21, 0xb5, 0xff,
    0xff, 0xff, 0xfe, 0xcc, 0x8e, 0x65, 0x4c, 0x43,
    0x4c, 0x65, 0x8e, 0xcc, 0xfe, 0xff, 0xff, 0xff,
    0xb6, 0x22, 0x0, 0x0, 0x0, 0x45, 0xed, 0xff,
    0xff, 0xf5, 0x88, 0x20, 0x0, 0x0, 0x0, 0x0,
    0x0, 0x0, 0x0, 0x0, 0x0, 0x20, 0x88, 0xf5,
    0xff, 0xff, 0xed, 0x46, 0x0, 0x6d, 0xfc, 0xff,
    0xfe, 0x97, 0x18, 0x0, 0x0, 0x0, 0x0, 0x0,
    0x0, 0x0, 0x0, 0x0, 0x0, 0x0, 0x0, 0x0,
    0x18, 0x97, 0xff, 0xff, 0xfc, 0x6d, 0xf3, 0xff,
    0xf2, 0x52, 0x0, 0x0, 0x0, 0x0, 0x0, 0x0,
    0x0, 0x0, 0x0, 0x0, 0x0, 0x0, 0x0, 0x0,
    0x0, 0x0, 0x0, 0x52, 0xf2, 0xff, 0xf3, 0x6e,
    0xb2, 0x29, 0x0, 0x0, 0x0, 0x0, 0x0, 0x42,
    0x8f, 0xce, 0xe8, 0xf9, 0xe8, 0xce, 0x8f, 0x42,
    0x0, 0x0, 0x0, 0x0, 0x0, 0x29, 0xb2, 0x71,
    0x0, 0x0, 0x0, 0x0, 0x0, 0x0, 0x3f, 0xca,
    0xff, 0xff, 0xff, 0xff, 0xff, 0xff, 0xff, 0xff,
    0xff, 0xca, 0x41, 0x0, 0x0, 0x0, 0x0, 0x0,
    0x0, 0x0, 0x0, 0x0, 0x0, 0x0, 0x80, 0xfd,
    0xff, 0xff, 0xfc, 0xc5, 0x9a, 0x86, 0x9a, 0xc5,
    0xfc, 0xff, 0xff, 0xfe, 0x87, 0x2, 0x0, 0x0,
    0x0, 0x0, 0x0, 0x0, 0x0, 0x0, 0x45, 0xff,
    0xff, 0xf4, 0x81, 0x13, 0x0, 0x0, 0x0, 0x0,
    0x0, 0x13, 0x81, 0xf4, 0xff, 0xff, 0x4b, 0x0,
    0x0, 0x0, 0x0, 0x0, 0x0, 0x0, 0x0, 0x1c,
    0xde, 0xca, 0x28, 0x0, 0x0, 0x0, 0x0, 0x0,
    0x0, 0x0, 0x0, 0x0, 0x28, 0xc9, 0xdf, 0x1d,
    0x0, 0x0, 0x0, 0x0, 0x0, 0x0, 0x0, 0x0,
    0x0, 0x0, 0x0, 0x0, 0x0, 0x0, 0x0, 0x0,
    0x0, 0x0, 0x0, 0x0, 0x0, 0x0, 0x0, 0x0,
    0x0, 0x0, 0x0, 0x0, 0x0, 0x0, 0x0, 0x0,
    0x0, 0x0, 0x0, 0x0, 0x0, 0x0, 0x0, 0x7,
    0x7f, 0xb8, 0x7f, 0x7, 0x0, 0x0, 0x0, 0x0,
    0x0, 0x0, 0x0, 0x0, 0x0, 0x0, 0x0, 0x0,
    0x0, 0x0, 0x0, 0x0, 0x0, 0x0, 0x0, 0x0,
    0x9d, 0xff, 0xff, 0xff, 0x9e, 0x0, 0x0, 0x0,
    0x0, 0x0, 0x0, 0x0, 0x0, 0x0, 0x0, 0x0,
    0x0, 0x0, 0x0, 0x0, 0x0, 0x0, 0x0, 0x0,
    0x0, 0xf4, 0xff, 0xff, 0xff, 0xf4, 0x0, 0x0,
    0x0, 0x0, 0x0, 0x0, 0x0, 0x0, 0x0, 0x0,
    0x0, 0x0, 0x0, 0x0, 0x0, 0x0, 0x0, 0x0,
    0x0, 0x0, 0xd8, 0xff, 0xff, 0xff, 0xd9, 0x0,
    0x0, 0x0, 0x0, 0x0, 0x0, 0x0, 0x0, 0x0,
    0x0, 0x0, 0x0, 0x0, 0x0, 0x0, 0x0, 0x0,
    0x0, 0x0, 0x0, 0x43, 0xf1, 0xff, 0xf1, 0x43,
    0x0, 0x0, 0x0, 0x0, 0x0, 0x0, 0x0, 0x0,
    0x0, 0x0, 0x0, 0x0, 0x0, 0x0, 0x0, 0x0,
    0x0, 0x0, 0x0, 0x0, 0x0, 0xe, 0x39, 0xe,
    0x0, 0x0, 0x0, 0x0, 0x0, 0x0, 0x0, 0x0,
    0x0, 0x0, 0x0,

    /* U+F241 "" */
    0x0, 0x1f, 0x74, 0x93, 0x93, 0x93, 0x93, 0x93,
    0x93, 0x93, 0x93, 0x93, 0x93, 0x93, 0x93, 0x93,
    0x93, 0x93, 0x7b, 0x2e, 0x0, 0x0, 0x0, 0x38,
    0xf3, 0xff, 0xff, 0xff, 0xff, 0xff, 0xff, 0xff,
    0xff, 0xff, 0xff, 0xff, 0xff, 0xff, 0xff, 0xff,
    0xff, 0xff, 0xfc, 0x5b, 0x0, 0x0, 0xc3, 0xff,
    0xff, 0xec, 0xeb, 0xeb, 0xeb, 0xeb, 0xeb, 0xeb,
    0xeb, 0xeb, 0xeb, 0xeb, 0xeb, 0xeb, 0xeb, 0xec,
    0xfe, 0xff, 0xe8, 0x0, 0x0, 0xf8, 0xff, 0x91,
    0x0, 0x0, 0x0, 0x0, 0x0, 0x0, 0x0, 0x0,
    0x0, 0x0, 0x0, 0x0, 0x0, 0x0, 0x0, 0x75,
    0xff, 0xff, 0x17, 0x0, 0xff, 0xff, 0x7f, 0x13,
    0xff, 0xff, 0xff, 0xff, 0xff, 0xff, 0xff, 0xff,
    0xff, 0xeb, 0x0, 0x0, 0x0, 0x0, 0x63, 0xff,
    0xff, 0xe5, 0x21, 0xff, 0xff, 0x7f, 0x13, 0xff,
    0xff, 0xff, 0xff, 0xff, 0xff, 0xff, 0xff, 0xff,
    0xeb, 0x0, 0x0, 0x0, 0x0, 0x63, 0xff, 0xff,
    0xff, 0x5a, 0xff, 0xff, 0x7f, 0x13, 0xff, 0xff,
    0xff, 0xff, 0xff, 0xff, 0xff, 0xff, 0xff, 0xeb,
    0x0, 0x0, 0x0, 0x0, 0x63, 0xff, 0xff, 0xff,
    0x5b, 0xff, 0xff, 0x7f, 0x13, 0xff, 0xff, 0xff,
    0xff, 0xff, 0xff, 0xff, 0xff, 0xff, 0xeb, 0x0,
    0x0, 0x0, 0x0, 0x63, 0xff, 0xff, 0xff, 0x5a,
    0xff, 0xff, 0x7f, 0x13, 0xff, 0xff, 0xff, 0xff,
    0xff, 0xff, 0xff, 0xff, 0xff, 0xeb, 0x0, 0x0,
    0x0, 0x0, 0x63, 0xff, 0xff, 0xe4, 0x21, 0xff,
    0xff, 0x81, 0x0, 0x0, 0x0, 0x0, 0x0, 0x0,
    0x0, 0x0, 0x0, 0x0, 0x0, 0x0, 0x0, 0x0,
    0x0, 0x65, 0xff, 0xff, 0x19, 0x0, 0xdc, 0xff,
    0xe0, 0x8c, 0x8b, 0x8b, 0x8b, 0x8b, 0x8b, 0x8b,
    0x8b, 0x8b, 0x8b, 0x8b, 0x8b, 0x8b, 0x8b, 0x8c,
    0xd3, 0xff, 0xf2, 0x1, 0x0, 0x73, 0xff, 0xff,
    0xff, 0xff, 0xff, 0xff, 0xff, 0xff, 0xff, 0xff,
    0xff, 0xff, 0xff, 0xff, 0xff, 0xff, 0xff, 0xff,
    0xff, 0x86, 0x0, 0x0, 0x2, 0x70, 0xd4, 0xf3,
    0xf3, 0xf3, 0xf3, 0xf3, 0xf3, 0xf3, 0xf3, 0xf3,
    0xf3, 0xf3, 0xf3, 0xf3, 0xf3, 0xf3, 0xd8, 0x7c,
    0x4, 0x0, 0x0,

    /* U+F26C "" */
    0x0, 0x38, 0x79, 0x80, 0x80, 0x80, 0x80, 0x80,
    0x80, 0x80, 0x80, 0x80, 0x80, 0x80, 0x80, 0x80,
    0x80, 0x80, 0x80, 0x80, 0x80, 0x80, 0x79, 0x3a,
    0x0, 0x66, 0xfe, 0xff, 0xff, 0xff, 0xff, 0xff,
    0xff, 0xff, 0xff, 0xff, 0xff, 0xff, 0xff, 0xff,
    0xff, 0xff, 0xff, 0xff, 0xff, 0xff, 0xff, 0xff,
    0xff, 0x69, 0xe3, 0xff, 0xff, 0xff, 0xff, 0xff,
    0xff, 0xff, 0xff, 0xff, 0xff, 0xff, 0xff, 0xff,
    0xff, 0xff, 0xff, 0xff, 0xff, 0xff, 0xff, 0xff,
    0xff, 0xff, 0xe4, 0xff, 0xff, 0x80, 0x0, 0x0,
    0x0, 0x0, 0x0, 0x0, 0x0, 0x0, 0x0, 0x0,
    0x0, 0x0, 0x0, 0x0, 0x0, 0x0, 0x0, 0x0,
    0x0, 0x80, 0xff, 0xff, 0xff, 0xff, 0x80, 0x0,
    0x0, 0x0, 0x0, 0x0, 0x0, 0x0, 0x0, 0x0,
    0x0, 0x0, 0x0, 0x0, 0x0, 0x0, 0x0, 0x0,
    0x0, 0x0, 0x80, 0xff, 0xff, 0xff, 0xff, 0x80,
    0x0, 0x0, 0x0, 0x0, 0x0, 0x0, 0x0, 0x0,
    0x0, 0x0, 0x0, 0x0, 0x0, 0x0, 0x0, 0x0,
    0x0, 0x0, 0x0, 0x80, 0xff, 0xff, 0xff, 0xff,
    0x80, 0x0, 0x0, 0x0, 0x0, 0x0, 0x0, 0x0,
    0x0, 0x0, 0x0, 0x0, 0x0, 0x0, 0x0, 0x0,
    0x0, 0x0, 0x0, 0x0, 0x80, 0xff, 0xff, 0xff,
    0xff, 0x80, 0x0, 0x0, 0x0, 0x0, 0x0, 0x0,
    0x0, 0x0, 0x0, 0x0, 0x0, 0x0, 0x0, 0x0,
    0x0, 0x0, 0x0, 0x0, 0x0, 0x80, 0xff, 0xff,
    0xff, 0xff, 0x80, 0x0, 0x0, 0x0, 0x0, 0x0,
    0x0, 0x0, 0x0, 0x0, 0x0, 0x0, 0x0, 0x0,
    0x0, 0x0, 0x0, 0x0, 0x0, 0x0, 0x80, 0xff,
    0xff, 0xff, 0xff, 0x80, 0x0, 0x0, 0x0, 0x0,
    0x0, 0x0, 0x0, 0x0, 0x0, 0x0, 0x0, 0x0,
    0x0, 0x0, 0x0, 0x0, 0x0, 0x0, 0x0, 0x80,
    0xff, 0xff, 0xff, 0xff, 0x80, 0x0, 0x0, 0x0,
    0x0, 0x0, 0x0, 0x0, 0x0, 0x0, 0x0, 0x0,
    0x0, 0x0, 0x0, 0x0, 0x0, 0x0, 0x0, 0x0,
    0x80, 0xff, 0xff, 0xff, 0xff, 0x80, 0x0, 0x0,
    0x0, 0x0, 0x0, 0x0, 0x0, 0x0, 0x0, 0x0,
    0x0, 0x0, 0x0, 0x0, 0x0, 0x0, 0x0, 0x0,
    0x0, 0x80, 0xff, 0xff, 0xff, 0xff, 0x80, 0x0,
    0x0, 0x0, 0x0, 0x0, 0x0, 0x0, 0x0, 0x0,
    0x0, 0x0, 0x0, 0x0, 0x0, 0x0, 0x0, 0x0,
    0x0, 0x0, 0x80, 0xff, 0xff, 0xff, 0xff, 0x80,
    0x0, 0x0, 0x0, 0x0, 0x0, 0x0, 0x0, 0x0,
    0x0, 0x0, 0x0, 0x0, 0x0, 0x0, 0x0, 0x0,
    0x0, 0x0, 0x0, 0x80, 0xff, 0xff, 0xf6, 0xff,
    0xc6, 0x8c, 0x8c, 0x8c, 0x8c, 0x8c, 0x8c, 0x8c,
    0x8c, 0x8c, 0x8c, 0x8c, 0x8c, 0x8c, 0x8c, 0x8c,
    0x8c, 0x8c, 0x8c, 0x8c, 0xc6, 0xff, 0xf7, 0xae,
    0xff, 0xff, 0xff, 0xff, 0xff, 0xff, 0xff, 0xff,
    0xff, 0xff, 0xff, 0xff, 0xff, 0xff, 0xff, 0xff,
    0xff, 0xff, 0xff, 0xff, 0xff, 0xff, 0xff, 0xb1,
    0x14, 0xa9, 0xed, 0xf4, 0xf4, 0xf4, 0xf4, 0xf4,
    0xf4, 0xf4, 0xf4, 0xf4, 0xf4, 0xf4, 0xf4, 0xf4,
    0xf4, 0xf4, 0xf4, 0xf4, 0xf4, 0xf4, 0xed, 0xaa,
    0x16, 0x0, 0x0, 0x0, 0x0, 0x0, 0x0, 0x0,
    0x0, 0x0, 0x0, 0x0, 0x0, 0x0, 0x0, 0x0,
    0x0, 0x0, 0x0, 0x0, 0x0, 0x0, 0x0, 0x0,
    0x0, 0x0, 0x0, 0x0, 0x0, 0xe, 0xd5, 0xff,
    0xff, 0xff, 0xff, 0xff, 0xff, 0xff, 0xff, 0xff,
    0xff, 0xff, 0xff, 0xff, 0xff, 0xff, 0xda, 0x12,
    0x0, 0x0, 0x0, 0x0, 0x0, 0x0, 0x29, 0xff,
    0xff, 0xff, 0xff, 0xff, 0xff, 0xff, 0xff, 0xff,
    0xff, 0xff, 0xff, 0xff, 0xff, 0xff, 0xff, 0xff,
    0x32, 0x0, 0x0, 0x0, 0x0, 0x0, 0x0, 0x0,
    0x57, 0x80, 0x80, 0x80, 0x80, 0x80, 0x80, 0x80,
    0x80, 0x80, 0x80, 0x80, 0x80, 0x80, 0x80, 0x80,
    0x5c, 0x0, 0x0, 0x0, 0x0,

    /* U+F293 "" */
    0x0, 0x0, 0x0, 0x0, 0x0, 0xb, 0x29, 0x40,
    0x3e, 0x26, 0x0, 0x0, 0x0, 0x0, 0x0, 0x0,
    0x0, 0x0, 0x0, 0x3c, 0xab, 0xf7, 0xff, 0xff,
    0xff, 0xff, 0xe5, 0x72, 0x5, 0x0, 0x0, 0x0,
    0x0, 0x0, 0x71, 0xfe, 0xff, 0xff, 0xff, 0xab,
    0xff, 0xff, 0xff, 0xff, 0xb9, 0xa, 0x0, 0x0,
    0x0, 0x43, 0xfe, 0xff, 0xff, 0xff, 0xff, 0x1d,
    0xa1, 0xff, 0xff, 0xff, 0xff, 0x8f, 0x0, 0x0,
    0x0, 0xd0, 0xff, 0xff, 0xff, 0xff, 0xff, 0x1c,
    0x3, 0xaf, 0xff, 0xff, 0xff, 0xfd, 0x19, 0x0,
    0x36, 0xff, 0xff, 0xff, 0xff, 0xff, 0xff, 0x1c,
    0xa, 0x7, 0xbd, 0xff, 0xff, 0xff, 0x6f, 0x0,
    0x7d, 0xff, 0xff, 0xd2, 0x83, 0xff, 0xff, 0x1c,
    0x6b, 0x61, 0xc, 0xc9, 0xff, 0xff, 0xab, 0x0,
    0xaf, 0xff, 0xff, 0x7d, 0x0, 0x73, 0xff, 0x1c,
    0x6c, 0xf1, 0x16, 0x3d, 0xff, 0xff, 0xd6, 0x0,
    0xce, 0xff, 0xff, 0xff, 0x6f, 0x0, 0x6f, 0x1b,
    0x5c, 0x3a, 0x1c, 0xe3, 0xff, 0xff, 0xf5, 0x0,
    0xe1, 0xff, 0xff, 0xff, 0xff, 0x6d, 0x0, 0x0,
    0x0, 0x11, 0xd4, 0xff, 0xff, 0xff, 0xff, 0x3,
    0xe9, 0xff, 0xff, 0xff, 0xff, 0xff, 0x68, 0x0,
    0x2, 0xc3, 0xff, 0xff, 0xff, 0xff, 0xff, 0xf,
    0xe5, 0xff, 0xff, 0xff, 0xff, 0xf2, 0x3a, 0x0,
    0x0, 0x78, 0xff, 0xff, 0xff, 0xff, 0xff, 0xe,
    0xd9, 0xff, 0xff, 0xff, 0xf2, 0x3a, 0x6, 0x7,
    0x10, 0x0, 0x89, 0xff, 0xff, 0xff, 0xff, 0x5,
    0xbf, 0xff, 0xff, 0xf3, 0x3b, 0x6, 0xb3, 0x1d,
    0x6a, 0x75, 0x0, 0x99, 0xff, 0xff, 0xf0, 0x0,
    0x9b, 0xff, 0xff, 0x6c, 0x7, 0xb5, 0xff, 0x21,
    0x6c, 0xe9, 0x13, 0x26, 0xf9, 0xff, 0xd1, 0x0,
    0x64, 0xff, 0xff, 0xf2, 0xc3, 0xff, 0xff, 0x24,
    0x57, 0x2a, 0x23, 0xe3, 0xff, 0xff, 0xa0, 0x0,
    0x17, 0xfc, 0xff, 0xff, 0xff, 0xff, 0xff, 0x27,
    0x0, 0x22, 0xe2, 0xff, 0xff, 0xff, 0x56, 0x0,
    0x0, 0x9c, 0xff, 0xff, 0xff, 0xff, 0xff, 0x2a,
    0x21, 0xe1, 0xff, 0xff, 0xff, 0xe6, 0x7, 0x0,
    0x0, 0x11, 0xdb, 0xff, 0xff, 0xff, 0xff, 0x4e,
    0xe0, 0xff, 0xff, 0xff, 0xff, 0x54, 0x0, 0x0,
    0x0, 0x0, 0x19, 0xb7, 0xff, 0xff, 0xff, 0xf3,
    0xff, 0xff, 0xff, 0xf1, 0x5f, 0x0, 0x0, 0x0,
    0x0, 0x0, 0x0, 0x0, 0x24, 0x75, 0x9c, 0xb0,
    0xab, 0x95, 0x59, 0xb, 0x0, 0x0, 0x0, 0x0,

    /* U+F294 "" */
    0x0, 0x0, 0x0, 0x0, 0x0, 0x1d, 0x0, 0x0,
    0x0, 0x0, 0x0, 0x0, 0x0, 0x0, 0x0, 0x0,
    0x0, 0x9c, 0x51, 0x0, 0x0, 0x0, 0x0, 0x0,
    0x0, 0x0, 0x0, 0x0, 0x0, 0x9f, 0xf8, 0x43,
    0x0, 0x0, 0x0, 0x0, 0x0, 0x0, 0x0, 0x0,
    0x0, 0x9f, 0xff, 0xf3, 0x37, 0x0, 0x0, 0x0,
    0x0, 0x0, 0x0, 0x0, 0x0, 0x9f, 0xff, 0xf2,
    0xed, 0x2b, 0x0, 0x0, 0x0, 0x4e, 0x57, 0x0,
    0x0, 0x9f, 0xff, 0x43, 0xe9, 0xe5, 0x21, 0x0,
    0xa, 0xe9, 0xfc, 0x56, 0x0, 0x9f, 0xff, 0x17,
    0x39, 0xff, 0xd3, 0x1, 0x0, 0x35, 0xef, 0xfc,
    0x56, 0x9f, 0xff, 0x25, 0xc6, 0xfc, 0x4d, 0x0,
    0x0, 0x0, 0x35, 0xef, 0xfc, 0xdd, 0xff, 0xd5,
    0xff, 0x63, 0x0, 0x0, 0x0, 0x0, 0x0, 0x35,
    0xef, 0xff, 0xff, 0xff, 0x7a, 0x0, 0x0, 0x0,
    0x0, 0x0, 0x0, 0x0, 0x42, 0xff, 0xff, 0xb0,
    0x0, 0x0, 0x0, 0x0, 0x0, 0x0, 0x0, 0xd,
    0xc6, 0xff, 0xff, 0xf8, 0x44, 0x0, 0x0, 0x0,
    0x0, 0x0, 0xd, 0xc6, 0xff, 0xf8, 0xff, 0xf6,
    0xf5, 0x3c, 0x0, 0x0, 0x0, 0xd, 0xc6, 0xff,
    0xa1, 0xa0, 0xff, 0x4a, 0xee, 0xf1, 0x34, 0x0,
    0x9, 0xc6, 0xff, 0xa1, 0x2, 0x99, 0xff, 0x17,
    0x3c, 0xff, 0xec, 0x12, 0x0, 0x97, 0xa1, 0x2,
    0x0, 0x96, 0xff, 0x22, 0xbd, 0xff, 0x71, 0x0,
    0x0, 0x1, 0x2, 0x0, 0x0, 0x92, 0xff, 0xce,
    0xff, 0x73, 0x0, 0x0, 0x0, 0x0, 0x0, 0x0,
    0x0, 0x8f, 0xff, 0xff, 0x75, 0x0, 0x0, 0x0,
    0x0, 0x0, 0x0, 0x0, 0x0, 0x8b, 0xff, 0x77,
    0x0, 0x0, 0x0, 0x0, 0x0, 0x0, 0x0, 0x0,
    0x0, 0x87, 0x79, 0x0, 0x0, 0x0, 0x0, 0x0,
    0x0, 0x0, 0x0, 0x0, 0x0, 0x1f, 0x0, 0x0,
    0x0, 0x0, 0x0, 0x0,

    /* U+F2DB "" */
    0x0, 0x0, 0x0, 0x0, 0x0, 0x0, 0x5f, 0x20,
    0x0, 0x0, 0x59, 0x26, 0x0, 0x0, 0x53, 0x2d,
    0x0, 0x0, 0x0, 0x0, 0x0, 0x0, 0x0, 0x0,
    0x0, 0x0, 0x2d, 0xff, 0x9d, 0x0, 0x1e, 0xff,
    0xad, 0x0, 0x10, 0xfd, 0xbd, 0x0, 0x0, 0x0,
    0x0, 0x0, 0x0, 0x0, 0x0, 0x0, 0x0, 0x37,
    0xff, 0xa7, 0x0, 0x27, 0xff, 0xb7, 0x0, 0x17,
    0xff, 0xc7, 0x0, 0x0, 0x0, 0x0, 0x0, 0x0,
    0x0, 0x0, 0x4, 0x93, 0xef, 0xff, 0xff, 0xff,
    0xff, 0xff, 0xff, 0xff, 0xff, 0xff, 0xfe, 0xd6,
    0x44, 0x0, 0x0, 0x0, 0x0, 0x0, 0x0, 0x70,
    0xff, 0xff, 0xff, 0xff, 0xff, 0xff, 0xff, 0xff,
    0xff, 0xff, 0xff, 0xff, 0xff, 0xf1, 0x10, 0x0,
    0x0, 0x0, 0x63, 0x7f, 0xd5, 0xff, 0xff, 0xab,
    0x80, 0x7f, 0x7f, 0x7f, 0x7f, 0x7f, 0x7f, 0x84,
    0xdd, 0xff, 0xff, 0x9d, 0x7e, 0x2d, 0x1d, 0xff,
    0xff, 0xff, 0xff, 0xd8, 0x0, 0x3d, 0x3f, 0x3f,
    0x3f, 0x3f, 0x3f, 0x3f, 0x21, 0x48, 0xff, 0xff,
    0xff, 0xff, 0xac, 0x0, 0x44, 0x5f, 0xd2, 0xff,
    0xc7, 0x0, 0xf7, 0xff, 0xff, 0xff, 0xff, 0xff,
    0xff, 0x87, 0x37, 0xff, 0xff, 0x8c, 0x5e, 0x1b,
    0x0, 0x0, 0x0, 0xb7, 0xff, 0xc7, 0x0, 0xf7,
    0xff, 0xff, 0xff, 0xff, 0xff, 0xff, 0x87, 0x37,
    0xff, 0xff, 0x47, 0x0, 0x0, 0x0, 0x53, 0x6f,
    0xd7, 0xff, 0xc7, 0x0, 0xf7, 0xff, 0xff, 0xff,
    0xff, 0xff, 0xff, 0x87, 0x37, 0xff, 0xff, 0x98,
    0x6e, 0x24, 0x1d, 0xff, 0xff, 0xff, 0xff, 0xc7,
    0x0, 0xf7, 0xff, 0xff, 0xff, 0xff, 0xff, 0xff,
    0x87, 0x37, 0xff, 0xff, 0xff, 0xff, 0xad, 0x0,
    0x54, 0x6f, 0xd7, 0xff, 0xc7, 0x0, 0xf7, 0xff,
    0xff, 0xff, 0xff, 0xff, 0xff, 0x87, 0x37, 0xff,
    0xff, 0x98, 0x6e, 0x24, 0x0, 0x0, 0x0, 0xb7,
    0xff, 0xc7, 0x0, 0xf7, 0xff, 0xff, 0xff, 0xff,
    0xff, 0xff, 0x87, 0x37, 0xff, 0xff, 0x47, 0x0,
    0x0, 0x0, 0x44, 0x5f, 0xd2, 0xff, 0xc7, 0x0,
    0xf7, 0xff, 0xff, 0xff, 0xff, 0xff, 0xff, 0x87,
    0x37, 0xff, 0xff, 0x8c, 0x5e, 0x1b, 0x1d, 0xff,
    0xff, 0xff, 0xff, 0xd8, 0x0, 0x3d, 0x3f, 0x3f,
    0x3f, 0x3f, 0x3f, 0x3f, 0x21, 0x48, 0xff, 0xff,
    0xff, 0xff, 0xac, 0x0, 0x64, 0x7f, 0xd4, 0xff,
    0xff, 0xac, 0x80, 0x7f, 0x7f, 0x7f, 0x7f, 0x7f,
    0x7f, 0x84, 0xde, 0xff, 0xff, 0x9d, 0x7e, 0x2d,
    0x0, 0x0, 0x0, 0x6e, 0xff, 0xff, 0xff, 0xff,
    0xff, 0xff, 0xff, 0xff, 0xff, 0xff, 0xff, 0xff,
    0xff, 0xf0, 0x10, 0x0, 0x0, 0x0, 0x0, 0x0,
    0x3, 0x90, 0xef, 0xff, 0xff, 0xff, 0xff, 0xff,
    0xff, 0xff, 0xff, 0xff, 0xfe, 0xd4, 0x42, 0x0,
    0x0, 0x0, 0x0, 0x0, 0x0, 0x0, 0x0, 0x37,
    0xff, 0xa7, 0x0, 0x27, 0xff, 0xb7, 0x0, 0x17,
    0xff, 0xc7, 0x0, 0x0, 0x0, 0x0, 0x0, 0x0,
    0x0, 0x0, 0x0, 0x0, 0x2d, 0xff, 0x9d, 0x0,
    0x1e, 0xff, 0xad, 0x0, 0x10, 0xfd, 0xbd, 0x0,
    0x0, 0x0, 0x0, 0x0, 0x0, 0x0, 0x0, 0x0,
    0x0, 0x0, 0x5f, 0x20, 0x0, 0x0, 0x59, 0x26,
    0x0, 0x0, 0x53, 0x2d, 0x0, 0x0, 0x0, 0x0,
    0x0,

    /* U+F2F1 "" */
    0x0, 0x0, 0x0, 0x0, 0x0, 0x0, 0x0, 0x0,
    0x1d, 0x3a, 0x39, 0x1b, 0x0, 0x0, 0x0, 0x0,
    0x0, 0x0, 0x0, 0x0, 0x0, 0x0, 0x0, 0x0,
    0x0, 0x12, 0x83, 0xe2, 0xff, 0xff, 0xff, 0xff,
    0xe1, 0x85, 0x14, 0x0, 0x0, 0x28, 0x8c, 0x12,
    0x0, 0x0, 0x0, 0x0, 0x46, 0xe8, 0xff, 0xff,
    0xff, 0xff, 0xff, 0xff, 0xff, 0xff, 0xeb, 0x49,
    0x2a, 0xe9, 0xff, 0x5c, 0x0, 0x0, 0x0, 0x4f,
    0xfb, 0xff, 0xff, 0xcb, 0x74, 0x4c, 0x4d, 0x76,
    0xcd, 0xff, 0xff, 0xfc, 0xee, 0xff, 0xff, 0x60,
    0x0, 0x0, 0x2a, 0xf3, 0xff, 0xf6, 0x5f, 0x0,
    0x0, 0x0, 0x0, 0x0, 0x0, 0x60, 0xf6, 0xff,
    0xff, 0xff, 0xff, 0x60, 0x0, 0x0, 0xb8, 0xff,
    0xfd, 0x46, 0x0, 0x0, 0x0, 0x0, 0x0, 0x0,
    0x0, 0x2a, 0xe9, 0xff, 0xff, 0xff, 0xff, 0x60,
    0x0, 0x2c, 0xff, 0xff, 0x91, 0x0, 0x0, 0x0,
    0x0, 0x0, 0x0, 0x0, 0x23, 0xe9, 0xff, 0xff,
    0xff, 0xff, 0xff, 0x60, 0x0, 0x29, 0xf5, 0xe8,
    0x18, 0x0, 0x0, 0x0, 0x0, 0x0, 0x0, 0x0,
    0x65, 0xff, 0xff, 0xff, 0xff, 0xff, 0xff, 0x46,
    0x0, 0x0, 0x1e, 0x18, 0x0, 0x0, 0x0, 0x0,
    0x0, 0x0, 0x0, 0x0, 0x2, 0x38, 0x40, 0x40,
    0x40, 0x40, 0x2f, 0x0, 0x0, 0x0, 0x0, 0x0,
    0x0, 0x0, 0x0, 0x0, 0x0, 0x0, 0x0, 0x0,
    0x0, 0x0, 0x0, 0x0, 0x0, 0x0, 0x0, 0x0,
    0x0, 0x2f, 0x40, 0x40, 0x40, 0x40, 0x38, 0x3,
    0x0, 0x0, 0x0, 0x0, 0x0, 0x0, 0x0, 0x0,
    0x19, 0x1e, 0x0, 0x0, 0x46, 0xff, 0xff, 0xff,
    0xff, 0xff, 0xff, 0x66, 0x0, 0x0, 0x0, 0x0,
    0x0, 0x0, 0x0, 0x17, 0xe8, 0xf5, 0x2b, 0x0,
    0x60, 0xff, 0xff, 0xff, 0xff, 0xff, 0xe9, 0x23,
    0x0, 0x0, 0x0, 0x0, 0x0, 0x0, 0x0, 0x8f,
    0xff, 0xff, 0x2f, 0x0, 0x60, 0xff, 0xff, 0xff,
    0xff, 0xea, 0x2a, 0x0, 0x0, 0x0, 0x0, 0x0,
    0x0, 0x0, 0x45, 0xfc, 0xff, 0xb9, 0x0, 0x0,
    0x60, 0xff, 0xff, 0xff, 0xff, 0xf5, 0x5f, 0x0,
    0x0, 0x0, 0x0, 0x0, 0x0, 0x5e, 0xf6, 0xff,
    0xf3, 0x2b, 0x0, 0x0, 0x60, 0xff, 0xff, 0xed,
    0xfb, 0xff, 0xff, 0xce, 0x75, 0x4c, 0x4a, 0x73,
    0xcb, 0xff, 0xff, 0xfb, 0x4f, 0x0, 0x0, 0x0,
    0x5b, 0xff, 0xea, 0x2b, 0x46, 0xe9, 0xff, 0xff,
    0xff, 0xff, 0xff, 0xff, 0xff, 0xff, 0xe9, 0x46,
    0x0, 0x0, 0x0, 0x0, 0x11, 0x8c, 0x29, 0x0,
    0x0, 0x12, 0x84, 0xe1, 0xff, 0xff, 0xff, 0xff,
    0xe3, 0x84, 0x12, 0x0, 0x0, 0x0, 0x0, 0x0,
    0x0, 0x0, 0x0, 0x0, 0x0, 0x0, 0x0, 0x0,
    0x1c, 0x3a, 0x3b, 0x1f, 0x0, 0x0, 0x0, 0x0,
    0x0, 0x0, 0x0, 0x0,

    /* U+F519 "" */
    0x0, 0x55, 0x54, 0x0, 0x0, 0x0, 0x0, 0x0,
    0x0, 0x0, 0x0, 0x0, 0x0, 0x0, 0x0, 0x0,
    0x0, 0x0, 0x0, 0x18, 0x78, 0x1f, 0x0, 0x39,
    0xff, 0xff, 0x26, 0x2, 0x31, 0x4, 0x0, 0x0,
    0x0, 0x0, 0x0, 0x0, 0x0, 0x0, 0x0, 0x1e,
    0x1b, 0x0, 0xa3, 0xff, 0xbd, 0x0, 0x8c, 0xff,
    0xfa, 0xe, 0x90, 0xff, 0x9f, 0x0, 0x0, 0x0,
    0x0, 0x0, 0x0, 0x0, 0x0, 0x23, 0xf9, 0xf4,
    0x1b, 0x8a, 0xff, 0xfb, 0x11, 0xcd, 0xff, 0xbf,
    0x3, 0xec, 0xff, 0xae, 0x0, 0x0, 0x3d, 0xd2,
    0xef, 0x99, 0x7, 0x0, 0x2c, 0xff, 0xff, 0x6f,
    0x3f, 0xff, 0xff, 0x4d, 0xe8, 0xff, 0x97, 0x23,
    0xff, 0xff, 0x64, 0x0, 0xb, 0xec, 0xff, 0xff,
    0xff, 0x7a, 0x0, 0x0, 0xe3, 0xff, 0xa2, 0x18,
    0xff, 0xff, 0x68, 0xfa, 0xff, 0x85, 0x36, 0xff,
    0xff, 0x4a, 0x0, 0x34, 0xff, 0xff, 0xff, 0xff,
    0xb4, 0x0, 0x0, 0xca, 0xff, 0xb5, 0x6, 0xff,
    0xff, 0x7a, 0xe8, 0xff, 0x97, 0x23, 0xff, 0xff,
    0x65, 0x0, 0xd, 0xf0, 0xff, 0xff, 0xff, 0x7d,
    0x0, 0x0, 0xe3, 0xff, 0xa2, 0x18, 0xff, 0xff,
    0x68, 0xcd, 0xff, 0xbf, 0x3, 0xeb, 0xff, 0xaf,
    0x0, 0x0, 0x41, 0xff, 0xff, 0xb9, 0x6, 0x0,
    0x2c, 0xff, 0xff, 0x6e, 0x40, 0xff, 0xff, 0x4d,
    0x8c, 0xff, 0xfa, 0xe, 0x8e, 0xff, 0x9e, 0x0,
    0x0, 0x0, 0xff, 0xff, 0x80, 0x0, 0x0, 0x23,
    0xf9, 0xf3, 0x1a, 0x8a, 0xff, 0xfb, 0x11, 0x3a,
    0xff, 0xff, 0x24, 0x2, 0x30, 0x4, 0x0, 0x0,
    0x0, 0xff, 0xff, 0x80, 0x0, 0x0, 0x0, 0x1c,
    0x1a, 0x0, 0xa5, 0xff, 0xbc, 0x0, 0x0, 0x5b,
    0x55, 0x0, 0x0, 0x0, 0x0, 0x0, 0x0, 0x0,
    0xff, 0xff, 0x80, 0x0, 0x0, 0x0, 0x0, 0x0,
    0x0, 0x19, 0x71, 0x1c, 0x0, 0x0, 0x0, 0x0,
    0x0, 0x0, 0x0, 0x0, 0x0, 0x0, 0x0, 0xff,
    0xff, 0x80, 0x0, 0x0, 0x0, 0x0, 0x0, 0x0,
    0x0, 0x0, 0x0, 0x0, 0x0, 0x0, 0x0, 0x0,
    0x0, 0x0, 0x0, 0x0, 0x0, 0x0, 0xff, 0xff,
    0x80, 0x0, 0x0, 0x0, 0x0, 0x0, 0x0, 0x0,
    0x0, 0x0, 0x0, 0x0, 0x0, 0x0, 0x0, 0x0,
    0x0, 0x0, 0x0, 0x0, 0x0, 0xff, 0xff, 0x80,
    0x0, 0x0, 0x0, 0x0, 0x0, 0x0, 0x0, 0x0,
    0x0, 0x0, 0x0, 0x0, 0x0, 0x0, 0x0, 0x0,
    0x0, 0x0, 0x0, 0x0, 0xff, 0xff, 0x80, 0x0,
    0x0, 0x0, 0x0, 0x0, 0x0, 0x0, 0x0, 0x0,
    0x0, 0x0, 0x0, 0x0, 0x0, 0x0, 0x0, 0x0,
    0x0, 0x0, 0x0, 0xff, 0xff, 0x80, 0x0, 0x0,
    0x0, 0x0, 0x0, 0x0, 0x0, 0x0, 0x0, 0x0,
    0x0, 0x0, 0x0, 0x0, 0x0, 0x0, 0x0, 0x0,
    0x0, 0x0, 0xff, 0xff, 0x80, 0x0, 0x0, 0x0,
    0x0, 0x0, 0x0, 0x0, 0x0, 0x0, 0x0, 0x0,
    0x0, 0x0, 0x0, 0x0, 0x0, 0x0, 0x0, 0x0,
    0x0, 0xff, 0xff, 0x80, 0x0, 0x0, 0x0, 0x0,
    0x0, 0x0, 0x0, 0x0, 0x0, 0x0, 0x0, 0x0,
    0x0, 0x0, 0x0, 0x0, 0x0, 0x0, 0x0, 0x0,
    0xff, 0xff, 0x80, 0x0, 0x0, 0x0, 0x0, 0x0,
    0x0, 0x0, 0x0, 0x0, 0x0, 0x0, 0x0, 0x0,
    0x0, 0x0, 0x0, 0x0, 0x0, 0x0, 0x0, 0xef,
    0xff, 0x6f, 0x0, 0x0, 0x0, 0x0, 0x0, 0x0,
    0x0, 0x0, 0x0, 0x0, 0x0, 0x0, 0x0, 0x0,
    0x0, 0x0, 0x0, 0x0, 0x0, 0x0, 0x3a, 0x6e,
    0xa, 0x0, 0x0, 0x0, 0x0, 0x0, 0x0, 0x0,
    0x0, 0x0, 0x0,

    /* U+F542 "" */
    0x0, 0x2a, 0x40, 0x40, 0x40, 0x3c, 0xd, 0x0,
    0x0, 0x0, 0x0, 0x0, 0x0, 0x0, 0x0, 0x0,
    0x2a, 0x40, 0x40, 0x40, 0x3c, 0xd, 0x0, 0x8a,
    0xff, 0xff, 0xff, 0xff, 0xff, 0xea, 0x20, 0x0,
    0x0, 0x0, 0x0, 0x0, 0x0, 0x0, 0x8a, 0xff,
    0xff, 0xff, 0xff, 0xff, 0xea, 0x20, 0xf5, 0xff,
    0xff, 0xff, 0xff, 0xff, 0xff, 0x75, 0x0, 0x0,
    0x0, 0x0, 0x0, 0x0, 0x0, 0xf5, 0xff, 0xff,
    0xff, 0xff, 0xff, 0xff, 0x75, 0xff, 0xff, 0xff,
    0xff, 0xff, 0xff, 0xff, 0xe0, 0xc0, 0xc0, 0xc0,
    0xc0, 0xc0, 0xc0, 0xc0, 0xff, 0xff, 0xff, 0xff,
    0xff, 0xff, 0xff, 0x80, 0xff, 0xff, 0xff, 0xff,
    0xff, 0xff, 0xff, 0xff, 0xff, 0xff, 0xff, 0xff,
    0xff, 0xff, 0xff, 0xff, 0xff, 0xff, 0xff, 0xff,
    0xff, 0xff, 0x80, 0xff, 0xff, 0xff, 0xff, 0xff,
    0xff, 0xff, 0xe0, 0xc0, 0xc0, 0xc0, 0xc0, 0xc0,
    0xc0, 0xc0, 0xff, 0xff, 0xff, 0xff, 0xff, 0xff,
    0xff, 0x80, 0xf5, 0xff, 0xff, 0xff, 0xff, 0xff,
    0xff, 0x92, 0x0, 0x0, 0x0, 0x0, 0x0, 0x0,
    0x0, 0xf5, 0xff, 0xff, 0xff, 0xff, 0xff, 0xff,
    0x75, 0x8a, 0xff, 0xff, 0xff, 0xff, 0xff, 0xff,
    0xfa, 0x37, 0x0, 0x0, 0x0, 0x0, 0x0, 0x0,
    0x8a, 0xff, 0xff, 0xff, 0xff, 0xff, 0xea, 0x20,
    0x0, 0x29, 0x40, 0x40, 0x40, 0x58, 0xfa, 0xff,
    0xe0, 0x11, 0x0, 0x0, 0x0, 0x0, 0x0, 0x0,
    0x29, 0x40, 0x40, 0x40, 0x3c, 0xd, 0x0, 0x0,
    0x0, 0x0, 0x0, 0x0, 0x0, 0x71, 0xff, 0xff,
    0xb0, 0x0, 0x0, 0x0, 0x0, 0x0, 0x0, 0x0,
    0x0, 0x0, 0x0, 0x0, 0x0, 0x0, 0x0, 0x0,
    0x0, 0x0, 0x0, 0x0, 0x0, 0xb0, 0xff, 0xff,
    0x82, 0x40, 0x40, 0x40, 0x35, 0x4, 0x0, 0x0,
    0x0, 0x0, 0x0, 0x0, 0x0, 0x0, 0x0, 0x0,
    0x0, 0x0, 0x0, 0x0, 0x11, 0xdf, 0xff, 0xff,
    0xff, 0xff, 0xff, 0xff, 0xc6, 0x4, 0x0, 0x0,
    0x0, 0x0, 0x0, 0x0, 0x0, 0x0, 0x0, 0x0,
    0x0, 0x0, 0x0, 0x0, 0x51, 0xff, 0xff, 0xff,
    0xff, 0xff, 0xff, 0xff, 0x35, 0x0, 0x0, 0x0,
    0x0, 0x0, 0x0, 0x0, 0x0, 0x0, 0x0, 0x0,
    0x0, 0x0, 0x0, 0x40, 0xff, 0xff, 0xff, 0xff,
    0xff, 0xff, 0xff, 0x40, 0x0, 0x0, 0x0, 0x0,
    0x0, 0x0, 0x0, 0x0, 0x0, 0x0, 0x0, 0x0,
    0x0, 0x0, 0x40, 0xff, 0xff, 0xff, 0xff, 0xff,
    0xff, 0xff, 0x40, 0x0, 0x0, 0x0, 0x0, 0x0,
    0x0, 0x0, 0x0, 0x0, 0x0, 0x0, 0x0, 0x0,
    0x0, 0x40, 0xff, 0xff, 0xff, 0xff, 0xff, 0xff,
    0xff, 0x40, 0x0, 0x0, 0x0, 0x0, 0x0, 0x0,
    0x0, 0x0, 0x0, 0x0, 0x0, 0x0, 0x0, 0x0,
    0x35, 0xff, 0xff, 0xff, 0xff, 0xff, 0xff, 0xff,
    0x35, 0x0, 0x0, 0x0, 0x0, 0x0, 0x0, 0x0,
    0x0, 0x0, 0x0, 0x0, 0x0, 0x0, 0x0, 0x4,
    0xc6, 0xff, 0xff, 0xff, 0xff, 0xff, 0xc6, 0x4,
    0x0, 0x0, 0x0, 0x0, 0x0, 0x0, 0x0, 0x0,
    0x0, 0x0, 0x0, 0x0, 0x0, 0x0, 0x0, 0x4,
    0x35, 0x40, 0x40, 0x40, 0x35, 0x4, 0x0, 0x0,
    0x0, 0x0, 0x0, 0x0, 0x0,

    /* U+F5DC "" */
    0x0, 0x0, 0x0, 0x0, 0x0, 0x0, 0x0, 0x26,
    0x34, 0x2, 0x0, 0x0, 0x2, 0x34, 0x26, 0x0,
    0x0, 0x0, 0x0, 0x0, 0x0, 0x0, 0x0, 0x0,
    0x0, 0x0, 0x0, 0x0, 0x7c, 0xff, 0xff, 0xbc,
    0x3, 0x2, 0xbc, 0xff, 0xff, 0x7d, 0x0, 0x0,
    0x0, 0x0, 0x0, 0x0, 0x0, 0x0, 0x0, 0x0,
    0x0, 0x23, 0xf5, 0xff, 0xff, 0xff, 0x3e, 0x3d,
    0xff, 0xff, 0xff, 0xf5, 0x23, 0x0, 0x0, 0x0,
    0x0, 0x0, 0x0, 0x0, 0x0, 0x0, 0x4d, 0xfa,
    0xff, 0xff, 0xff, 0xff, 0x54, 0x54, 0xff, 0xff,
    0xff, 0xff, 0xfa, 0x4d, 0x0, 0x0, 0x0, 0x0,
    0x0, 0x0, 0x0, 0x0, 0xd0, 0xff, 0xff, 0xff,
    0xff, 0xff, 0x54, 0x54, 0xff, 0xff, 0xff, 0xff,
    0xff, 0xd0, 0x0, 0x0, 0x0, 0x0, 0x0, 0x0,
    0x0, 0x9, 0xe8, 0xff, 0xff, 0xff, 0xff, 0xff,
    0x54, 0x54, 0xff, 0xff, 0xff, 0xff, 0xff, 0xe8,
    0x9, 0x0, 0x0, 0x0, 0x0, 0x0, 0x25, 0xe4,
    0xff, 0xff, 0xff, 0xff, 0xff, 0xff, 0x54, 0x54,
    0xff, 0xff, 0xff, 0xff, 0xff, 0xff, 0xe4, 0x25,
    0x0, 0x0, 0x0, 0x0, 0xa7, 0xff, 0xff, 0xff,
    0xff, 0xff, 0xff, 0xff, 0x54, 0x54, 0xff, 0xff,
    0xff, 0xff, 0xff, 0xff, 0xff, 0xa6, 0x0, 0x0,
    0x0, 0x0, 0xbe, 0xff, 0xff, 0xff, 0xff, 0xff,
    0xff, 0xff, 0x54, 0x54, 0xff, 0xff, 0xff, 0xff,
    0xff, 0xff, 0xff, 0xbe, 0x0, 0x0, 0x0, 0x0,
    0x75, 0xff, 0xff, 0xff, 0xff, 0xff, 0xff, 0xff,
    0x54, 0x54, 0xff, 0xff, 0xff, 0xff, 0xff, 0xff,
    0xff, 0x75, 0x0, 0x0, 0x0, 0x37, 0xf1, 0xff,
    0xff, 0xff, 0xff, 0xff, 0xff, 0xff, 0x54, 0x54,
    0xff, 0xff, 0xff, 0xff, 0xff, 0xff, 0xff, 0xf1,
    0x39, 0x0, 0x0, 0xce, 0xff, 0xff, 0xff, 0xff,
    0xff, 0xff, 0xff, 0xff, 0x54, 0x54, 0xff, 0xff,
    0xff, 0xff, 0xff, 0xff, 0xff, 0xff, 0xcf, 0x0,
    0x3, 0xfe, 0xff, 0xff, 0xff, 0xff, 0xff, 0xff,
    0xff, 0xff, 0x54, 0x54, 0xff, 0xff, 0xff, 0xff,
    0xff, 0xff, 0xff, 0xff, 0xfe, 0x3, 0x0, 0xe2,
    0xff, 0xff, 0xff, 0xff, 0xff, 0xff, 0xff, 0xff,
    0x54, 0x54, 0xff, 0xff, 0xff, 0xff, 0xff, 0xff,
    0xff, 0xff, 0xe1, 0x0, 0x0, 0x5b, 0xfe, 0xff,
    0xff, 0xff, 0xff, 0xff, 0xff, 0xff, 0x54, 0x54,
    0xff, 0xff, 0xff, 0xff, 0xff, 0xff, 0xff, 0xfe,
    0x5c, 0x0, 0x0, 0x0, 0x46, 0xff, 0xff, 0xff,
    0xff, 0xff, 0xff, 0xff, 0x54, 0x54, 0xff, 0xff,
    0xff, 0xff, 0xff, 0xff, 0xff, 0x47, 0x0, 0x0,
    0x0, 0x0, 0x1d, 0xff, 0xff, 0xff, 0xff, 0xff,
    0xff, 0xff, 0x54, 0x54, 0xff, 0xff, 0xff, 0xff,
    0xff, 0xff, 0xff, 0x1d, 0x0, 0x0, 0x0, 0x0,
    0x0, 0xce, 0xff, 0xff, 0xff, 0xff, 0xff, 0xff,
    0x54, 0x54, 0xff, 0xff, 0xff, 0xff, 0xff, 0xff,
    0xd0, 0x0, 0x0, 0x0, 0x0, 0x0, 0x0, 0x1a,
    0xa3, 0xce, 0xff, 0xff, 0xff, 0xff, 0x4e, 0x4e,
    0xff, 0xff, 0xff, 0xff, 0xce, 0xa4, 0x1c, 0x0,
    0x0, 0x0, 0x0, 0x0, 0x0, 0x0, 0x0, 0x0,
    0xc7, 0xff, 0xff, 0xf4, 0x18, 0x17, 0xf4, 0xff,
    0xff, 0xc8, 0x0, 0x0, 0x0, 0x0, 0x0, 0x0,
    0x0, 0x0, 0x0, 0x0, 0x0, 0x0, 0x1b, 0x95,
    0xa5, 0x3a, 0x0, 0x0, 0x3a, 0xa4, 0x95, 0x1b,
    0x0, 0x0, 0x0, 0x0, 0x0, 0x0,

    /* U+F625 "" */
    0x0, 0x0, 0x0, 0x0, 0x0, 0x0, 0x0, 0x29,
    0x5d, 0x76, 0x77, 0x5e, 0x2a, 0x0, 0x0, 0x0,
    0x0, 0x0, 0x0, 0x0, 0x0, 0x0, 0x0, 0x0,
    0x5, 0x69, 0xd8, 0xff, 0xff, 0xff, 0xff, 0xff,
    0xff, 0xd8, 0x69, 0x5, 0x0, 0x0, 0x0, 0x0,
    0x0, 0x0, 0x0, 0x24, 0xce, 0xff, 0xff, 0xff,
    0xff, 0xff, 0xff, 0xff, 0xff, 0xff, 0xff, 0xcd,
    0x23, 0x0, 0x0, 0x0, 0x0, 0x0, 0x2d, 0xea,
    0xff, 0xff, 0xff, 0xff, 0xf0, 0x28, 0x27, 0xef,
    0xff, 0xff, 0xff, 0xff, 0xea, 0x2c, 0x0, 0x0,
    0x0, 0x13, 0xe3, 0xff, 0xff, 0xfa, 0xff, 0xff,
    0xcf, 0x0, 0x0, 0xcf, 0xff, 0xff, 0xff, 0xff,
    0xff, 0xe2, 0x12, 0x0, 0x0, 0xa1, 0xff, 0xff,
    0xa3, 0x2, 0x64, 0xff, 0xff, 0x96, 0x95, 0xff,
    0xf1, 0xa3, 0xf9, 0xff, 0xff, 0xff, 0xa0, 0x0,
    0x24, 0xfd, 0xff, 0xff, 0x75, 0x0, 0x34, 0xff,
    0xff, 0xff, 0xff, 0xff, 0x6a, 0x0, 0xae, 0xff,
    0xff, 0xff, 0xfd, 0x24, 0x80, 0xff, 0xff, 0xff,
    0xf2, 0x99, 0xdb, 0xff, 0xff, 0xff, 0xff, 0xee,
    0xa, 0xa, 0xed, 0xff, 0xff, 0xff, 0xff, 0x81,
    0xc2, 0xff, 0xff, 0xff, 0xff, 0xff, 0xff, 0xff,
    0xff, 0xff, 0xff, 0x89, 0x0, 0x68, 0xff, 0xff,
    0xff, 0xff, 0xff, 0xc3, 0xeb, 0xff, 0xe9, 0x66,
    0xa1, 0xff, 0xff, 0xff, 0xff, 0xff, 0xfb, 0x1d,
    0x1, 0xd7, 0xff, 0xa2, 0x65, 0xe8, 0xff, 0xeb,
    0xfb, 0xff, 0x8c, 0x0, 0xb, 0xff, 0xff, 0xff,
    0xff, 0xff, 0xa8, 0x0, 0x4b, 0xff, 0xff, 0xc,
    0x0, 0x8b, 0xff, 0xfa, 0xee, 0xff, 0xda, 0x3e,
    0x7e, 0xff, 0xff, 0xff, 0xff, 0xee, 0x36, 0x0,
    0xbc, 0xff, 0xff, 0x80, 0x3e, 0xd9, 0xff, 0xed,
    0xc8, 0xff, 0xff, 0xff, 0xff, 0xff, 0xff, 0xff,
    0x6b, 0x0, 0x0, 0x14, 0xfe, 0xff, 0xff, 0xff,
    0xff, 0xff, 0xff, 0xc9, 0x89, 0xff, 0xff, 0xff,
    0xff, 0xff, 0xff, 0xb6, 0x0, 0x0, 0x0, 0x0,
    0xb1, 0xff, 0xff, 0xff, 0xff, 0xff, 0xff, 0x8a,
    0x2f, 0xff, 0xff, 0xff, 0xff, 0xff, 0xff, 0x8f,
    0x0, 0x0, 0x0, 0x0, 0x8e, 0xff, 0xff, 0xff,
    0xff, 0xff, 0xff, 0x2f, 0x0, 0xb1, 0xff, 0xff,
    0xff, 0xff, 0xff, 0xd6, 0x5, 0x0, 0x0, 0x5,
    0xd4, 0xff, 0xff, 0xff, 0xff, 0xff, 0xb1, 0x0,
    0x0, 0x1d, 0xee, 0xff, 0xff, 0xff, 0xff, 0xff,
    0xb8, 0x3f, 0x3f, 0xb6, 0xff, 0xff, 0xff, 0xff,
    0xff, 0xed, 0x1c, 0x0, 0x0, 0x0, 0x3e, 0xf5,
    0xff, 0xff, 0xff, 0xff, 0xff, 0xff, 0xff, 0xff,
    0xff, 0xff, 0xff, 0xff, 0xf5, 0x3d, 0x0, 0x0,
    0x0, 0x0, 0x0, 0x36, 0xe1, 0xff, 0xff, 0xff,
    0xff, 0xff, 0xff, 0xff, 0xff, 0xff, 0xff, 0xe1,
    0x35, 0x0, 0x0, 0x0, 0x0, 0x0, 0x0, 0x0,
    0xe, 0x86, 0xef, 0xff, 0xff, 0xff, 0xff, 0xff,
    0xff, 0xef, 0x86, 0xe, 0x0, 0x0, 0x0, 0x0,
    0x0, 0x0, 0x0, 0x0, 0x0, 0x0, 0x6, 0x46,
    0x7b, 0x94, 0x94, 0x7b, 0x47, 0x6, 0x0, 0x0,
    0x0, 0x0, 0x0, 0x0,

    /* U+F6FC "" */
    0x0, 0x0, 0x0, 0x0, 0x0, 0x0, 0x0, 0x0,
    0x0, 0x4a, 0x4b, 0x0, 0x0, 0x0, 0x0, 0x0,
    0x0, 0x0, 0x0, 0x0, 0x0, 0x0, 0x0, 0x0,
    0x0, 0x0, 0x0, 0x0, 0x61, 0xff, 0xff, 0x64,
    0x0, 0x0, 0x0, 0x0, 0x0, 0x0, 0x0, 0x0,
    0x0, 0x0, 0x0, 0x0, 0x0, 0x0, 0x0, 0x15,
    0xed, 0xff, 0xff, 0xef, 0x17, 0x0, 0x0, 0x0,
    0x0, 0x0, 0x0, 0x0, 0x0, 0x0, 0x0, 0x0,
    0x0, 0x0, 0x0, 0xa4, 0xff, 0xff, 0xff, 0xff,
    0xa7, 0x0, 0x0, 0x0, 0x0, 0x0, 0x0, 0x0,
    0x0, 0x0, 0x0, 0x0, 0x0, 0x0, 0x44, 0xff,
    0xff, 0xad, 0xae, 0xff, 0xff, 0x48, 0x0, 0x0,
    0x0, 0x0, 0x0, 0x0, 0x0, 0x0, 0x0, 0x0,
    0x0, 0x8, 0xdb, 0xff, 0xf2, 0x1b, 0x1b, 0xf1,
    0xff, 0xde, 0x9, 0x0, 0x0, 0x0, 0x0, 0x0,
    0x0, 0x0, 0x0, 0x0, 0x0, 0x85, 0xff, 0xff,
    0x6f, 0x0, 0x0, 0x6d, 0xff, 0xff, 0x88, 0x0,
    0x0, 0x0, 0x0, 0x0, 0x0, 0x0, 0x0, 0x0,
    0x2a, 0xfa, 0xff, 0xcd, 0x3, 0x0, 0x0, 0x2,
    0xc9, 0xff, 0xfb, 0x2d, 0x0, 0x0, 0x0, 0x0,
    0x0, 0x0, 0x0, 0x1, 0xc3, 0xff, 0xfd, 0x34,
    0x0, 0x50, 0xe8, 0xf4, 0xf9, 0xff, 0xff, 0xc6,
    0x1, 0x0, 0x0, 0x0, 0x0, 0x0, 0x0, 0x65,
    0xff, 0xff, 0xff, 0x59, 0x24, 0xf2, 0xff, 0xff,
    0xff, 0xff, 0xff, 0xff, 0x68, 0x0, 0x0, 0x0,
    0x0, 0x0, 0x16, 0xee, 0xff, 0xff, 0xff, 0xfc,
    0xf4, 0xff, 0xff, 0xff, 0xff, 0xff, 0xff, 0xff,
    0xf0, 0x18, 0x0, 0x0, 0x0, 0x0, 0xa6, 0xff,
    0xff, 0xff, 0xff, 0xff, 0xff, 0xff, 0xff, 0xff,
    0xff, 0xff, 0xff, 0xff, 0xff, 0xa9, 0x0, 0x0,
    0x0, 0x46, 0xff, 0xff, 0xff, 0xff, 0xff, 0xff,
    0xff, 0xff, 0xff, 0xff, 0xff, 0xff, 0xff, 0xff,
    0xff, 0xff, 0x49, 0x0, 0x9, 0xdc, 0xff, 0xff,
    0xff, 0xff, 0xff, 0xff, 0xff, 0xff, 0xff, 0xff,
    0xff, 0xff, 0xff, 0xff, 0xff, 0xff, 0xdf, 0xa,
    0x84, 0xff, 0xff, 0xff, 0xff, 0xff, 0xff, 0xff,
    0xff, 0xff, 0xff, 0xff, 0xff, 0xff, 0xff, 0xff,
    0xff, 0xff, 0xff, 0x87, 0xee, 0xff, 0xff, 0xff,
    0xff, 0xff, 0xff, 0xff, 0xff, 0xff, 0xff, 0xff,
    0xff, 0xff, 0xff, 0xff, 0xff, 0xff, 0xff, 0xef,
    0xd9, 0xff, 0xff, 0xff, 0xff, 0xff, 0xff, 0xff,
    0xff, 0xff, 0xff, 0xff, 0xff, 0xff, 0xff, 0xff,
    0xff, 0xff, 0xff, 0xda, 0x42, 0xe2, 0xff, 0xff,
    0xff, 0xff, 0xff, 0xff, 0xff, 0xff, 0xff, 0xff,
    0xff, 0xff, 0xff, 0xff, 0xff, 0xff, 0xe2, 0x42,
    0x0, 0x0, 0xb, 0xc, 0xc, 0xc, 0xc, 0xc,
    0xc, 0xc, 0xc, 0xc, 0xc, 0xc, 0xc, 0xc,
    0xc, 0xb, 0x0, 0x0,

    /* U+F6FF "" */
    0x0, 0x0, 0x0, 0x0, 0x0, 0x0, 0x0, 0x0,
    0x39, 0x7c, 0x7f, 0x7f, 0x7f, 0x7f, 0x7f, 0x7c,
    0x39, 0x0, 0x0, 0x0, 0x0, 0x0, 0x0, 0x0,
    0x0, 0x0, 0x0, 0x0, 0x0, 0x0, 0x0, 0x0,
    0x38, 0xfe, 0xff, 0xff, 0xff, 0xff, 0xff, 0xff,
    0xff, 0xfe, 0x39, 0x0, 0x0, 0x0, 0x0, 0x0,
    0x0, 0x0, 0x0, 0x0, 0x0, 0x0, 0x0, 0x0,
    0x0, 0x7c, 0xff, 0xff, 0xff, 0xff, 0xff, 0xff,
    0xff, 0xff, 0xff, 0x7c, 0x0, 0x0, 0x0, 0x0,
    0x0, 0x0, 0x0, 0x0, 0x0, 0x0, 0x0, 0x0,
    0x0, 0x0, 0x7f, 0xff, 0xff, 0x0, 0x0, 0x0,
    0x0, 0x0, 0xff, 0xff, 0x7f, 0x0, 0x0, 0x0,
    0x0, 0x0, 0x0, 0x0, 0x0, 0x0, 0x0, 0x0,
    0x0, 0x0, 0x0, 0x7f, 0xff, 0xff, 0x0, 0x0,
    0x0, 0x0, 0x0, 0xff, 0xff, 0x7f, 0x0, 0x0,
    0x0, 0x0, 0x0, 0x0, 0x0, 0x0, 0x0, 0x0,
    0x0, 0x0, 0x0, 0x0, 0x7f, 0xff, 0xff, 0x7f,
    0x7f, 0x7f, 0x7f, 0x7f, 0xff, 0xff, 0x7f, 0x0,
    0x0, 0x0, 0x0, 0x0, 0x0, 0x0, 0x0, 0x0,
    0x0, 0x0, 0x0, 0x0, 0x0, 0x69, 0xff, 0xff,
    0xff, 0xff, 0xff, 0xff, 0xff, 0xff, 0xff, 0x69,
    0x0, 0x0, 0x0, 0x0, 0x0, 0x0, 0x0, 0x0,
    0x0, 0x0, 0x0, 0x0, 0x0, 0x0, 0xc, 0xb7,
    0xfc, 0xff, 0xff, 0xff, 0xff, 0xff, 0xfc, 0xb7,
    0xc, 0x0, 0x0, 0x0, 0x0, 0x0, 0x0, 0x0,
    0x0, 0x0, 0x0, 0x0, 0x0, 0x0, 0x0, 0x0,
    0x0, 0x0, 0x0, 0xbf, 0xff, 0xbf, 0x0, 0x0,
    0x0, 0x0, 0x0, 0x0, 0x0, 0x0, 0x0, 0x0,
    0x0, 0x43, 0x8a, 0x8b, 0x8b, 0x8b, 0x8b, 0x8b,
    0x8b, 0x8b, 0x8b, 0x8b, 0xe2, 0xff, 0xe2, 0x8b,
    0x8b, 0x8b, 0x8b, 0x8b, 0x8b, 0x8b, 0x8b, 0x8b,
    0x8a, 0x44, 0xf0, 0xff, 0xff, 0xff, 0xff, 0xff,
    0xff, 0xff, 0xff, 0xff, 0xff, 0xff, 0xff, 0xff,
    0xff, 0xff, 0xff, 0xff, 0xff, 0xff, 0xff, 0xff,
    0xff, 0xff, 0xf0, 0x9d, 0xf2, 0xf3, 0xf3, 0xf3,
    0xff, 0xff, 0xf9, 0xf3, 0xf3, 0xf3, 0xf3, 0xf3,
    0xf3, 0xf3, 0xf3, 0xf3, 0xf9, 0xff, 0xff, 0xf3,
    0xf3, 0xf3, 0xf2, 0x9f, 0x0, 0x0, 0x0, 0x0,
    0x0, 0xff, 0xff, 0x7f, 0x0, 0x0, 0x0, 0x0,
    0x0, 0x0, 0x0, 0x0, 0x0, 0x7f, 0xff, 0xff,
    0x0, 0x0, 0x0, 0x0, 0x0, 0x0, 0x2b, 0xd4,
    0xff, 0xff, 0xff, 0xff, 0xff, 0xff, 0xf5, 0x8b,
    0x0, 0x0, 0x0, 0x8b, 0xf5, 0xff, 0xff, 0xff,
    0xff, 0xff, 0xff, 0xd4, 0x2b, 0x0, 0x0, 0xa9,
    0xff, 0xff, 0xff, 0xff, 0xff, 0xff, 0xff, 0xff,
    0xff, 0x2a, 0x0, 0x29, 0xff, 0xff, 0xff, 0xff,
    0xff, 0xff, 0xff, 0xff, 0xff, 0xa9, 0x0, 0x0,
    0xbf, 0xff, 0xdf, 0x7f, 0x7f, 0x7f, 0x7f, 0x9f,
    0xff, 0xff, 0x3f, 0x0, 0x3f, 0xff, 0xff, 0x9f,
    0x7f, 0x7f, 0x7f, 0x7f, 0xdf, 0xff, 0xbf, 0x0,
    0x0, 0xbf, 0xff, 0xbf, 0x0, 0x0, 0x0, 0x0,
    0x3f, 0xff, 0xff, 0x3f, 0x0, 0x3f, 0xff, 0xff,
    0x3f, 0x0, 0x0, 0x0, 0x0, 0xbf, 0xff, 0xbf,
    0x0, 0x0, 0xbf, 0xff, 0xbf, 0x0, 0x0, 0x0,
    0x0, 0x3f, 0xff, 0xff, 0x3f, 0x0, 0x3f, 0xff,
    0xff, 0x3f, 0x0, 0x0, 0x0, 0x0, 0xbf, 0xff,
    0xbf, 0x0, 0x0, 0xbc, 0xff, 0xff, 0xff, 0xff,
    0xff, 0xff, 0xff, 0xff, 0xff, 0x3c, 0x0, 0x3c,
    0xff, 0xff, 0xff, 0xff, 0xff, 0xff, 0xff, 0xff,
    0xff, 0xbc, 0x0, 0x0, 0x77, 0xff, 0xff, 0xff,
    0xff, 0xff, 0xff, 0xff, 0xff, 0xea, 0xd, 0x0,
    0xd, 0xea, 0xff, 0xff, 0xff, 0xff, 0xff, 0xff,
    0xff, 0xff, 0x78, 0x0, 0x0, 0x1, 0x55, 0x7f,
    0x7f, 0x7f, 0x7f, 0x7f, 0x7f, 0x75, 0x20, 0x0,
    0x0, 0x0, 0x20, 0x75, 0x7f, 0x7f, 0x7f, 0x7f,
    0x7f, 0x7f, 0x55, 0x1, 0x0,

    /* U+F773 "" */
    0x0, 0x0, 0x0, 0x0, 0x5, 0x0, 0x0, 0x0,
    0x0, 0x0, 0x0, 0x0, 0x3, 0x0, 0x0, 0x0,
    0x0, 0x0, 0x0, 0x6, 0x0, 0x0, 0x0, 0x0,
    0x0, 0x0, 0x7, 0x77, 0xf6, 0xd1, 0x52, 0x5,
    0x0, 0x3, 0x4b, 0xc8, 0xf3, 0x91, 0x1b, 0x0,
    0x0, 0x1e, 0x91, 0xf7, 0xc8, 0x30, 0x0, 0x0,
    0x0, 0x77, 0xef, 0xff, 0xff, 0xff, 0xff, 0xf9,
    0xdb, 0xf8, 0xff, 0xff, 0xff, 0xff, 0xff, 0xe6,
    0xe7, 0xff, 0xff, 0xff, 0xff, 0xff, 0xc8, 0x22,
    0x0, 0xef, 0xff, 0xff, 0xd6, 0xe9, 0xff, 0xff,
    0xff, 0xff, 0xff, 0xef, 0xc7, 0xff, 0xff, 0xff,
    0xff, 0xff, 0xff, 0xc9, 0xf7, 0xff, 0xff, 0x71,
    0x0, 0x56, 0x98, 0x4d, 0x2, 0x7, 0x57, 0x8a,
    0xa6, 0x8b, 0x56, 0x9, 0x0, 0x29, 0x77, 0x9e,
    0x9d, 0x77, 0x2a, 0x0, 0x1c, 0x76, 0x96, 0x13,
    0x0, 0x0, 0x0, 0x0, 0x0, 0x0, 0x0, 0x0,
    0x0, 0x0, 0x0, 0x0, 0x0, 0x0, 0x0, 0x0,
    0x0, 0x0, 0x0, 0x0, 0x0, 0x0, 0x0, 0x0,
    0x0, 0x0, 0x0, 0x0, 0x44, 0x1f, 0x0, 0x0,
    0x0, 0x0, 0x0, 0x18, 0x3e, 0x2, 0x0, 0x0,
    0x0, 0x0, 0x2, 0x45, 0x1c, 0x0, 0x0, 0x0,
    0x0, 0x1, 0x3f, 0xbe, 0xff, 0xfa, 0x9a, 0x47,
    0x23, 0x44, 0x93, 0xf8, 0xff, 0xd6, 0x63, 0x2e,
    0x2f, 0x66, 0xd6, 0xff, 0xf4, 0x78, 0x16, 0x0,
    0x0, 0xba, 0xff, 0xff, 0xff, 0xff, 0xff, 0xff,
    0xff, 0xff, 0xff, 0xff, 0xff, 0xff, 0xff, 0xff,
    0xff, 0xff, 0xff, 0xff, 0xff, 0xff, 0xf9, 0x43,
    0x0, 0xe0, 0xff, 0xf7, 0x91, 0xa9, 0xfa, 0xff,
    0xff, 0xff, 0xfb, 0xb1, 0x7f, 0xe0, 0xff, 0xff,
    0xff, 0xff, 0xdf, 0x81, 0xcc, 0xff, 0xff, 0x63,
    0x0, 0x21, 0x50, 0xd, 0x0, 0x0, 0x14, 0x42,
    0x5e, 0x43, 0x13, 0x0, 0x0, 0x1, 0x2f, 0x56,
    0x55, 0x2f, 0x2, 0x0, 0x0, 0x2e, 0x4e, 0x1,
    0x0, 0x0, 0x0, 0x0, 0x0, 0x0, 0x0, 0x0,
    0x0, 0x0, 0x0, 0x0, 0x0, 0x0, 0x0, 0x0,
    0x0, 0x0, 0x0, 0x0, 0x0, 0x0, 0x0, 0x0,
    0x0, 0x0, 0x0, 0x2d, 0xa7, 0x80, 0x11, 0x0,
    0x0, 0x0, 0xd, 0x78, 0xa6, 0x41, 0x0, 0x0,
    0x0, 0x0, 0x41, 0xad, 0x78, 0x5, 0x0, 0x0,
    0x0, 0x35, 0xa7, 0xfa, 0xff, 0xff, 0xf1, 0xaf,
    0x8b, 0xac, 0xed, 0xff, 0xff, 0xff, 0xcb, 0x96,
    0x97, 0xce, 0xff, 0xff, 0xff, 0xdb, 0x78, 0x7,
    0x0, 0xea, 0xff, 0xff, 0xff, 0xff, 0xff, 0xff,
    0xff, 0xff, 0xff, 0xff, 0xfe, 0xff, 0xff, 0xff,
    0xff, 0xff, 0xff, 0xff, 0xff, 0xff, 0xff, 0x6d,
    0x0, 0x9d, 0xe8, 0x9d, 0x29, 0x41, 0xa7, 0xda,
    0xf6, 0xdb, 0xa6, 0x49, 0x19, 0x7a, 0xc7, 0xee,
    0xed, 0xc7, 0x7a, 0x19, 0x64, 0xc6, 0xe6, 0x33,
    0x0, 0x0, 0x0, 0x0, 0x0, 0x0, 0x0, 0x0,
    0x0, 0x0, 0x0, 0x0, 0x0, 0x0, 0x0, 0x0,
    0x0, 0x0, 0x0, 0x0, 0x0, 0x0, 0x0, 0x0,

    /* U+F7C2 "" */
    0x0, 0x0, 0x0, 0x0, 0x11, 0x41, 0x47, 0x47,
    0x47, 0x47, 0x47, 0x47, 0x41, 0x10, 0x0, 0x0,
    0x0, 0x0, 0x4e, 0xf0, 0xff, 0xff, 0xff, 0xff,
    0xff, 0xff, 0xff, 0xff, 0xf1, 0x44, 0x0, 0x0,
    0x4f, 0xfa, 0xff, 0xff, 0xff, 0xff, 0xff, 0xff,
    0xff, 0xff, 0xff, 0xff, 0xd6, 0x0, 0x4e, 0xfa,
    0xff, 0xb9, 0x66, 0xff, 0xb5, 0x5d, 0xfd, 0xc7,
    0x4f, 0xd6, 0xff, 0xfe, 0x43, 0xf9, 0xff, 0xff,
    0x61, 0x0, 0xed, 0x55, 0x0, 0xd9, 0x69, 0x0,
    0x81, 0xff, 0xff, 0xd6, 0xff, 0xff, 0xff, 0x5f,
    0x0, 0xeb, 0x53, 0x0, 0xd7, 0x67, 0x0, 0x7f,
    0xff, 0xff, 0xfe, 0xff, 0xff, 0xff, 0x9c, 0x36,
    0xfd, 0x96, 0x2d, 0xf6, 0xac, 0x1f, 0xbf, 0xff,
    0xff, 0xff, 0xff, 0xff, 0xff, 0xff, 0xff, 0xff,
    0xff, 0xff, 0xff, 0xff, 0xff, 0xff, 0xff, 0xff,
    0xff, 0xff, 0xff, 0xff, 0xff, 0xff, 0xff, 0xff,
    0xff, 0xff, 0xff, 0xff, 0xff, 0xff, 0xff, 0xff,
    0xff, 0xff, 0xff, 0xff, 0xff, 0xff, 0xff, 0xff,
    0xff, 0xff, 0xff, 0xff, 0xff, 0xff, 0xff, 0xff,
    0xff, 0xff, 0xff, 0xff, 0xff, 0xff, 0xff, 0xff,
    0xff, 0xff, 0xff, 0xff, 0xff, 0xff, 0xff, 0xff,
    0xff, 0xff, 0xff, 0xff, 0xff, 0xff, 0xff, 0xff,
    0xff, 0xff, 0xff, 0xff, 0xff, 0xff, 0xff, 0xff,
    0xff, 0xff, 0xff, 0xff, 0xff, 0xff, 0xff, 0xff,
    0xff, 0xff, 0xff, 0xff, 0xff, 0xff, 0xff, 0xff,
    0xff, 0xff, 0xff, 0xff, 0xff, 0xff, 0xff, 0xff,
    0xff, 0xff, 0xff, 0xff, 0xff, 0xff, 0xff, 0xff,
    0xff, 0xff, 0xff, 0xff, 0xff, 0xff, 0xff, 0xff,
    0xff, 0xff, 0xff, 0xff, 0xff, 0xff, 0xff, 0xff,
    0xff, 0xff, 0xff, 0xff, 0xff, 0xff, 0xff, 0xff,
    0xff, 0xff, 0xff, 0xff, 0xff, 0xff, 0xff, 0xff,
    0xff, 0xff, 0xff, 0xff, 0xff, 0xff, 0xff, 0xff,
    0xff, 0xff, 0xff, 0xff, 0xff, 0xff, 0xff, 0xff,
    0xff, 0xff, 0xff, 0xff, 0xff, 0xff, 0xef, 0xff,
    0xff, 0xff, 0xff, 0xff, 0xff, 0xff, 0xff, 0xff,
    0xff, 0xff, 0xff, 0xff, 0xf0, 0x92, 0xff, 0xff,
    0xff, 0xff, 0xff, 0xff, 0xff, 0xff, 0xff, 0xff,
    0xff, 0xff, 0xff, 0x95, 0x4, 0x71, 0xb1, 0xb7,
    0xb7, 0xb7, 0xb7, 0xb7, 0xb7, 0xb7, 0xb7, 0xb7,
    0xb1, 0x72, 0x5,

    /* U+F83E "" */
    0x0, 0x0, 0x0, 0x0, 0x0, 0x30, 0x72, 0x74,
    0x74, 0x74, 0x74, 0x74, 0x69, 0xc, 0x0, 0x0,
    0x0, 0x0, 0x0, 0x0, 0x0, 0x0, 0x0, 0x0,
    0x0, 0x0, 0x0, 0x0, 0x0, 0x0, 0xe9, 0xff,
    0xff, 0xff, 0xff, 0xff, 0xff, 0xff, 0x80, 0x0,
    0x0, 0x0, 0x0, 0x0, 0x0, 0x0, 0x0, 0x0,
    0x0, 0x0, 0x0, 0x0, 0x0, 0x0, 0x0, 0xff,
    0xff, 0xff, 0xff, 0xff, 0xff, 0xff, 0xff, 0x94,
    0x0, 0x0, 0x0, 0x0, 0x0, 0x0, 0x0, 0x0,
    0x0, 0x0, 0x0, 0x0, 0x0, 0x0, 0x0, 0x0,
    0xff, 0xff, 0x86, 0xc, 0xc, 0xc, 0xec, 0xff,
    0x94, 0x0, 0x0, 0x0, 0x0, 0x0, 0x0, 0x0,
    0x0, 0x0, 0x0, 0x0, 0x0, 0x0, 0x0, 0x0,
    0x0, 0xff, 0xff, 0x80, 0x0, 0x0, 0x0, 0xec,
    0xff, 0x94, 0x0, 0x0, 0x0, 0x0, 0x0, 0x0,
    0x0, 0x0, 0x0, 0x0, 0x0, 0x0, 0x0, 0x0,
    0x0, 0x0, 0xff, 0xff, 0x80, 0x0, 0x0, 0x0,
    0xec, 0xff, 0x94, 0x0, 0x0, 0x0, 0x0, 0x0,
    0x0, 0x0, 0x0, 0x0, 0x0, 0x0, 0x0, 0x0,
    0x0, 0x0, 0x0, 0xff, 0xff, 0x80, 0x0, 0x0,
    0x0, 0xec, 0xff, 0x94, 0x0, 0x0, 0x0, 0x0,
    0x0, 0x0, 0x0, 0x0, 0x0, 0x0, 0x0, 0x0,
    0x0, 0x0, 0x0, 0x0, 0xff, 0xff, 0x80, 0x0,
    0x0, 0x0, 0xec, 0xff, 0x94, 0x0, 0x0, 0x0,
    0x0, 0x0, 0x0, 0x0, 0x0, 0x0, 0x0, 0x0,
    0x43, 0x8a, 0x8c, 0x8c, 0x8c, 0xff, 0xff, 0x80,
    0x0, 0x0, 0x0, 0xec, 0xff, 0x94, 0x0, 0x0,
    0x0, 0xd, 0x7c, 0x8c, 0x8c, 0x8c, 0x8c, 0x8a,
    0x44, 0xf0, 0xff, 0xff, 0xff, 0xff, 0xff, 0xff,
    0x7d, 0x0, 0x0, 0x0, 0xec, 0xff, 0x94, 0x0,
    0x0, 0x0, 0x74, 0xff, 0xff, 0xff, 0xff, 0xff,
    0xff, 0xf0, 0x9d, 0xf2, 0xf4, 0xf4, 0xf4, 0xf4,
    0xe2, 0x32, 0x0, 0x0, 0x0, 0xec, 0xff, 0x94,
    0x0, 0x0, 0x0, 0x80, 0xff, 0xff, 0xf4, 0xf4,
    0xf4, 0xf2, 0x9f, 0x0, 0x0, 0x0, 0x0, 0x0,
    0x0, 0x0, 0x0, 0x0, 0x0, 0x0, 0xec, 0xff,
    0x94, 0x0, 0x0, 0x0, 0x80, 0xff, 0xff, 0x0,
    0x0, 0x0, 0x0, 0x0, 0x0, 0x0, 0x0, 0x0,
    0x0, 0x0, 0x0, 0x0, 0x0, 0x0, 0x0, 0xec,
    0xff, 0x94, 0x0, 0x0, 0x0, 0x80, 0xff, 0xff,
    0x0, 0x0, 0x0, 0x0, 0x0, 0x0, 0x0, 0x0,
    0x0, 0x0, 0x0, 0x0, 0x0, 0x0, 0x0, 0x0,
    0xec, 0xff, 0x94, 0x0, 0x0, 0x0, 0x80, 0xff,
    0xff, 0x0, 0x0, 0x0, 0x0, 0x0, 0x0, 0x0,
    0x0, 0x0, 0x0, 0x0, 0x0, 0x0, 0x0, 0x0,
    0x0, 0xec, 0xff, 0x94, 0x0, 0x0, 0x0, 0x80,
    0xff, 0xff, 0x0, 0x0, 0x0, 0x0, 0x0, 0x0,
    0x0, 0x0, 0x0, 0x0, 0x0, 0x0, 0x0, 0x0,
    0x0, 0x0, 0xec, 0xff, 0xc4, 0x74, 0x74, 0x74,
    0xba, 0xff, 0xff, 0x0, 0x0, 0x0, 0x0, 0x0,
    0x0, 0x0, 0x0, 0x0, 0x0, 0x0, 0x0, 0x0,
    0x0, 0x0, 0x0, 0xeb, 0xff, 0xff, 0xff, 0xff,
    0xff, 0xff, 0xff, 0xff, 0x0, 0x0, 0x0, 0x0,
    0x0, 0x0, 0x0, 0x0, 0x0, 0x0, 0x0, 0x0,
    0x0, 0x0, 0x0, 0x0, 0xa1, 0xff, 0xff, 0xff,
    0xff, 0xff, 0xff, 0xff, 0xbb, 0x0, 0x0, 0x0,
    0x0, 0x0, 0x0, 0x0, 0x0, 0x0, 0x0, 0x0,
    0x0, 0x0, 0x0, 0x0, 0x0, 0x0, 0x9, 0xc,
    0xc, 0xc, 0xc, 0xc, 0xa, 0x0, 0x0, 0x0,
    0x0, 0x0, 0x0
};


/*---------------------
 *  GLYPH DESCRIPTION
 *--------------------*/

static const lv_font_fmt_txt_glyph_dsc_t glyph_dsc[] = {
    {.bitmap_index = 0, .adv_w = 0, .box_w = 0, .box_h = 0, .ofs_x = 0, .ofs_y = 0} /* id = 0 reserved */,
    {.bitmap_index = 0, .adv_w = 72, .box_w = 0, .box_h = 0, .ofs_x = 0, .ofs_y = 0},
    {.bitmap_index = 0, .adv_w = 103, .box_w = 4, .box_h = 14, .ofs_x = 1, .ofs_y = 0},
    {.bitmap_index = 56, .adv_w = 152, .box_w = 7, .box_h = 6, .ofs_x = 1, .ofs_y = 10},
    {.bitmap_index = 98, .adv_w = 178, .box_w = 11, .box_h = 14, .ofs_x = 0, .ofs_y = 0},
    {.bitmap_index = 252, .adv_w = 178, .box_w = 9, .box_h = 19, .ofs_x = 1, .ofs_y = -2},
    {.bitmap_index = 423, .adv_w = 295, .box_w = 18, .box_h = 14, .ofs_x = 0, .ofs_y = 0},
    {.bitmap_index = 675, .adv_w = 218, .box_w = 14, .box_h = 14, .ofs_x = 0, .ofs_y = 0},
    {.bitmap_index = 871, .adv_w = 89, .box_w = 3, .box_h = 6, .ofs_x = 1, .ofs_y = 10},
    {.bitmap_index = 889, .adv_w = 108, .box_w = 5, .box_h = 21, .ofs_x = 1, .ofs_y = -4},
    {.bitmap_index = 994, .adv_w = 108, .box_w = 5, .box_h = 21, .ofs_x = 0, .ofs_y = -4},
    {.bitmap_index = 1099, .adv_w = 149, .box_w = 8, .box_h = 7, .ofs_x = 1, .ofs_y = 9},
    {.bitmap_index = 1155, .adv_w = 178, .box_w = 11, .box_h = 10, .ofs_x = 0, .ofs_y = 2},
    {.bitmap_index = 1265, .adv_w = 89, .box_w = 4, .box_h = 7, .ofs_x = 1, .ofs_y = -4},
    {.bitmap_index = 1293, .adv_w = 111, .box_w = 7, .box_h = 3, .ofs_x = 0, .ofs_y = 4},
    {.bitmap_index = 1314, .adv_w = 89, .box_w = 4, .box_h = 3, .ofs_x = 1, .ofs_y = 0},
    {.bitmap_index = 1326, .adv_w = 125, .box_w = 8, .box_h = 19, .ofs_x = 0, .ofs_y = -3},
    {.bitmap_index = 1478, .adv_w = 178, .box_w = 10, .box_h = 14, .ofs_x = 1, .ofs_y = 0},
    {.bitmap_index = 1618, .adv_w = 178, .box_w = 9, .box_h = 14, .ofs_x = 1, .ofs_y = 0},
    {.bitmap_index = 1744, .adv_w = 178, .box_w = 11, .box_h = 14, .ofs_x = 0, .ofs_y = 0},
    {.bitmap_index = 1898, .adv_w = 178, .box_w = 10, .box_h = 14, .ofs_x = 0, .ofs_y = 0},
    {.bitmap_index = 2038, .adv_w = 178, .box_w = 11, .box_h = 14, .ofs_x = 0, .ofs_y = 0},
    {.bitmap_index = 2192, .adv_w = 178, .box_w = 11, .box_h = 14, .ofs_x = 0, .ofs_y = 0},
    {.bitmap_index = 2346, .adv_w = 178, .box_w = 10, .box_h = 14, .ofs_x = 1, .ofs_y = 0},
    {.bitmap_index = 2486, .adv_w = 178, .box_w = 11, .box_h = 14, .ofs_x = 0, .ofs_y = 0},
    {.bitmap_index = 2640, .adv_w = 178, .box_w = 11, .box_h = 14, .ofs_x = 0, .ofs_y = 0},
    {.bitmap_index = 2794, .adv_w = 178, .box_w = 11, .box_h = 14, .ofs_x = 0, .ofs_y = 0},
    {.bitmap_index = 2948, .adv_w = 89, .box_w = 4, .box_h = 11, .ofs_x = 1, .ofs_y = 0},
    {.bitmap_index = 2992, .adv_w = 89, .box_w = 4, .box_h = 15, .ofs_x = 1, .ofs_y = -4},
    {.bitmap_index = 3052, .adv_w = 178, .box_w = 11, .box_h = 10, .ofs_x = 0, .ofs_y = 2},
    {.bitmap_index = 3162, .adv_w = 178, .box_w = 11, .box_h = 7, .ofs_x = 0, .ofs_y = 4},
    {.bitmap_index = 3239, .adv_w = 178, .box_w = 11, .box_h = 10, .ofs_x = 0, .ofs_y = 2},
    {.bitmap_index = 3349, .adv_w = 152, .box_w = 9, .box_h = 14, .ofs_x = 0, .ofs_y = 0},
    {.bitmap_index = 3475, .adv_w = 303, .box_w = 17, .box_h = 18, .ofs_x = 1, .ofs_y = -4},
    {.bitmap_index = 3781, .adv_w = 195, .box_w = 13, .box_h = 14, .ofs_x = 0, .ofs_y = 0},
    {.bitmap_index = 3963, .adv_w = 210, .box_w = 11, .box_h = 14, .ofs_x = 2, .ofs_y = 0},
    {.bitmap_index = 4117, .adv_w = 204, .box_w = 12, .box_h = 14, .ofs_x = 1, .ofs_y = 0},
    {.bitmap_index = 4285, .adv_w = 220, .box_w = 11, .box_h = 14, .ofs_x = 2, .ofs_y = 0},
    {.bitmap_index = 4439, .adv_w = 188, .box_w = 9, .box_h = 14, .ofs_x = 2, .ofs_y = 0},
    {.bitmap_index = 4565, .adv_w = 177, .box_w = 9, .box_h = 14, .ofs_x = 2, .ofs_y = 0},
    {.bitmap_index = 4691, .adv_w = 220, .box_w = 12, .box_h = 14, .ofs_x = 1, .ofs_y = 0},
    {.bitmap_index = 4859, .adv_w = 233, .box_w = 11, .box_h = 14, .ofs_x = 2, .ofs_y = 0},
    {.bitmap_index = 5013, .adv_w = 94, .box_w = 2, .box_h = 14, .ofs_x = 2, .ofs_y = 0},
    {.bitmap_index = 5041, .adv_w = 171, .box_w = 9, .box_h = 14, .ofs_x = 0, .ofs_y = 0},
    {.bitmap_index = 5167, .adv_w = 207, .box_w = 11, .box_h = 14, .ofs_x = 2, .ofs_y = 0},
    {.bitmap_index = 5321, .adv_w = 174, .box_w = 9, .box_h = 14, .ofs_x = 2, .ofs_y = 0},
    {.bitmap_index = 5447, .adv_w = 260, .box_w = 13, .box_h = 14, .ofs_x = 2, .ofs_y = 0},
    {.bitmap_index = 5629, .adv_w = 231, .box_w = 11, .box_h = 14, .ofs_x = 2, .ofs_y = 0},
    {.bitmap_index = 5783, .adv_w = 237, .box_w = 13, .box_h = 14, .ofs_x = 1, .ofs_y = 0},
    {.bitmap_index = 5965, .adv_w = 203, .box_w = 10, .box_h = 14, .ofs_x = 2, .ofs_y = 0},
    {.bitmap_index = 6105, .adv_w = 237, .box_w = 13, .box_h = 19, .ofs_x = 1, .ofs_y = -5},
    {.bitmap_index = 6352, .adv_w = 203, .box_w = 11, .box_h = 14, .ofs_x = 2, .ofs_y = 0},
    {.bitmap_index = 6506, .adv_w = 191, .box_w = 12, .box_h = 14, .ofs_x = 0, .ofs_y = 0},
    {.bitmap_index = 6674, .adv_w = 192, .box_w = 12, .box_h = 14, .ofs_x = 0, .ofs_y = 0},
    {.bitmap_index = 6842, .adv_w = 231, .box_w = 12, .box_h = 14, .ofs_x = 1, .ofs_y = 0},
    {.bitmap_index = 7010, .adv_w = 184, .box_w = 12, .box_h = 14, .ofs_x = 0, .ofs_y = 0},
    {.bitmap_index = 7178, .adv_w = 281, .box_w = 18, .box_h = 14, .ofs_x = 0, .ofs_y = 0},
    {.bitmap_index = 7430, .adv_w = 183, .box_w = 12, .box_h = 14, .ofs_x = 0, .ofs_y = 0},
    {.bitmap_index = 7598, .adv_w = 170, .box_w = 12, .box_h = 14, .ofs_x = -1, .ofs_y = 0},
    {.bitmap_index = 7766, .adv_w = 193, .box_w = 11, .box_h = 14, .ofs_x = 1, .ofs_y = 0},
    {.bitmap_index = 7920, .adv_w = 108, .box_w = 5, .box_h = 20, .ofs_x = 2, .ofs_y = -4},
    {.bitmap_index = 8020, .adv_w = 125, .box_w = 8, .box_h = 19, .ofs_x = 0, .ofs_y = -3},
    {.bitmap_index = 8172, .adv_w = 108, .box_w = 5, .box_h = 20, .ofs_x = 0, .ofs_y = -4},
    {.bitmap_index = 8272, .adv_w = 178, .box_w = 9, .box_h = 9, .ofs_x = 1, .ofs_y = 6},
    {.bitmap_index = 8353, .adv_w = 179, .box_w = 11, .box_h = 2, .ofs_x = 0, .ofs_y = -4},
    {.bitmap_index = 8375, .adv_w = 194, .box_w = 6, .box_h = 4, .ofs_x = 2, .ofs_y = 13},
    {.bitmap_index = 8399, .adv_w = 180, .box_w = 9, .box_h = 11, .ofs_x = 1, .ofs_y = 0},
    {.bitmap_index = 8498, .adv_w = 198, .box_w = 11, .box_h = 16, .ofs_x = 1, .ofs_y = 0},
    {.bitmap_index = 8674, .adv_w = 163, .box_w = 9, .box_h = 11, .ofs_x = 1, .ofs_y = 0},
    {.bitmap_index = 8773, .adv_w = 198, .box_w = 10, .box_h = 16, .ofs_x = 1, .ofs_y = 0},
    {.bitmap_index = 8933, .adv_w = 177, .box_w = 10, .box_h = 11, .ofs_x = 1, .ofs_y = 0},
    {.bitmap_index = 9043, .adv_w = 104, .box_w = 8, .box_h = 16, .ofs_x = 0, .ofs_y = 0},
    {.bitmap_index = 9171, .adv_w = 180, .box_w = 10, .box_h = 16, .ofs_x = 1, .ofs_y = -5},
    {.bitmap_index = 9331, .adv_w = 194, .box_w = 10, .box_h = 16, .ofs_x = 1, .ofs_y = 0},
    {.bitmap_index = 9491, .adv_w = 88, .box_w = 3, .box_h = 16, .ofs_x = 1, .ofs_y = 0},
    {.bitmap_index = 9539, .adv_w = 88, .box_w = 5, .box_h = 21, .ofs_x = -1, .ofs_y = -5},
    {.bitmap_index = 9644, .adv_w = 177, .box_w = 10, .box_h = 16, .ofs_x = 1, .ofs_y = 0},
    {.bitmap_index = 9804, .adv_w = 91, .box_w = 4, .box_h = 16, .ofs_x = 1, .ofs_y = 0},
    {.bitmap_index = 9868, .adv_w = 296, .box_w = 16, .box_h = 11, .ofs_x = 1, .ofs_y = 0},
    {.bitmap_index = 10044, .adv_w = 195, .box_w = 10, .box_h = 11, .ofs_x = 1, .ofs_y = 0},
    {.bitmap_index = 10154, .adv_w = 194, .box_w = 11, .box_h = 11, .ofs_x = 1, .ofs_y = 0},
    {.bitmap_index = 10275, .adv_w = 198, .box_w = 11, .box_h = 16, .ofs_x = 1, .ofs_y = -5},
    {.bitmap_index = 10451, .adv_w = 198, .box_w = 10, .box_h = 16, .ofs_x = 1, .ofs_y = -5},
    {.bitmap_index = 10611, .adv_w = 124, .box_w = 7, .box_h = 11, .ofs_x = 1, .ofs_y = 0},
    {.bitmap_index = 10688, .adv_w = 150, .box_w = 9, .box_h = 11, .ofs_x = 0, .ofs_y = 0},
    {.bitmap_index = 10787, .adv_w = 121, .box_w = 8, .box_h = 14, .ofs_x = 0, .ofs_y = 0},
    {.bitmap_index = 10899, .adv_w = 194, .box_w = 10, .box_h = 11, .ofs_x = 1, .ofs_y = 0},
    {.bitmap_index = 11009, .adv_w = 167, .box_w = 11, .box_h = 11, .ofs_x = 0, .ofs_y = 0},
    {.bitmap_index = 11130, .adv_w = 257, .box_w = 16, .box_h = 11, .ofs_x = 0, .ofs_y = 0},
    {.bitmap_index = 11306, .adv_w = 159, .box_w = 10, .box_h = 11, .ofs_x = 0, .ofs_y = 0},
    {.bitmap_index = 11416, .adv_w = 167, .box_w = 11, .box_h = 16, .ofs_x = 0, .ofs_y = -5},
    {.bitmap_index = 11592, .adv_w = 152, .box_w = 9, .box_h = 11, .ofs_x = 0, .ofs_y = 0},
    {.bitmap_index = 11691, .adv_w = 108, .box_w = 7, .box_h = 20, .ofs_x = 0, .ofs_y = -4},
    {.bitmap_index = 11831, .adv_w = 86, .box_w = 2, .box_h = 22, .ofs_x = 2, .ofs_y = -6},
    {.bitmap_index = 11875, .adv_w = 108, .box_w = 6, .box_h = 20, .ofs_x = 0, .ofs_y = -4},
    {.bitmap_index = 11995, .adv_w = 178, .box_w = 11, .box_h = 5, .ofs_x = 0, .ofs_y = 5},
    {.bitmap_index = 12050, .adv_w = 118, .box_w = 7, .box_h = 6, .ofs_x = 0, .ofs_y = 9},
    {.bitmap_index = 12092, .adv_w = 320, .box_w = 6, .box_h = 5, .ofs_x = 7, .ofs_y = 5},
    {.bitmap_index = 12122, .adv_w = 320, .box_w = 20, .box_h = 18, .ofs_x = 0, .ofs_y = -1},
    {.bitmap_index = 12482, .adv_w = 320, .box_w = 20, .box_h = 3, .ofs_x = 0, .ofs_y = 6},
    {.bitmap_index = 12542, .adv_w = 320, .box_w = 18, .box_h = 16, .ofs_x = 1, .ofs_y = -1},
    {.bitmap_index = 12830, .adv_w = 320, .box_w = 17, .box_h = 19, .ofs_x = 1, .ofs_y = -2},
    {.bitmap_index = 13153, .adv_w = 320, .box_w = 19, .box_h = 18, .ofs_x = 0, .ofs_y = -2},
    {.bitmap_index = 13495, .adv_w = 320, .box_w = 17, .box_h = 19, .ofs_x = 1, .ofs_y = -1},
    {.bitmap_index = 13818, .adv_w = 320, .box_w = 18, .box_h = 19, .ofs_x = 0, .ofs_y = -2},
    {.bitmap_index = 14160, .adv_w = 320, .box_w = 19, .box_h = 19, .ofs_x = 0, .ofs_y = -2},
    {.bitmap_index = 14521, .adv_w = 320, .box_w = 19, .box_h = 19, .ofs_x = 0, .ofs_y = -2},
    {.bitmap_index = 14882, .adv_w = 320, .box_w = 20, .box_h = 20, .ofs_x = 0, .ofs_y = -2},
    {.bitmap_index = 15282, .adv_w = 320, .box_w = 20, .box_h = 19, .ofs_x = 0, .ofs_y = -1},
    {.bitmap_index = 15662, .adv_w = 320, .box_w = 19, .box_h = 18, .ofs_x = 0, .ofs_y = -1},
    {.bitmap_index = 16004, .adv_w = 320, .box_w = 20, .box_h = 18, .ofs_x = 0, .ofs_y = -1},
    {.bitmap_index = 16364, .adv_w = 320, .box_w = 19, .box_h = 19, .ofs_x = 0, .ofs_y = -2},
    {.bitmap_index = 16725, .adv_w = 320, .box_w = 20, .box_h = 19, .ofs_x = 0, .ofs_y = -2},
    {.bitmap_index = 17105, .adv_w = 320, .box_w = 20, .box_h = 18, .ofs_x = 0, .ofs_y = -1},
    {.bitmap_index = 17465, .adv_w = 320, .box_w = 20, .box_h = 19, .ofs_x = 0, .ofs_y = -2},
    {.bitmap_index = 17845, .adv_w = 320, .box_w = 20, .box_h = 18, .ofs_x = 0, .ofs_y = -1},
    {.bitmap_index = 18205, .adv_w = 320, .box_w = 19, .box_h = 18, .ofs_x = 0, .ofs_y = -1},
    {.bitmap_index = 18547, .adv_w = 320, .box_w = 19, .box_h = 20, .ofs_x = 0, .ofs_y = -2},
    {.bitmap_index = 18927, .adv_w = 320, .box_w = 20, .box_h = 19, .ofs_x = 0, .ofs_y = -2},
    {.bitmap_index = 19307, .adv_w = 320, .box_w = 19, .box_h = 19, .ofs_x = 1, .ofs_y = -2},
    {.bitmap_index = 19668, .adv_w = 320, .box_w = 16, .box_h = 18, .ofs_x = 2, .ofs_y = -1},
    {.bitmap_index = 19956, .adv_w = 320, .box_w = 20, .box_h = 19, .ofs_x = 0, .ofs_y = -2},
    {.bitmap_index = 20336, .adv_w = 320, .box_w = 19, .box_h = 19, .ofs_x = 0, .ofs_y = -2},
    {.bitmap_index = 20697, .adv_w = 320, .box_w = 19, .box_h = 20, .ofs_x = 0, .ofs_y = -2},
    {.bitmap_index = 21077, .adv_w = 320, .box_w = 19, .box_h = 19, .ofs_x = 0, .ofs_y = -2},
    {.bitmap_index = 21438, .adv_w = 320, .box_w = 19, .box_h = 19, .ofs_x = 0, .ofs_y = -2},
    {.bitmap_index = 21799, .adv_w = 320, .box_w = 18, .box_h = 19, .ofs_x = 1, .ofs_y = -2},
    {.bitmap_index = 22141, .adv_w = 320, .box_w = 18, .box_h = 19, .ofs_x = 1, .ofs_y = -1},
    {.bitmap_index = 22483, .adv_w = 320, .box_w = 18, .box_h = 18, .ofs_x = 1, .ofs_y = -1},
    {.bitmap_index = 22807, .adv_w = 320, .box_w = 18, .box_h = 18, .ofs_x = 1, .ofs_y = -1},
    {.bitmap_index = 23131, .adv_w = 320, .box_w = 18, .box_h = 17, .ofs_x = 1, .ofs_y = -1},
    {.bitmap_index = 23437, .adv_w = 320, .box_w = 19, .box_h = 18, .ofs_x = 0, .ofs_y = -2},
    {.bitmap_index = 23779, .adv_w = 320, .box_w = 20, .box_h = 19, .ofs_x = 0, .ofs_y = -2},
    {.bitmap_index = 24159, .adv_w = 320, .box_w = 19, .box_h = 20, .ofs_x = 0, .ofs_y = -2},
    {.bitmap_index = 24539, .adv_w = 320, .box_w = 17, .box_h = 18, .ofs_x = 1, .ofs_y = -2},
    {.bitmap_index = 24845, .adv_w = 320, .box_w = 18, .box_h = 17, .ofs_x = 1, .ofs_y = -1},
    {.bitmap_index = 25151, .adv_w = 320, .box_w = 20, .box_h = 19, .ofs_x = 0, .ofs_y = -1},
    {.bitmap_index = 25531, .adv_w = 320, .box_w = 20, .box_h = 18, .ofs_x = 0, .ofs_y = -1},
    {.bitmap_index = 25891, .adv_w = 320, .box_w = 18, .box_h = 19, .ofs_x = 0, .ofs_y = -2},
    {.bitmap_index = 26233, .adv_w = 320, .box_w = 18, .box_h = 18, .ofs_x = 1, .ofs_y = -1},
    {.bitmap_index = 26557, .adv_w = 320, .box_w = 20, .box_h = 17, .ofs_x = 0, .ofs_y = -1},
    {.bitmap_index = 26897, .adv_w = 320, .box_w = 18, .box_h = 17, .ofs_x = 1, .ofs_y = -1},
    {.bitmap_index = 27203, .adv_w = 320, .box_w = 19, .box_h = 19, .ofs_x = 0, .ofs_y = -2},
    {.bitmap_index = 27564, .adv_w = 320, .box_w = 20, .box_h = 19, .ofs_x = 0, .ofs_y = -2},
    {.bitmap_index = 27944, .adv_w = 320, .box_w = 18, .box_h = 18, .ofs_x = 1, .ofs_y = -1},
    {.bitmap_index = 28268, .adv_w = 320, .box_w = 20, .box_h = 19, .ofs_x = 0, .ofs_y = -2},
    {.bitmap_index = 28648, .adv_w = 320, .box_w = 20, .box_h = 19, .ofs_x = 0, .ofs_y = -2},
    {.bitmap_index = 29028, .adv_w = 320, .box_w = 18, .box_h = 18, .ofs_x = 1, .ofs_y = -1},
    {.bitmap_index = 29352, .adv_w = 320, .box_w = 20, .box_h = 20, .ofs_x = 0, .ofs_y = -2},
    {.bitmap_index = 29752, .adv_w = 320, .box_w = 19, .box_h = 18, .ofs_x = 0, .ofs_y = -2},
    {.bitmap_index = 30094, .adv_w = 320, .box_w = 19, .box_h = 19, .ofs_x = 0, .ofs_y = -1},
    {.bitmap_index = 30455, .adv_w = 320, .box_w = 18, .box_h = 19, .ofs_x = 1, .ofs_y = -1},
    {.bitmap_index = 30797, .adv_w = 320, .box_w = 20, .box_h = 18, .ofs_x = 0, .ofs_y = -1},
    {.bitmap_index = 31157, .adv_w = 320, .box_w = 18, .box_h = 17, .ofs_x = 1, .ofs_y = -1},
    {.bitmap_index = 31463, .adv_w = 320, .box_w = 20, .box_h = 20, .ofs_x = 0, .ofs_y = -2},
    {.bitmap_index = 31863, .adv_w = 320, .box_w = 20, .box_h = 19, .ofs_x = 0, .ofs_y = -2},
    {.bitmap_index = 32243, .adv_w = 320, .box_w = 19, .box_h = 18, .ofs_x = 1, .ofs_y = -1},
    {.bitmap_index = 32585, .adv_w = 320, .box_w = 20, .box_h = 19, .ofs_x = 0, .ofs_y = -2},
    {.bitmap_index = 32965, .adv_w = 320, .box_w = 19, .box_h = 18, .ofs_x = 1, .ofs_y = -1},
    {.bitmap_index = 33307, .adv_w = 320, .box_w = 20, .box_h = 18, .ofs_x = 0, .ofs_y = -1},
    {.bitmap_index = 33667, .adv_w = 320, .box_w = 20, .box_h = 19, .ofs_x = 0, .ofs_y = -1},
    {.bitmap_index = 34047, .adv_w = 320, .box_w = 19, .box_h = 18, .ofs_x = 1, .ofs_y = -1},
    {.bitmap_index = 34389, .adv_w = 320, .box_w = 20, .box_h = 19, .ofs_x = 0, .ofs_y = -2},
    {.bitmap_index = 34769, .adv_w = 320, .box_w = 20, .box_h = 18, .ofs_x = 0, .ofs_y = -1},
    {.bitmap_index = 35129, .adv_w = 320, .box_w = 19, .box_h = 20, .ofs_x = 0, .ofs_y = -2},
    {.bitmap_index = 35509, .adv_w = 320, .box_w = 20, .box_h = 20, .ofs_x = 0, .ofs_y = -2},
    {.bitmap_index = 35909, .adv_w = 320, .box_w = 20, .box_h = 18, .ofs_x = 0, .ofs_y = -1},
    {.bitmap_index = 36269, .adv_w = 320, .box_w = 20, .box_h = 20, .ofs_x = 0, .ofs_y = -2},
    {.bitmap_index = 36669, .adv_w = 320, .box_w = 20, .box_h = 19, .ofs_x = 0, .ofs_y = -2},
    {.bitmap_index = 37049, .adv_w = 320, .box_w = 20, .box_h = 18, .ofs_x = 0, .ofs_y = -1},
    {.bitmap_index = 37409, .adv_w = 320, .box_w = 20, .box_h = 19, .ofs_x = 0, .ofs_y = -2},
    {.bitmap_index = 37789, .adv_w = 320, .box_w = 20, .box_h = 18, .ofs_x = 0, .ofs_y = -1},
    {.bitmap_index = 38149, .adv_w = 320, .box_w = 20, .box_h = 19, .ofs_x = 0, .ofs_y = -2},
    {.bitmap_index = 38529, .adv_w = 320, .box_w = 20, .box_h = 20, .ofs_x = 0, .ofs_y = -2},
    {.bitmap_index = 38929, .adv_w = 320, .box_w = 20, .box_h = 19, .ofs_x = 0, .ofs_y = -2},
    {.bitmap_index = 39309, .adv_w = 320, .box_w = 20, .box_h = 19, .ofs_x = 0, .ofs_y = -2},
    {.bitmap_index = 39689, .adv_w = 320, .box_w = 20, .box_h = 18, .ofs_x = 0, .ofs_y = -1},
    {.bitmap_index = 40049, .adv_w = 320, .box_w = 20, .box_h = 19, .ofs_x = 0, .ofs_y = -2},
    {.bitmap_index = 40429, .adv_w = 320, .box_w = 16, .box_h = 18, .ofs_x = 2, .ofs_y = -1},
    {.bitmap_index = 40717, .adv_w = 320, .box_w = 19, .box_h = 18, .ofs_x = 1, .ofs_y = -1},
    {.bitmap_index = 41059, .adv_w = 320, .box_w = 18, .box_h = 18, .ofs_x = 1, .ofs_y = -2},
    {.bitmap_index = 41383, .adv_w = 320, .box_w = 20, .box_h = 17, .ofs_x = 0, .ofs_y = -1},
    {.bitmap_index = 41723, .adv_w = 320, .box_w = 19, .box_h = 18, .ofs_x = 0, .ofs_y = -1},
    {.bitmap_index = 42065, .adv_w = 320, .box_w = 20, .box_h = 18, .ofs_x = 0, .ofs_y = -1},
    {.bitmap_index = 42425, .adv_w = 320, .box_w = 20, .box_h = 19, .ofs_x = 0, .ofs_y = -2},
    {.bitmap_index = 42805, .adv_w = 320, .box_w = 20, .box_h = 19, .ofs_x = 0, .ofs_y = -1},
    {.bitmap_index = 43185, .adv_w = 320, .box_w = 20, .box_h = 20, .ofs_x = 0, .ofs_y = -2},
    {.bitmap_index = 43585, .adv_w = 320, .box_w = 20, .box_h = 20, .ofs_x = 0, .ofs_y = -2},
    {.bitmap_index = 43985, .adv_w = 320, .box_w = 19, .box_h = 20, .ofs_x = 0, .ofs_y = -2},
    {.bitmap_index = 44365, .adv_w = 320, .box_w = 20, .box_h = 20, .ofs_x = 0, .ofs_y = -2},
    {.bitmap_index = 44765, .adv_w = 320, .box_w = 20, .box_h = 20, .ofs_x = 0, .ofs_y = -2},
    {.bitmap_index = 45165, .adv_w = 320, .box_w = 20, .box_h = 18, .ofs_x = 0, .ofs_y = -1},
    {.bitmap_index = 45525, .adv_w = 320, .box_w = 20, .box_h = 19, .ofs_x = 0, .ofs_y = -1},
    {.bitmap_index = 45905, .adv_w = 320, .box_w = 20, .box_h = 20, .ofs_x = 0, .ofs_y = -2},
    {.bitmap_index = 46305, .adv_w = 320, .box_w = 19, .box_h = 18, .ofs_x = 0, .ofs_y = -1},
    {.bitmap_index = 46647, .adv_w = 320, .box_w = 18, .box_h = 17, .ofs_x = 1, .ofs_y = -1},
    {.bitmap_index = 46953, .adv_w = 320, .box_w = 20, .box_h = 19, .ofs_x = 0, .ofs_y = -2},
    {.bitmap_index = 47333, .adv_w = 320, .box_w = 18, .box_h = 18, .ofs_x = 1, .ofs_y = -2},
    {.bitmap_index = 47657, .adv_w = 320, .box_w = 19, .box_h = 19, .ofs_x = 0, .ofs_y = -2},
    {.bitmap_index = 48018, .adv_w = 320, .box_w = 20, .box_h = 19, .ofs_x = 0, .ofs_y = -2},
    {.bitmap_index = 48398, .adv_w = 320, .box_w = 20, .box_h = 19, .ofs_x = 0, .ofs_y = -2},
    {.bitmap_index = 48778, .adv_w = 320, .box_w = 19, .box_h = 19, .ofs_x = 0, .ofs_y = -2},
    {.bitmap_index = 49139, .adv_w = 320, .box_w = 19, .box_h = 18, .ofs_x = 0, .ofs_y = -1},
    {.bitmap_index = 49481, .adv_w = 320, .box_w = 20, .box_h = 19, .ofs_x = 0, .ofs_y = -2},
    {.bitmap_index = 49861, .adv_w = 320, .box_w = 20, .box_h = 19, .ofs_x = 0, .ofs_y = -2},
    {.bitmap_index = 50241, .adv_w = 320, .box_w = 20, .box_h = 19, .ofs_x = 0, .ofs_y = -2},
    {.bitmap_index = 50621, .adv_w = 320, .box_w = 19, .box_h = 19, .ofs_x = 0, .ofs_y = -2},
    {.bitmap_index = 50982, .adv_w = 320, .box_w = 19, .box_h = 20, .ofs_x = 1, .ofs_y = -2},
    {.bitmap_index = 51362, .adv_w = 320, .box_w = 19, .box_h = 19, .ofs_x = 0, .ofs_y = -2},
    {.bitmap_index = 51723, .adv_w = 320, .box_w = 19, .box_h = 20, .ofs_x = 0, .ofs_y = -2},
    {.bitmap_index = 52103, .adv_w = 320, .box_w = 18, .box_h = 18, .ofs_x = 1, .ofs_y = -1},
    {.bitmap_index = 52427, .adv_w = 320, .box_w = 20, .box_h = 19, .ofs_x = 0, .ofs_y = -2},
    {.bitmap_index = 52807, .adv_w = 320, .box_w = 20, .box_h = 18, .ofs_x = 0, .ofs_y = -1},
    {.bitmap_index = 53167, .adv_w = 320, .box_w = 18, .box_h = 18, .ofs_x = 1, .ofs_y = -1},
    {.bitmap_index = 53491, .adv_w = 320, .box_w = 18, .box_h = 19, .ofs_x = 2, .ofs_y = -1},
    {.bitmap_index = 53833, .adv_w = 320, .box_w = 18, .box_h = 17, .ofs_x = 1, .ofs_y = -1},
    {.bitmap_index = 54139, .adv_w = 320, .box_w = 20, .box_h = 18, .ofs_x = 0, .ofs_y = -1},
    {.bitmap_index = 54499, .adv_w = 320, .box_w = 14, .box_h = 17, .ofs_x = 3, .ofs_y = -1},
    {.bitmap_index = 54737, .adv_w = 320, .box_w = 19, .box_h = 19, .ofs_x = 0, .ofs_y = -1},
    {.bitmap_index = 55098, .adv_w = 320, .box_w = 20, .box_h = 20, .ofs_x = 0, .ofs_y = -2},
    {.bitmap_index = 55498, .adv_w = 320, .box_w = 19, .box_h = 19, .ofs_x = 0, .ofs_y = -2},
    {.bitmap_index = 55859, .adv_w = 320, .box_w = 19, .box_h = 19, .ofs_x = 0, .ofs_y = -2},
    {.bitmap_index = 56220, .adv_w = 320, .box_w = 19, .box_h = 17, .ofs_x = 0, .ofs_y = -1},
    {.bitmap_index = 56543, .adv_w = 320, .box_w = 18, .box_h = 19, .ofs_x = 1, .ofs_y = -2},
    {.bitmap_index = 56885, .adv_w = 320, .box_w = 20, .box_h = 18, .ofs_x = 0, .ofs_y = -1},
    {.bitmap_index = 57245, .adv_w = 320, .box_w = 18, .box_h = 18, .ofs_x = 1, .ofs_y = -1},
    {.bitmap_index = 57569, .adv_w = 320, .box_w = 20, .box_h = 19, .ofs_x = 0, .ofs_y = -1},
    {.bitmap_index = 57949, .adv_w = 320, .box_w = 19, .box_h = 18, .ofs_x = 0, .ofs_y = -1},
    {.bitmap_index = 58291, .adv_w = 320, .box_w = 20, .box_h = 19, .ofs_x = 0, .ofs_y = -2},
    {.bitmap_index = 58671, .adv_w = 320, .box_w = 19, .box_h = 19, .ofs_x = 0, .ofs_y = -2},
    {.bitmap_index = 59032, .adv_w = 320, .box_w = 20, .box_h = 19, .ofs_x = 0, .ofs_y = -2},
    {.bitmap_index = 59412, .adv_w = 320, .box_w = 20, .box_h = 19, .ofs_x = 0, .ofs_y = -2},
    {.bitmap_index = 59792, .adv_w = 320, .box_w = 18, .box_h = 19, .ofs_x = 1, .ofs_y = -2},
    {.bitmap_index = 60134, .adv_w = 320, .box_w = 19, .box_h = 18, .ofs_x = 1, .ofs_y = -1},
    {.bitmap_index = 60476, .adv_w = 320, .box_w = 15, .box_h = 18, .ofs_x = 3, .ofs_y = -1},
    {.bitmap_index = 60746, .adv_w = 320, .box_w = 20, .box_h = 19, .ofs_x = 0, .ofs_y = -2},
    {.bitmap_index = 61126, .adv_w = 320, .box_w = 18, .box_h = 18, .ofs_x = 1, .ofs_y = -1},
    {.bitmap_index = 61450, .adv_w = 320, .box_w = 20, .box_h = 18, .ofs_x = 0, .ofs_y = -1},
    {.bitmap_index = 61810, .adv_w = 320, .box_w = 20, .box_h = 19, .ofs_x = 0, .ofs_y = -2},
    {.bitmap_index = 62190, .adv_w = 320, .box_w = 18, .box_h = 19, .ofs_x = 1, .ofs_y = -2},
    {.bitmap_index = 62532, .adv_w = 320, .box_w = 19, .box_h = 18, .ofs_x = 1, .ofs_y = -1},
    {.bitmap_index = 62874, .adv_w = 320, .box_w = 20, .box_h = 18, .ofs_x = 0, .ofs_y = -1},
    {.bitmap_index = 63234, .adv_w = 320, .box_w = 19, .box_h = 19, .ofs_x = 1, .ofs_y = -2},
    {.bitmap_index = 63595, .adv_w = 320, .box_w = 20, .box_h = 18, .ofs_x = 0, .ofs_y = -1},
    {.bitmap_index = 63955, .adv_w = 320, .box_w = 20, .box_h = 19, .ofs_x = 0, .ofs_y = -2},
    {.bitmap_index = 64335, .adv_w = 320, .box_w = 20, .box_h = 20, .ofs_x = 0, .ofs_y = -2},
    {.bitmap_index = 64735, .adv_w = 320, .box_w = 20, .box_h = 19, .ofs_x = 0, .ofs_y = -2},
    {.bitmap_index = 65115, .adv_w = 320, .box_w = 20, .box_h = 18, .ofs_x = 0, .ofs_y = -1},
    {.bitmap_index = 65475, .adv_w = 320, .box_w = 19, .box_h = 19, .ofs_x = 1, .ofs_y = -2},
    {.bitmap_index = 65836, .adv_w = 320, .box_w = 19, .box_h = 18, .ofs_x = 0, .ofs_y = -1},
    {.bitmap_index = 66178, .adv_w = 320, .box_w = 20, .box_h = 19, .ofs_x = 0, .ofs_y = -2},
    {.bitmap_index = 66558, .adv_w = 320, .box_w = 19, .box_h = 19, .ofs_x = 0, .ofs_y = -2},
    {.bitmap_index = 66919, .adv_w = 320, .box_w = 20, .box_h = 19, .ofs_x = 0, .ofs_y = -2},
    {.bitmap_index = 67299, .adv_w = 320, .box_w = 20, .box_h = 18, .ofs_x = 0, .ofs_y = -2},
    {.bitmap_index = 67659, .adv_w = 320, .box_w = 20, .box_h = 19, .ofs_x = 0, .ofs_y = -2},
    {.bitmap_index = 68039, .adv_w = 320, .box_w = 20, .box_h = 20, .ofs_x = 0, .ofs_y = -2},
    {.bitmap_index = 68439, .adv_w = 320, .box_w = 20, .box_h = 19, .ofs_x = 0, .ofs_y = -2},
    {.bitmap_index = 68819, .adv_w = 320, .box_w = 20, .box_h = 19, .ofs_x = 0, .ofs_y = -2},
    {.bitmap_index = 69199, .adv_w = 320, .box_w = 20, .box_h = 19, .ofs_x = 0, .ofs_y = -2},
    {.bitmap_index = 69579, .adv_w = 320, .box_w = 20, .box_h = 19, .ofs_x = 0, .ofs_y = -2},
    {.bitmap_index = 69959, .adv_w = 320, .box_w = 20, .box_h = 19, .ofs_x = 0, .ofs_y = -2},
    {.bitmap_index = 70339, .adv_w = 320, .box_w = 20, .box_h = 19, .ofs_x = 0, .ofs_y = -2},
    {.bitmap_index = 70719, .adv_w = 320, .box_w = 20, .box_h = 19, .ofs_x = 0, .ofs_y = -2},
    {.bitmap_index = 71099, .adv_w = 320, .box_w = 18, .box_h = 18, .ofs_x = 1, .ofs_y = -1},
    {.bitmap_index = 71423, .adv_w = 320, .box_w = 18, .box_h = 18, .ofs_x = 1, .ofs_y = -1},
    {.bitmap_index = 71747, .adv_w = 320, .box_w = 20, .box_h = 17, .ofs_x = 0, .ofs_y = -1},
    {.bitmap_index = 72087, .adv_w = 320, .box_w = 20, .box_h = 18, .ofs_x = 0, .ofs_y = -1},
    {.bitmap_index = 72447, .adv_w = 320, .box_w = 18, .box_h = 19, .ofs_x = 1, .ofs_y = -2},
    {.bitmap_index = 72789, .adv_w = 320, .box_w = 18, .box_h = 18, .ofs_x = 1, .ofs_y = -1},
    {.bitmap_index = 73113, .adv_w = 320, .box_w = 18, .box_h = 18, .ofs_x = 1, .ofs_y = -1},
    {.bitmap_index = 73437, .adv_w = 320, .box_w = 18, .box_h = 19, .ofs_x = 1, .ofs_y = -2},
    {.bitmap_index = 73779, .adv_w = 320, .box_w = 19, .box_h = 19, .ofs_x = 1, .ofs_y = -2},
    {.bitmap_index = 74140, .adv_w = 320, .box_w = 18, .box_h = 17, .ofs_x = 1, .ofs_y = -1},
    {.bitmap_index = 74446, .adv_w = 320, .box_w = 20, .box_h = 19, .ofs_x = 0, .ofs_y = -2},
    {.bitmap_index = 74826, .adv_w = 320, .box_w = 20, .box_h = 19, .ofs_x = 0, .ofs_y = -2},
    {.bitmap_index = 75206, .adv_w = 320, .box_w = 20, .box_h = 19, .ofs_x = 0, .ofs_y = -2},
    {.bitmap_index = 75586, .adv_w = 320, .box_w = 18, .box_h = 19, .ofs_x = 1, .ofs_y = -1},
    {.bitmap_index = 75928, .adv_w = 320, .box_w = 20, .box_h = 19, .ofs_x = 0, .ofs_y = -2},
    {.bitmap_index = 76308, .adv_w = 320, .box_w = 20, .box_h = 21, .ofs_x = 0, .ofs_y = -3},
    {.bitmap_index = 76728, .adv_w = 280, .box_w = 18, .box_h = 13, .ofs_x = 0, .ofs_y = 1},
    {.bitmap_index = 76962, .adv_w = 320, .box_w = 20, .box_h = 21, .ofs_x = 0, .ofs_y = -3},
    {.bitmap_index = 77382, .adv_w = 360, .box_w = 23, .box_h = 21, .ofs_x = 0, .ofs_y = -3},
    {.bitmap_index = 77865, .adv_w = 320, .box_w = 20, .box_h = 21, .ofs_x = 0, .ofs_y = -3},
    {.bitmap_index = 78285, .adv_w = 320, .box_w = 20, .box_h = 21, .ofs_x = 0, .ofs_y = -3},
    {.bitmap_index = 78705, .adv_w = 320, .box_w = 19, .box_h = 19, .ofs_x = 1, .ofs_y = -2},
    {.bitmap_index = 79066, .adv_w = 280, .box_w = 18, .box_h = 21, .ofs_x = 0, .ofs_y = -3},
    {.bitmap_index = 79444, .adv_w = 280, .box_w = 18, .box_h = 19, .ofs_x = 0, .ofs_y = -2},
    {.bitmap_index = 79786, .adv_w = 320, .box_w = 21, .box_h = 17, .ofs_x = 0, .ofs_y = -1},
    {.bitmap_index = 80143, .adv_w = 200, .box_w = 13, .box_h = 17, .ofs_x = 0, .ofs_y = -1},
    {.bitmap_index = 80364, .adv_w = 240, .box_w = 15, .box_h = 19, .ofs_x = 0, .ofs_y = -2},
    {.bitmap_index = 80649, .adv_w = 200, .box_w = 13, .box_h = 15, .ofs_x = 0, .ofs_y = 0},
    {.bitmap_index = 80844, .adv_w = 240, .box_w = 15, .box_h = 15, .ofs_x = 0, .ofs_y = 0},
    {.bitmap_index = 81069, .adv_w = 200, .box_w = 13, .box_h = 17, .ofs_x = 0, .ofs_y = -1},
    {.bitmap_index = 81290, .adv_w = 200, .box_w = 10, .box_h = 19, .ofs_x = 0, .ofs_y = -2},
    {.bitmap_index = 81480, .adv_w = 200, .box_w = 11, .box_h = 19, .ofs_x = 2, .ofs_y = -2},
    {.bitmap_index = 81689, .adv_w = 320, .box_w = 20, .box_h = 21, .ofs_x = 0, .ofs_y = -3},
    {.bitmap_index = 82109, .adv_w = 320, .box_w = 20, .box_h = 21, .ofs_x = 0, .ofs_y = -3},
    {.bitmap_index = 82529, .adv_w = 280, .box_w = 18, .box_h = 16, .ofs_x = 0, .ofs_y = -1},
    {.bitmap_index = 82817, .adv_w = 280, .box_w = 17, .box_h = 3, .ofs_x = 0, .ofs_y = 6},
    {.bitmap_index = 82868, .adv_w = 360, .box_w = 24, .box_h = 19, .ofs_x = -1, .ofs_y = -2},
    {.bitmap_index = 83324, .adv_w = 320, .box_w = 22, .box_h = 19, .ofs_x = -1, .ofs_y = -2},
    {.bitmap_index = 83742, .adv_w = 320, .box_w = 20, .box_h = 19, .ofs_x = 0, .ofs_y = -2},
    {.bitmap_index = 84122, .adv_w = 320, .box_w = 18, .box_h = 11, .ofs_x = 1, .ofs_y = 3},
    {.bitmap_index = 84320, .adv_w = 320, .box_w = 18, .box_h = 11, .ofs_x = 1, .ofs_y = 1},
    {.bitmap_index = 84518, .adv_w = 360, .box_w = 24, .box_h = 19, .ofs_x = -1, .ofs_y = -2},
    {.bitmap_index = 84974, .adv_w = 320, .box_w = 22, .box_h = 19, .ofs_x = -1, .ofs_y = -2},
    {.bitmap_index = 85392, .adv_w = 280, .box_w = 18, .box_h = 21, .ofs_x = 0, .ofs_y = -3},
    {.bitmap_index = 85770, .adv_w = 280, .box_w = 18, .box_h = 19, .ofs_x = 0, .ofs_y = -2},
    {.bitmap_index = 86112, .adv_w = 280, .box_w = 16, .box_h = 21, .ofs_x = 1, .ofs_y = -3},
    {.bitmap_index = 86448, .adv_w = 280, .box_w = 18, .box_h = 21, .ofs_x = 0, .ofs_y = -3},
    {.bitmap_index = 86826, .adv_w = 400, .box_w = 25, .box_h = 19, .ofs_x = 0, .ofs_y = -2},
    {.bitmap_index = 87301, .adv_w = 320, .box_w = 20, .box_h = 21, .ofs_x = 0, .ofs_y = -3},
    {.bitmap_index = 87721, .adv_w = 320, .box_w = 20, .box_h = 19, .ofs_x = 0, .ofs_y = -2},
    {.bitmap_index = 88101, .adv_w = 240, .box_w = 15, .box_h = 21, .ofs_x = 0, .ofs_y = -3},
    {.bitmap_index = 88416, .adv_w = 400, .box_w = 25, .box_h = 19, .ofs_x = 0, .ofs_y = -2},
    {.bitmap_index = 88891, .adv_w = 360, .box_w = 23, .box_h = 13, .ofs_x = 0, .ofs_y = 1},
    {.bitmap_index = 89190, .adv_w = 400, .box_w = 25, .box_h = 21, .ofs_x = 0, .ofs_y = -3},
    {.bitmap_index = 89715, .adv_w = 280, .box_w = 16, .box_h = 21, .ofs_x = 1, .ofs_y = -3},
    {.bitmap_index = 90051, .adv_w = 200, .box_w = 12, .box_h = 21, .ofs_x = 0, .ofs_y = -3},
    {.bitmap_index = 90303, .adv_w = 320, .box_w = 21, .box_h = 21, .ofs_x = -1, .ofs_y = -3},
    {.bitmap_index = 90744, .adv_w = 320, .box_w = 20, .box_h = 19, .ofs_x = 0, .ofs_y = -2},
    {.bitmap_index = 91124, .adv_w = 360, .box_w = 23, .box_h = 21, .ofs_x = 0, .ofs_y = -3},
    {.bitmap_index = 91607, .adv_w = 360, .box_w = 23, .box_h = 19, .ofs_x = 0, .ofs_y = -2},
    {.bitmap_index = 92044, .adv_w = 320, .box_w = 22, .box_h = 21, .ofs_x = -1, .ofs_y = -3},
    {.bitmap_index = 92506, .adv_w = 320, .box_w = 20, .box_h = 21, .ofs_x = 0, .ofs_y = -3},
    {.bitmap_index = 92926, .adv_w = 320, .box_w = 20, .box_h = 19, .ofs_x = 0, .ofs_y = -2},
    {.bitmap_index = 93306, .adv_w = 400, .box_w = 25, .box_h = 21, .ofs_x = 0, .ofs_y = -3},
    {.bitmap_index = 93831, .adv_w = 360, .box_w = 24, .box_h = 17, .ofs_x = -1, .ofs_y = -1},
    {.bitmap_index = 94239, .adv_w = 240, .box_w = 15, .box_h = 21, .ofs_x = 0, .ofs_y = -3},
    {.bitmap_index = 94554, .adv_w = 400, .box_w = 25, .box_h = 19, .ofs_x = 0, .ofs_y = -2}
};

/*---------------------
 *  CHARACTER MAPPING
 *--------------------*/

static const uint16_t unicode_list_1[] = {
    0x0, 0x7, 0x25f0, 0x4d50, 0x4d59, 0x4d5e, 0x4d75, 0x4d7d,
    0x4d8a, 0x4df4, 0x4df7, 0x4e3a, 0x4e46, 0x4e8a, 0x4eac, 0x4edb,
    0x4eed, 0x4f2d, 0x4f31, 0x4f8c, 0x4f9f, 0x4fac, 0x50b5, 0x50c3,
    0x514a, 0x5156, 0x5157, 0x5186, 0x51ef, 0x51f0, 0x51f8, 0x529a,
    0x52a5, 0x52b1, 0x52c3, 0x52db, 0x5312, 0x5328, 0x5336, 0x533f,
    0x5354, 0x5358, 0x537f, 0x539a, 0x55b8, 0x564e, 0x568a, 0x5881,
    0x5aa7, 0x5adc, 0x5aea, 0x5b1c, 0x5b5f, 0x5b9f, 0x5d53, 0x5d88,
    0x5da5, 0x5dc3, 0x5df6, 0x5e46, 0x5e5f, 0x5eb2, 0x5ec1, 0x5f13,
    0x5f51, 0x5f8b, 0x6160, 0x61bd, 0x61f4, 0x61f5, 0x6216, 0x622f,
    0x62b2, 0x62be, 0x62f5, 0x62f7, 0x631f, 0x641d, 0x6498, 0x64c0,
    0x64c4, 0x64d7, 0x6537, 0x6546, 0x655e, 0x658e, 0x65bf, 0x6650,
    0x665d, 0x667a, 0x668a, 0x66d1, 0x66d4, 0x6757, 0x678c, 0x6798,
    0x6810, 0x6971, 0x6ab2, 0x6ab3, 0x6b05, 0x6b1d, 0x6c25, 0x6c32,
    0x6c91, 0x6c9b, 0x6d55, 0x6d60, 0x6d79, 0x6e2a, 0x6e64, 0x7009,
    0x7197, 0x71c9, 0x72d7, 0x730b, 0x73d3, 0x746f, 0x7485, 0x748b,
    0x7628, 0x763e, 0x7648, 0x7732, 0x7739, 0x77be, 0x788a, 0x790b,
    0x7ace, 0x7c4b, 0x7e0f, 0x7e23, 0x7e2f, 0x7e66, 0x7e6d, 0x7e8a,
    0x801c, 0x804d, 0x813a, 0x8144, 0x81d2, 0x879c, 0x87b8, 0x8918,
    0x8950, 0x8ab6, 0x8af4, 0x8b21, 0x8b3d, 0x8d43, 0x8ebc, 0x8ebe,
    0x8ecd, 0x8ee1, 0x8ee3, 0x8f0e, 0x8f17, 0x8f20, 0x8f2b, 0x8f2e,
    0x8f2f, 0x8f40, 0x8f5f, 0x8f60, 0x8f6a, 0x8f6f, 0x8f8b, 0x9038,
    0x911d, 0x911f, 0x9469, 0x953d, 0x9544, 0x9558, 0x9584, 0x95e4,
    0x96b2, 0x97d4, 0x97e1, 0x97ed, 0x9a28, 0x9e28, 0xef52, 0xef5c,
    0xef63, 0xef65, 0xef67, 0xef69, 0xef6e, 0xef73, 0xef79, 0xef8a,
    0xef98, 0xef9b, 0xef9c, 0xef9d, 0xefa1, 0xefa3, 0xefa4, 0xefa8,
    0xefae, 0xefb1, 0xefb8, 0xefbe, 0xefc1, 0xefc4, 0xefc7, 0xefc8,
    0xefcc, 0xf000, 0xf015, 0xf018, 0xf037, 0xf03c, 0xf03e, 0xf12a,
    0xf12e, 0xf136, 0xf13b, 0xf191, 0xf1bc, 0xf1e3, 0xf1e4, 0xf22b,
    0xf241, 0xf469, 0xf492, 0xf52c, 0xf575, 0xf64c, 0xf64f, 0xf6c3,
    0xf712, 0xf78e
};

/*Collect the unicode lists and glyph_id offsets*/
static const lv_font_fmt_txt_cmap_t cmaps[] =
{
    {
        .range_start = 32, .range_length = 95, .glyph_id_start = 1,
        .unicode_list = NULL, .glyph_id_ofs_list = NULL, .list_length = 0, .type = LV_FONT_FMT_TXT_CMAP_FORMAT0_TINY
    },
    {
        .range_start = 176, .range_length = 63375, .glyph_id_start = 96,
        .unicode_list = unicode_list_1, .glyph_id_ofs_list = NULL, .list_length = 234, .type = LV_FONT_FMT_TXT_CMAP_SPARSE_TINY
    }
};

/*-----------------
 *    KERNING
 *----------------*/


/*Map glyph_ids to kern left classes*/
static const uint8_t kern_left_class_mapping[] =
{
    0, 0, 0, 1, 0, 0, 0, 0,
    1, 2, 0, 0, 0, 3, 4, 3,
    5, 0, 0, 0, 0, 0, 0, 0,
    0, 0, 0, 6, 6, 0, 0, 0,
    0, 0, 7, 8, 9, 10, 11, 12,
    13, 0, 0, 14, 15, 16, 0, 0,
    10, 17, 10, 18, 19, 20, 21, 22,
    23, 24, 25, 26, 2, 27, 0, 0,
    0, 0, 28, 29, 30, 0, 31, 32,
    33, 34, 0, 0, 35, 36, 34, 34,
    29, 29, 37, 38, 39, 40, 37, 41,
    42, 43, 44, 45, 2, 0, 0, 0,
    0, 0, 0, 0, 0, 0, 0, 0,
    0, 0, 0, 0, 0, 0, 0, 0,
    0, 0, 0, 0, 0, 0, 0, 0,
    0, 0, 0, 0, 0, 0, 0, 0,
    0, 0, 0, 0, 0, 0, 0, 0,
    0, 0, 0, 0, 0, 0, 0, 0,
    0, 0, 0, 0, 0, 0, 0, 0,
    0, 0, 0, 0, 0, 0, 0, 0,
    0, 0, 0, 0, 0, 0, 0, 0,
    0, 0, 0, 0, 0, 0, 0, 0,
    0, 0, 0, 0, 0, 0, 0, 0,
    0, 0, 0, 0, 0, 0, 0, 0,
    0, 0, 0, 0, 0, 0, 0, 0,
    0, 0, 0, 0, 0, 0, 0, 0,
    0, 0, 0, 0, 0, 0, 0, 0,
    0, 0, 0, 0, 0, 0, 0, 0,
    0, 0, 0, 0, 0, 0, 0, 0,
    0, 0, 0, 0, 0, 0, 0, 0,
    0, 0, 0, 0, 0, 0, 0, 0,
    0, 0, 0, 0, 0, 0, 0, 0,
    0, 0, 0, 0, 0, 0, 0, 0,
    0, 0, 0, 0, 0, 0, 0, 0,
    0, 0, 0, 0, 0, 0, 0, 0,
    0, 0, 0, 0, 0, 0, 0, 0,
    0, 0, 0, 0, 0, 0, 0, 0,
    0, 0, 0, 0, 0, 0, 0, 0,
    0, 0, 0, 0, 0, 0, 0, 0,
    0, 0, 0, 0, 0, 0, 0, 0,
    0, 0, 0, 0, 0, 0, 0, 0,
    0, 0
};

/*Map glyph_ids to kern right classes*/
static const uint8_t kern_right_class_mapping[] =
{
    0, 0, 1, 2, 0, 0, 0, 0,
    2, 0, 3, 4, 0, 5, 6, 7,
    8, 0, 0, 0, 0, 0, 0, 0,
    0, 0, 0, 9, 10, 0, 0, 0,
    11, 0, 12, 0, 13, 0, 0, 0,
    13, 0, 0, 14, 0, 0, 0, 0,
    13, 0, 13, 0, 15, 16, 17, 18,
    19, 20, 21, 22, 0, 23, 3, 0,
    0, 0, 24, 0, 25, 25, 25, 26,
    27, 0, 28, 29, 0, 0, 30, 30,
    25, 30, 25, 30, 31, 32, 33, 34,
    35, 36, 37, 38, 0, 0, 3, 0,
    0, 0, 0, 0, 0, 0, 0, 0,
    0, 0, 0, 0, 0, 0, 0, 0,
    0, 0, 0, 0, 0, 0, 0, 0,
    0, 0, 0, 0, 0, 0, 0, 0,
    0, 0, 0, 0, 0, 0, 0, 0,
    0, 0, 0, 0, 0, 0, 0, 0,
    0, 0, 0, 0, 0, 0, 0, 0,
    0, 0, 0, 0, 0, 0, 0, 0,
    0, 0, 0, 0, 0, 0, 0, 0,
    0, 0, 0, 0, 0, 0, 0, 0,
    0, 0, 0, 0, 0, 0, 0, 0,
    0, 0, 0, 0, 0, 0, 0, 0,
    0, 0, 0, 0, 0, 0, 0, 0,
    0, 0, 0, 0, 0, 0, 0, 0,
    0, 0, 0, 0, 0, 0, 0, 0,
    0, 0, 0, 0, 0, 0, 0, 0,
    0, 0, 0, 0, 0, 0, 0, 0,
    0, 0, 0, 0, 0, 0, 0, 0,
    0, 0, 0, 0, 0, 0, 0, 0,
    0, 0, 0, 0, 0, 0, 0, 0,
    0, 0, 0, 0, 0, 0, 0, 0,
    0, 0, 0, 0, 0, 0, 0, 0,
    0, 0, 0, 0, 0, 0, 0, 0,
    0, 0, 0, 0, 0, 0, 0, 0,
    0, 0, 0, 0, 0, 0, 0, 0,
    0, 0, 0, 0, 0, 0, 0, 0,
    0, 0, 0, 0, 0, 0, 0, 0,
    0, 0, 0, 0, 0, 0, 0, 0,
    0, 0, 0, 0, 0, 0, 0, 0,
    0, 0
};

/*Kern values between classes*/
static const int8_t kern_class_values[] =
{
    0, 0, 0, 0, -41, 0, -41, 0,
    0, 0, 0, -20, 0, -34, -4, 0,
    0, 0, 0, -4, 0, 0, 0, 0,
    -11, 0, 0, 0, 0, 0, -7, 0,
    0, 0, 0, 0, 0, 0, 0, 0,
    0, 0, 0, 0, 0, 0, 0, 0,
    0, 0, 0, -7, 0, 0, 0, 0,
    0, 0, 0, 0, 0, 0, 0, 0,
    0, 0, 28, 0, 0, 0, 0, 0,
    0, 0, 0, 0, 0, -34, 0, -49,
    0, 0, 0, 0, 0, 0, 0, 0,
    0, 0, 0, -35, -7, -23, -12, 0,
    -33, 0, 0, 0, -4, 0, 0, 0,
    9, 0, 0, -16, 0, -12, -8, 0,
    -7, 0, 0, 0, 0, 0, 0, 0,
    0, 0, 0, 0, 0, 0, 0, -7,
    -6, -17, 0, -7, -4, -10, -24, -7,
    0, 0, 0, 0, 0, 0, 0, 0,
    0, -9, 0, -3, 0, -5, 0, 0,
    0, 0, 0, 0, 0, 0, 0, 0,
    0, 0, 0, -14, -4, -28, 0, 0,
    0, 0, 0, 0, 0, 0, 0, -9,
    -11, 0, -4, 9, 9, 0, 0, 3,
    -7, 0, 0, 0, 0, 0, 0, 0,
    0, -18, 0, 0, 0, 0, 0, 0,
    0, 0, 0, 0, 0, 0, 0, 0,
    0, 0, -9, 0, 0, 0, 0, 0,
    0, 0, 1, 0, 0, 0, 0, 0,
    0, 0, 0, 0, 0, -20, 0, -34,
    0, 0, 0, 0, 0, 0, -9, -2,
    -4, 0, 0, -20, -5, -5, 0, 1,
    -5, -3, -14, 8, 0, -4, 0, 0,
    0, 0, 8, -5, -2, -3, -1, -1,
    -3, 0, 0, 0, 0, -11, 0, 0,
    0, 0, 0, 0, 0, 0, 0, -6,
    -5, -9, 0, -2, -1, -1, -5, -1,
    0, 0, 0, 0, 0, 0, 0, 0,
    0, -4, 0, -5, -4, -4, -5, 0,
    0, 0, 0, 0, 0, -9, 0, 0,
    0, 0, 0, 0, -10, -4, -9, -6,
    -5, -1, -1, -1, -3, -4, 0, 0,
    0, 0, -7, 0, 0, 0, 0, -10,
    -4, -5, -4, 0, -5, 0, 0, 0,
    0, -12, 0, 0, 0, -6, 0, 0,
    0, -4, 0, -14, 0, -9, 0, -4,
    -2, -6, -7, -7, 0, 0, 0, 0,
    0, 0, 0, 0, 0, 0, 0, 0,
    0, -5, 0, -3, 0, 0, 0, 0,
    0, 0, 0, 0, 0, 0, 0, 0,
    0, 0, 0, 0, 0, 0, 0, 0,
    0, 0, 0, 0, -4, 0, 0, 0,
    0, 0, 0, -9, 0, -4, 0, -11,
    -4, 0, 0, 0, 0, 0, -26, 0,
    -26, -25, 0, 0, 0, -13, -4, -50,
    -7, 0, 0, 1, 1, -9, 0, -11,
    0, -12, -5, 0, -9, 0, 0, -7,
    -7, -4, -6, -7, -6, -9, -6, -11,
    0, 0, 0, -10, 0, 0, 0, 0,
    0, 0, 0, -1, 0, 0, 0, -7,
    0, -5, -1, 0, 0, 0, 0, 0,
    0, 0, 0, 0, 0, 0, 0, 0,
    0, 0, 0, 0, 0, 0, 0, 0,
    0, 0, -9, 0, -9, 0, 0, 0,
    0, 0, 0, -14, 0, 0, 0, 0,
    0, 0, 0, 0, 0, 0, 0, 0,
    0, 0, 0, 0, 0, 0, 0, 0,
    0, 0, 0, 0, 0, -7, 0, -14,
    0, -11, 0, 0, 0, 0, -3, -4,
    -7, 0, -3, -6, -5, -4, -4, 0,
    -6, 0, 0, 0, -3, 0, 0, 0,
    -4, 0, 0, -12, -5, -7, -6, -6,
    -7, -5, 0, -32, 0, -54, 0, -19,
    0, 0, 0, 0, -12, 1, -9, 0,
    -8, -43, -10, -27, -20, 0, -27, 0,
    -28, 0, -4, -5, -1, 0, 0, 0,
    0, -7, -4, -13, -12, 0, -13, 0,
    0, 0, 0, 0, -40, -12, -40, -27,
    0, 0, 0, -18, 0, -52, -4, -9,
    0, 0, 0, -9, -4, -28, 0, -15,
    -9, 0, -11, 0, 0, 0, -4, 0,
    0, 0, 0, -5, 0, -7, 0, 0,
    0, -4, 0, -11, 0, 0, 0, 0,
    0, -1, 0, -6, -5, -5, 0, 2,
    2, -1, 0, -4, 0, -1, -4, 0,
    -1, 0, 0, 0, 0, 0, 0, 0,
    0, -3, 0, -3, 0, 0, 0, -6,
    0, 5, 0, 0, 0, 0, 0, 0,
    0, -5, -5, -7, 0, 0, 0, 0,
    -5, 0, 0, 0, 0, 0, 0, 0,
    0, 0, 0, -9, 0, 0, 0, 0,
    0, 0, 0, 0, 0, 0, -38, -26,
    -38, -32, -7, -7, 0, -14, -9, -45,
    -14, 0, 0, 0, 0, -7, -5, -19,
    0, -26, -24, -6, -26, 0, 0, -17,
    -21, -6, -17, -12, -12, -14, -12, -27,
    0, 0, 0, 0, -6, 0, -6, -11,
    0, 0, 0, -6, 0, -17, -4, 0,
    0, -1, 0, -4, -5, 0, 0, -1,
    0, 0, -4, 0, 0, 0, -1, 0,
    0, 0, 0, -3, 0, 0, 0, 0,
    0, 0, -23, -7, -23, -17, 0, 0,
    0, -5, -4, -26, -4, 0, -4, 4,
    0, 0, 0, -7, 0, -8, -5, 0,
    -8, 0, 0, -7, -4, 0, -11, -3,
    -3, -5, -3, -9, 0, 0, 0, 0,
    -12, -4, -12, -11, 0, 0, 0, 0,
    -2, -23, -2, 0, 0, 0, 0, 0,
    0, -2, 0, -6, 0, 0, -4, 0,
    0, 0, 0, 0, 0, 0, 0, 0,
    0, -4, 0, -4, 0, -4, 0, -10,
    0, 0, 0, 0, 0, 1, -6, 0,
    -5, -7, -4, 0, 0, 0, 0, 0,
    0, -4, -3, -6, 0, 0, 0, 0,
    0, -6, -4, -6, -5, -4, -6, -5,
    0, 0, 0, 0, -32, -24, -32, -24,
    -9, -9, -3, -5, -5, -36, -6, -5,
    -4, 0, 0, 0, 0, -9, 0, -24,
    -15, 0, -21, 0, 0, -14, -15, -10,
    -12, -5, -9, -12, -5, -17, 0, 0,
    0, 0, 0, -12, 0, 0, 0, 0,
    0, -2, -7, -12, -11, 0, -4, -2,
    -2, 0, -5, -6, 0, -6, -8, -7,
    -5, 0, 0, 0, 0, -5, -8, -6,
    -6, -9, -6, 0, 0, 0, 0, 0,
    0, 0, 0, 0, 0, 0, 0, 0,
    0, 0, 0, -31, -11, -19, -11, 0,
    -26, 0, 0, 0, 0, 0, 12, 0,
    26, 0, 0, 0, 0, -7, -4, 0,
    4, 0, 0, 0, 0, -19, 0, 0,
    0, 0, 0, 0, -4, 0, 0, 0,
    0, -9, 0, -6, -1, 0, -9, 0,
    0, 0, 0, 0, 0, 0, 0, 0,
    0, -5, 0, 0, 0, 0, 0, 0,
    0, -11, 0, -9, -4, 2, -4, 0,
    0, 0, -4, 0, 0, 0, 0, -20,
    0, -7, 0, -1, -17, 0, -9, -5,
    0, 0, 0, 0, 0, 0, 0, -6,
    0, -1, -1, -6, -1, -2, 0, 0,
    0, 0, 0, -7, 0, 0, 0, 0,
    0, 0, 0, 0, 0, -7, 0, -5,
    0, 0, -9, 0, 0, -4, -8, 0,
    -4, 0, 0, 0, 0, -4, 0, 2,
    2, 3, 2, 0, 0, 0, 0, -12,
    0, 4, 0, 0, 0, 0, -3, 0,
    0, -7, -7, -9, 0, -6, -4, 0,
    -9, 0, -7, -5, 0, 0, -4, 0,
    0, 0, 0, -4, 0, 2, 2, -3,
    2, 0, 5, 14, 18, 0, -18, -5,
    -18, -5, 0, 0, 9, 0, 0, 0,
    0, 17, 0, 24, 17, 12, 21, 0,
    22, -7, -4, 0, -5, 0, -4, 0,
    -1, 0, 0, 4, 0, -1, 0, -5,
    0, 0, 5, -12, 0, 0, 0, 17,
    0, 0, -13, 0, 0, 0, 0, -9,
    0, 0, 0, 0, -5, 0, 0, -6,
    -5, 0, 0, 0, 13, 0, 0, 0,
    0, -1, -1, 0, 5, -5, 0, 0,
    0, -12, 0, 0, 0, 0, 0, 0,
    -3, 0, 0, 0, 0, -9, 0, -4,
    0, 0, -6, 0, 0, 0, 0, 0,
    0, 0, 0, 0, 0, 0, 0, 0,
    0, 0, 0, 0, 0, 0, 0, -8,
    4, -16, 4, 0, 4, 4, -4, 0,
    0, 0, 0, -12, 0, 0, 0, 0,
    -4, 0, 0, -4, -6, 0, -4, 0,
    -4, 0, 0, -7, -5, 0, 0, -3,
    0, -3, 0, 0, 0, 0, 0, 0,
    0, 0, 0, 0, 0, 0, 0, 0,
    0, 0, 0, 0, 0, 0, 0, 0,
    0, 0, 0, 0, 0, 0, 3, 0,
    0, 0, 0, 0, 0, 0, 0, 0,
    0, 0, 0, -9, 0, 0, 0, 0,
    0, 0, 0, 0, 0, 0, 0, -7,
    0, -5, 0, 0, -11, 0, 0, 0,
    0, 0, 0, 0, 0, 0, 0, 0,
    0, 0, 0, 0, 0, 0, 0, 0,
    0, 0, -20, -9, -20, -12, 9, 9,
    0, -5, 0, -20, 0, 0, 0, 0,
    0, 0, 0, -4, 4, -9, -4, 0,
    -4, 0, 0, 0, -1, 0, 0, 9,
    7, 0, 9, -1, 0, 0, 0, -18,
    0, 4, 0, 0, 0, 0, -4, 0,
    0, 0, 0, -9, 0, -4, 0, 0,
    -7, 0, 0, 0, 0, 0, 0, 0,
    0, 0, 0, -7, 0, 0, 0, 0,
    0, 0, 0, 0, 0, 0, 2, -9,
    2, 4, 5, 5, -9, 0, 0, 0,
    0, -5, 0, 0, 0, 0, -1, 0,
    0, -8, -5, 0, -4, 0, 0, 0,
    -4, -7, 0, 0, 0, -6, 0, 0,
    0, 0, 0, -4, -12, -3, -12, -7,
    0, 0, 0, -4, 0, -14, 0, -7,
    0, -3, 0, 0, -5, -4, 0, -7,
    -1, 0, 0, 0, -4, 0, 0, 0,
    0, 0, 0, 0, 0, -9, 0, 0,
    0, -4, -14, 0, -14, -3, 0, 0,
    0, -1, 0, -11, 0, -9, 0, -3,
    0, -5, -9, 0, 0, -4, -1, 0,
    0, 0, -4, 0, 0, 0, 0, 0,
    0, 0, 0, -6, -5, 0, 0, -8,
    3, -5, -3, 0, 0, 3, 0, 0,
    -4, 0, -1, -12, 0, -5, 0, -4,
    -12, 0, 0, -4, -6, 0, 0, 0,
    0, 0, 0, -9, 0, 0, 0, 0,
    0, 0, 0, 0, 0, 0, -12, 0,
    -12, -5, 0, 0, 0, 0, 0, -14,
    0, -7, 0, -1, 0, -1, -3, 0,
    0, -7, -1, 0, 0, 0, -4, 0,
    0, 0, 0, 0, 0, -5, 0, -9,
    0, 0, 0, 0, 0, -6, 0, 0,
    0, 0, 0, 0, 0, 0, 0, -9,
    0, 0, 0, 0, -11, 0, 0, -8,
    -4, 0, -2, 0, 0, 0, 0, 0,
    -4, -1, 0, 0, -1, 0
};


/*Collect the kern class' data in one place*/
static const lv_font_fmt_txt_kern_classes_t kern_classes =
{
    .class_pair_values   = kern_class_values,
    .left_class_mapping  = kern_left_class_mapping,
    .right_class_mapping = kern_right_class_mapping,
    .left_class_cnt      = 45,
    .right_class_cnt     = 38,
};

/*--------------------
 *  ALL CUSTOM DATA
 *--------------------*/

#if LVGL_VERSION_MAJOR == 8
/*Store all the custom data of the font*/
static  lv_font_fmt_txt_glyph_cache_t cache;
#endif

#if LVGL_VERSION_MAJOR >= 8
static const lv_font_fmt_txt_dsc_t font_dsc = {
#else
static lv_font_fmt_txt_dsc_t font_dsc = {
#endif
    .glyph_bitmap = glyph_bitmap,
    .glyph_dsc = glyph_dsc,
    .cmaps = cmaps,
    .kern_dsc = &kern_classes,
    .kern_scale = 16,
    .cmap_num = 2,
    .bpp = 8,
    .kern_classes = 1,
    .bitmap_format = 0,
#if LVGL_VERSION_MAJOR == 8
    .cache = &cache
#endif
};



/*-----------------
 *  PUBLIC FONT
 *----------------*/

/*Initialize a public general font descriptor*/
#if LVGL_VERSION_MAJOR >= 8
const lv_font_t demo_20 = {
#else
lv_font_t demo_20 = {
#endif
    .get_glyph_dsc = lv_font_get_glyph_dsc_fmt_txt,    /*Function pointer to get glyph's data*/
    .get_glyph_bitmap = lv_font_get_bitmap_fmt_txt,    /*Function pointer to get glyph's bitmap*/
    .line_height = 24,          /*The maximum line height required by the font*/
    .base_line = 6,             /*Baseline measured from the bottom of the line*/
#if !(LVGL_VERSION_MAJOR == 6 && LVGL_VERSION_MINOR == 0)
    .subpx = LV_FONT_SUBPX_NONE,
#endif
#if LV_VERSION_CHECK(7, 4, 0) || LVGL_VERSION_MAJOR >= 8
    .underline_position = -2,
    .underline_thickness = 1,
#endif
    .dsc = &font_dsc,          /*The custom font data. Will be accessed by `get_glyph_bitmap/dsc` */
#if LV_VERSION_CHECK(8, 2, 0) || LVGL_VERSION_MAJOR >= 9
    .fallback = NULL,
#endif
    .user_data = NULL,
};



#endif /*#if DEMO_20*/

